题目,朝代,作者,内容,来源,词牌
"香闺十咏 其三 鹊尾炉","元","张玉娘","汉宫早送瑶池信，荀令堂前夜气浮。凭仗花间拜新月，重添新篆炷春愁。","Werneror",""
"咏案头四俊 凤尾笔","元","张玉娘","近来觅得管城子，修竹枝头彩影高。气挟风云驱阵势，光摇文彩动旌旄。诗成览德三书俊，梦入生花五色豪。圣代祇今皆有象，晴窗处处凤凰毛。","Werneror",""
"双调 水仙子 失题","元","无名氏","青山隐隐水茫茫，时节登高却异乡。孤城孤客孤舟上，铁石人也断肠，泪涟涟断送了秋光。黄花梦，一夜香，过了重阳。夕阳西下水东流，一事无成两鬓秋。伤心人比黄花瘦，怯重阳九月九。强登临情思悠悠，望故国三千里，倚秋风十二楼。没来由惹起闲愁。常记的离筵饮泣饯行时，折尽青青杨柳枝。欲拈斑管书心事，无那可乾坤天样般纸。意悬悬诉不尽相思，谩写下鸳鸯字，空吟就花月词，凭何人付与娇姿。一春鱼雁杳无闻，千里关山劳梦魂。数归期屈指春纤困，结灯花犹未准。叹芳年已过三旬，退莲脸消了红晕。压春山长出皱纹，虚度了青春。","Werneror",""
"中吕 其二 红绣鞋","元","无名氏","孤雁叫教人怎睡，一声声叫的孤凄，向月明中和影一双飞。你云中声嘹亮，我枕上泪双垂，雁儿我争你个甚的。","Werneror",""
"红绣鞋 赠妓","元","无名氏","长江水流不尽心事，终条山隔不断情思。想著你，夜深沉，人静悄，自来时。来时节三两句话，去时节一篇词，记在你心窝儿里直到死。","Werneror",""
"中吕 快活三过朝天子四换头 叹四美","元","无名氏","良辰媚景换今古，赏心乐事暗乘除。人生四事岂能无，不可教轻辜负。唤取，伴侣，正好向西湖路，花前沉醉倒玉壶，香滃雾，红飞雨。九十韶华，人间客寓，把三分分数数，一分是流水，二分是尘土，不觉的春将暮。西园杖屦，望眼无穷恨有馀，飘残香絮，歌残白苧，海棠花底鹧鸪，杨柳梢头杜宇，都唤取春归去。","Werneror",""
"雁儿落带过得胜令 失题","元","无名氏","一年老一年，一日没一日，一秋又一秋，一辈催一辈，一聚一离别，一喜一伤悲。一榻一身卧，一生一梦里。寻一伙相识，他一会咱一会，都一般相知，吹一回，唱一回。","Werneror",""
"【双调】寿阳曲 思旧","元","邦哲","初相见，意思浓，两下爱衾枕和同。销金帐春色溶溶，云雨期真叠叠重重。谁知道，天不容，两三年间抛鸾拆凤。苦多情朝思夜梦，害相思沉沉病重。尔在东，我在西，阳台梦隔断山溪。孤雁唳夜半月凄凄，再相逢此生莫期。","Werneror",""
"【南吕】一枝花","元","奥敦周卿","平林暮霭收，远树残霞敛。疏星明碧汉，新月转虚檐。院宇深严，人寂静门初掩，控金钩垂绣帘。喷宝兽香篆初残，近绣榻灯光乍闪。","Werneror",""
"【南吕】一枝花 远归","元","奥敦周卿","年深马骨高，尘惨貂裘敝。夜长鸳梦短，天阔雁书迟。急觅归期，不索寻名利。归心紧归去疾，恨不得袅断鞭梢，岂避千山万水！","Werneror",""
"双调·寿阳曲","元","马致远","渔灯暗，客梦回，一声声滴人心碎。孤舟五更家万里，是离人几行情泪。","Werneror",""
"南吕·四块玉","元","马致远","雁北飞，人北望，抛闪煞明妃也汉君王。小单于把盏呀刺刺唱。青草畔有收酪牛，黑河边有扇尾羊，他只是思故乡。","Werneror",""
"离亭宴煞","元","马致远","蛩吟一觉方宁贴，鸡鸣万事无休歇。争名利，何年是彻？密匝匝蚁排兵，乱纷纷蜂酿蜜，闹攘攘蝇争血。裴公绿野堂，陶令白莲社。爱秋来那些：和露摘黄花，带霜烹紫蟹，煮酒烧红叶。人生有限杯，几个登高节？嘱咐俺顽童记者：便北海探吾来，道东篱醉了也。","Werneror",""
"清江引","元","马致远","樵夫觉来山月底，钓叟来寻觅。你把柴斧抛，我把鱼船弃。寻取个稳便处闲坐地。绿蓑衣紫罗袍谁为你，两件儿都无济。便作钓鱼人，也在风波里。则不如寻个稳便处闲坐地。","Werneror",""
"清江引","元","柯丹邱《荆钗记》","求名未遂，羞归乡里，淹滞在京都地。拜覆我爹娘，休把儿牵系，指日间到家庭，重贺喜。","chinese-poetry",""
"清江引","元","徐再思","相思有如少债的，每日相催逼。常挑着一担愁，准不了三分利。这本钱见他时才算得。","Werneror",""
"清江引","元","乔吉","凤酥不将肋斗儿匀，巧倩含娇俊。红镌玉有痕，暖嵌花生晕。旋窝儿粉香都是春。","Werneror",""
"清江引","元","钱霖","恩情已随纨扇歇，攒到愁时节。梧桐一叶秋，砧杵千家月，多的是几声儿檐外铁。","Werneror",""
"清江引","元","杨朝英","秋深最好是枫树叶，染透猩猩血。风酿楚天秋，霜浸吴江月。明日落红多去也！","Werneror",""
"清江引","元","张可久","黄莺乱啼门外柳，雨细清明后。能消几日春，又是相思瘦。梨花小窗人病酒。","Werneror",""
"仙吕·一半儿 题情二首 其一","元","王和卿","将来书信手拈着，灯下姿姿观觑了。两三行字真带草，提起来越心焦。一半儿丝挦一半儿烧。","Werneror",""
"仙吕·一半儿 题情二首 其二","元","王和卿","书来和泪怕开缄，又不归来空再三。这样病儿谁惯耽？越恁瘦岩岩。一半儿增添一半儿减。","Werneror",""
"正宫 端正好","元","王实甫","碧云天，黄花地，西风紧，北雁南飞。晓来谁染霜林醉？总是离人泪。","Werneror",""
"越调·小桃红","元","王恽","平阳好处是汾西，水秀山挼翠。谁道微官淡无味？锦幛泥。路人争笑山翁醉。西山残照关卿何事？险忙杀暮鸦啼。","Werneror",""
"一半儿","元","王鼎","鸦瓴般水鬓似刀裁，小颗颗芙蓉花额儿窄。待不梳妆怕娘左猜。不免插金钗，一半儿蓬松一半儿歪。","Werneror",""
"双调·寿阳曲 夜忆二首 其一","元","卢挚","灯将残，人睡也，空留得半窗明月。孤眠心硬熬浑似铁，这凄凉怎挨今夜。","Werneror",""
"双调·寿阳曲 夜忆二首 其二","元","卢挚","窗间月，檐外铁，这凄凉对谁分说。剔银灯欲将心事写，长吁把灯吹灭。灯将残，人睡也，空留得半窗明月。孤眠心硬熬浑似铁，这凄凉怎挨今夜。","Werneror",""
"【小石调】恼煞人 其一","元","白朴","又是红轮西坠，残霞照万顷银波。江上晚景寒烟，雾蒙蒙、风细细，阻隔离人萧索。","Werneror",""
"【双调】沉醉东风 渔夫","元","白朴","黄芦岸白蘋渡口，绿杨堤红蓼滩头。虽无刎颈交，却有忘机友。点秋江白鹭沙鸥。傲杀人间万户侯，不识字烟波钓叟。","Werneror",""
"【双调】驻马听 吹","元","白朴","裂石穿云，玉管宜横清更洁。霜天沙漠，鹧鸪风里欲偏斜。凤凰台上暮云遮，梅花惊作黄昏雪。人静也，一声吹落江楼月。","Werneror",""
"【双调】驻马听 弹","元","白朴","雪调冰弦，十指纤纤温更柔。林莺山溜，夜深风雨落弦头。芦花岸上对兰舟，哀弦恰似愁人消瘦。泪盈眸，江州司马别离后。","Werneror",""
"【双调】驻马听 歌","元","白朴","白雪阳春，一曲西风几断肠。花朝月夜，个中唯有杜韦娘。前声起彻绕危梁，后声并至银河上。韵悠扬，小楼一夜云来往。","Werneror",""
"【双调】驻马听 舞","元","白朴","凤髻蟠空，袅娜腰肢温更柔。轻移莲步，汉宫飞燕旧风流。谩催鼍鼓品梁州，鹧鸪飞起春罗袖。锦缠头，刘郎错认风前柳。","Werneror",""
"【越调】天净沙 冬","元","白朴","门前六出花飞，樽前万事休提，为问东君消息。急教人探，小梅江上先知。","Werneror",""
"【越调】天净沙 春","元","白朴","暖风迟日春天，朱颜绿鬓芳年，挈榼携童跨蹇。溪山佳处，好将春事留连。","Werneror",""
"【越调】天净沙 秋","元","白朴","庭前落尽梧桐，水边开彻芙蓉，解与诗人意同。辞柯霜叶，飞来就我题红。","Werneror",""
"【越调】天净沙 夏","元","白朴","参差竹笋抽簪，累垂杨柳攒金，旋趁庭槐绿阴。南风解愠，快哉消我烦襟。","Werneror",""
"【双调】百字折桂令","元","白贲","敝裘尘土压征鞍，鞭丝倦袅芦花。弓剑萧萧，一径入烟霞。动羁怀、西风木叶，秋水蒹葭。千点万点，老树昏鸦。三行两行，写长空哑哑，雁落平沙。曲岸西边，近水湾、渔网纶竿钓槎。断桥东壁，傍溪山、竹篱茅舍人家。满山满谷，红叶黄花。正是凄凉时候，离人又在天涯。","Werneror",""
"红绣鞋","元","无名氏《张协状元》","状元与婆婆施礼。(合)不易。(生)婆婆忘了你容仪。(合)谁氏？(净)李大公，那婆婆，随娘子去，弃了儿女。施粉朱，来到此处，如何认不得？(旦唱)。","chinese-poetry",""
"红绣鞋","元","徐田臣《杀狗记》","(外)愿学田真泣树，泣树，取回兄弟同居，同居。美风俗，辨亲疏，兄与弟两和睦，欢喜煞老农夫。","chinese-poetry",""
"红绣鞋","元","张可久","无是无非心事，不寒不暖花时，妆点西湖似西施。控青丝玉面马，歌金缕粉团儿，信人生行乐耳！","Werneror",""
"红绣鞋","元","刘唐卿《白兔记》","春有秀陌瑶池，瑶池，夏有流觞曲水，曲水，秋玩月，与冬时，观瑞雪，赏寒梅，拚今宵共沉醉。","chinese-poetry",""
"红绣鞋","元","任昱","暗朱箔雨寒风峭，试罗衣玉减香销。落花时节怨良宵。银台灯影淡，绣枕泪痕交。团圆春梦少。","Werneror",""
"红绣鞋","元","李致远","梦断陈王罗袜，情伤学士琵琶。又见西风换年华。数杯添泪酒，几点送秋花。行人天一涯。","Werneror",""
"红绣鞋","元","柯丹邱《荆钗记》","［老旦］旦夕祝告苍天，周全。","chinese-poetry",""
"【中吕】普天乐 崔张十六事（十六首） 其一","元","关汉卿","普救姻缘西洛客说姻缘，普救寺寻方便。佳人才子，一见情牵。饿眼望将穿，馋口涎空咽。门掩梨花闲庭院，粉墙儿高似青天。颠不刺见了万千，似这般可喜娘罕见，引动人意马心猿。","Werneror",""
"【中吕】普天乐 崔张十六事（十六首） 其二","元","关汉卿","西厢寄寓娇滴滴小红娘，恶狠狠唐三藏。消磨灾障，眼抹张郎。便将小姐央，说起风流况。母亲呵怕女孩儿春心荡，百般巧计关防；倒赚他鸳鸯比翼，黄莺作对，粉蝶成双。","Werneror",""
"【中吕】普天乐 崔张十六事（十六首） 其三","元","关汉卿","酬和情诗玉宇净无尘，宝月圆如镜；风生翠袖，花落闲庭。五言诗句语清，两下里为媒证，遇着风流知音性，惺惺的偏惜惺惺。若得来心肝儿敬重，眼皮儿上供养，手掌儿里高擎。","Werneror",""
"【中吕】普天乐 崔张十六事（十六首） 其四","元","关汉卿","随分好事梵王宫月轮高，枯木堂香烟罩。法聪来报，好事通宵。似神仙离碧霄，可意种来清醮，猛见了倾国倾城貌。将一个发慈悲脸儿朦着，葫芦啼到晓。酩子里家去，只落得两下里获铎。","Werneror",""
"【中吕】普天乐 崔张十六事（十六首） 其五","元","关汉卿","封书退贼不念《法华经》，不理《梁皇忏》，贼人来至，情理何堪！法聪待向前，便把贼来探，险把佳人遭坑陷，消不得小书生一纸书缄。杜将军风威勇敢，张秀才能书妙染，孙飞虎好是羞惭。","Werneror",""
"【中吕】普天乐 崔张十六事（十六首） 其六","元","关汉卿","虚意谢诚东阁玳筵开，不强如西厢和月等。红娘来请：“万福先生。”“请”字儿未出声，“去”字儿连忙应。下功夫将额颅十分挣，酸溜溜螫得牙疼。茶饭未成，陈仓老米，满瓮蔓菁。","Werneror",""
"【中吕】普天乐 崔张十六事（十六首） 其七","元","关汉卿","母亲变卦若不是张解元识人多，怎生救咱全家祸？你则合有恩便报，倒教我拜做哥哥。母亲你忒虑过，怕我陪钱货，眼睁睁把比目鱼分破。知他是命福如何？我这里软摊做一垛，咫尺间如同间阔，其实都伸不起我这肩窝。","Werneror",""
"【中吕】普天乐 崔张十六事（十六首） 其八","元","关汉卿","隔墙听琴月明中，琴三弄，闲愁万种，自诉情衷。要知音耳朵，听得他芳心动。司马、文君情偏重，他每也曾理结丝桐。又不是《黄鹤醉翁》，又不是《泣麟悲凤》，又不是《清夜闻钟》。","Werneror",""
"【中吕】普天乐 崔张十六事（十六首） 其九","元","关汉卿","开书染病寄简帖又无成，相思病今番甚。只为你倚门待月，侧耳听琴，便有那扁鹊来，委实难医恁。止把酸醋当归浸，这方儿到处难寻。要知是知母未寝，红娘心沁，使君子难禁。","Werneror",""
"【中吕】普天乐 崔张十六事（十六首） 其十","元","关汉卿","莺花配偶春意透酥胸，春色横眉黛，新婚燕尔，苦尽甘来。也不索将琴操弹，也不索西厢和月待，尽老今生同欢爱，恰便似刘阮天台。只恐怕母亲做猜，侍妾假乖，小姐难挨。","Werneror",""
"【中吕】普天乐 崔张十六事（十六首） 其十一","元","关汉卿","花惜风情小娘子说因由，老夫人索穷究，我只道神针法灸，却原来燕侣鸾俦。红娘先自行，小姐权落后，我在这窗儿外几曾敢咳嗽，这殷勤着甚来由？夫人你得休便怵，也不索出乖弄丑，自古来女大难留。","Werneror",""
"【中吕】普天乐 崔张十六事（十六首） 其十二","元","关汉卿","张生赴选碧云天，黄花地，西风紧，北雁南飞。恨相见难，又早别离易。久已后虽然成佳配，奈时间怎不悲啼！我则厮守得一时半刻，早松了金钏，减了香肌。","Werneror",""
"【中吕】普天乐 崔张十六事（十六首） 其十三","元","关汉卿","旅馆梦魂为功名，伤离别，可怜见关山万里，独自跋涉。楚阳台朝暮云，杨柳岸朦胧月，冷清清怎地挨今夜？梦魂儿这场抛撇。人去也，去时节远也，远时节几日来也？","Werneror",""
"【中吕】普天乐 崔张十六事（十六首） 其十四","元","关汉卿","喜得家书久客在京师，甚的是闲传示？心头眼底，横倘莺儿。趁西风折桂枝，已遂了青云志。盼得他一纸音书，却是断肠诗词。堪为字史，颜筋柳骨，献之羲之。","Werneror",""
"【中吕】普天乐 崔张十六事（十六首） 其十五","元","关汉卿","远寄寒衣想张郎，空僝僽，缄书在手，写不尽绸缪。修时节和泪修，嘱咐休忘旧。寄去衣服牢收授，三般儿都有个因由：这袜儿管束你胡行乱走，这衫儿穿的着皮肉，这里肚常系在心头。","Werneror",""
"【中吕】普天乐 崔张十六事（十六首） 其十六","元","关汉卿","夫妇团圆为风流，成姻眷，恩情美满，夫妇团圆。却忘了间阻情，遂了平生愿。郑恒枉自胡来缠，空落得惹祸招愆。一个卖风流的志坚，一个逞娇姿的意坚，一个调风月的心坚。","Werneror",""
"【中吕】朝天子 书所见","元","关汉卿","鬓鸦，脸霞，屈杀将陪嫁。规模全是大人家，不在红娘下。笑眼偷瞧，文谈回话，真如解语花。若咱得他，倒了葡萄架。","Werneror",""
"【双调】沉醉东风","元","关汉卿","咫尺的天南地北，霎时间月缺花飞，手执着饯行杯，眼阁着别离泪，刚道得声保重将息，痛煞煞教人舍不得，好去者，望前程万里。","Werneror",""
"【仙吕】一半儿 题情","元","关汉卿","银台灯灭篆烟残，独入罗帏淹泪眼。乍孤眠好教人情兴懒。薄设设被儿单，一半儿温和一半儿寒。","Werneror",""
"【南吕】一枝花 其一 不伏老","元","关汉卿","攀出墙朵朵花，折临路枝枝柳。花攀红蕊嫩，柳折翠条柔，浪子风流。凭着我折柳攀花手，直煞得花残柳败休。半生来折柳攀花，一世里眠花卧柳。","Werneror",""
"【南吕】四块玉 别情","元","关汉卿","自送别，心难舍，一点相思几时绝。凭阑袖拂扬花雪：溪又斜，山又遮，人去也。","Werneror",""
"【南吕】四块玉 闲适","元","关汉卿","适意行，安心坐。渴时饮，饥时餐，醉时歌。困来时就向莎茵卧。日月长，天地阔，闲快活。","Werneror",""
"【商调】梧叶儿 别情","元","关汉卿","别离易，相见难，何处锁雕鞍？春将去，人未还。这其间，殃及杀愁眉泪眼。","Werneror",""
"【中吕】喜春来","元","伯颜","金鱼玉带罗襕扣，皂盖朱幡列五侯，山河判断在俺笔尖头。得意秋，分破帝王忧。","Werneror",""
"雁儿落带过得胜令","元","高克礼","寻致争不致争，既言定先言定。论至诚俺至诚，你薄幸谁薄幸？岂不闻举头三尺有神明，忘义多应当罪名！海神庙见有他为证，似王魁负桂英，碜可可海誓山盟。绣带里难逃命，裙刀上更自刑，活取了个年少书生。","Werneror",""
"中吕 红绣鞋","元","无名氏","窗外雨声声不住，枕边泪点点长吁，雨声泪点急相逐。雨声儿添凄惨，泪点儿助长吁。枕边泪倒多如窗外雨。孤雁叫教人怎睡，一声声叫的孤凄，向月明中和影一双飞。你云中声嘹亮，我枕上泪双垂，雁儿我争你个甚的。","Werneror",""
"中吕·红绣鞋","元","张可久","绝顶峰攒雪剑，悬崖挂冰帘。倚树哀猿弄山尖，血华啼杜宇，阴洞吼飞廉。比人心，山未险。","Werneror",""
"中吕·卖花声","元","张可久","美人自刎乌江岸，战火曾烧赤壁山，将军空老玉门关。伤心秦汉，生民涂炭，读书人一声长叹！","Werneror",""
"双调·清江引","元","贯云石","若还与他相见时，道个真传示：不是不修书，不是无才思，绕清江买不得天样纸。","Werneror",""
"双调·水仙子","元","张鸣善","铺眉苫眼早三公，裸袖揎拳享万钟，胡言乱语成时用。大纲来都是哄。说英雄谁是英雄？五眼鸡岐山鸣凤，两头蛇南阳卧龙，三脚猫渭水飞熊。","Werneror",""
"双调·雁儿落兼得令","元","张养浩","云来山更佳，云去山如画；山因云晦明，云共山高下。何仗立云沙，回首见山家。野鹿眠山草，山猿戏野花。云霞，我爱山无价，看时行踏，云山也爱咱。","Werneror",""
"【双调】殿前欢 懒云窝","元","阿里西瑛","懒云窝，醒时诗酒醉时歌。瑶琴不理抛书卧，无梦南柯。得清闲尽快活，日月似撺梭过，富贵比花开落。青春去也，不乐如何？懒云窝，醒时诗酒醉时歌。瑶琴不理抛书卧，尽自磨陀。想人生待则么？富贵比花开落，日月似撺梭过。呵呵笑我，我笑呵呵。懒云窝，客至待如何？懒云窝里和衣卧，尽自婆娑。想人生待则么？贵比我高些个，富比我惗些个，呵呵笑我，我笑呵呵。","Werneror",""
"一半儿 拟美人八咏 其一","元","查德卿","绿窗时有唾茸粘，银甲频将彩线挦。绣到凤凰心自嫌。按春纤，一半儿端相一半儿掩。","Werneror",""
"一半儿 拟美人八咏 其二","元","查德卿","自将杨柳品题人，笑捻花枝比较春。输与海棠三四分。再偷匀，一半儿胭脂一半儿粉。","Werneror",""
"一半儿 拟美人八咏 其三","元","查德卿","海棠红晕润初妍，杨柳纤腰舞自偏。笑倚玉奴娇欲眠。粉郎前，一半儿支吾一半儿软。","Werneror",""
"一半儿 拟美人八咏 其四","元","查德卿","自调花露染霜毫，一种春心无处托。欲写又停三四遭。絮叨叨，一半儿连真一半儿草。","Werneror",""
"一半儿 拟美人八咏 其五","元","查德卿","梨花云绕绵香亭，胡蝶春融软玉屏。花外鸟啼三四声。梦初惊，一半儿昏迷一半儿醒。","Werneror",""
"一半儿 拟美人八咏 其六","元","查德卿","琐窗人静日初曛，宝鼎香消火尚温。斜倚绣床深闭门。眼昏昏，一半儿微开一半儿盹。","Werneror",""
"一半儿 拟美人八咏 其七","元","查德卿","柳绵扑槛晚风轻，花影横窗淡月明。翠被麝兰熏梦醒。最关情，一半儿温馨一半儿冷。","Werneror",""
"一半儿 拟美人八咏 其八","元","查德卿","厌听野雀语雕檐，怕见杨花扑绣帘。拈起绣针还倒拈。两眉尖，一半儿微舒一半儿敛。","Werneror",""
"【南吕】四块玉 知足","元","爱山","两鬓秋，今年后。着甚干忙苦追求？人间宠辱还参透。种春风郑子田，牧青山宁戚牛，倒大来得自由。","Werneror",""
"【南吕】四块玉 美色","元","爱山","杨柳腰，芙蓉貌。袅娜东风弄春娇，庞儿旖旎心儿俏。挽乌云叆叇盘，扫春山浅淡描，斜簪着金凤翘。","Werneror",""
"【越调】小桃红 消遣","元","爱山","一溪流水水溪云，雨霁山光润，野鸟山花破愁闷。乐闲身，拖条藜杖家家问。问谁家有酒，见青帘高挂，高挂在杨柳岸杏花村。世间惟有酒忘忧，酒况谁参透？酒解愁肠破僝僽。到心头，三杯涤尽胸中垢。和颜润色，延年益寿，一醉解千愁。","Werneror",""
"黄莺儿令","元","谭处端","活鬼活鬼，日日市廛，争名竞利。为恋他好女娇儿，把根源轻弃。早早不肯寻出离。大限来何计。想你也没分升天，却有缘入地。","Werneror",""
"楚天遥带过清江引","元","薛昂夫","屈指数春来，弹指惊春去。蛛丝网落花，也要留春住。几日喜春晴，几夜愁春雨。六曲小山屏，题满伤春句。春若有情应解语，问着无凭据。江东日暮云，渭北春天树，不知那答儿是春住处？","Werneror",""
"【幺篇】 其四","元","白朴","故人杳杳，长江风送，听胡笳沥沥声韵聒。一轮皓月朗，几处鸣榔，时复唱和渔歌。转无那，沙汀蓼岸，一点渔灯相照，寂寞古渡停画舸。双生无语泪珠落，呼仆隶指泼水手，在意扶柁。","Werneror",""
"【幺篇】 其二","元","白朴","恰春光也，梅子黄时节，映日榴花红似血。胡葵开满院，碎剪宫缬。倏忽早庭梧坠，荷盖缺。院宇砧韵切，蝉声咽。露白霜结，水冷风高，长天雁字斜，秋香次第开彻。不觉的冰澌结，彤云布，朔风凛冽。乱扑吟窗，谢女堪题，柳絮飞玉砌。长郊万里，粉污遥山千叠。去路赊，渔叟散，披蓑去，江上清绝。幽悄闲庭院，舞榭歌楼酒力怯，人在水晶宫阙。岁华如流水，消磨尽，自古豪杰，盖世功名总是空，方信花开易谢，始知人生多别。忆故园，漫叹嗟，旧游池铺，番做了狐踪兔穴。休痴休呆，蜗角蝇头，名亲共利切。富贵似花上蝶，春宵梦说。少年枕上欢，杯中酒好天良夜，休辜负了锦堂风月。海棠初雨歇，杨柳轻烟惹，碧草茸茸铺四野。俄然回首处，乱红堆雪。","Werneror",""
"【尾声】 其五","元","白朴","兰舟定把芦花过，橹声省可里高声和。恐惊散宿鸳鸯，两分飞也似我。","Werneror",""
"【幺篇】 其五","元","白朴","岁华如流水，消磨尽，自古豪杰，盖世功名总是空，方信花开易谢，始知人生多别。忆故园，漫叹嗟，旧游池铺，番做了狐踪兔穴。休痴休呆，蜗角蝇头，名亲共利切。富贵似花上蝶，春宵梦说。","Werneror",""
"【尾声】 其六","元","白朴","少年枕上欢，杯中酒好天良夜，休辜负了锦堂风月。","Werneror",""
"【上马娇煞】 其七","元","白朴","欢会少，烦恼多，心绪乱如麻。偶然行至东篱下，自嗟自呀，冷清清和月对黄花。","Werneror",""
"【梁州】 其二","元","关汉卿","我是个普天下郎君领袖，盖世界浪子班头。愿朱颜不改常依旧，花中消遣，酒内忘忧。分茶。竹，打马藏阄；通五音六律滑熟，甚闲愁到我心头！伴的是银筝女银台前理银筝笑倚银屏，伴的是玉天仙携玉手并玉肩同登玉楼，伴的是金钗客歌《金缕》捧金樽满泛金瓯。你道我老也，暂休。占排场风月功名首，更玲珑又剔透。我是个锦阵花营都帅头，曾玩府游州。","Werneror",""
"【隔尾】 其三","元","关汉卿","子弟每是个茅草冈、沙土窝初生的兔羔儿乍向围场上走，我是个经笼罩、受索网苍翎毛老野鸡蹅踏的阵马儿熟。经了些窝弓冷箭镴枪头，不曾落人后。恰不道“人到中年万事休，”我怎肯虚度了春秋。","Werneror",""
"【尾】 其四","元","关汉卿","我是个蒸不烂、煮不熟、捶不匾、炒不爆响当当一粒铜豌豆，恁子弟每谁教你钻入他锄不断、斫不下、解不开、顿不脱慢腾腾千层锦套头。我玩的是梁园月，饮的是东京酒，赏的是洛阳花，攀的是章台柳。我也会吟诗，会篆籀，会弹丝，会品竹；我也会唱鹧鸪，舞垂手，会打围，会蹴鞠，会围棋，会双陆。你便是落了我牙、歪了我嘴、瘸了我腿、折了我手，天赐与我这几般儿歹症候，尚兀自不肯休。则除是阎王亲自唤，神鬼自来勾，三魂归地府，七魄丧冥幽，天那，那其间才不向烟花路儿上走！","Werneror",""
"鉴湖水送乌希说（希说以至元丙子夏由史属代祀北岳济渎南至会稽腊残求赠言适笺尾腊文有鉴湖水之语遂为题赋诗饯之予以至顺癸酉使过绍兴不得一至湖上至今歉然）","元","宋褧","鉴湖百顷生凉秋，知章陈请太白游。子今乃能五月往，我昔不得一日留。吴娃合曲风度舫，越女浣纱云满头。燕赵缁尘都洗尽，荷花深处荐琼舟。","Werneror",""
"鹿尾","元","耶律楚材","銮舆秋狝猎南冈，鹿尾分甘赐尚方。浓色殷殷红玉髓，微香馥馥紫琼浆。韭花酷辣同葱薤，芥屑差辛类桂姜。何似毡根蘸浓液，邀将诗客大家尝。","Werneror",""
"遗龙冈鹿尾二绝 其一","元","耶律楚材","秋水清声忽变商，龙冈曾遗二山羊。今年祗奉诗三首，为报先生鹿尾浆。","Werneror",""
"遗龙冈鹿尾二绝 其二","元","耶律楚材","去岁山羊酬过价，今年鹿尾不值钱。龙冈药物都竭底，只得髯翁诗数篇。","Werneror",""
"和景贤赠鹿尾二绝 其一","元","耶律楚材","日暮长杨猎骑归，西风弓硬马初肥。今年鹿尾休嫌少，且喜君王不合围。","Werneror",""
"和景贤赠鹿尾二绝 其二","元","耶律楚材","禁脔酷思浓鹿汁，香蔬久厌小儿拳。龙冈采得班龙尾，一串穿来寄玉泉。","Werneror",""
"虞先生送张元朴回龙虎有云麈尾每怀张外史鹅群今属薛玄卿元朴索次韵","元","张雨","想见先生戴笠行，黄茅冈上看阴晴。承闻祖道同疏傅，鄙说还乡似长卿。海内好诗元自少，江西行李不嫌轻。谪仙爱与元丹语，烟子而今亦有名。","Werneror",""
"独乐台用眠分黄犊草坐占白鸥沙为韵分赋得首尾二字 其一","元","许有壬","疏慵闭户事高眠，几负郊原雨后天。今日野心收不定，马家庄上好林泉。","Werneror",""
"独乐台用眠分黄犊草坐占白鸥沙为韵分赋得首尾二字 其二","元","许有壬","溅溅流水抱村斜，半入蔬畦半沤麻。故里溪山足风物，慎毋重踏一堤沙。","Werneror",""
"题寿人八十卷尾","元","耶律铸","未入非熊惜壮图，却簪黄发掩仙居。空花不挂真人眼，一任春风撼太虚。","Werneror",""
"余游暨阳访道士吴清逸见大龟如车轮五尾色苍黑类古铜蹒跚而行特特有声因为之赋","元","黄玠","惟尔大宝元龟，集虚洞玄。吐纳精气，介虫之仙。衡曳五尾，蹒跚而前。皮肌鳞鳞，支节连蜷。若倾耳以屡听，闻足音之跫然。不用世以蕲求，固有觌于几先。其德孔明，其心善渊。形质已异，而神独全。尔不自衒，人其舍旃。持以为圣人寿，如其年如其年。","Werneror",""
"寿阳曲","元","张可久","载酒人何处，倚阑花又开。忆秦娥、远山眉黛。锦云香、鉴湖宽似海。还不了、五年诗债。","Werneror",""
"清江引为僧永真赋","元","王恽","秋江水清深几竿，渔郎放舟烟渚间。中流举网紫鳞出，不祇博酒供盘飧。借问渔翁乐何主，泛宅浮家无定所。卖鱼生怕近城门，肯到红尘污人处。芦花两岸晚潮平，忆著莼鲈思径去。朝廷物色那可得，泽畔行吟何自苦。沧浪水清濯我缨，林婆酒熟容赊取。人间万事一醉休，睡煞江南烟与雨。觉来满眼是青山，独速绿蓑还自舞。渔父乐，真可与，细泻焦桐入新谱。朅来山城官事纷，簿书凫吏对斜曛。开图空会渔家趣，我恨不若江头人。","Werneror",""
"送辅贤出山作首尾吟二首 其一","元","李孝光","儒官不畏简书催，拄杖休惊石上苔。行到水穷云起处，路从四十九盘来。","Werneror",""
"送辅贤出山作首尾吟二首 其二","元","李孝光","路从四十九盘来，树底看云首独回。客里不知身是客，向人犹爱话箫台。","Werneror",""
"子昂诸贤赋天冠山五言诗二十八首模写已尽矣余遂作唐律一章题卷尾云","元","吴全节","青山特地耸天冠，闻说群仙驾紫鸾。浮世黄金空白发，倚云苍玉尚玄坛。松根怪石千年化，桧顶飞泉六月寒。弘景定辞神武去，鸥波浩荡锦江干。","Werneror",""
"敬题范文正公所书伯夷颂卷尾","元","胡助","翰墨尝托文章传，文章益重节义全。使无节义照今古，文章翰墨空婵娟。特立独行不顾众，万世标准权亦用。吏部雄文破鬼胆，为渠唤醒西山梦。范公相望馀千龄，人物自与皋夔并。黄素细书《伯夷颂》，白头不草《太玄经》。一字千金价无让，虹光夜彻星斗上。夷清韩颂高平书，再拜莫作文翰想。奸臣袭藏犹畏仰，面无生色泚流颡。珠还毡复子孙贤，我信斯文天未丧。佳辞善书常有馀，呜呼，节义不可一日无。","Werneror",""
"敬题范文正公所书伯夷颂卷尾","元","汪泽民","青青首阳薇，皎皎孤竹子。求仁亦何怨，清风千万祀。昌黎述玄圣，雄文剧颂美。伟哉青社书，感激有深旨。列宿丽寒旻，群鸿戏秋水。李侯信卓荦，不惜百金市。分符守吴会，开缄授云耳。故物传卫公，遗璧归孔氏。一玩三叹息，当思继前轨。","Werneror",""
"敬题范文正公所书伯夷颂卷尾","元","契玉立","文正千年士，精忠凛不亡。勋名山岳重，翰墨日星光。乔木参天古，幽兰叠砌芳。我来拜祠下，端欲濯沧浪。","Werneror",""
"敬题范文正公所书伯夷颂卷尾","元","干文传","孤竹身为百世师，范公手染退之辞。不知青社挥毫日，得似天章论道时。","Werneror",""
"扇尾羊","元","员炎","冯翊春草香芊绵，柔毛食饱饮苦泉。卧沙稀肋琼箸细，带霜小耳春茧圆。扇尾一方移种类，风头万里摇腥膻。吾生本无食肉相，不烦浼手愁烹煎。","Werneror",""
"伯生学士见和仆与李学士诗纸尾批云已与溉之约红梨花开当往访也卧病不知春事浅深清明后四日闻梨花盛开复用清明诗韵呈玄德真人伯生溉之二学士","元","朱思本","红入梨花媚更明，黄莺飞下眼频倾。玉容带酒含春色，绛袂迎风感物情。幻化可能穷妙理，追欢聊复得浮生。开尊为报虞夫子，莫待缤纷雪满城。","Werneror",""
"商调 梧叶儿 嘲谎人","元","无名氏","东村里鸡生凤，南庄上马变牛，六月里裹皮裘。瓦垄上宜栽树，阳沟里好驾舟。瓮来大肉馒头，俺家茄子大如斗。","Werneror",""
"商调 梧叶儿 嘲贪汉","元","无名氏","一粒米针穿著吃，一文钱剪截充，但开口昧神灵。看儿女如衔泥燕，爱钱财似竞血蝇。无明夜攒金银，都做充饥画饼。","Werneror",""
"正宫 其一 叨叨令","元","无名氏","黄尘万古长安路，折碑三尺邙山墓。西风一叶乌江渡，夕阳十里邯郸树。老了人也么哥，老了人也么哥，英雄尽是伤心处。","Werneror",""
"正宫 其二 叨叨令","元","无名氏","只见青帘高挂垂杨树，朱帘暮卷西山雨。谁待向禁城狼虎丛中去，我则待侬家鹦鹉洲边住。倒大来快活也么哥，快活也么哥，抵多少梦回明月生南浦。","Werneror",""
"中吕 其一 红绣鞋","元","无名氏","窗外雨声声不住，枕边泪点点长吁，雨声泪点急相逐。雨声儿添凄惨，泪点儿助长吁。枕边泪倒多如窗外雨。","Werneror",""
"中吕 朝天子 志感","元","无名氏","不读书有权，不识字有钱，不晓事倒有人誇荐。老天只恁忒心偏，贤和愚无分辨。折挫英雄，消磨良善，越聪明越运蹇。志高如鲁连，德高如闵蹇，依本分只落的人轻贱。","Werneror",""
"清江引 九日","元","无名氏","萧萧五株门外柳。屈指重阳又。霜清紫蟹肥。露冷黄花瘦。白衣不来琴当酒。","Werneror",""
"凭阑人 无题","元","无名氏","点破苍苔墙角萤。战退西风檐外铃。画楼风露清。玉阑桐叶零。","Werneror",""
"正宫 叨叨令","元","无名氏","黄尘万古长安路，折碑三尺邙山墓。西风一叶乌江渡，夕阳十里邯郸树。老了人也么哥，老了人也么哥，英雄尽是伤心处。只见青帘高挂垂杨树，朱帘暮卷西山雨。谁待向禁城狼虎丛中去，我则待侬家鹦鹉洲边住。倒大来快活也么哥，快活也么哥，抵多少梦回明月生南浦。","Werneror",""
"仙吕·一半儿 题情二首","元","王和卿","将来书信手拈着，灯下姿姿观觑了。两三行字真带草，提起来越心焦。一半儿丝挦一半儿烧。书来和泪怕开缄，又不归来空再三。这样病儿谁惯耽？越恁瘦岩岩。一半儿增添一半儿减。","Werneror",""
"【中吕】普天乐 崔张十六事（十六首）","元","关汉卿","普救姻缘西洛客说姻缘，普救寺寻方便。佳人才子，一见情牵。饿眼望将穿，馋口涎空咽。门掩梨花闲庭院，粉墙儿高似青天。颠不刺见了万千，似这般可喜娘罕见，引动人意马心猿。西厢寄寓娇滴滴小红娘，恶狠狠唐三藏。消磨灾障，眼抹张郎。便将小姐央，说起风流况。母亲呵怕女孩儿春心荡，百般巧计关防；倒赚他鸳鸯比翼，黄莺作对，粉蝶成双。酬和情诗玉宇净无尘，宝月圆如镜；风生翠袖，花落闲庭。五言诗句语清，两下里为媒证，遇着风流知音性，惺惺的偏惜惺惺。若得来心肝儿敬重，眼皮儿上供养，手掌儿里高擎。随分好事梵王宫月轮高，枯木堂香烟罩。法聪来报，好事通宵。似神仙离碧霄，可意种来清醮，猛见了倾国倾城貌。将一个发慈悲脸儿朦着，葫芦啼到晓。酩子里家去，只落得两下里获铎。封书退贼不念《法华经》，不理《梁皇忏》，贼人来至，情理何堪！法聪待向前，便把贼来探，险把佳人遭坑陷，消不得小书生一纸书缄。杜将军风威勇敢，张秀才能书妙染，孙飞虎好是羞惭。虚意谢诚东阁玳筵开，不强如西厢和月等。红娘来请：“万福先生。”“请”字儿未出声，“去”字儿连忙应。下功夫将额颅十分挣，酸溜溜螫得牙疼。茶饭未成，陈仓老米，满瓮蔓菁。母亲变卦若不是张解元识人多，怎生救咱全家祸？你则合有恩便报，倒教我拜做哥哥。母亲你忒虑过，怕我陪钱货，眼睁睁把比目鱼分破。知他是命福如何？我这里软摊做一垛，咫尺间如同间阔，其实都伸不起我这肩窝。隔墙听琴月明中，琴三弄，闲愁万种，自诉情衷。要知音耳朵，听得他芳心动。司马、文君情偏重，他每也曾理结丝桐。又不是《黄鹤醉翁》，又不是《泣麟悲凤》，又不是《清夜闻钟》。开书染病寄简帖又无成，相思病今番甚。只为你倚门待月，侧耳听琴，便有那扁鹊来，委实难医恁。止把酸醋当归浸，这方儿到处难寻。要知是知母未寝，红娘心沁，使君子难禁。莺花配偶春意透酥胸，春色横眉黛，新婚燕尔，苦尽甘来。也不索将琴操弹，也不索西厢和月待，尽老今生同欢爱，恰便似刘阮天台。只恐怕母亲做猜，侍妾假乖，小姐难挨。花惜风情小娘子说因由，老夫人索穷究，我只道神针法灸，却原来燕侣鸾俦。红娘先自行，小姐权落后，我在这窗儿外几曾敢咳嗽，这殷勤着甚来由？夫人你得休便怵，也不索出乖弄丑，自古来女大难留。张生赴选碧云天，黄花地，西风紧，北雁南飞。恨相见难，又早别离易。久已后虽然成佳配，奈时间怎不悲啼！我则厮守得一时半刻，早松了金钏，减了香肌。旅馆梦魂为功名，伤离别，可怜见关山万里，独自跋涉。楚阳台朝暮云，杨柳岸朦胧月，冷清清怎地挨今夜？梦魂儿这场抛撇。人去也，去时节远也，远时节几日来也？喜得家书久客在京师，甚的是闲传示？心头眼底，横倘莺儿。趁西风折桂枝，已遂了青云志。盼得他一纸音书，却是断肠诗词。堪为字史，颜筋柳骨，献之羲之。远寄寒衣想张郎，空僝僽，缄书在手，写不尽绸缪。修时节和泪修，嘱咐休忘旧。寄去衣服牢收授，三般儿都有个因由：这袜儿管束你胡行乱走，这衫儿穿的着皮肉，这里肚常系在心头。夫妇团圆为风流，成姻眷，恩情美满，夫妇团圆。却忘了间阻情，遂了平生愿。郑恒枉自胡来缠，空落得惹祸招愆。一个卖风流的志坚，一个逞娇姿的意坚，一个调风月的心坚。","Werneror",""
"独乐台用眠分黄犊草坐占白鸥沙为韵分赋得首尾二字","元","许有壬","疏慵闭户事高眠，几负郊原雨后天。今日野心收不定，马家庄上好林泉。溅溅流水抱村斜，半入蔬畦半沤麻。故里溪山足风物，慎毋重踏一堤沙。","Werneror",""
"送辅贤出山作首尾吟二首","元","李孝光","儒官不畏简书催，拄杖休惊石上苔。行到水穷云起处，路从四十九盘来。路从四十九盘来，树底看云首独回。客里不知身是客，向人犹爱话箫台。","Werneror",""
"遗龙冈鹿尾二绝","元","耶律楚材","秋水清声忽变商，龙冈曾遗二山羊。今年祗奉诗三首，为报先生鹿尾浆。去岁山羊酬过价，今年鹿尾不值钱。龙冈药物都竭底，只得髯翁诗数篇。","Werneror",""
"和景贤赠鹿尾二绝","元","耶律楚材","日暮长杨猎骑归，西风弓硬马初肥。今年鹿尾休嫌少，且喜君王不合围。禁脔酷思浓鹿汁，香蔬久厌小儿拳。龙冈采得班龙尾，一串穿来寄玉泉。","Werneror",""
"一半儿 拟美人八咏","元","查德卿","绿窗时有唾茸粘，银甲频将彩线挦。绣到凤凰心自嫌。按春纤，一半儿端相一半儿掩。自将杨柳品题人，笑捻花枝比较春。输与海棠三四分。再偷匀，一半儿胭脂一半儿粉。海棠红晕润初妍，杨柳纤腰舞自偏。笑倚玉奴娇欲眠。粉郎前，一半儿支吾一半儿软。自调花露染霜毫，一种春心无处托。欲写又停三四遭。絮叨叨，一半儿连真一半儿草。梨花云绕绵香亭，胡蝶春融软玉屏。花外鸟啼三四声。梦初惊，一半儿昏迷一半儿醒。琐窗人静日初曛，宝鼎香消火尚温。斜倚绣床深闭门。眼昏昏，一半儿微开一半儿盹。柳绵扑槛晚风轻，花影横窗淡月明。翠被麝兰熏梦醒。最关情，一半儿温馨一半儿冷。厌听野雀语雕檐，怕见杨花扑绣帘。拈起绣针还倒拈。两眉尖，一半儿微舒一半儿敛。","Werneror",""
"诈妮子调风月・幺篇","元","关汉卿","我把这银灯来指定，引了咱两个魂灵，都是这一点虚名。怕不百伶百俐，千战千赢，更做道""能行怎离得影""？这一场其身不正，怎当那厮大四至铺排，小夫人名称？。","chinese-poetry",""
"诈妮子调风月・尾","元","关汉卿","忽地却掀帘，兜地回头问，不由我心儿里便亲。你把那并枕睡的日头儿再定轮，休教我逐宵价握雨携云。过今春，先教我不系腰裙，便是半簸箕头钱扑个复纯。教人道""眼里有珍""，你可休""言而无信""！（云）许下我包髻、团衫、绣手巾。专等你世袭千户的小夫人。（下）。","chinese-poetry",""
"诈妮子调风月・满庭芳","元","关汉卿","见我这般微微喘息，语言恍惚，脚步儿查梨。慢松松胸带儿频那系，裙腰儿空闲里偷提。见我这般气丝丝偏斜了髟。","chinese-poetry",""
"诈妮子调风月・哨遍","元","关汉卿","并不是婆娘人把你抑勒，招取那肯心儿自说来的神前誓。天果报，无差移，子争个来早来迟。限时刻，十王地藏，六道轮回，单劝化人间世。善恶天心人意，""人间私语，天闻若雷""。但年高都是积善好心人；早寿夭都是辜恩负德贼。好说话清晨，变了卦今日，冷了心晚夕。","chinese-poetry",""
"诈妮子调风月・五煞","元","关汉卿","别人斩眉我早举动眼，道头知道尾。你这般沙糖般甜话儿多曾吃！你又不是""残花酝酿蜂儿蜜，细雨调和燕子泥""。自笑我狂踪迹。我往常受那无男儿烦恼，今日知有丈夫滋味。","chinese-poetry",""
"诈妮子调风月・四煞","元","关汉卿","待争来怎地争？待悔来怎地悔？怎补得我这有气分全身体？打也阿儿包髻，真加要带与别人成美，况团衫怎能勾披？他若不在俺宅司内，便大家南北，各自东西！。","chinese-poetry",""
"诈妮子调风月・三煞","元","关汉卿","明日索一般供与他衣袂穿，一般过与他茶饭吃，到晚送得他被底成双睡。他""做成暖帐三更梦""，我""拨尽寒炉一夜灰""。有句话存心记：则愿得辜恩负德，一个个荫于封妻！。","chinese-poetry",""
"诈妮子调风月・二煞","元","关汉卿","出门来一脚高一脚低，自不觉鞋底儿着田地。痛连心除他外谁根前说，气夯破肚别人行怎又不敢提？独自向银蟾底，则道是孤鸿伴影，几时吃四马攒蹄？。","chinese-poetry",""
"诈妮子调风月・小桃红","元","关汉卿","燕燕上复传示煞曾经，谁会甚儿女成婚聘？甚的是许出羞、下红定？问这洛阳城，少甚么能言快语官媒证？燕燕怎敢假名托姓？但教我一权为政，情取""火上等冬凌""。","chinese-poetry",""
"诈妮子调风月・天净沙","元","关汉卿","先教人掩扑了我几夜恩情，来这里被他骂得我百节酸疼，我便似□墙贼蝎蜇呼声。空使心作幸，被小夫人引了我魂灵。","chinese-poetry",""
"诈妮子调风月・收尾","元","关汉卿","大刚来""主人有福牙推胜""，不似这调风月媒人背厅。说得他美甘甘枕头儿上双成，闪得我薄设设被窝儿里冷！（下）。","chinese-poetry",""
"诈妮子调风月・驻马听","元","关汉卿","官人石碾连珠，满腰背无瑕玉免鹘；夫人每是依时按序，细搀绒全套绣衣服。包髻是缨络大真珠，额花是秋色玲珑玉。悠悠的品着鹧鸪，雁行般但举手都能舞。","chinese-poetry",""
"诈妮子调风月・水仙子","元","关汉卿","推那领系眼落处，采揪住那系腰行行掐胯骨。我这般拈拈掐掐有甚难当处？想我那声冤不得苦痛处。你不合先发头怒；你若无言语，怎敢将你觑付，你则索做使长、郎主。","chinese-poetry",""
"诈妮子调风月・殿前欢","元","关汉卿","俺千户跨龙驹，称得上的敢望七香车。愿结同心结，永挂合欢树。蛮凤娇雏，连理枝比目鱼。千载相完聚，花发无风雨。头白相守，眼黑处全无。","chinese-poetry",""
"诈妮子调风月・落梅风","元","关汉卿","据着生的年月，演的岁数，不是个义夫节妇，休想得五男并二女，死得教灭门绝户！（夫人云了）（旦跪唱）。","chinese-poetry",""
"诈妮子调风月・雁儿落","元","关汉卿","燕燕那书房中伏侍处，许第二个夫人做。他须是人身人面皮，人口人言语！。","chinese-poetry",""
"诈妮子调风月・得胜令","元","关汉卿","到如今总是彻梢虚，燕燕不是石头镌、铁头做；教我死临侵身无措，错支刺心受苦。（夫人云了）（正旦唱）瘫痪着身躯，教我两下里难停住；气夯破胸脯，教燕燕两下里没是处。","chinese-poetry",""
"南吕・四块玉别情","元","关汉卿","自送别，心难舍，一点相思几时绝？凭阑袖拂杨花雪。溪又斜，山又遮，人去也！。","chinese-poetry",""
"南吕・四块玉闲适（四首）","元","关汉卿","适意行，安心坐，渴时饮饥时餐醉时歌，困来时就向莎茵卧。日月长，天地阔，闲快活！（之一）旧酒投，新醅泼，老瓦盆边笑呵呵，共山僧野叟闲吟和。他出一对鸡，我出一个鹅，闲快活！（之二）意马多，心猿锁，跳出红尘恶风波，槐阴午梦谁惊破？离了利名场，钻入安乐窝，闲快活！（之三）南亩耕，东山卧，世态人情经历多，闲将往事思量过。贤的是他，愚的是我，争甚么！（之四）。","chinese-poetry",""
"中吕・朝天子书所见","元","关汉卿","鬓鸦，脸霞，屈杀将陪嫁。规模全是大人家，不在红娘下。笑眼偷瞧，文谈回话，真如解语花。若咱得他，倒了葡萄架。","chinese-poetry",""
"商调・梧叶儿别情","元","关汉卿","别离易，相见难，何处锁雕鞍？春将去，人未还。这其间，殃及杀愁眉泪眼。","chinese-poetry",""
"后庭花煞・掩袖暗含羞，开樽越酿愁。闷把苔墙画，慵将锦字修。最风流，","元","关汉卿","真真恩爱，等闲分付等闲休。","chinese-poetry",""
"南吕・一枝花赠朱帘秀","元","关汉卿","轻裁虾万须，巧织珠千串；金钩光错落，绣带舞蹁跹。似雾非烟，妆点就深闺院，不许那等闲人取次展。摇四壁翡翠浓阴，射万瓦琉璃色浅。","chinese-poetry",""
"梁州・富贵似侯家紫帐，风流如谢府红莲，锁春愁不放双飞燕。绮窗相近，","元","关汉卿","翠户相连，雕栊相映，绣幕相牵。拂苔痕满砌榆钱，惹杨花飞点如锦。愁的是抹回廊暮雨萧萧，恨的是筛曲槛西风剪剪，爱的是透长门夜月娟娟。凌波殿前，碧玲珑掩映湘妃面，没福怎能够见？十里扬州风物妍，出落着神仙。","chinese-poetry",""
"南吕・一枝花杭州景","元","关汉卿","普天下锦绣乡，寰海内风流地。大元朝新附国，亡宋家旧华夷。水秀山奇，一到处堪游戏。这答儿忒富贵，满城中绣幕风帘，一哄地人烟辏集。","chinese-poetry",""
"梁州・百十里街衢整齐，万余家楼阁参差，并无半答儿闲田地。松轩竹径，","元","关汉卿","药圃花蹊，茶园稻陌，竹坞梅溪。一陀儿一句诗题，行一步扇面屏帏。西盐场便似一带琼瑶，吴山色千叠悲翠。兀良，望钱塘江万顷玻璃。更有清溪绿水，画船儿来往闲游戏。浙江亭紧相对，相对着险岭高峰长怪石，堪羡堪题。","chinese-poetry",""
"尾・家家掩映渠流水，楼阁峥嵘出翠微。遥望西湖暮山势，看了这壁，觑","元","关汉卿","了那壁，纵有丹青下不得笔。","chinese-poetry",""
"南吕・一枝花不伏老","元","关汉卿","攀出墙朵朵花，折临路枝枝柳。花攀红蕊嫩，柳折翠条柔，浪子风流。凭着我折柳攀花手，直煞得花残柳败休。半生来折柳攀花，一世里眠花卧柳。","chinese-poetry",""
"梁州・我是个普天下郎君领袖，盖世界浪子班头。愿朱颜不改常依旧，花","元","关汉卿","中消遣，酒内忘忧。分茶扌颠竹，打马藏阄；通五音六律滑熟，甚闲愁到我心头！伴的是银筝女银台前理银筝笑倚银屏，伴的是玉天仙携玉手并玉肩同登玉楼，伴的是金钗客歌《金缕》捧金樽满泛金瓯。你道我老也，暂休。占排场风月功名首，更玲珑又剔透。我是个锦阵花营都帅头，曾玩府游州。","chinese-poetry",""
"隔尾・子弟每是个茅草冈、沙土窝初生的兔羔儿乍向围场上走，我是个经","元","关汉卿","笼罩、受索网苍翎毛老野鸡踏踏的阵马儿熟。经了些窝弓冷箭蜡枪头，不曾落人后。恰不道“人到中年万事休”，我怎肯虚度了春秋。","chinese-poetry",""
"尾・我是个蒸不烂、煮不熟、捶不匾、炒不爆响当当一粒铜豌豆，恁子弟","元","关汉卿","每谁教你钻入他锄不断、斫不下、解不开、顿不脱慢腾腾千层锦套头。我玩的是梁园月，饮的是东京酒，赏的是洛阳花，攀的是章台柳。我也会围棋、会蹴リ、会打围、会插科、会歌舞、会吹弹、会咽作、会吟诗、会双陆。你便是落了我牙、歪了我嘴、瘸了我腿、折了我手，天赐与我这几般儿歹症候，尚兀自不肯休。则除是阎王亲自唤，神鬼自来勾，三魂归地府，七魂丧冥幽，天那，那其间才不向烟花路儿上走！。","chinese-poetry",""
"卖花声煞・愁山闷海不许当敌，好教我无一个百刂划，耐心儿多陪下些凄","元","关汉卿","惶泪。呼侍婢将绣帘低放，把重门深闭，怕莺花笑人憔悴。","chinese-poetry",""
"幺・坐想行思，伤怀感旧，各辜负了星前月下深深咒。愿不损，愁不煞，","元","关汉卿","神天还佑。他有日不测相逢，话别离情取一场消瘦。","chinese-poetry",""
"好观音煞・与怪友狂朋寻花柳，时复间和哄消愁。对着浪蕊浮花懒回首，","元","关汉卿","怏怏归来，原不饮杯中酒。","chinese-poetry",""
"小桃红・装跷委实用心机，不枉了夸强会，女辈丛中最为贵。煞曾习，沾","元","关汉卿","身那取着田地。赶起了白踢，诸余里快收拾。","chinese-poetry",""
"圣药王・甚旖旎，解数儿希，左盘右折煞曾习。甚整齐，省气力，旁行侧","元","关汉卿","脚步频移，来往似粉蝶儿飞。","chinese-poetry",""
"尾・整乌云欲把金莲さ，纽回身再说些儿话：“你明夜个早些儿来，我专","元","关汉卿","听着纱窗外芭蕉叶儿上打。","chinese-poetry",""
"驻马听・锦阵里争先，紧卷旗幡不再展；花营中挑战，劳拴意马与心猿。","元","关汉卿","降书执写纳君前，唇枪舌剑难施展。参破脱空禅，早抽头索甚他人劝。","chinese-poetry",""
"驻马听・多绪多情，病身躯憔悴损；闲愁闲闷，将柳带结同心。瘦岩岩宽","元","关汉卿","褪了绛绡裙，羞答答恐怕他邻姬问。若道伤春，今年更比年时甚。","chinese-poetry",""
"幺・早是我愁怀闷哽，更那堪四扇帏屏。遣人愁，添人恨，无端怨煞丹青。","元","关汉卿","画得来双双厮配定，做得伤情对景。","chinese-poetry",""
"离亭宴煞・你休起风波剁断渔舟缆，得团圆摔破青铜鉴。冤家行再三，再","元","无名氏","三嘱付勤相探。常将好事贪，却休教花星暗，万一问休将人倒赚。眼М了可憎才，心疼煞志诚俺。凤凰台上忆吹箫，似钱塘梦魂初觉。花月约，凤鸾交。半世疏狂，总做了一场懊。","chinese-poetry",""
"离亭宴煞・你休起风波剁断渔舟缆，得团圆摔破青铜鉴。冤家行再三，再","元","关汉卿","三嘱付勤相探。常将好事贪，却休教花星暗。万一问休将人倒赚，眼挫了可憎才，心疼煞志诚俺。","chinese-poetry",""
"驻马听・黄诏奢豪，桑木剑熬乏古定刀；双郎穷薄，纸糊锹撅了点刚锹。","元","关汉卿","怕不待争锋取债恋多娇，又索书名画字寻人保。枉徒劳，供钱买笑教人笑。","chinese-poetry",""
"尾・腰肢困摆垂杨软，舌尖笑吐丁香喘。绣帐里无人，并枕低言。畅道美","元","关汉卿","满姻缘，风流缱绻，天若肯为人，为人是今生愿。尽老同眠也者，也强如雁底关河路儿远。","chinese-poetry",""
"歇拍煞・恁则待闲熬煎、闲烦恼、闲萦系、闲追欢、闲落魄、闲游戏。金","元","关汉卿","鸡触祸机，得时间早弃迷途。繁华重念箫韶歇，急流勇退寻归计。采蕨薇，洗是非；夷齐等，巢由辈。这两个谁人似得？松菊晋陶潜，江湖越范蠡。","chinese-poetry",""
"幺篇・月下砧声幽，月下砧声幽，风前笛秦。断肠声无了无休，捣碎我心","元","关汉卿","又加上一场症候，顿使我愁不寐，襄王梦雨散云收。","chinese-poetry",""
"煞尾・惜花愁，伤春怨，萦系杀多情少年。何处狂游袅玉鞭，谩教人暗卜","元","阚志学","金钱。空写遍翠涛笺，鱼雁难传。似这般白日黄昏怎过遣？青鸾信远。紫箫声转，画楼中闲杀月明天。","chinese-poetry",""
"钱大尹智宠谢天香・赚煞","元","关汉卿","我这府里祗候几曾闲，差拨无铨次，从今后无倒断嗟呀怨咨。我去这触热也似官人行将礼数使，若是轻咳嗽便有官司。我直到揭席时、来到家时，我又索趱下些工夫忆念尔。是我那清歌皓齿，是我那言谈情思，是我那湿浸浸舞困袖梢儿。（下）。","chinese-poetry",""
"钱大尹智宠谢天香・南吕/一枝花","元","关汉卿","往常时唤官身可早眉黛舒，今日个叫祗候喉咙响。原来是你这狠首领，我则道是那个面前桑？恰才陪着笑脸儿应昂，怎觑我这查梨相，只因他忒过当。据妾身貌陋残妆，谁教他大尹行将咱过奖？。","chinese-poetry",""
"钱大尹智宠谢天香・隔尾","元","关汉卿","我见他严容端坐挨着罗幌，可甚么和气春风满画堂！我最愁是劈先里递一声唱，这里但有个女娘、坐场，可敢烘散我家私做的赏。","chinese-poetry",""
"钱大尹智宠谢天香・二煞","元","关汉卿","见妾身精神比杏桃，相公如何共卯酉？见天香颜色当春昼。观花不比观娇态，饮酒合当饮巨瓯。谁把清香嗅？则是深围在阑底，又何曾插个花头！（钱大尹云）张千，快收拾车马，送谢夫人到状元宅上去！（柳同旦拜谢科，云）深感相公大恩！（正旦唱）。","chinese-poetry",""
"钱大尹智宠谢天香・正宫/端正好","元","关汉卿","往常我在风尘为歌妓，止不过见了那几个筵席，到家来须做个自由鬼；今日个打我在无底磨牢笼内！。","chinese-poetry",""
"钱大尹智宠谢天香・滚绣球","元","关汉卿","到早起过洗面水，到晚来又索铺床叠被，我服侍的都入罗帏，我恰才舒铺盖似孤鬼，少不的足恋蜷寝睡，整三年有名无实。本是个见交风月耆卿伴，教我做遥受恩情大尹妻，端的谁知？（二旦扮姬妾上，云）俺二人是钱大尹家侍妾。今日无甚事，去望姓谢的姐姐走一遭去。（见旦科，云）姐姐，俺二人竟来望姐姐。（正旦云）二位姐姐请坐。（二旦云）姐姐，你在宅中三年，相公曾亲近你么？（正旦唱）。","chinese-poetry",""
"钱大尹智宠谢天香・一煞","元","关汉卿","相公，你一言既出如何悔，驷马奔驰不可追。妾身出入兰堂，身居画阁，行有香车，宿有罗帏。相公，整过了三年，可便调理，无个消息；不想道今朝错爱我这匪妓，也则是可怜见哭啼啼。（钱大尹云）天香，后堂中换衣服去。（下）（正旦唱）。","chinese-poetry",""
"钱大尹智宠谢天香・煞尾","元","关汉卿","则今番文诌诌的施才艺，从来个扑籁籁没气力。相公这一句言语可立碑，我也不敢十分相信的。许来大官员，恁来大职位，发出言词忒口疾。你不委心为自家没见识，又不是花街中、柳陌里，那一个彻梢虚、雾塌桥，浑身我可也认的你！（下）。","chinese-poetry",""
"钱大尹智宠谢天香・哨遍","元","关汉卿","一自才郎别后，相公那帘幕里香风透。又无个交错觥筹，又无个宾客闲游饮杯酒，坐衙紧唤，乐探忙勾，唬的我难收救，只得向公厅祗候。不问我舞旋，只着我歌讴。将凤凰杯注酒尊前递，把商角调填词韵脚搜，唱到""惨绿愁红""。""事事可可""，一时禁口。","chinese-poetry",""
"钱大尹智宠谢天香・耍孩儿","元","关汉卿","相公讳字都全有，我将别韵儿轻轻换偷；即时间乐案里便除名，扬言说要结绸缪。三年甚事曾占着铺盖，千日何曾靠着枕头？相公意，难参透。我本是沾泥飞絮，倒做了不缆孤舟！。","chinese-poetry",""
"草桥店梦莺莺(第四本)・仙吕/端正好","元","王实甫","因姐姐玉精神，花模样，无倒断晓夜思量。着一片志诚心盖抹了漫天谎。出画阁，向书房；离楚岫，赴高唐；学窃玉，试偷香；巫娥女，楚襄王；楚襄王敢先在阳台上。(下)。","chinese-poetry",""
"草桥店梦莺莺(第四本)・煞尾","元","王实甫","春意透酥胸，春色横眉黛，贱却人间玉帛。杏脸桃腮，乘着月色，娇滴滴越显得红白。下香阶，懒步苍苔，动人处弓鞋凤头窄。叹鲰生不才，谢多娇错爱。若小姐不弃小生，此情一心者，你是必破工夫明夜早些来。(下)。","chinese-poetry",""
"草桥店梦莺莺(第四本)・幺篇","元","王实甫","年少呵轻远别，情薄呵易弃掷。全不想腿儿相挨，脸儿相偎，手儿相携。你与俺崔相国做女婿，妻荣夫贵，但得一个并头莲，煞强如状元及第。(夫人云)红娘把盏者！(红把酒科)(旦唱)。","chinese-poetry",""
"草桥店梦莺莺(第四本)・小桃红","元","王实甫","当日个月明才上柳梢头，却早人约黄昏后。羞得我脑背后将牙儿衬着衫儿袖。猛凝眸，则见鞋底尖儿瘦。一个恣情的不休，一个哑声儿厮耨。呸！那其间可怎生不害半星儿羞？。","chinese-poetry",""
"草桥店梦莺莺(第四本)・收尾","元","王实甫","来时节画堂箫鼓鸣春昼，列着一对儿鸾交凤友。那其间才受你说媒红，方吃你谢亲酒。(并下)。","chinese-poetry",""
"草桥店梦莺莺(第四本)・正宫/端正好","元","王实甫","碧云天，黄花地，西风紧，北雁南飞。晓来谁染霜林醉？总是离人泪。","chinese-poetry",""
"草桥店梦莺莺(第四本)・小梁州","元","王实甫","我见他阁泪汪汪不敢垂，恐怕人知；猛然见了把头低，长吁气，推整素罗衣。","chinese-poetry",""
"草桥店梦莺莺(第四本)・满庭芳","元","王实甫","供食太急，须臾对面，顷刻别离。若不是酒席间子母每当回避，有心待与他举案齐眉。虽然是厮守得一时半刻，也合着俺夫妻每共桌而食。眼底空留意，寻思起就里，险化做望夫石。(红云)姐姐不曾吃早饭，饮一口儿汤水。(旦云)红娘，甚么汤水咽得下！。","chinese-poetry",""
"草桥店梦莺莺(第四本)・朝天子","元","王实甫","暖溶溶玉醅，白泠泠似水，多半是相思泪。眼面前茶饭怕不待要吃，恨塞满愁肠胃。""蜗角虚名，蝇头微利""，拆鸳鸯在两下里。一个这壁，一个那壁，一递一声长吁气。","chinese-poetry",""
"草桥店梦莺莺(第四本)・耍孩儿","元","王实甫","淋漓襟袖啼红泪，比司马青衫更湿。伯劳东去燕西飞，未释程九问归期。虽然眼底人千里，且尽生前洒一杯。未饮心先醉，眼中流血，心水成灰。","chinese-poetry",""
"草桥店梦莺莺(第四本)・五煞","元","王实甫","到京师服水土，趁程途节饮食，顺时自保揣身体。荒村雨露宜眠早，野店风霜要起迟！鞍马秋风里，最难调护，最要扶持。","chinese-poetry",""
"草桥店梦莺莺(第四本)・四煞","元","王实甫","这忧愁诉与谁？相思只自知，老天不管人憔悴。泪添九曲黄河溢，恨压三峰华岳低。到晚来闷把西楼倚，见了些夕阳古道，衰柳长堤。","chinese-poetry",""
"草桥店梦莺莺(第四本)・三煞","元","王实甫","笑吟吟一处来。哭啼啼独自归。归家若到罗帏里，昨宵个绣衾香暖留春住，今夜个翠被生寒有梦知。留恋你别无意，见据鞍上马，。","chinese-poetry",""
"草桥店梦莺莺(第四本)・二煞","元","王实甫","你休忧""文齐福不齐""，我则怕你""停妻再娶妻""。休要""一春鱼雁无消息""！我这里青鸾有信频须寄，你却休""金榜无名誓不归""。此一节君须记，若见了那异乡花草，再休似此处栖迟。(末云)再谁似小妇？小生又生此念。(旦唱)。","chinese-poetry",""
"草桥店梦莺莺(第四本)・一煞","元","王实甫","青山隔送行，疏林不做美，淡烟暮蔼相遮蔽。夕阳古道无人语，禾黍秋风听马嘶。我为甚么懒上车儿内，来时甚急，去后何迟？。","chinese-poetry",""
"草桥店梦莺莺(第四本)・落梅风","元","王实甫","旅馆欹单枕，秋蛩鸣四野，助人愁的是纸窗儿风裂。乍孤眠被儿薄又怯，冷清清几时温热！。","chinese-poetry",""
"草桥店梦莺莺(第四本)・清江引","元","王实甫","呆答孩店房儿里没话说，闷对如年夜。暮雨催寒蛩，晓风吹残月，今宵酒醒何处也？(旦云)在这个店儿里，不免敲门。(末云)谁敲门哩？是一个女人的声音。我且开门看咱，这早晚是谁？。","chinese-poetry",""
"草桥店梦莺莺(第四本)・庆宣和","元","王实甫","是人呵疾忙快分说，是鬼呵合速灭。(旦云)是我。老夫人睡了。想你去了，几时再得见，特来和你同去。(末唱)听说罢将香罗袖儿拽，却原来是姐姐、姐姐。","chinese-poetry",""
"草桥店梦莺莺(第四本)・折桂令","元","王实甫","想人生最苦离别，可怜见千里关山，独自跋涉。似这般割肚牵肠，倒不如义断恩绝。虽然是一时间花残月缺，休猜做瓶坠簪折。不恋豪杰，不羡骄奢；自愿的生则同衾，死则同穴。","chinese-poetry",""
"草桥店梦莺莺(第四本)・雁儿落","元","王实甫","绿依依墙高柳半遮，静悄悄门掩清秋夜，疏剌剌林梢落叶风，昏惨惨云际穿窗月。","chinese-poetry",""
"草桥店梦莺莺(第四本)・得胜令","元","王实甫","惊觉我的是颤巍巍竹影走龙蛇，虚飘飘庄周梦蝴蝶，絮叨叨促织儿无休歇，韵悠悠砧声儿不断绝。痛煞煞伤别，急煎煎好梦儿应难舍；冷清清的咨嗟，娇滴滴玉人儿何处也！。","chinese-poetry",""
"草桥店梦莺莺(第四本)・鸳鸯煞","元","王实甫","柳丝长咫尺情牵惹，水声幽仿佛人呜咽。斜月残灯，半明不灭。畅道是旧恨连绵，新愁郁结；别恨离愁，满肺腑难淘泻。除纸笔代喉舌，千种相思对谁说。(并下)。","chinese-poetry",""
"草桥店梦莺莺(第四本)・络丝娘煞尾","元","王实甫","都则为一官半职，阻隔得千山万水。","chinese-poetry",""
"中吕・普天乐","元","无名氏","夜深沉，秋潇洒。风筛槛竹，雾锁窗纱。绣幕垂，朱扉亚。霜落梧桐雕阑谢，月明天啼杀宫鸦。香锁宝鸭，帘敲玉马，灯谢瑶花。海棠娇，梨花嫩。春妆成媚色，玉扌若就精神。柳眉颦翡翠弯，杏脸腻姻脂晕。款步香尘双鸳印，立东风一片巫云。淹的转身，嘻的喑哑，参的销魂。木犀风，梧桐月。珠帘鹦鹉，绣枕胡蝶。玉人娇一晌欢，碧酝酿十分悦。断角疏钟淮南夜，撼西风唤起离别。知他是团圆也梦也，欢娱也醉也，烦恼也醒也。大德天寿贺词凤凰朝，麒麟见。明君天下，大德元年。万乘尊，诸王宴。四海安然朝金殿，五云楼瑞霭祥烟。群臣顿首，山呼万岁，洪福齐天。嘲风情楚台云，秦楼月。云生时月缺，月满处云遮。磨杆儿汤着折，炮架儿实难拽。柳宠花娇恩情热，识破也便是英杰。姐姐每将虾钓鳖，哥哥每撩蜂剔蝎，婆婆每打草惊蛇。让与您，逞偻罗。轮到咱妆痴亻乱酌。别了浓妆艳裹，拜辞了妙舞清歌。暖烘烘热被窝，沉点点精银颗。又道孩儿是陪钱货，恨不的把黄金砌就鸣珂。姐姐每钻冰取火，婆婆每指山卖磨，哥哥每担雪填河。","chinese-poetry",""
"中吕・普天乐","元","杨维桢","十月六日，云窝主者设燕于清香亭，侑卮者东平玉无瑕张氏也。酒半，张氏乞手乐章。为赋双飞燕调，俾度腔行酒以佐主宾。玉无瑕，春无价，清歌一曲，俐齿伶牙。斜簪剃髻花，紧嵌凌波袜。玉手琵琶弹初罢，怎教他流落天涯。抱来帐下，梨园弟子，学士人家。套数。","chinese-poetry",""
"中吕・普天乐","元","姚燧","浙江秋，吴山夜，愁随潮去，恨与山叠。塞雁来，芙蓉谢，冷雨青灯读书舍，待离别怎忍离别？今宵醉也，明朝去也，宁奈些些！。","chinese-poetry",""
"驻马听・聒煞我也当当丁丁，恰便似再出世陈抟睡不成。度一宵如同百岁，","元","蒲察善长","捱一朝胜似三春。金炉香烬酒初醒，孤眠那怕心肠硬。闲愁可惯经？惟有相思最是难熬的症。","chinese-poetry",""
"得胜令・担不得翠弯眉黛远山青，红馥馥桃脸褪朱唇。细袅袅杨柳腰肢瘦，","元","蒲察善长","齐臻臻青丝髻绾云。天生下精神，更那堪十指纤纤嫩。描不就丹青，比天仙少个净瓶。","chinese-poetry",""
"双调・百字折桂令","元","白贲","弊裘尘土压征鞍鞭倦袅芦花，弓剑萧萧，一径入烟霞。动羁怀西风木叶秋水兼葭，千点万点老树昏鸦，三行两行写长空哑哑雁落平沙。曲岸西边近水湾鱼网纶竿钓槎，断桥东壁傍溪山竹篱茅舍人家。满山满谷，红叶黄花，正是伤感凄凉时候，离人又在天涯。套数。","chinese-poetry",""
"神仗儿煞・菱花半缺，合欢带绝。楚岫云迷，蓝桥月缺。银瓶沉坠，琼簪","元","白贲","碎折。锦筝应折弦难接，骖鸾梦宁贴，修鸳简更悲切。紫砚飞香，墨浮兰麝。蘸秋毫撇代喉舌，诉离情粉笺和泪写。","chinese-poetry",""
"离带歇拍煞・急煎煎愁滴相思泪，意悬悬慵拥鲛绡被。揽衣儿倦起，恨绵","元","白贲","绵，情脉脉，人千里。非是俺，贪春睡，勉强将鸳鸯枕欹。薄幸可憎才，只怕相逢在梦儿里。","chinese-poetry",""
"仙吕・一半儿拟美人八咏春梦","元","查德卿","梨花云绕锦香亭，胡蝶春融软玉屏，花外鸟啼三四声。梦初惊，一半儿昏迷一半儿醒。春困琐窗人静日初曛，宝鼎香消火尚温，斜倚绣床深闭门。眼昏昏，一半儿微开一半儿盹。春妆自将杨柳品题人，笑捻花枝比较春，输与海棠三四分。再偷匀，一半儿胭脂一半儿粉。春愁厌听野鹊语雕檐，怕见杨花扑绣帘，拈起绣针还倒拈。两眉尖，一半儿微舒一半儿敛。春醉海棠红晕润初妍，杨柳纤腰舞自偏，笑倚玉奴娇欲眠。粉郎前，一半儿支吾一半儿软。春绣绿窗时有唾茸粘，银甲频将彩线ㄎ，绣到凤凰心自嫌。按春纤，一半儿端相一半儿掩。春夜柳绵扑槛晚风轻，花影横窗淡月明，翠被麝兰薰梦醒。最关情，一半儿温温一半儿冷。春情自调花露染霜毫，一种春心无处托，欲写写残三四遭。絮叨叨，一半儿连真一半儿草。","chinese-poetry",""
"越调・柳营曲金陵故址","元","查德卿","临故国，认残碑，伤心六朝如逝水。物换星移，城是人非，今古一枰棋。南柯梦一觉初回，北邙坟三尺荒堆。四围山护绕，几处树高低。谁，曾赋黍离离。江上烟艇闲，雨蓑干，渔翁醉醒江上晚。啼鸟关关，流水潺潺，乐似富春山。数声柔橹江湾，一钩香饵波寒。回头贪兔魄，失意放渔竿。看，流下蓼花滩。","chinese-poetry",""
"尾声","元","杨景贤","从今后演佛法领三宗，掌戒律兴诸寺，但依着吾师教旨。此去西行十万里，急回来两鬓如丝。本是一个五陵儿，他道我有佛子容姿。(唐僧云)从今后灭火性消豪气，发善心脱名利。(尉迟唱)师父着我将豪气消磨，将善心来使。(唐僧云)众官军民人等听着：小僧折一枝松，插在此道傍要他活。我去后，此松朝西，如朝东，小僧回也。(虞云)师父，无根如何得活？(唐僧云)小僧无根要有根，有相若无相。我若取经回，松枝往东向。朝西呵是去时，朝东呵回至。(尉迟云)师父沿路保重了，俺众人年年来此看松枝。(下)。","chinese-poetry",""
"尾声","元","施惠《幽闺记》","埋名避祸捱时运，满望取皇家赦恩。罪大弥天，其时许自新。(生)古语积善逢善，(小生)常言知恩报恩。(合)此去愿逢吉地，前行莫撞凶门。","chinese-poetry",""
"尾声","元","徐田臣《杀狗记》","自古及今结义的，除非管鲍更有谁？那一个人情得到底？院君，员外回来，怎生谏他一谏便好？(旦)是如此。","chinese-poetry",""
"尾声","元","无名氏《宦门子弟错立身》","正不过沿村转庄，撞工耕地。我若得妆旦色如鱼似水，背杖鼓有何羞！提行头怕甚的！。","chinese-poetry",""
"尾声","元","刘唐卿《白兔记》","哥哥嫂嫂没前程，苦逼奴家再嫁人。日间挑水三百担，夜间挨磨到天明。","chinese-poetry",""
"尾声","元","无名氏《张协状元》","只此一言是的实。(净)婆婆劝你休走智。(生)我异日风云际会时。","chinese-poetry",""
"尾声","元","柯丹邱《荆钗记》","［生］随身不虑无琴剑，虑只虑行囊缺欠。［外］些少白金相助添。","chinese-poetry",""
"尾声","元","高明《蔡伯喈琵琶记》","几年分别无音耗，奈千山万水迢遥。只为三不从生出这祸苗。","chinese-poetry",""
"李云英风送梧桐叶・赚煞","元","李唐宾","听孩儿诉衷情，休嗔忿，(卜儿云)你是个女孩儿，题诗恐怕旁人耻笑。(正旦唱)有共他每笑哂，非是荒淫惹外人。(卜儿云)你题甚诗？(正旦唱)这词又不是道春情子曰诗云，暗伤神，雨泪纷纷，低首无言听处分。(卜儿怒云)虽然如此，你是女子，赓和他人词章，是何体面？(正旦云)母亲息怒，孩儿再不敢了也。(唱)则今日从朝至昏，不离分寸，酩子里向晚妆楼，目断楚台云。(同下)。","chinese-poetry",""
"李云英风送梧桐叶・正官/端正好","元","李唐宾","荐新凉，消残暑，落行云顷刻须臾。翻江搅海惊涛怒，摇脱秋林木。","chinese-poetry",""
"李云英风送梧桐叶・滚绣球","元","李唐宾","荡岸芦，撼庭竹，送长江片帆归去，动群山万籁喧呼。他翻手云，覆手雨，没定指性儿难据，乱纷纷败叶凋梧。则为你分开丹凤难成侣，吹断征鸿不寄书，使离人感叹嗟吁。","chinese-poetry",""
"李云英风送梧桐叶・叨叨令","元","李唐宾","你管他送胡笳声断城头暮，休道他搅旌旗影动边城戍。休恋他逐歌声罗绮筵前舞，休从他传花信桃李园中入。你是吹来也么哥，是吹来也么哥，直吹到受凄凉鳏寡儿夫行驻。","chinese-poetry",""
"李云英风送梧桐叶・三煞","元","李唐宾","那状元意迟迟点着玉鞭，不转睛厮觑着。(带云)这状元是俺男儿也呵！(唱)扑簌簌泪点儿腮边落。他形容好似俺亲夫婿，欲待相亲又恐错认了。不敢分明道，知他真心儿认我，莫不是有意儿相调？(各做意儿科)(正旦唱)。","chinese-poetry",""
"李云英风送梧桐叶・二煞","元","李唐宾","到夏来竹床枕簟凉生处，茶罢轩窗梦觉余。波皱鱼鳞，扇摇蝉翼，香袅龙涎，帘漾虾须。水面相牵荷蒂，池头远递莲香，波心摇落荷珠。凉生院宇，送微雨出云衢。","chinese-poetry",""
"李云英风送梧桐叶・煞尾","元","李唐宾","到秋来啾啾响和蛩吟絮，飒飒吹斜雁影孤。感动秋声八月初，采扇题清班婕好，对景悲秋宋大夫。江上纷纷折败芦，田内潇潇偃禾黍。则送流萤入座隅，积渐雕零岸柳疏，荏苒荷盘老柄枯，飘尽丹枫落井梧。女怨凄凉滴泪珠，悲向晚窗忆征旅。到冬来羊角呼号最狠毒，走石飞沙满路途。透入毡帘酒力徂，寒助冰霜透体肤，袅尽清香冷篆炉。凛冽严凝挂冰箸，刮面穿衣怎遮护？四季中间无日无，惟有秋深更凄楚。怎当他，协和芭蕉夜窗雨。(同下)。","chinese-poetry",""
"李云英风送梧桐叶・迎仙客","元","李唐宾","老尊亲错见了，失节罪难逃，妾身况兼年纪小。(云)我想雁有雌雄一对，没了一个，再不入群，永为孤雁。(唱)若婿了再求婿，这是人不如鸟。母亲意下量度，(云)我是个相门之女，再嫁事于人。(唱)则恐被傍人笑。","chinese-poetry",""
"李云英风送梧桐叶・红绣鞋","元","李唐宾","一来是先王礼教，二来是唐宰相根苗，(卜儿云)今日主张不从，再休后悔。(正旦唱)弦断无心觅鸾胶。(卜儿云)你敢待守丈夫的消耗么？(正旦唱)芳心悬玉杵，旧约在蓝桥，哎！则我个云英怎生便嫁了？。","chinese-poetry",""
"李云英风送梧桐叶・普天乐","元","李唐宾","玉娉婷，新梳掠，曲弯弯柳眉青浅，香馥馥桃脸红娇。腰肢一捻轻，举止十分俏，便似画真儿描不成如花貌。有三般儿比并妖娆，(卜儿云)是那三般儿？(正旦唱)若耶溪西施戏瓢，九龙池玉环斗草，凤凰台秦女吹箫。","chinese-poetry",""
"李云英风送梧桐叶・小梁州","元","李唐宾","烟袅金炉宝篆烧，傍云锦衣飘，群仙引领下青霄。忙传报，蹀躞马蹄遥。","chinese-poetry",""
"李云英风送梧桐叶・幺篇","元","李唐宾","雀屏银烛相辉耀，隐芙蓉绣褥光摇。重奏乐，人欢笑，六街喧闹，春色醉仙桃。(任做见正旦掉眼科)(正旦云)你看这状元，赴了琼林宴也。(唱)。","chinese-poetry",""
"李云英风送梧桐叶・耍孩儿","元","李唐宾","欢声鼎沸长安道，得志当今贵豪。小登科接着大登科，播荣名喧满皇朝。始知学乃身之宝，惟有读书人最高。宫花斜插乌纱帽，紫袍称体，金带垂腰。","chinese-poetry",""
"李云英风送梧桐叶・驻马听","元","李唐宾","和羽流宫，一派笙歌彻太空；烹龙炮凤，满堂罗绮霭香风。想当初云英不利广寒宫，裴航空作游仙梦。只今日蓝桥路不通，玄霜玉杵成何用？(正旦与任见科)(背云)这个状元，好似俺男儿也。(唱)。","chinese-poetry",""
"李云英风送梧桐叶・沉醉东风","元","李唐宾","为兵戈担惊受恐，折夫妻断梗飘蓬。泣枕鸳，悲衾凤，谁知道这搭儿重逢。犹道相看是梦中，捱了些凄凉万种。","chinese-poetry",""
"李云英风送梧桐叶・鸳鸯煞","元","李唐宾","我则道凉宵衾枕无人共，谁承望洞房花烛笙歌送。乐事重重，喜气融融。畅道人月团圆，鱼水和同，依旧的举案齐眉，到老相陪奉。若不是这一叶梧桐，险些儿失落了半世夫妻旧恩宠。(任继图诗云)夫妻守节事堪怜，仗义施恩宰相贤。金榜挂名双及第，洞房花烛两团圆。","chinese-poetry",""
"庞涓夜走马陵道・幺篇","元","无名氏","他那里语未绝，俺这里箭早拽。则见他蓦涧穿林，钻天入地，急切难迭。脚趔趄，眼乜斜，恰便似酒酣时节，庞涓也休猜做杨柳岸晓风残月。(庞涓云)此处莫不有埋伏的军马么？不中，我只索倒回干戈，领军去也。(孙膑云)庞涓，你那里去？大小三军，与我围定了峪口者。休教走了庞涓！(庞涓云)兀的不唬杀我也！高阜处说话，好似我孙膑哥哥。我是叫他一声咱。孙膑哥哥！(正末云)叫我的是谁？(庞涓云)是您兄弟庞涓。(正末云)你叫我怎么？(庞涓云)多时不见哥哥，我心中好生想你也！(正末云)你那贼，却元来也有今日哩！(唱)。","chinese-poetry",""
"庞涓夜走马陵道・正宫/端正好","元","无名氏","祸临头，谁人救，则我这泼残生眼见的千死千休。谁着你把箭三枝连射三更后，哎！你也合将那传令的人追究。","chinese-poetry",""
"庞涓夜走马陵道・滚绣球","元","无名氏","这法场近御沟，对凤楼，(带云)冤屈也！(唱)我这里叫尽屈有谁来分剖。送的我眼睁睁有国难投。强缚住我这调羹补衮的手，掩住我这衔冤负屈的口。这都是我自作自受，也不专为那人怨人仇。哀哉故国难回首。可正是烦恼皆因强出头，便死何求！(宠涓上，云)我教郑安平代做监斩官，起建法场，杀坏孙膑。如今往法场上过，我则推不知道。摆开头躇，慢慢的行。我是个朝中有功之人，今日敕赐与我十瓶黄封御酒，我多饮了几杯，我好快活也。(做唱科)(唱)今宵酒醒伺处。杨柳岸晓风残月。(正末云)兀的不是宠涓过来也！我明知道他杀坏我，我着他救我咱。我临行时师父曾与我一计，若遇祸难临头。有人唱道：今宵酒醒何处，杨柳岸晓风残月。你可诉出心间之事，就得不死。我如今不说，等待何时！两街百姓，我死不紧，只可惜我腹中有卷《六甲》天书。不曾传授与人。若有人救了我的性命。我情愿传写与他，决无隐讳。(宠涓惊私，云)嗨！师父好歹也！将这《六甲》天书倒传与他。传与我的天书，原来是假的。我如今独霸六国，料无对手，若再得这天书呵，还有谁人近的我？当日他摆出阵来。我不认的那个阵势，可知道他在天书里面摘下来的。我若杀了这厮，便是绝了这天书也。我自有个妙计，赚他这天书哩。(刽子云)午时三刻到了，开刀！(庞涓云)是斩谁？(刽子云)斩孙膑哩！(庞涓云)是孙膑？且留人者！(做悲云)哥哥。你为甚么来！(正末云)兄弟也，杀我的罪过，你敢知情么？(庞涓云)我若知情呵。唾是命随灯而灭。哥哥，你端的为甚么来？(正末唱)。","chinese-poetry",""
"庞涓夜走马陵道・二煞","元","无名氏","我饮过这香喷喷三盏儿安魂酒，则被你闪杀我也血渌渌一双脚指头。刀落处鼻痛心酸，皮开肉绽，筋骨相离，鲜血浇流。哎，可怎生神嚎鬼哭，雾惨云昏，白日为幽。耳边厢只听得半空中风吼，莫不是相天地替人愁！。","chinese-poetry",""
"庞涓夜走马陵道・煞尾","元","无名氏","兄弟，则这功名成就合成就，我得好休时便好休。养可疮海上游，洗了耳觅许由，学太公把钓钩，逐范蠡一叶舟。想荣华风内烛，富贵如水上沤，将利名一笔勾，再不向杀人场揽祸尤，白白的将性命丢。攒住眉头懒转眸，咬定牙儿且忍羞。打熬着足上浸浸血水流。哎，你个行刃的哥哥，你畅好是下的手。(下)。","chinese-poetry",""
"庞涓夜走马陵道・雁儿落","元","无名氏","我常担着空肚皮，(卒子云)你几曾见这等好茶饭来？(正末唱)好茶饭几曾道尝滋味。虽然我脚尖上有病疾，(卒子云)你休吃，则怕发了你的疮。(正末唱)我心儿里倒也无闲气。","chinese-poetry",""
"庞涓夜走马陵道・殿前欢","元","无名氏","那唤我的却为谁？(卜商云)先生，你在那里来？(正末唱)在那摘星楼上我便做筵席。安排下脱壳金蝉计，我则索躲是逃非。(卜商云)庞涓贼，你好狠也。(正末唱)这的是他下的我也下的。(卜商云)先生，庞涓又来了也。(正末唱)哎！缠杀我也天魔祟，我便似小鬼般合扑地。(卜商云)你躲时节谁知道来？(正末唱)这公事则除天知地知，(带云)庞涓。你怎知我在这里吃茶饭哩。(唱)只半合儿使碎我这心机。","chinese-poetry",""
"庞涓夜走马陵道・朝天子","元","无名氏","我可也不为别，是你亲曾把誓设，(庞涓云)兀的不灭了这盏灯也，(正末唱)正应着唾是命随灯灭。(庞涓做拜科，云)哥哥可怜见，只饶过您兄弟咱。(正末唱)庞涓你既做了这业又何必恁怯，枉了也参拜无休歇。哎！则你个脸儿假热，心儿似铁，忍下的眼睁睁把我双足刖。你如今死也，再休想放舍，恰便似水底捞明月。","chinese-poetry",""
"般涉调・哨遍项羽自刎","元","王伯成","虎视鲸吞相并，灭强秦已换炎刘姓。数年逐鹿走中原，创图基祚隆兴。各驰骋，布衣学剑，陇亩兴师，霸业特昌盛。今日悉皆扫荡，上合天统，下应民情。睢河岸外勇难施，广武山前血犹腥。恨错放高皇，懊失追韩信，悔不从范增。","chinese-poetry",""
"耍孩儿・唯除个植楚怀忠政，错认做奸人暗等。误截一臂不任疼，猛魂飘","元","王伯成","已赴幽冥。碧澄澄万里天如水，明朗朗十分月满营。马首立虞姬氏，翠蛾低敛，粉泪双擎。","chinese-poetry",""
"三煞・衡路九条，山垓九层，区区纵堑奔荒径。开基创业时皆尽，争帝图","元","王伯成","王势已倾。军逐，因寻江路，误入阴陵。","chinese-poetry",""
"尾・解委颔把顿项推，举太阿将咽颈称。子见红飘飘光的的绛缨先偏侧了","元","王伯成","金盔顶，碜可可湿浸浸鲜血早淋漓了战袍领。赠长春宫雪庵学士过隙驹难留时暂，百年几度聪明暗。尘事饱经谙，叹狙公暮四朝三。抵自惭，远投苍海，平步风波，空擘骊龙颔。谩赢得此身良苦，家私分外，活计尴尬。寝食玉锁紧牵连，行坐金枷自披担。世累相萦，阴行难修，业缘未减。","chinese-poetry",""
"一煞・从释缚，自脱监，纸鸢无线舟无缆。风寒暑湿非吾患，昧色声香莫","元","王伯成","我贪。休只待，船中满载，水低俱淹。","chinese-poetry",""
"三煞・衣锦裘，乘骏骖，与朋共敝虽无憾。箪瓢自乐颜回巷，版筑谁亲傅","元","王伯成","说岩。君不见，花飞树底，日转天南。","chinese-poetry",""
"五煞・饭已熟，睡正酣，尽他世味无如淡。诗囊经卷随藜杖，苍木黄菁满","元","王伯成","药篮。回头笑，青钱拍板，乌帽蓝衫。","chinese-poetry",""
"六煞・耳若聋，口似缄，有人来问佯妆憨。胡芦提了全无闷，皮袋肥来最","元","王伯成","不憨。渔樵伴，山声野调，阔论高谈。","chinese-poetry",""
"七煞・不动心，已丧胆，丹田饱养难摇撼。身欺古柏衰中旺，味胜青瓜苦","元","王伯成","后甘。功成处，脸同莲萼，头类松杉。","chinese-poetry",""
"小桃红・一帘红雨落花飞，酝酿蜂儿蜜。跨蹇携壶醒还醉，草凄凄，融融","元","王伯成","沙暖鸳鸯睡。韶光景美，和风暖日，惹起杜鹃啼。","chinese-poetry",""
"双调・折桂令赠千金奴","元","孔文升","杏桃腮杨柳纤腰，占断他风月排场，鸾凤窝巢。宜笑宜颦，倾国倾城，百媚千娇。一个可喜娘身材儿是小，便做天来大福也难消。檀板轻敲，银烛高烧，万两黄金，一刻春宵。","chinese-poetry",""
"汉钟离度脱蓝采和・赚煞","元","无名氏","你合不着圣贤机，我觑不的他人面。我看你几时到蓬莱阆苑，则你那六道轮回怎脱免？使不的你九伯风颠。(云)我锁了勾栏门，看你怎生出的去。(唱)遮莫你驾云轩，白日升天，怎敢相饶到面前。(云)你若恼了我，十日不开门，我直饿杀你。(唱)则你那身躯不坚，折。","chinese-poetry",""
"汉钟离度脱蓝采和・南吕/一枝花","元","无名氏","白莲插玉瓶，黄篆焚金鼎，斟一杯长寿酒，挂一幅老人星，来贺长生。感承你相钦敬，量小人有甚么能，动劳你火伴邻里街坊，谢承你亲眷相知弟兄。","chinese-poetry",""
"汉钟离度脱蓝采和・梁州","元","无名氏","直吃的簌簌的红轮西坠，焱焱的玉兔东生。常言五十而后知天命，我年过半百，诸事曾经。人有灵性，鸟有飞腾，常言道蠢动含灵，做场处谁敢消停。(云)咱行院打识水势(唱)俺、俺、俺做场处见景生情，你、你、你上高处舍身拚命，咱、咱、咱但去处夺利争名。若逢，对棚，怎生来妆点的排场盛，倚仗看粉鼻凹五七并，依着这书会社恩官求些好本令。(云)君子务本，本立而道生。(唱)那的愁甚么前程。(净把盏科云)哥哥饮一杯寿酒。(钟离上云)今日是蓝采和生辰之日，度脱他走一遭去，早来到门首去。(做哭三声、笑三声科，正末云)王把色是听的么，谁人在门首唱叫？(净云)哥哥也闲管事，知他是谁。俺则吃酒。(正末唱)。","chinese-poetry",""
"汉钟离度脱蓝采和・尾声","元","无名氏","再不将百十口火伴相将领，从今后十二瑶台独自行。我那时财散人离陪下情，打喝处动乐声，戏台上呼我乐名。我如今浑不浑浊不浊醒不醒，蓝采和泼声名贯满州城，几曾见那扮杂剧乐官头得悟醒。(下)。","chinese-poetry",""
"汉钟离度脱蓝采和・正宫/端正好","元","无名氏","腰间将百钱拖，头上把唐巾裹，舞绿衫拍板高歌，逐朝走向街头过。有几个把我相着么？。","chinese-poetry",""
"汉钟离度脱蓝采和・滚绣球","元","无名氏","从今后我独自个，休想我做过活。再不去乔妆扮打拍撺掇，再不去戏台上信口开合。(云)你又着我做场处唤王把色李薄头快疾快疾。(唱)又着俺媳妇每，那一火。快疾忙去梳裹，不争我又做场又索央众父老每妆喝。(净云)自从哥哥去了，勾栏里就没人看。(正末唱)为甚么勾栏里看的十分少，则你那话不投机一句多。(净云)你说风话哩。(正末唱)不是我风魔。","chinese-poetry",""
"汉钟离度脱蓝采和・朝天子","元","无名氏","行院每趱家私过活。(旦云)都是一般行院，你多拿了几文钱出来，我务要平分。(正末唱)问甚么你死我活。(云)见别人朝来暮去，干家做活，瞒心昧己。(唱)那一个肯依本分随缘过。(云)我如今闲来看一卷道德经，困来睡一觉。(唱)但得合处把我这眼皮儿合，得卧处和衣儿卧。(旦云)都摆着你看，你那兄弟幼子娇妻许多家眷，怎下的撇了俺去出家！(正末唱)摆列着幼子娇妻，儿孙许多。(云)则听得误了官身那一日，扣厅要打四十。若不是师父救了我呵！(唱)假若是我无常谁替我。(旦云)：既是这等，你也度脱我出家去。(正末唱)你待着，不合把你来度脱。(旦云)你回去罢，不济事。(正末唱)赤紧的我也在壕中坐。","chinese-poetry",""
"董秀英花月东墙记・幺篇","元","白朴","黄昏一盏孤灯映，困腾腾闷倚帏屏。鼓二更，人初静，更添愁兴，照不到天明。(旦云)我常记得，俺父亲在日，曾与俺母亲说，在朝之日，曾与三原县令马昂为交，次后，半我许与他儿子马文辅为妻。我那时年幼，也不曾成得；后来音信不通，因此上不曾成合这亲事。我那日在后花园中，只见山寿家东墙上，有一秀才，往这壁望着。我一见那生，发黑眉青，唇红齿白，教我放心不下。我前日在海棠亭下烧夜香，又遇着他弹琴，专诉失其佳配。昨日使山寿来问我讨花，我因问他，你师父是谁；山寿说，姓马名彬字文辅。我就想起俺父亲的言语，莫不就是这生？我两日前写下了一个简帖儿，今日着梅香送与他去。梅香，你送这简帖儿与那秀才去。(梅云)将来，我送去。(旦与简科)(梅云)我送简帖儿去来。(同下)(生上，云)自从见了秀英小姐，着我神魂飘荡，茶饭懒尝。昨日着山寿讨花去，小姐与了一朵海棠花，不知主何意？似这等音信不通，如何是了？(梅云)先生万福。(生云)小娘子，来有何事？(梅云)你不知，听我说咱。(唱)。","chinese-poetry",""
"董秀英花月东墙记・赚煞","元","白朴","合晚至黄昏，独宿心间闷。苦厌厌忧愁自忖。便有铁石心肠也断魂。串香焚被冷谁温，引入多情梦里人。窗儿外月华正新，玉人儿在方寸，我将这海棠花分付与东君。","chinese-poetry",""
"董秀英花月东墙记・正宫/端正好","元","白朴","下香阶，踏芳径，步苍苔月影当庭。过回廊一弄凄凉景，好教我添悲兴。","chinese-poetry",""
"董秀英花月东墙记・滚绣球","元","白朴","垂杨宿鸟惊，绣鞋不待行。降明香问天求聘，志诚心祷告神灵。相思病渐成，看看瘦损形，受寂寞事关前定，盼佳期井底银瓶。似这等栖迟误了奴家命，强打精神拜斗星，何日安宁？(梅云)姐姐，你听那里冰弦之声。(旦唱)。","chinese-poetry",""
"董秀英花月东墙记・小梁州","元","白朴","你只要搂带同心结不开，都只待鱼水和谐。旷夫怨女命安排，心无奈，盼杀楚阳台。","chinese-poetry",""
"董秀英花月东墙记・满庭芳","元","白朴","姻缘合该，今朝相待，鱼水和谐。似这等不枉了教人害，苦尽甘来。古人言知过必改，不由人兜在心怀。一见了相亲爱，便休道贤贤易色，非是我放在狂乖。(下)。","chinese-poetry",""
"董秀英花月东墙记・耍孩儿","元","白朴","看了你桃腮杏脸花无寒，星眼朦胧不开。魂灵儿飞在五云端，只将这玉体相挨。安排定共宿鸳鸯枕，准备下双飞鸾凤台。今日得同欢爱，把湘裙皱损，宝髻斜歪。","chinese-poetry",""
"董秀英花月东墙记・四煞","元","白朴","画檐铁马喧，纱窗梦不成，佳人才子何时娉？他是个异乡背井飘零客，我便是孤枕独眠董秀英。都薄幸，一个在东墙下烦恼，一个在锦帐里伤情。","chinese-poetry",""
"董秀英花月东墙记・三煞","元","白朴","叹鸳鸯绣被空，满怀愁为那生，只因他新诗和的声相应。更把那瑶琴拨出艰难调，彩凤求凰指下鸣。都是相思令，听了他凄凉惨切，好教我寸步难行。","chinese-poetry",""
"董秀英花月东墙记・二煞","元","白朴","澄澄夜气清，低低月转阶，枝枝花影横窗外。灯前试把香罗看，点点猩红映莹白。则见他羞无奈，困腾腾倚墙靠壁，急忙忙重整金钗。","chinese-poetry",""
"董秀英花月东墙记・尾煞","元","白朴","相思愁越添，凄凉恶梦境。便做道铁石般只恁心肠硬，都写入愁怀唤不省。(下)。","chinese-poetry",""
"董秀英花月东墙记・五煞","元","白朴","衫儿扭扣松，裙儿搂带解，酥胸粉腕天然态。楚腰似柳娇尤软，未吐桃花露润开。完成了恩和爱，今日个良姻匹配，便死呵一穴同埋。","chinese-poetry",""
"董秀英花月东墙记・小桃红","元","白朴","腰肢纤细减芳容，似带雨梨花重。翠被香消谁共，思无穷，音书写下无人送。鱼沉雁杳，枕剩衾空，因此上泪滴满酥胸。","chinese-poetry",""
"董秀英花月东墙记・尾声","元","白朴","鱼沉雁杳音难送，阻隔着千里关山万重。埋怨俺狠毒娘，走将来分开了鸾凤种。(下)。","chinese-poetry",""
"董秀英花月东墙记・驻马听","元","白朴","十载心坚，酬志了金屋银屏紫府仙。当时贫贱，怎忘了箪瓢陋巷在穷檐。官高犹记武陵源，身荣怎忘前亲眷。才中选，今朝又把程途践。(云)行了数日，早到松江府了。趱动马，径奔宅上去者。(做到科，云)左右，报的老夫人知道。(做报科)(夫人上，云)马文辅得了头名状元，今日回来，我须迎他进来者。(生做见科)(卜云)儿鞍马劳困。梅香，叫你姐姐来见学士者。(梅走上，云)姐姐在那里？(旦上，云)小贱人，你管我怎么？(梅云)俺姐夫做了官回来，在堂上，老夫人着我请你相见哩。(旦云)是真个？(梅云)你待不见哩。(旦云)不想有今日也！(做相见叙礼科)(旦云)才郎及第，官拜何职？(生云)托祖宗福荫，叨中状元，小生喜不自胜。(旦唱)。","chinese-poetry",""
"董秀英花月东墙记・雁儿落","元","白朴","谁想你入科场艺在先，金榜上名堪羡。脱却了旧布衣，直走上金銮殿。","chinese-poetry",""
"董秀英花月东墙记・得胜令","元","白朴","你如今束带立朝前，得志受皇宣。列翰苑为学士，插金花饮玉筵。标写在凌烟，宝匣内方显出龙泉剑。享富贵绵绵，立芳名见大贤。(生云)小生别后一载有余，多亏小姐持家养德。(旦唱)。","chinese-poetry",""
"董秀英花月东墙记・水仙子","元","白朴","今朝一日笑声喧，又得才郎叙旧缘，相逢诉不尽心中怨。那时节意惨然，自别来动是经年。我只怕恩情断，盼归期天样远，谁知道今日团圆。","chinese-poetry",""
"董秀英花月东墙记・折桂令","元","白朴","喜今朝又得团圆，夫妇相逢，前世姻缘。携手相将，花前月下，笑语甜言。旧日的恩情不浅，还记得海棠亭誓对婵娟。你如今黄榜名悬，翰苑超迁，愿足平生，尽在神天。","chinese-poetry",""
"董秀英花月东墙记・鸳鸯煞","元","白朴","佳人才子心留恋，东墙花下成姻眷，标写青编，唱道一举登科将名姓显。男儿得志共赏在琼林宴，玉堂中千古名贤。似这等金榜题名万代显。","chinese-poetry",""
"南吕・四块玉雪湖和人韵","元","赵善庆","近水堤，临山寺，竹外横斜两三枝，樽前谈咏无多事。白战诗，白苎词，白玉卮。","chinese-poetry",""
"中吕・朝天子送春","元","赵善庆","剑蒲，翠芜，雨过添新绿。药栏春事已结局，无计留春住。堤上芳尘，桥边飞絮，树头红一片无。布谷，杜宇，犹斗唤春归去。","chinese-poetry",""
"中吕・普天乐江头秋行","元","赵善庆","稻梁肥，蒹葭秀。黄添篱落，绿淡汀洲。木叶空，山容瘦。沙鸟翻风知潮候，望烟江万顷沉秋。半竿落日，一声过雁，几处危楼。秋江忆别晚天长，秋水苍。山腰落日，雁背斜阳。璧月词，朱唇唱。犹记当年兰舟上，洒洒风泪湿罗裳。钗分凤凰，杯斟鹦鹉，人拆鸳鸯。","chinese-poetry",""
"中吕・山坡羊燕子","元","赵善庆","来时春社，去时秋社，年年来去搬寒热。语喃喃，忙劫劫，春风堂上寻王谢，巷陌乌衣夕照斜。兴，多见些，亡，都尽说。长安怀古骊山横岫，渭河环秀，山河百二还如旧。狐兔悲，草木秋，秦宫隋苑徒遗臭，唐阙汉陵何处有？山，空自愁；河，空自流。","chinese-poetry",""
"商调・梧叶儿隐居","元","赵善庆","绝荣辱，无是非，忘世亦忘机。藏鸳渚，浮雁溪，钓鱼矶，稳当似麒麟画里。","chinese-poetry",""
"越调・寨儿令早春湖游","元","赵善庆","景物新，艳晨昏，山气张天成绿云。画舫红裙，紫陌游人，香软马蹄尘。棹涟漪水皱罗纹，破韶华桃露朱唇。湖风肥柳线，堤雨厚莎茵。春，又早二三分。春情愁冉冉，病恹恹，红窗睡起不甚タ。墨淡眉尖，风冷牙签，象管怕重拈。倦梳云懒对妆奁，怕愁春不卷珠帘。落红堆翠径，飞絮拥雕檐。嫌，楼外雨帘纤。泊潭洲忆旧游，叹迟留，情似汉江不断头。暮霭西收，楚水东流，烟草替人愁。鹭分沙接岸沧州，鱼惊饵晒网轻舟。风闲沽酒旆，月淡挂帘钩。秋，尽在雁边楼。美妓舞态轻，曲声清，生香玉骨粉扌若成。娇眼珠星，指甲春冰，云鬓剪鸦翎。记沉香火里调笙，忆砑罗裙上弹筝。轻颦欺燕燕，浅笑妒莺莺。挣，那更性胡伶。","chinese-poetry",""
"双调・沉醉东风秋日湘阴道中","元","赵善庆","山对面蓝堆翠岫，草齐腰绿染沙洲。傲霜橘柚青，濯雨蒹葭秀。隔沧波隐隐江楼，点破萧湘万顷秋，是几叶儿傅黄败柳？昭君出塞图毡帐冷柔情挽挽，黑河秋塞草斑斑。丹青误写情，环佩难归汉。抱琵琶怨杀和番，比似丹青旧玉颜，又越添愁眉泪眼。","chinese-poetry",""
"双调・折桂令西湖","元","赵善庆","问六桥何处堪夸？十里晴湖，二月韶华。浓淡峰恋，高低杨柳，远近桃花。临水临山寺塔，半村半郭人家。杯泛流霞，板撒红牙，紫陌游人，画舫娇娃。湖山堂八窗开水月交光，诗酒坛台，莺燕排场。歌扇摇风，梨云飘雪，粉黛生香。红袖台已更旧邦，白头民犹说新堂。花妒幽芳，人换宫妆，惟有湖山，不管兴亡。","chinese-poetry",""
"双调・落梅风太乙宫探梅","元","赵善庆","冰花艳，水月魂，斗诗坛醉翁笔阵。自南枝漏泄了湖上春，问东风几番花信？江楼晚眺枫枯叶，柳瘦丝，夕阳闲画阑十二。望晴空莹然如片纸，一行雁一行愁字。秋晴秋声定，微雨歇，透疏棂纸窗风裂。孤灯儿似知愁恨切，照离人半明半灭。暮春寻芳宴，拾翠游，杏花寒禁烟时候。叫春山杜鹃何太愁，直啼得绿肥红瘦。","chinese-poetry",""
"双调・水仙子仲春湖上","元","赵善庆","雨痕著物润如酥，草色和烟近似无，岚光罩日浓如雾。正春风啼鹧鸪，斗娇羞粉女琼奴。六桥锦绣，十里画图，二月西湖。渡瓜州渚莲花脱锦衣收，风蓼青雕红穗秋，堤柳绿灭长条瘦。系行人来去愁，别离情今古悠悠。南徐城下，西津渡口，北固山头。客乡秋夜梧桐一叶弄秋晴，砧杵千家捣月明，关山万里增归兴。隔嵯峨白帝城，捱长宵何处销凝？寒灯一檠，孤雁数声，断梦三更。","chinese-poetry",""
"双调・雁儿落过德胜令天竺寺","元","赵善庆","旃檀古道场，水月白衣相。真珠般若林，多宝如来藏。梵相四天王，唐塑八金刚。佛隐松间塔，僧推云外窗。虚堂，法鼓惊天上；长廊，游人惹御香。","chinese-poetry",""
"山神庙裴度还带・南吕/一枝花","元","关汉卿","恰便似梅花遍地开，柳絮因风起。有山皆瘦岭，无处不花飞。凛冽风吹，风缠雪银鹅戏，雪缠风玉马垂。采樵人荷担空回，更和那钓鱼叟披蓑倦起。","chinese-poetry",""
"山神庙裴度还带・梁州","元","关汉卿","看路径行人绝迹，我可便听园林冻鸟时啼。这其间袁安高卧将门闭。这其间寻梅的意懒，访戴的心灰，烹茶的得趣，映雪的伤悲。冰雪堂冻苏秦懒谒张仪，蓝关下孝韩湘喜遇昌黎。我、我、我，飘的这眼眩耀，认不的个来往回归；是、是、是，我可便心恍惚，辨不的个东西南北；呀、呀、呀，屯的这路弥漫，分不的个远近高低。琼姬素衣，纷纷巧剪鹅毛细；战八百万玉龙退败，鳞甲纵横上下飞。可端的羡杀冯夷！。","chinese-poetry",""
"山神庙裴度还带・隔尾","元","关汉卿","这其间正乱飘僧舍茶烟湿，密洒歌楼酒力微，青山也白头老了尘世。都不到一时半刻，可又早周围四壁，添我在冰壶画图里。","chinese-poetry",""
"山神庙裴度还带・骂玉郎","元","关汉卿","有那等嫌贫爱富的儿曹辈，将俺这贫傲慢，把他那富追陪，那个肯恤孤念寡存仁义？有那一等靠着富贵，有干万乔所为，有那等夸强会。（长老云）秀才真乃英才之辈，比他人不同也。（正末唱）。","chinese-poetry",""
"山神庙裴度还带・感皇恩","元","关汉卿","他显耀些饱暖衣食，卖弄些精细伶俐。怎听他假文谈，胡答应，强支持！出身于市井，便显耀雄威；则待要邀些名誉，施些小惠，要些便宜。（长老云）真乃君子、小人不同也！（正末唱）。","chinese-poetry",""
"山神庙裴度还带・采茶歌","元","关汉卿","无才学有权势，有文章受驱驰，长老，这的是鹤长凫短不能齐！比小生剩趱浮财润自己，比吾师身穿几件虼虫两皮。","chinese-poetry",""
"山神庙裴度还带・煞","元","关汉卿","阴阳有准无虚道，好一个肉眼通神赵野鹤！咱人这祸福难逃，吉凶怎避，莫得执迷，枉了徒劳！判断在昨日，分已定前生，果应于今朝。若是碎砖瓦里命终得这身夭，险些儿白骨卧荒郊！（夫人云）先生为何如此惊叹？必有其情，乞请知之。（正末云）老夫人不知。小生昨日在白马寺中遇一相士，说小生今日不过午，一命掩泉土，今日午前死于碎砖瓦之下。今日果应其言！小生若不为还此带，送出老夫人、小姐来呵，小生正遭此一死也！（夫人云）皆是先生阴德大重，救我一家之命，因此遇大难不死；必有后程，准定发迹也！（正末唱）。","chinese-poetry",""
"山神庙裴度还带・正宫/端正好","元","关汉卿","我愁见古松林，我这里便怕到兀那崩摧庙。我可便叹吾生久困蓬蒿，看别人""青霄有路终须到""，知他我何日""朝闻道""？。","chinese-poetry",""
"山神庙裴度还带・滚绣球","元","关汉卿","咱人命里有呵福禄增，（云）暗室亏心，神目如电。（唱）命里无时灾祸招。（云）近之不逊，远之又怨。（唱）受不明物呵不合神道，（云）""不义而富且贵，于我如浮云""！（唱）取不义财呵枉物难消。（见儿云）据先生如此大量，当来发达于世，岂不壮哉！（正未唱）有一日蛰龙奋头角，风云醉碧桃；酬志也五陵年少，轩昂也当发英豪；伴旌旗日暖龙蛇动，看宫殿风微燕雀高，雁塔名标。","chinese-poetry",""
"山神庙裴度还带・小梁州","元","关汉卿","借问你个老妪缘由，女艳娇，你因甚事细说根苗。（云）你有甚么冤枉，在此觅死？你从头至尾说一遍咱。（旦儿云）我看来这个人必是个儒人秀士。哥哥不嫌絮烦，听妾从头至尾说一遍咱。妾身乃洛阳韩太守的女孩儿，这个是我母亲，嫡亲的三口儿家属。父亲在此为理，与人秋毫无犯。为因上司差傅彬来河南点检钱粮，傅彬到此洛阳。问我父要上马钱下马钱，我父不肯与他；后来傅彬为侵使过官钱，追赃赔纳，不想傅彬贼子怀挟前仇，指下家父三千贯赃。奏闻行移至本府，提下家父，下于缧绁，赔赃三千贯。事以不明，难为伸诉；下情不能上达，何须分辩！不能越朝廷法例，舒心赔纳。家中收拾止勾送饭日用而已。父母面上亲戚处助一千贯。父母止生妾身一个，因父祖名家，老母家训，教妾读书吟诗写字。在城里外，妾身怀羞搠笔题诗救父难，得市户乡民恻隐，一则为父清廉，二则因妾孝道，半年中抄化了一千贯。陆续纳入官，前后二千贯。尚有一千贯未完，父亲未能脱禁。则见一日城市中有人对妾言说：""小姐，这城中关厢里外，人事上也絮繁了。近日朝廷差一公子，来此歇马，今日说往城东去，有人见在邮亭赏雪饮酒哩，若到那里，一则提笔卖诗，二则诉父冤枉，但得些滋润，勾你赔赃也。""听的说罢急走出城，来至邮亭，正见公子赏雪饮酒。见妾，问其缘故；妾将前事尽诉其情，公子甚是怜念。又命妾题诗，妾随做诗数首。公子甚喜，就赐腰间玉带一条，价值千金，与妾身救父脱禁。妾欲要回城中，到此半路风紧雪大，妾在此庙中歇脚避雪，不觉身体困倦，在此歇息，我将玉带放在藁荐下。猛然省来，诚恐天晚母亲在家悬望，妾身慌走出庙来。又怕关了城门，紧走到家中。老母问其缘故，忽然想起玉带来，急要来取，城门已闭。俺娘女二人一夜不曾睡，今日早挨门出来，入的庙门来寻，谁想不见了玉带！则觑着这条玉带救父脱禁；我既不能救父，又不能尽孝，我因此寻自尽。（夫人云）哥哥，我则觑着这个孩儿，他寻自尽，夫主又不能出禁，要我身何用？我也寻个自尽，也是俺出于无奈也！（正末云）好可怜人也！（唱）为尊君冤枉坐囚牢，卖诗呵把父母恩临报。小姐也，你可甚么家富小儿娇！。","chinese-poetry",""
"山神庙裴度还带・幺篇","元","关汉卿","你道是从来养小防备老，都一般哀哀父母劬劳。（带云）先圣有言：""身体发肤，受之父母，不敢毁伤，孝之始也。""（唱）你便怎生舍性命寻自吊？（带云）""扬名于后世，以显父母，孝之终也。""（唱）这的可也方为全孝。（云）""父母全而生之，子全而归之，可为孝也。""（唱）则这的是为人子立的根苗。（夫人云）据先生说呵，也说的是；争夺我夫主无辜受禁，眼睁睁不得脱难，则觑着这条玉带救夫主；不见了，似此这般，一千贯赃几时纳的了也！（正末云）夫人、小娘子，假若有这玉带呵呢？（夫人云）若是有这玉带呵，便是救了俺一家性命也。（正末云）假若无了这玉带呵呢？（夫人云）俺一家儿便是死的，都不得活也。（正末云）老夫人、小娘子放心，玉带我替你收着哩！（旦儿云）先生勿戏言！（正未云）孔子门徒，岂有戏言！（正末做取带科，云）娘子，兀的不是带，还你！（旦儿接科，云）兀的不正是此带！索是谢了先生。（夫人云）孩儿也，俺娘儿两个一齐的拜谢先生咱。（正末云）不敢！不敢！（夫人云）先生救活我一家之恩，此义非轻也！世间似先生者世之罕有。处于布衣窘暴之中，千金不改其志，端的是仁人君子也！（正末云）不敢！不敢！世间似小娘子贞孝之女--自古孝子多，孝女少--女子中只有两三个人也。（夫人云）是那两三个？先生试说，老身洗耳愿闻咱。（正末唱）。","chinese-poetry",""
"山神庙裴度还带・叨叨令","元","关汉卿","当日个贾氏为父屠龙孝，杨香为父跨虎曾行孝，曹蛾为父嚎江孝；今日个琼英为父题诗孝。端的可便感天地也波哥，端的可便感天地也波哥！为父母呵，男女皆可尽人之孝。","chinese-poetry",""
"山神庙裴度还带・尾声","元","关汉卿","我但得一朝冠盖向长安道，趁着这万里风头鹤背高。有一日享荣华、受官爵，早则不居无安，食无饱。（旦儿云）此恩此德，时刻未忘。（夫人云）我记着先生这个模样，请个良工写像传真，侍奉终日，烧香供养先生也。（正末唱）你道是这恩临决然报，常记着休忘了，命良工写像传真，点烛烧香，你将我来供养。到老。（下）。","chinese-poetry",""
"山神庙裴度还带・殿前欢","元","关汉卿","你道是擢新人，今宵花浊洞房春。绣球儿抛得风团顺，肯分的正中吾身。（媒人云）请状元下马就亲！（正末唱）硬逼临便就亲。（媒人云）状元下马就亲，洞房花烛，燕尔新婚。（正末唱）噤声！你那里无谦逊。（媒人云）《毛诗》去：""淑女可配君子。""（正末唱）那里是正押《毛诗》韵？你道做了有伤风化，谁就你那燕尔新婚！。","chinese-poetry",""
"山神庙裴度还带・水仙子","元","关汉卿","想起他那芙蓉娇貌蕙兰魂，杨柳纤腰红杏春，海棠颜色江梅韵；他恨不的上青山变化身，这其间卖登科寻觅回文。这裴中立身荣贵，那韩琼英守志真，我怎背着别人做了夫人！。","chinese-poetry",""
"山神庙裴度还带・雁儿落","元","关汉卿","谁承望楚阳台做眷姻，蓝桥驿相亲近，武陵溪寻配偶，桃源洞成秦晋！。","chinese-poetry",""
"山神庙裴度还带・得胜令","元","关汉卿","""敬亲者不敢慢于人""。（韩公云）状元，今日酬志，如此轩昂！（正末唱）享富贵必有异于人。（旦儿云）还带之恩，配合姻眷，两意俱完，各遂其心矣。（正末唱）小生我怀旧意无私志，小姐白玉带知恩必报恩。（韩公云）老夫蒙恩骤迁，夫人三月齑盐小女甘贫行孝，今日一家富贵。谁想有今日也！（正未唱）为岳丈公勤，掌都省三台印，老夫人忠贞，小姐守一百日齑盐清淡贫。","chinese-poetry",""
"南吕・一枝花廷仪公子实当代都督李公之家嗣也。器宇宏达，才华瞻敏，","元","沈禧","百氏之书，靡不该浃；至于龙韬虎略，不待言而可知也。及乎礼贤下士，彬彬然诚有儒者之风，不以富贵而骄慢于人，以是人皆景仰而乐与之游。今年冬适过吴门，解鞍旅馆，予得获见，遂即倾盖，欢若平生。于是宿留，命酌于小楼之上，鸣琴赋诗，放歌剧饮，以罄一时之欢。既而出诸名公所赠词章乐府以示予且咏然，其辞气雄伟，风调清越，不觉使人技痒。愧予无似，曷克窥其阃奥而闯其藩篱哉。兹不自揣，勉述〔南吕〕一阕以呈。校诸杰作，固不能模楷其万一，然于期望之私，庶几有在焉。瑶台上品仙，麟阁中人物。胸襟开宇宙，器量溢江湖。声振寰区，会见悬鱼袋，行看佩虎符。锦みま人跨凤侣，金蹀躞马骤龙驹。","chinese-poetry",""
"梁州・且休说唐时仁杰专前美，谁知道晋代张翰有远孙。家居积祖松陵隐。","元","沈禧","双亲沦殁，一念犹存。既归黄壤，望断白云。我则见卷舒触石生肤寸，我则见变化从龙出厚坤。云来时好着我搅断柔肠，云聚处好着我结愁成阵，云飞时好着我飘散心神。泪痕，满巾。恨无羽翼能飞奋，越思忖越愁闷。怎得吾亲更返魂，报答深恩。","chinese-poetry",""
"梁州・银蟾影里孤根瘦，玉兔光中万粟稠。占高秋骨与繁华斗。狂蜂难觅，","元","沈禧","粉蝶谁搜。别许那状元攀折，仙客雕搜。品题一出骚人手，声价平增了五百筹。你看他吐新词胸藏锦绣，舞霓裳步撒香钩，整金钗指露纤柔。莫愁，见羞。紫云红拂皆居后。□□□更清秀。总有千金未许酬，名擅青楼。","chinese-poetry",""
"梁州・秦台夜月乘鸾凤，谢馆春风醉管弦。千金拣得如花面。腰肢袅娜，","元","沈禧","体态婵娟。文禽翼比，瑞木枝连。仰见他舞霓裳风摇翠柳，临鸾镜水映红莲。则这捧霞觞翠袖殷勤，按银筝珠玑错落，歌白雪金玉相宣。百年，业冤。姑苏台下重相见，意绸缪情眷恋。山海深盟胶漆坚，永保团圆。","chinese-poetry",""
"梁州・这其间江头有客寻归艇，我这里醉里题诗漫送程。你看他溯澄江下","元","沈禧","不减王猷兴。冲开鹭序，荡散鸥盟。梨花乱撒，柳絮飘零。那时节酒停斟听唱阳春，人将别重歌古郢。想当初钓鱼人击冻敲冰，骑驴客冲寒忍冷，牧羊徒守节持旌。美名，擅称。辉光照耀终难泯，他每志坚贞秉忠正。一片丹衷贯日星，流播芳馨。","chinese-poetry",""
"梁州・我则见碧天边一点孤星现，陆地上千枝火树明。正生甲却值元宵景。","元","沈禧","欢声涌沸，弦管铿锵。高开绮筵，胜会宾朋。捧遐觞翠袖殷勤，歌白雪金钗列整。人都道降长生蓬岛仙乡，跻寿考香山老宿，东升平洛社耆英。本是个德星，寿星。从今五福都兼并，顺天时乐天性。见尽黄河几浅清，则愿寿等岗陵。","chinese-poetry",""
"梁州・彻赚得寻芳客争探斗买，勾引得惜花人浅耨深埋。冠群不入凡流派。","元","沈禧","沉香亭馆，碧玉台阶，黄蜂难觅，粉蝶难猜。倚东风连理争开，迎晚日并蒂相偕。我则道紫麝脐调合就天香，白凤翎铺排着国色，玉梅英妆点出容额。洁白，莹白。涅难缁标格堪人爱，困雕阑脉脉犹黄你。卯酒才消晕粉腮，那时节笑靥微开。","chinese-poetry",""
"江州司马青衫泪・赚煞","元","马致远","稍似间有些钱，抵死里无多债，权做这场折本买卖。若信着俺当家老奶奶，把惜花心七事儿分开。哎，你个俏多才，不是我相择，你更怕辱没着俺门前下马台！俺娘山河易改，解元每少怪。(带云)侍郎记者，(唱)怕你再行踏，休引外人来。(同下)楔子。","chinese-poetry",""
"江州司马青衫泪・正宫/端正好","元","马致远","命轻薄，身微贱，好人死万万千。世间儿女别离遍，也敷不上俺那阳关怨！(带云)侍郎，不争你去了，教我倚靠何人？(唱)。","chinese-poetry",""
"江州司马青衫泪・滚绣球","元","马致远","你好下得白解元，闪下我女少年。道不得可怜而见，他又不曾故违着天子三宣。(云)人说白侍郎吟诗吃酒误了政事，前人也有这等的。(唱)只那长安市李谪仙，他向酒里卧酒里眠，尚古自得贵妃捧砚，常走马在五凤楼前。偏教他江州迭配三千里，可不道吏部文章二百年，甚些的纳士招贤？(见卜科，云)母亲，叫你孩儿怎么？(卜儿云)白侍郎一去杳无音信，咱家柴没米没，怎生过活？如今浮梁刘官人有三千引茶，又标致又肯使钱。你留下他，赚些钱养家。(正旦云)母亲，我与白侍郎有约在前，我再不留人了。(卜儿云)我说你也不信，请刘官人自家来和你说。(净见旦科，云)大姐拜揖，小人久慕大名，拿着三千引茶来与大姐焐脚，先送白银五十两做见面钱。(正旦云)过一边去！好不知高低。我做了白侍郎之妻，休来缠我！(卜儿云)你不肯陪我刘员外，好个白侍郎夫人！如今白侍郎那里敢颓气了也。(正旦唱)。","chinese-poetry",""
"江州司马青衫泪・叨叨令","元","马致远","我这两日上西楼，盼望三十遍；空存得故人书，不见离人面。听的行雁来也，我立尽吹箫院；闻得声马嘶也，目断垂杨线。相公呵，你原来死了也么哥？你原来死了也么哥？从今后越思量越想的冤魂儿现！。","chinese-poetry",""
"江州司马青衫泪・一煞","元","马致远","兴奴也，你早则不满梳绀发挑灯剪，一炷心香对月燃。我心下情绝，上船恩断；怎舍他临去时舌奸，至死也心坚。到如今鹤归华表，人老长沙，海变桑田。别无些挂恋，须索何红蓼岸绿杨川。(净云)大姐去罢。这等哭，哭到几时？(正旦唱)。","chinese-poetry",""
"江州司马青衫泪・二煞","元","马致远","少不的听那惊回客梦黄昏犬，聒碎人心落日蝉。止不过临万顷苍波，落几双白鹭；对千里青山，闻两岸啼猿。愁的是三秋雁字，一夏蚊雷，二月芦烟。不见他青灯黄卷，却索共渔火对愁眠。(卜儿云)员外等久了，云罢。(正旦唱)。","chinese-poetry",""
"江州司马青衫泪・四煞","元","马致远","怎想他能捱磨扇似风车转，更合着梦见槐花要黄袄儿穿。我虚度三旬，是这婆娘亲女；受用了十年，是这赵妈妈金莲。我也曾有厅上待客，后阁内留宾，只不曾坐车上当辕。偌来大穷坑火院，只央我一身填。","chinese-poetry",""
"江州司马青衫泪・驻马听","元","马致远","常教他尽醉方归，是他拂茶客青山沽酒旗；伴着我死心搭地，是兀那隐离人望眼钓鱼矶。(带云)这江那里是江，(唱)则是递流花草武陵溪，幽囚风月蓝桥驿。直恁的天阔雁来稀，莫不是衡阳移在江州北？。","chinese-poetry",""
"江州司马青衫泪・雁儿落","元","马致远","我则道是听琴钟子期，错猜作待月张君瑞；又不是归湖的越范蠡，却原来是遭贬的白居易！。","chinese-poetry",""
"江州司马青衫泪・沉醉东风","元","马致远","我观觑了衣服样势，审察了言语高低。你且自靠那边，俺须有生人气。远些儿个好生商议。（做取钱投水科）(白乐天云)你丢钱怎的？(正旦唱)我为甚将几陌黄钱漾在水里？便死呵，也博个团圆到底！。","chinese-poetry",""
"江州司马青衫泪・水仙子","元","马致远","再不见洞庭秋月浸玻璃，再不见鸦噪渔村落照低；再不听晚钟烟寺催鸥起，再不愁平沙落雁悲；再不怕江天暮雪霏霏，再不爱山市晴岚翠；再不被潇湘暮雨催，再不盼远浦帆归。","chinese-poetry",""
"江州司马青衫泪・鸳鸯煞","元","马致远","若不是浮梁茶客十分醉，怎奈何江州司马千行泪？早则你低首无言，仰面悲啼；畅道情血痕多，青衫泪湿。不因这一曲琵琶成佳配，泪似把推，险添满浔阳半江水。(同下)。","chinese-poetry",""
"江州司马青衫泪・迎仙客","元","马致远","无礼法，妇人家，山呼委实不会他。只办得紧低头，忙跪下，愿陛下海量宽纳，听臣妾说一套儿伤心话。","chinese-poetry",""
"江州司马青衫泪・幺篇","元","马致远","从此日娘嗔女，妾爱他。爱他那走笔题诗，出口成章，顶针续麻。是他百般地，奶奶行、过从不下，怎当那獠姨夫物抬高价。","chinese-poetry",""
"江州司马青衫泪・红绣鞋","元","马致远","他有数百块名高月峡，两三船玉屑金芽。原来他准备下一场说谎天来大。本待要绿珠辞卫尉，则说道贾谊没长沙，可不这寄哀书的该万剐！(云)老虔婆与茶客设计，寄假书一封，说侍郎死了，使妾无倚，逼令嫁与茶客。(驾云)既有假书，你如何主张？(正旦唱)。","chinese-poetry",""
"江州司马青衫泪・喜春来","元","马致远","既道是江州亡化白司马，因此上飞入寻常百姓家。俺那爱钱娘一日坐八番衙，不由妾不随顺他，有分看些个驼腰柳钓鱼槎。","chinese-poetry",""
"江州司马青衫泪・普天乐","元","马致远","到浔阳，无牵挂。吊英魂何处，渡口残霞。思往事，空嗟呀。半夜灯前长吁罢，泪和愁付与琵琶。寒波漾漾，芳心脉脉，明月芦花。(驾云)原来你弹琵琶来？那白居易可在那里听见，得与你相会？你再说咱。(正旦唱)。","chinese-poetry",""
"江州司马青衫泪・随煞","元","马致远","恰才来万里天涯，早愁鬓萧萧生白发。俺把那少年心撇罢，再不去趁春风攀折凤城花！。","chinese-poetry",""
"诸宫调风月紫云庭・赚尾","元","石君宝","郎君每我行有十遍雨云期，除是害九伯风魔病。俺家里八下里窝弓陷坑，你便有七步才无钱也不许行，六艺全便休卖聪明。哎！为甚恁这五陵人，把俺这等嘿交易难成？你便是四付马上驼来也索两平。俺这里别是个三街市井，另置下二连等秤，恰好的教恁一分银买一分情！(下)。","chinese-poetry",""
"诸宫调风月紫云庭・南吕/一枝花","元","石君宝","(残缺)。","chinese-poetry",""
"诸宫调风月紫云庭・梁州第七","元","石君宝","(残缺)。","chinese-poetry",""
"诸宫调风月紫云庭・感皇恩","元","石君宝","□□□□，□□□□。□□□，□□□。只教我立化做一块望夫石。我便似病人冲太岁，他管也小鬼见钟馗腌材料，风短命，欠东西。","chinese-poetry",""
"诸宫调风月紫云庭・隔尾","元","石君宝","嗨，比俺娘那熬煎增十倍，恰才这些崎险艰难好做一回。哎，不做美的恩官干坏了他把戏。哎，唱话的小一，则好打恁兀那把门的老嘿，切不可放过这没钱雁看的。","chinese-poetry",""
"诸宫调风月紫云庭・二煞","元","石君宝","当日那梁公曾施行虎豹是真锋利，哎！包龙图呵，你这般拆散鸳鸯算甚正直？我也觑不得这光景掩不迭这泪。我这壁道防送早催逼，他那壁带铁锁囚人监系，俺两处各心碎！是有遭间阻的也不似俺不吉利，兀的是甚末娘别离！。","chinese-poetry",""
"诸宫调风月紫云庭・收尾","元","石君宝","几曾见递流南浦人千里，怎饮这，配役阳关酒一杯！到如今说甚的，比别的记相识，你情知我心意，你知咱我知你。歹处无好处记，休想我再出入。我寸肠中似刀刺，恁尊居。忒情理，合舍了怕甚的！哎，莲子花官人愿的你一千岁。嗨！怎直恁般下得？(卜儿云了)(正旦唱)咭！则是你了得，吡！都是你个吸人髓虔婆直攘到底！(下)。","chinese-poetry",""
"诸宫调风月紫云庭・迎仙客","元","石君宝","姨姨，我为甚罢了雨云？却也是避些风波。做这些淡生涯，且熬那穷过活。这些时调不上勤儿，却则是忙着俺老婆。都则为我不肯张罗，以此上闲放着盘千斤磨。","chinese-poetry",""
"诸宫调风月紫云庭・红绣鞋","元","石君宝","我则想别后云行地末，呵，叹人生会少离多。(卜儿云，住)(正旦唱)呵，兀的是俺那心爱的庞儿旧哥哥。自从这人北渡，浑一似梦南柯。伯伯，间别来安乐末？。","chinese-poetry",""
"诸宫调风月紫云庭・幺篇","元","石君宝","你道你少甚的，不剌，你却是召甚末？俺这外路打扮，其实没这异锦轻罗。(正末云住)(正旦唱)你若打死他，路上呵，你独自难过，却教谁牵你那虎皮驮驼？。","chinese-poetry",""
"诸宫调风月紫云庭・哨遍","元","石君宝","送的人赤手空拳难过，都是俺舌尖上一点砂糖唾。越精细的越着他，怎出俺这打多情地网天罗。且说俺这小哥哥，为俺耽惊受怕，波进流移，冷落了读书院，一就把功名懒堕。自尽教萱堂有梦并不想兰省登科。几时得两扶红日上青天，空望着一片白云隔黄河。则共我这般携手儿相将，举步儿同行，他想所事满心儿快活。","chinese-poetry",""
"诸宫调风月紫云庭・耍孩儿","元","石君宝","早是你不合将堂亡双亲躲，你却待改换你家门小可。这李亚仙苦劝你个郑元和，再休提那撒板鸣锣。若还俺娘知咱这暗私奔，到毒似那倒寨计，若还恁爷见你这诸宫调，更狠如那唱挽歌。你脖项上新开锁，俺娘难道那风云气少，恁爷却甚末儿女情多！。","chinese-poetry",""
"诸宫调风月紫云庭・三煞","元","石君宝","今后去了这驮汉子的小鬼头，看怎结末那吃勤儿的老业魔，再怎施展那个打鸳鸯抖擞的精神儿大。则明日管舞旋旋空把个裙儿系，劳攘攘干将条柱杖儿拖。早则没着末，致仕了弟子，罢任波虔婆。","chinese-poetry",""
"诸宫调风月紫云庭・驻马听","元","石君宝","他为我堕落文章，生缠得携手同行不断肠。直这般学成说唱，更则便受恩深处便为乡。则为这情缘千尺藕丝长，误尽禹门三月桃花浪。我若是不正当，枉了他那呆心肠一向在咱心上。","chinese-poetry",""
"诸宫调风月紫云庭・落梅风","元","石君宝","我恰猛可地向这厅堂中见，唬得我又待寻幔幕中藏。哎！狠阿公间别来无恙！(做意了)可知我恰轻敲着他那边厢越分外的响。相公呵，这的是那打香印使来的锣棒。","chinese-poetry",""
"诸宫调风月紫云庭・水仙子","元","石君宝","相公那日正暴雷急雨怒在书房，几曾这般和气春风满画堂？(孤云)(正旦唱)舍人也没那五陵豪气三千丈，脖项上连铁索两托长！却虽是妾烦恼欢喜杀家堂，路岐人生死心难忘。谢相公赍发觑当，直把俺牒配还乡。","chinese-poetry",""
"诸宫调风月紫云庭・雁儿落","元","石君宝","相公把孩儿呵腹内想，越教妾小鹿儿心头撞，我如今引来这园圃中，莫不是赚到这筵席上？。","chinese-poetry",""
"诸宫调风月紫云庭・得胜令","元","石君宝","却又休金殿锁鸳鸯，一似书帏中拆鸾凰。恁那秀才凭学艺，他却也男儿当自强。他如今难当，日写在招儿上。相公试参详，这的唤功名纸半张！。","chinese-poetry",""
"朱太守风雪渔樵记・赚煞","元","无名氏","一转眼选场开，发了愿来年去，直至那长安帝都，(孤云)据凭贤士锦绣文章，何所不至！(正末唱)凭着我锦绣也似文章敢应举。(孤云)明年去，也是迟了。(正末云)大人，你道为何，这几年不进取功名来？(孤云)这可是为何？(正末唱)也是我不得时可便韫椟藏诸，我若是的鳌鱼，怕不就压倒群儒？(孤云)贤士，你若去进取功名，岂在他人之下。(正末唱)我着普天下文人每，那一个不拱手的伏！(孤云)请贤士收拾琴剑书箱，来年应举去也。(正末云)大人，别的书生用那琴剑书箱，小生则用着身边一般儿物件，夺取皇家富贵。(孤云)贤士，可那一般儿物件？(正末唱)凭着这砍黄桑的巨斧，端的便上青霄独步，(云)别的书生说道月中丹桂，若到的那里，折得一枝回来，足可了一生之愿。不是我朱买臣敢说大言也，(唱)落可便我把那月中仙桂剖根除。(下)。","chinese-poetry",""
"朱太守风雪渔樵记・滚绣球","元","无名氏","头直上乱纷纷雪似筛，耳边厢飒刺刺风又摆，(带云)可端的便这场冷也呵，(唱)哎哟，勿、勿、勿！畅好是冷的来奇怪，(带云)天那、天那！(唱)也则是单注着这穷汉每月值年灾。(带云)似这雪呵，(唱)则俺那樵夫每怎打柴？便有那渔翁也索罢了钓台，(带云)似这雪呵，(唱)则问那映雪的书生安在，便是冻苏秦也怎生去搠笔巡街？则他这一方市户有那千家闭，抵多少十谒朱门九不开，(带云)似这雪呵，(唱)教我委实难捱。","chinese-poetry",""
"朱太守风雪渔樵记・二煞","元","无名氏","那知道岁寒然后知松柏，你看我似粪土之墙朽木材。断然是捱不彻饥寒，禁不过气恼，怎知我守定心肠，留下形骸。但有日官居八座，位列三台，日转千阶。头直上打一轮皂盖，那其间谁敢道我负薪来？。","chinese-poetry",""
"朱太守风雪渔樵记・迎仙客","元","无名氏","我则见那公吏一字儿摆，那父老每两边分。(云)无一时则见那西门骨刺刺的开了，我则见那骨朵衙仗，水罐银盆，茶褐罗伞，那五明马上坐着的呵，(刘二公云)可是谁那？(张云)我买卖忙，不曾看，我忘了也。(刘二公云)我央及你波，那做官的可是谁？(张云)等我想，哦，我想起来了也。(唱)是你那前年索了休离的唤做朱买臣！(刘二公云)惭愧，俺家女婿做了官也！(张云)老弟子孩儿！你道不要便宜，去年时节不说是你家女婿，今日得了官，便说是你家女婿，一个好相公也！(唱)他可不托大不嫌贫，(云)他不看见我，万事都休；一投得见了我，便认的俺是本村里张伯伯，连忙滚鞍下马，按我在那银交椅上，纳头的拜了两拜。(唱)他先下拜险些儿可便惊杀那众人。施礼罢复叙寒温，(云)那相公问道：王安道哥哥好么？杨孝先兄弟好么？那四村上下、姑姑姨姨、婶子伯娘、兄弟妹子，都好么？我道：都好，都好。(唱)他把那旧伴等可便从头儿问。","chinese-poetry",""
"朱太守风雪渔樵记・幺篇","元","无名氏","那妮子强勒他休，这老子又绝了他亲。眼见的身上无衣，肚里无食，(带云)大雪里赶出他来，(唱)可着他便进退无门。(刘二公云)我孩儿又不曾别嫁了人，是斗他耍，怎么这等认真，就说嘴说舌，背槽抛粪？(张唱)你道他才出身，便认真，和咱评论，(云)他在你家做了二十年女婿，只是打柴做活，不曾受了一些好处，临了着个妮子大风大雪里勒了休书，赶他出去，你则说波，(唱)这个是谁做的来背槽抛粪？(刘二公云)哎，他如今做了官，便不认的俺家里，眼见的是忘恩背义了也！(张唱)。","chinese-poetry",""
"朱太守风雪渔樵记・满庭芳","元","无名氏","这的是知恩哎报恩，(旦儿云)他再说些甚么来？(张唱)他着你便别招女婿，再嫁取个郎君。(旦儿云)他再说些甚么来？(张唱)他道你枉则有蛾眉螓首堆鸦鬓，可怎生少喜多嗔。道你是个木乳饼钱亲也那口紧，道你是个铁扫帚扫坏他家门。(旦儿云)他再说些甚么来？(张唱)他道你便无些儿淹润，又道你不和那六亲，端的是雌太岁，母凶神！(云)误了我买卖也，(摇鼓做走科)(旦儿云)老的，还有甚说话，一发说了罢。(张云)他说来，说来！(唱)。","chinese-poetry",""
"朱太守风雪渔樵记・耍孩儿","元","无名氏","他肩将那柴担担，口不住把书赋温，每日家穿林过涧谁瞅问？他和那青松翠柏为交友，野草闲花作近邻。但行处有八个宇相随趁，(刘二公云)是那八个宇？(张唱)是那斧镰绳担、琴剑书文。(旦儿云)他如今做了官，比那旧时模样，可是如何？(张唱)。","chinese-poetry",""
"朱太守风雪渔樵记・一煞","元","无名氏","他如今得了本处官，端的是别换了一个人，那的是貌随福转你可也急难认。他往常黄干黑瘦衣衫破，(带云)你觑去波，(唱)到如今白马红缨彩色新。一弄儿多豪俊，摆列着骨朵衙仗，水罐银盆。(刘二公云)这话不是他说的，都是你说的。(旦儿云)说了这一日，都是你这老苘麻嘴，没空生有，说谎吊皮，片口张舌，口困出来的！(张唱)。","chinese-poetry",""
"朱太守风雪渔樵记・煞尾","元","无名氏","这的是他道来，他道来，可着我转伸，我转伸。(刘二公云)他做了官呵，便把我怎的？(张云)他敢怎的你？(唱)他将你扌朋扒吊栲施呈尽！(旦儿云)呸！我是他的夫人，他敢怎么的我？(张云)误了我买卖！(摇鼓叫科，云)笊篱马杓，破缺也换那！(唱)直将你那索休离的冤仇他待证了本！(下)。","chinese-poetry",""
"朱太守风雪渔樵记・雁儿落","元","无名氏","你这卓王孙呵，怎生便不重贤？(王安道云)他是刘二公，怎做的那卓王孙？(正末云)他既不是卓王孙，(唱)索怎生则搬调的个文君女嫌贫贱？我则问你，逼相如索了休，你当初可也对苍天曾罚愿？(云)今日座上的众人，你可认得么？(旦儿云)认的。这个是王安道伯伯，这个是杨孝先叔叔。(正末唱)。","chinese-poetry",""
"朱太守风雪渔樵记・折桂令","元","无名氏","从来你这打渔人顺水推船，想着那凛冽寒风，大雪漫天。想着我那身上无衣，肚里无食，怀内无钱。(云)刘家女，你不道来？(旦儿云)我道甚么来？(正末唱)你怕甚舍不得我那南庄北园，撇不了我那东阁西轩？我如今旱地上也无田，水路里也无船。只除这紫绶金章，可不的依还是赤手空拳？(云)刘家女，你欲要我认你也，你将一盆永来。(张千云)水在此。(王安道云)相公，你只认了夫人罢！(正末唱)。","chinese-poetry",""
"朱太守风雪渔樵记・鸳鸯煞尾","元","无名氏","方知是皇明日月光非遍，天恩雨露沾还浅。道我禄薄官卑，岁加二千，昔日穷交，都皆赐田。便是妻子何缘，早遂了团圆愿。倒与他后世流传，道这风雪渔樵也只落的做一场故事儿演。(刘二公云)天下喜事，无过夫妇团圆。今日既是认了，便当杀羊造酒，做一个庆贺的筵席！(词云)玉天仙容貌多娇媚，恋恩情进取偏无意。假乖张故逼写休书，到长安果得登高第。除太守即在会稽城，显威风谁不惊回避。怀旧恨夫妇两参商，覆盆水险做傍州例。若不是严司徒赍敕再重来，怎结末朱买臣风雪渔樵记？。","chinese-poetry",""
"小桃红・筵前谈笑尽喧哄，一派笙箫动。媚景良辰自情重，拚却醉颜红，","元","童童学士","一杯未尽笙歌送。金樽莫侧，玉山低趄，直吃的凉月转梧桐。","chinese-poetry",""
"驻马听・望眼巴巴，春陌香尘迷去马。梦魂飒飒，晓窗初日闹啼鸦。千声","元","童童学士","作念凑嗟呀，一丝情景留牵挂。许归期全是假，秀才每说谎天来大。","chinese-poetry",""
"得胜令・身似井中蛙，命似釜中虾。难把猿心锁，空将鹃泪洒。情杂，下","元","童童学士","不的题着他名儿骂。性猾，恨不的揪住他身子打。","chinese-poetry",""
"折桂令・好姻缘两意相答，你本是秋水无尘，我本是美玉无瑕。十字为媒，","元","童童学士","又不图红定黄茶。我不学普救寺幽期调发，你怎犯海神祠负意折罚？生也因他，死也因他，恩爱人儿，欢喜冤家。","chinese-poetry",""
"离亭宴歇指煞・狂风飘散鸳鸯瓦，严霜冷透鸾凰榻，好教我如痴似哑。佳","元","童童学士","期绝往来，后约无凭准，前语皆欺诈。空传红叶诗，枉卜金钱卦，凄凉日加。燕惊飞张氏楼，犬吠断韩生宅，虎拦住萧郎驾。闷随秋夜长，情逐春冰化。待他见咱，算他那狠罪过有千桩，害的我这瘦骨头没一把。","chinese-poetry",""
"临江驿潇湘秋夜雨・仙吕/端正好","元","杨显之","我恰才沉没这急流中，挣的到河滩上。只看我这湿渌渌上下衣裳。若不是渔翁肯把咱恩养，(带云)天那！(唱)这泼性命休承望。(同下)。","chinese-poetry",""
"临江驿潇湘秋夜雨・赚煞","元","杨显之","则他这胸臆卷江淮，宝剑辉星斗。是俺那父亲匹配下鸾交凤友。想着你千里关山独自个走，则今宵有梦难投。你若到至公楼，占了鳌头，则怕你金榜无名誓不休。莫便要心不应口，早做了背亲忘旧。(带云)崔秀才也，(唱)休着我倚柴门，凝望断不归舟。(下)。","chinese-poetry",""
"临江驿潇湘秋夜雨・梁州","元","杨显之","我则见舞旋旋飘空的这败叶，恰便似红溜溜血染胭脂。冷飕飕西风了却黄花事。看了些林梢掩映，山势参差。走的我口干舌苦，眼晕头疵。我可也把不住抹泪揉眵，行不上软弱腰肢。我、我、我，款款的兜定这鞋儿，是、是、是，慢慢的按下这笠儿，呀、呀、呀，我可便轻轻的拽起这裙儿。我想起亏心的那厮，你为官消不得人伏侍。你忙杀呵，写不得那半张纸？我也须有个日头儿见你时，好着我仔细寻思。(云)可早来到秦川县了也。我问人咱。(做向古门问科，云)敢问哥哥，那里是崔甸士的私宅？(内云)则前面那个八字墙门便是。(正旦云)哥哥，我寄着这包袱儿在这里，我认了亲眷呵便采取也。(内云)放在这里不妨事，你自去。(正旦云)门上有人么？你报复去，道有夫人在于门首。(祗从云)兀那娘子，你敢差走了。俺相公自有夫人哩。(正旦云)你道甚么？(祗从云)俺相公自有夫人哩。(正旦唱)。","chinese-poetry",""
"临江驿潇湘秋夜雨・隔尾","元","杨显之","我则待妇随夫唱和你调琴瑟。谁知你再娶停婚先有个泼贱儿。(搽旦怒云)你这天杀的，他倒骂我哩。(崔甸士云)左右，还不扯下去打呀？(正旦唱)倒将我横拖竖拽离阶址。(带云)崔甸士，(唱)你须记的，那时亲设下誓词。(崔甸士云)胡说，我有甚么誓词。(正旦唱)你说道：不亏心，不亏心，把天地来指。","chinese-poetry",""
"临江驿潇湘秋夜雨・黄钟煞","元","杨显之","休、休、休，劝君莫把机谋使，现、现、现，东岳新添-个速报司。你、你、你，负心人，信有之，咱、咱、咱，薄命妾，自不是。快、快、快，就今日，逐离此。行、行、行，可怜见，只独自。细、细、细心儿里，暗忖思，苦、苦、苦业身躯怎动止？管、管、管少不的在路上停尸。(做悲科唱)哎哟，天那？但不知那塌儿里把我来磨勒死？(同解子下)(搽旦云)相公，莫非是你的前妻，敢不中么？不如留他在家，做个使用丫头，也省的人谈论。(崔甸士云)夫人不要多心。我那里有前妻来？(搽旦云)他适才说，等你嫡亲伯父来，要和你面对。这怎么说？(崔甸士云)是我有个亲伯父，叫做崔文远。这原是我伯父家丫头，卖与我的。你看他模样倒也看的过。只是手脚不好要做贼。我前日到处寻不着他，今日自来寻我，怎么饶的他过？如今这一去，遇秋天阴雨，棒疮发呵，他也无那活的人也。咱和你后堂中饮酒去来。(诗云)幸今朝捉住逃奴，迭配去必死中途。(搽旦诗云)他若果然是前时妻小，倒不如你也去一搭里当夫。(同下)。","chinese-poetry",""
"临江驿潇湘秋夜雨・幺篇","元","杨显之","我心中忧虑，有三桩事我命卒。(解子云)可是那三桩事？你说我听。(正旦唱)这云呵，他可便遮天映日闭了郊墟，这风呵，恰便似走石吹沙拔了树木，这雨可，他似箭竿悬麻妆助我十分苦。(解子云)你走便走，不走我打你也。(正旦云)哥哥。(唱)。","chinese-poetry",""
"临江驿潇湘秋夜雨・山坡羊","元","杨显之","则愿你停嗔息怒，百凡照觑，怎便精唇泼口骂到有三十句。这路崎岖，水萦纡，急的我战钦钦不敢望前去，况是棒疮发怎支吾？刚挪得半步。(带云)哥哥，你便打杀我呵，(唱)你可也没甚福。(解子云)你休要多嘴多舌。如今秋雨淋漓，一日难走一日。快与我行动些。(正旦唱)。","chinese-poetry",""
"临江驿潇湘秋夜雨・古水仙子","元","杨显之","他、他、他，忒很毒，敢、敢、敢，昧己瞒心将我图，你、你、你，恶狠狠公隶监束，我、我、我，软揣揣罪人的苦楚。痛、痛、痛，嫩皮肤上棍棒数，冷、冷、冷，铁锁在项上拴住，可、可、可，干支剌送的人活地狱，屈、屈、屈，这烦恼待向谁行诉？(带云)哥哥，(唱)来、来、来，你是我的护身符。","chinese-poetry",""
"临江驿潇湘秋夜雨・随尾","元","杨显之","天与人心紧相助，只我这啼痕向脸儿边厢聚。(带云)天那天那，(唱)眼见的泪点儿更多，如他那秋夜雨。(同下)。","chinese-poetry",""
"临江驿潇湘秋夜雨・正宫/端正好","元","杨显之","雨如倾，敢则是风如扇。半空里风雨相缠，雨般儿不顾行人怨，偏打着我头和面。","chinese-poetry",""
"临江驿潇湘秋夜雨・尾煞","元","杨显之","从今后鸣琴鼓瑟开欢宴，再休题冒雨汤风苦万千。抵多少待得鸾胶续断弦，把背飞鸟纽回成交颈鸳，隔墙花攀将做并蒂莲。你若肯不负文君头白篇，我情愿举案齐眉共百年。也非俺只记欢娱不记冤，到底是女孩儿的心肠十分样软。","chinese-poetry",""
"四丞相高会丽春堂・幺篇","元","王实甫","平白地这一场，从天降。想也不想。谁承望，大人也，谁承望又到俺这前厅上。(众官云)老夫人，去取的新衣服与老丞相换了者。(夫人云)下次孩儿每，将那相公旧日穿的衣服来。(杂当云)衣服在此。(夫人云)请老相公换了者。(正末云)夫人，这是几时做的衣服？(夫人云)老相公，是你旧时穿的衣服。(正末云)是呵。(唱)。","chinese-poetry",""
"四丞相高会丽春堂・迎仙客","元","王实甫","不知几时节离御苑，多早晚出庭闱，不记得是谁人扶下这白玉梯。(押宴宫云)老丞相昨日也不曾饮甚么酒。(正末唱)怎当他酬酢处两三巡，揭席时五六杯。醉的我将宫锦淋漓，莫不我触犯着尊严罪。","chinese-poetry",""
"四丞相高会丽春堂・红绣鞋","元","王实甫","金彩凤玲珑翡翠，绣蟠龙璎珞珠玑，他怎生下工夫达着俺那大人机？则俺那仁慈的明圣主，掌-统锦华夷，可则是平安了十万里。","chinese-poetry",""
"四丞相高会丽春堂・耍孩儿","元","王实甫","这泼徒怎敢将人戏，你托赖着谁人气力，(李圭云)难道我托赖你的气力？(正末唱)睁开你那驴眼可便觑着阿谁？我更歹杀者波是将相的苗裔。大人呵。尚兀自高擎着玉液来酬我，你待浓蘸着霜毫敢抹耻？这厮也个称你那戎职。(李圭云)甚么这厮那笋，只管骂谁？(正末云)我不敢骂你，敢打你。(做打科，唱)我则待一拳两脚，打的他似土如泥。(李圭云)好也，打下我两个门牙来也。(押宴官云)你两个不得无礼。你既是大臣，怎敢不尊上命！(李圭云)大人可怜见，昨日射柳是他赢了锦袍玉带，今日打双陆，又赢了我翡辈珠衣，我恰才赢了他。他就不许我抹黑脸，咱须是赌赛哩。(押宴官云)你都回去。(正末唱)。","chinese-poetry",""
"四丞相高会丽春堂・尾声","元","王实甫","我与那左丞相是兄弟，我和你须叔侄。若不为圣人言怕搅了香山会，我不打你这泼无徒，可也放不过你。(下)。","chinese-poetry",""
"四丞相高会丽春堂・小桃红","元","王实甫","水声山色两模糊，闲看云来去，则我怨结愁肠对谁诉。自踌躇，想这场烦恼都也由咱取。感今怀古，旧荣新辱，都装入酒葫芦。","chinese-poetry",""
"四丞相高会丽春堂・收尾","元","王实甫","则我这好山好水难将去，待写入丹青画图。白日里对酒赏无休，到晚来挑灯看不足。(下)(孤云)不想天朝使命来，还取的四丞相往京师去了。琼英，(旦儿云)有。(孤云)我与你将酒肴整备，再到十里长亭，与丞相送行，走一遭去。(诗云)香山设宴逞粗豪，久矣闲居更入朝。不知此去成功后，李圭头上可能饶。(下)。","chinese-poetry",""
"四丞相高会丽春堂・金字经","元","王实甫","早是人寂寞，更那堪更漏长？点点声声被他滴断肠，到晓光。到晓光，便道他不断肠，又被这家私上，横枝儿有一万桩。","chinese-poetry",""
"四丞相高会丽春堂・雁儿落","元","王实甫","你与我拂绰了白象床，整顿了销金帐，高擎着鹦鹉杯，满捧着羊羔酿。","chinese-poetry",""
"四丞相高会丽春堂・得胜令","元","王实甫","准备着翠袖舞《霓裳》，却又早丹诏下茅堂。未见真龙画，先闻宝篆香。托赖着君王，高力士休拦挡，我若不斟量，又只怕李太白贬夜郎。(使命上，云)听圣人的命，因你有功在前，将你的罪尽皆饶免。如今取你回朝，本要差你破除草寇，不想革寇听的你回，都来投降了。圣人大喜，教你依旧统军，复你右丞相之职，赐你黄金千两，香酒百瓶，就在丽春堂大吹大擂，做一个庆喜的筵席。望阙谢恩者。(正末叩谢科)(左相同众官云)老丞相，贺喜。(正末昌)。","chinese-poetry",""
"般涉调・耍孩儿庄家不识构阑","元","杜仁杰","风调雨顺民安乐，都不似俺庄家快活。桑蚕五谷十分收，官司无甚差科。当村许下还心愿，来到城中买些纸火。正打街头过，见吊个花碌碌纸榜，不似那答儿闹穰穰人多。","chinese-poetry",""
"六煞・见一个人手撑着椽做的门，高声的叫“请、请”，道迟来的满了无","元","杜仁杰","处停坐。说道：前截儿院本《调风月》，背后幺末敷演《刘耍和》。高声叫：赶散易得，难得的妆哈。","chinese-poetry",""
"尾・则被一胞尿，爆的我没奈何。刚捱刚忍更待看些儿个，枉被这驴颓笑","元","杜仁杰","杀我。喻情我当初不合鬼擘口和你言盟誓，惹得你鬼病厌厌挂体。鬼相扑不曾使甚养家钱，鬼厮赴刁蹬的心灰。若是携得歌妓家中去，便是袖得春风马上归。司狱司蹬弩劳神力，望梅止渴，画饼充饥。","chinese-poetry",""
"哨遍・铁球儿漾在江心内，实指望团圆到底。失群孤雁往南飞，比目鱼永","元","杜仁杰","不分离。王屠倒脏牵肠肚，毛宝心毒不放龟。老母狗跳墙做得个扌央势，把我做扑灯蛾相戏，掠水燕双飞。","chinese-poetry",""
"五煞・腊月里桑采甚的，肚脐里爆豆实心儿退。木猫儿守窟瞧他甚，泥狗","元","杜仁杰","儿看家守甚黑。天长观里看水庵相识，济元庙里口愿把我抛持。","chinese-poetry",""
"瘸李岳诗酒玩江亭・尾声","元","无名氏","俺这梅他粉包了心，檀黄嫩，插在那银瓶里宜得水温，如麝如兰香喷喷，端的有欺霜傲雪的精神。哎，你个许真人，白日飞升，比不的岳阳楼下枯干了的柳树神。他也无那神仙的福分，则有些江梅丰韵，冷清清今夜待黄昏。(下)。","chinese-poetry",""
"瘸李岳诗酒玩江亭・南吕/一枝花","元","无名氏","良辰晓雾浓，美景韶光丽。草茵轻荏苒，则他这桃李任芳菲。春日迟迟，槛外黄莺呖，帘前紫燕飞。幸开怀宴乐欢娱，俺可便宜赏玩，情甘意美。","chinese-poetry",""
"瘸李岳诗酒玩江亭・隔尾","元","无名氏","你挟着这半截家竹桶闲行立，你可甚么一部笙歌出入随。几曾见子弟舍里新添了个八仙队。不争你在这里，俺门前立地，着人道出落着你个先生少可有二十嘴。","chinese-poetry",""
"瘸李岳诗酒玩江亭・菩萨梁州","元","无名氏","你道是先生，与你回席，灌的你十分沉醉。长留做共薄醅，真乃是水酒三杯。(先生上，云)牛郎说与赵江梅。(牛员外做吃惊科，云)道可道，非常道；名可名，非常名。(笑科)(正旦唱)你道是牛郎说与赵江梅，(云)可也怪不着也。(唱)你可甚么一枝泄漏春消息。他别人铜斗儿般好家计，指空划空信着你，你搬调的他弃子抛妻。(先生云)他不合说与外人知。(正旦唱)。","chinese-poetry",""
"瘸李岳诗酒玩江亭・耍孩儿","元","无名氏","我身将跨凤乘鸾友，都做了参辰卯酉。(牛员外云)我如今等闲恩爱等闲休。(正旦唱)你道是等闲恩爱等闲休，空着咱一任难酬。(牛员外云)我如今饱谙世事慵开口。(正旦唱)你如今饱谙世事慵开口，会尽人间只点头。把浮生梦都参透，撇了这酒色财气，真个是谭马丘刘。","chinese-poetry",""
"瘸李岳诗酒玩江亭・二煞","元","无名氏","我为甚先打你这头？(牛员外云)你为何赠我这一击。怎么说？(正旦唱)我则是到来年吃贱牛，则你那一天和气恩情厚。你行处春日风动，你过处春山春水流，你模佯忒出丑。(牛员外云)我模样忒出丑？哦，他也则是嗓磕我这牛哩。你再有何比并？(正旦唱)你抛了这朝云暮雨，则恐怕误了你那春种秋收。","chinese-poetry",""
"沙门岛张生煮海・幺篇","元","李好古","端的心聪，那更神工，悲若鸣鸿，切若寒蛩，娇比花容，雄似雷轰，真乃是消磨了闲愁万种。这秀才一事精，百事通。我蹑足潜踪，他换羽移宫。抵多少盼盼女词媚涪翁。似良宵一枕游仙梦。因此上偷窥方丈，非是我不守房栊。","chinese-poetry",""
"沙门岛张生煮海・梁州第七","元","李好古","你看那缥缈间十洲三岛，微茫处阆苑蓬莱，望黄河一股儿浑流派。高冲九曜，远映三台，上连银汉，下接黄埃。势汪洋无岸无涯，出许多异宝奇哉。看、看、看，波涛涌，光隐隐无价珠玑；是、是、是，草木氏，香喷喷长生药材；有、有、有，蛟龙偃，郁沉沉精怪灵胎。常则是云昏气霭，碧油油隔断红尘界，恍疑在九天外。平吞了八九区云梦泽，问甚么翠岛苍崖。","chinese-poetry",""
"沙门岛张生煮海・骂玉郎","元","李好古","可知道龙宫美女多娇态，想当时因有约，则今日独寻来，拚的个舍残生，做下风流债。那龙也青脸儿长左猜，恶性儿无可解，狠势儿将人害。(张生云)可怎生恁般利害？(仙姑唱)。","chinese-poetry",""
"沙门岛张生煮海・感皇恩","元","李好古","呀！他把那牙爪张开，头角轻抬。一会儿起波涛，一会儿摧山岳，一会儿卷江淮。变大呵，乾坤中较窄；变小呵，芥子里藏埋。他可便能英勇，显神通，放狂乖。","chinese-poetry",""
"沙门岛张生煮海・采茶歌","元","李好古","他兴云雾，片时来，动风雨，满尘埃，则怕惊急烈一命丧尸骸。休为那约雨期云龙氏女，送了你个攀蟾折桂俊多才。","chinese-poetry",""
"沙门岛张生煮海・黄钟煞尾","元","李好古","这宝呵。出八那瑶台紫府清虚界，碧落苍空天上来。任熬煎，任布划，可从心，可称怀，不求亲，不纳财，做行媒，做娇客，连理枝，并蒂开，凤鸾交，鱼水谐，休将他，觑小哉，信神仙，妙手策。也是那前生福有安排，直着你沸汤般煎干了这大洋海。(下)。","chinese-poetry",""
"沙门岛张生煮海・正宫/端正好","元","李好古","一地里受煎熬，遍寰宇空劳攘，兀的不慌杀了海上龙王。我则见水晶宫血气从空撞，闻不得鼻口内干烟炝。","chinese-poetry",""
"沙门岛张生煮海・滚绣球","元","李好古","俺也不是化道粮，也不是要供养，我则是特来相访。(张生云)我是个穷秀才，相访我有甚么化与你。(正末唱)俺本是出家人，便乞化何妨。(张生云)若得见那小娘子，肯招我做女婿，便有布施。(正末唱)则为那窈窕娘，不招你个俊俏郎，弄出这一番祸从天降。你穷则穷道与他门户辉光，你那里得熬煎铅汞山头火？你那里觅医治相思海上方？此物非常。(张生云)老师父，我老实对你说，若那夜女子不出来呵，我则管煮哩。(正末云)秀才，你听者：东海龙神着老僧来做媒，招你为东床娇客，你意下如何？(张生云)老师父你不要耍我，这海中一望是白茫茫的水，小生是个凡人，怎生去的？(家僮云)相公，这个不妨事，你只跟着长老去，若是他不淹死，难道独独淹死了你？(正末唱)。","chinese-poetry",""
"沙门岛张生煮海・小梁州","元","李好古","直着你如履平原草径荒，(张生云)到那海底去，莫不昏暗么？(正末唱)却正是日出扶桑。(张生云)小生终是个凡人，怎敢就到海中去？(正末唱)虽然人海号东洋，休谦让，(带云)去来波！(唱)他则待招选你做东床。","chinese-poetry",""
"沙门岛张生煮海・尾声","元","李好古","则为你佳人才子多情况，唬得他椿室萱堂着意忙。你貌又轩昂才又良，他玉有温柔花有香。意相投，姻缘可配当；心厮爱，夫妻谁比方。似他这百媚韦娘，共你个风流张敞，(带云)去来波！(唱)须将俺撮合山的媒人重重赏。(同张生下)。","chinese-poetry",""
"沙门岛张生煮海・驻马听","元","李好古","摆列着水里兵卒，都是些鼋将军、鼍先锋、鳖大夫。看了这海中使数，无过是赤须虾、银脚蟹、锦鳞鱼。绣帘十二列珍珠，家财千万堆金正。(张生云)是好富贵也！(正旦唱)你自暗付，则俺这水晶宫是一搭儿奢华处。","chinese-poetry",""
"沙门岛张生煮海・折桂令","元","李好古","俺去他那月明中信步阶除，听三弄瑶琴音韵非俗。恰便似云外鸣鹤，天边语雁，枝上啼乌。他待觅莺俦燕侣，我正愁凤只鸾孤，因此上，要识贤愚，别辨亲疏。端的个和意同心，早遂了似水如鱼。","chinese-poetry",""
"沙门岛张生煮海・雁儿落","元","李好古","不想这火中生比目鱼，石内长荆山玉。天边有比翼鸟，地上出连枝树。","chinese-poetry",""
"沙门岛张生煮海・得胜令","元","李好古","你待将铅汞燎干枯，早难道水火不同炉。将大海扬尘度，把东洋烈焰煮。神术煅化的为夫妇，儿子熬煎杀俺眷属。","chinese-poetry",""
"沙门岛张生煮海・收尾","元","李好古","则今日双双携手登仙去，也不枉鲛绡帕留为信物。闲看他蟠桃灼灼树头红，撇罢了尘世茫茫海中苦。","chinese-poetry",""
"半夜雷轰荐福碑・幺篇","元","马致远","则这寒儒，则索村居，教伴哥读书，牛表描朱。为甚么怕去长安应举？我伴着伙士大夫，穿着些百衲衣服，半露皮肤。天公与小子何辜，问黄金谁买《长门赋》？好不直钱也者也之乎！我平生正直无私曲，一任着小儿簸弄，山鬼揶揄。","chinese-poetry",""
"半夜雷轰荐福碑・赚煞","元","马致远","您兄弟先谒信安君，后记扬州牧，看小子今番命福。你兄弟一片功名心更速，岂不闻光阴如过隙白驹。我将这护身符，你着我变几贯青蚨。(带云)长者。(唱)我投人须投大丈夫。则这新丰一旅，将着马周来不遇。(带云)哥哥，你可放心也。(唱)你看我专等常何的那一纸荐贤书。(下)。","chinese-poetry",""
"半夜雷轰荐福碑・滚绣球","元","马致远","虽然我住破窑使破瓢，我犹自不改其乐，后来便为官也富而无骄。洛阳书坐化了，黄州书自窨约。比及那时节有一个秀才来投托，这世里谁似晏平仲善与人交？(云)到那财主门首，报复将去，有个秀才下书。那财主便道：着他门首等者。(唱)他腆着胸脯，眼见的昂昂傲。(带云)要他那赍发呵，(唱)将我这羞脸儿怀揣着慢慢的熬。(带云)投至得他那几贯钱呵！(唱)轻可等半月十朝。","chinese-poetry",""
"半夜雷轰荐福碑・煞尾","元","马致远","你是必兴心儿再认下这搭沙和草，哥也，你可休不挂意揩抹了这把带血刀。(带云)张浩，(唱)休想天公把你饶！鞭牛汉平白的赖了官爵，采桑妇没来由受了郡诰。我空向他乡走一遭，千里投人怕的是到。若不是吾兄义气高，若不是哥哥怎生了？山海也似恩临决然报！异日峥嵘厮撞着，请一个传神巧待诏，一幅丹青写容貌。堂上铺陈挂幔幕，罗列杯盘置椅桌，百味珍羞不教少。一炷明香旦暮烧，将你那救我命的恩人，(带云)你是赵实哥哥，(唱)直供养到老！(下)。","chinese-poetry",""
"半夜雷轰荐福碑・普天乐","元","马致远","谢吾师，倾心爱，有田文义气、赵胜的胸怀。打一统法帖碑，去向京师卖。到处里书生都相待，谁肯学有朋自远方来？那里取鸣时的凤麟，则别些个喧檐的燕雀，当路的狼豺。","chinese-poetry",""
"半夜雷轰荐福碑・红绣鞋","元","马致远","本待看金色清凉境界，霎时间都做了黄公水墨楼台。多管是角木蛟当直圣亲差，把黄河移得至，和东海取将来，抵多少长江风送客。(带云)这雨越下的大也。(唱)。","chinese-poetry",""
"半夜雷轰荐福碑・满庭芳","元","马致远","粉碎了阎浮世界，今年是九龙治水，少不少珠露成灾。将一统家丈三碑，霹雳做了石头块，这的则好与妇女捶帛。把似你便逞头角欺俺这秀才，把似你便有牙爪近取那澹石，周处也曾除三害。我若得那魏征剑来，我可也敢驱上斩龙台。","chinese-poetry",""
"半夜雷轰荐福碑・耍孩儿","元","马致远","更怕我东南倦上红尘陌，空惹的行人赛色。可不骑鹤人枉沉埋，把着个颜回瓢也叫化的回来。未曾结庐山长老白莲社，正遇着东海龙王大会垓。他共我冤仇大，将这座药师佛海会，都变作赵太祖凶宅。","chinese-poetry",""
"半夜雷轰荐福碑・二煞","元","马致远","若不是八金刚护着寺门，险些儿四天王值着水灾。偏这条龙不受佛家戒。恰才禅灯老衲开青眼，可又早荐福碑文卧绿苔。空悲慨！他风云已遂，我日月难捱。","chinese-poetry",""
"半夜雷轰荐福碑・一煞","元","马致远","虽然相公回百姓安，则怕小生行雨又来，也是我曾经着蛇咬自惊怪。我则见一株松影横僧舍，错认做个千尺苍龙卧殿阶，真无奈。今日贵神迎见喜，我问甚么青龙洞求财。","chinese-poetry",""
"半夜雷轰荐福碑・驻马听","元","马致远","当日个废寝忘食，铸铁砚长分磨剑的水；到今日攀蟾折桂，步金阶才觅着上天梯。得青春割断管宁席，险白头掷却班超笔。谢罢礼，君恩敕赐平身立。","chinese-poetry",""
"半夜雷轰荐福碑・雁儿落","元","马致远","都则为范张鸡黍期，今日得龙虎风云会。你休夸举荐心，我非得文章力。","chinese-poetry",""
"半夜雷轰荐福碑・得胜令","元","马致远","都则为那平地一声雷，今日对文武两班齐。想当初在古庙里题诗句，谁承望老龙王劈破面皮。其实、驱逼的我无存济；谁知、可元来运通也有发迹。","chinese-poetry",""
"半夜雷轰荐福碑・落梅风","元","马致远","当日个荐福碑，多谢你老禅师倒陪了纸墨。不想那避乖龙肯分的去碑上起，可早霹雳做粉零麻碎。","chinese-poetry",""
"半夜雷轰荐福碑・水仙子","元","马致远","枉自有三封书札袖中携，我则索拨尽寒炉一夜灰。眼睁睁现放着傍州例，我则去那菜馒头处拖狗皮。早两桩儿送的来路绝人稀。(范仲淹云)兄弟，那死的死了，扬州为何不去？(正末唱)便道你扬州牧能义气，我则怕又做了死病难医。","chinese-poetry",""
"半夜雷轰荐福碑・鸳鸯煞","元","马致远","则这远公休结白莲会，谢安却被苍生起，谁知也有这日。成就了宰相荐贤心，才趁了男儿仗义胆，白破了贼汉拖刀计。倒招了个女娇娃结眷姻，和你这老禅师为交契。大都来是书生命里，不争将黄阁玉堂臣，几乎的做了违宣抗敕鬼。","chinese-poetry",""
"摩利支飞刀对箭・尾声","元","无名氏","我则要身到凤凰池，有心待标写在凌烟阁。与敌兵相持战讨，下寨安营边塞遥。我胸中虎略龙韬，看杀气阵云高，荡征尘土雨潇潇，则我这马到处贼兵都退了。(孛老儿云)你这一去，凭着你些什么手策也？(正末唱)倚仗我拨天关手爪，凭着我这撼乾坤勇跃，舍着我这一腔鲜血立唐朝！(下)(孛老儿云)孩儿去了也。这一去，他必然为官也。老汉无甚事，回我那家中去也。眼观旌捷旗，耳听好消息。(同下)。","chinese-poetry",""
"摩利支飞刀对箭・正宫/端正好","元","无名氏","看别人云滚滚省台登，看别人云滚滚省台登，几时能够闹穰穰公侯做。则他那谒朱门缘木求鱼，则这书中自有他这黄金屋，将我久困在红尘路。","chinese-poetry",""
"摩利支飞刀对箭・滚绣球","元","无名氏","每日家听钟声山寺里斋，赶宿头古庙里居，有那等财主每，听笙簧则在那画堂深处，如今那有学的酩子里韫椟藏诸。我看了这今世图，这时务，杠了我交语，赤紧的满眼卫不辨贤愚。存的我这胸中三卷黄公略，我愁甚么架上三封天子书，恰便似饿虎当途。","chinese-poetry",""
"摩利支飞刀对箭・朝天子","元","无名氏","遮莫待开弓也那蹬弩，(张士贵云)你敢扬威耀武么？(正末唱)扬威也那耀武。(张士贵云)你敢阵面上相持去么？(正末唱)我情愿阵面上相持去，(张士贵云)我就用你在我军阵中，做个小卒，你意下如何？(正末唱)但能够军阵里做一个小卒，(张士贵云)我着你合后当先，你敢去么？(正末唱)遮莫便合后等当先去，(张士贵云)兀那厮，你是军健汉，逢山开路，遇水叠桥，你敢去么？(正末唱)遮莫待遇水叠桥，逢山开路，(张士贵云)你敢施威、敢射虎么？(正末唱)我可便敢施威、敢射虎。(张士贵云)就用了这厮。(正末唱)大人若是用度、用度了这勇夫，我马到处写满了您那功劳簿。","chinese-poetry",""
"摩利支飞刀对箭・幺篇","元","无名氏","你可甚为看青山懒赠鞭，看的俺唐十宰公卿如芥藓。遮莫他变做神鬼化做飞仙？(云)待走往那里去？(唱)离不了天涯和那海边！(云)众军校跟我去来。(唱)我与你直赶到他这个焰魔天！(下)。","chinese-poetry",""
"摩利支飞刀对箭・寨儿令","元","无名氏","鼓震的山岳摧，喊一声鬼神悲，荡征尘翻滚滚火门辉。领雄兵迎敌，厮杀相持，(云)出马来，出马来！(唱)则听的高叫一声似春雷。(高丽将云)这壁厢是俺摩利支出马。好将军也，顶盔擐甲，挂剑悬鞭，弯弓插箭。张士贵见了俺摩利支，可是怕也不怕？探子，你喘息定，慢慢的再说一遍。(正末唱)。","chinese-poetry",""
"摩利支飞刀对箭・折桂令","元","无名氏","和我那赛杨香憔悴了精神，(孛老儿云)大人，你是谁？(正末云)父亲、母亲，你认的你孩儿薛驴哥么？(孛老儿云)谁是薛驴哥？(正末)则您孩儿，便是薛驴哥。(孛老儿云)孩儿，你做了官也？兀的不欢喜杀老汉也。(正末唱)我这里便展脚舒腰，安乐者波堂上双亲？(卜儿云)大人请起。兀的不唬杀老身也。(正末唱)我如今状貌堂堂，威风赳赳，志气凌云。(孛老儿云)孩儿也，你如今得了个甚么官也？(正末唱)我如今下马为朝中宰臣，上马为阃外将军。(孛老儿云)孩儿，你多受了些辛苦也。(正末唱)我受了些热血相喷，万苦干辛，恰便似翻滚滚的雪浪里逃生，您儿今日个便跳过龙门。","chinese-poetry",""
"红绣鞋・愁寂莫萦牵肠肚，病恹恹瘦损了身躯，则我这鬓云松意懒甚时梳。","元","陈克明","茶饭上无些滋味，针指上减了些工夫，尘蒙了七弦琴冷了雁足。","chinese-poetry",""
"普天乐・意绯徊，心忧虑。知他在科场应举，翰院迁除？峥嵘在画阁中，","元","陈克明","显耀在兰堂处。闪的人冷冷清清捱朝暮，想薄情负我何辜？扑簌簌两行泪珠，闷恹恹九分病苦，气丝丝一口长吁。","chinese-poetry",""
"幺篇・愁和闷眼倦开，闷和愁眉怎舒？愁的是情思昏昏，神魂飘荡，鬼病","元","陈克明","揶揄。闷连着华狱三峰，巫山十二，黄河九曲，则我这骨捱捱命归泉路。","chinese-poetry",""
"耍孩儿・赶苏卿何处双通叔？到做了三不归离魂倩女。想当日碧桃花下凤","元","陈克明","鸾雏，山和水阻隔着万里程途。山隐隐绕天涯怎觅青鸾信？水茫茫淹海角难寻锦鲤书，两般儿无归路。桃源洞墨云荏苒，武陵溪烟水模糊。","chinese-poetry",""
"一煞・身似水上萍，命如风内烛，月初圆又被阴云布。蓝桥下水波涛万丈","元","陈克明","浸了海峤，ビ庙火烈焰千层接着太虚，两桩儿本是无情物。玉簪折何时再接，冰弦断甚日重续？。","chinese-poetry",""
"尾声・汉相如有朝归故乡，卓文君多曾亲见睹？一星星自把衷肠诉，将我","元","陈克明","这受过的凄凉慢慢的数。","chinese-poetry",""
"张公艺九世同居・幺篇","元","无名氏","庄田与我亲标拨，钱粮与我别项收，恐有那一等受贫穷朋友干求。倘有那连丧不举的人家，久定难成的配偶。(大末云)丧不举呵，怎的？(正末唱)丧不举呵，我与他斋僧道营坟墓，(大末云)婚不了呵，如何？(正末唱)女不嫁呵，我与他办首饰置衾绸。须教他嫁娶心无憾，免得他居丧礼不周。(云)下次小的每门首看着，有甚么人来？(大末云)理会的。(王伯清上云)小生王伯清是也。因父丧不举，到此张公艺家，借些小钱物，埋殡父亲。可早来到也。兀那门公报复去，道有王原举之子来见老员外。(行钱云)理会的。(做报科，云)报的员外得知，有王原举之子来见员外。(正末云)行钱，当初王原举，与老夫有一面之交，请他过来。(行钱云)理会的。有请。(王伯清做见施礼科)(正末云)孩儿也。你有甚么事，来到此处也。(王伯清云)不瞒长者说，我父亲曾与长者有一面之交。我父不辛，身亡三载，停柩在堂，无线殡葬。止有老母在堂，并无亲故。想长者有疏财仗义之心，全望长者可怜，借些钱物，以葬我父亲。若蒙俯允，此恩不忘也。(正末唱)。","chinese-poetry",""
"张公艺九世同居・赚煞尾","元","无名氏","便好道养育受亲恩。仁宦食天禄，这的是父生汝君子食汝。自古君亲两不殊，不忠孝天理何如！慎其独，似十目视十手指严乎。(带云)则要你上合天心下协民望，(唱)天网恢恢本不疏。你索温恭自虚，制竹谨度，行藏须鉴圣贤书。(同下)。","chinese-poetry",""
"张公艺九世同居・南吕/一枝花","元","无名氏","镜添白发新，人对黄花瘦。光阴驹过隙，世事水浮沤。寒暑相逐，乌免搬昏昼。昨日春今日秋，过中年万事俱休，空枉了堆金北斗。","chinese-poetry",""
"张公艺九世同居・隔尾","元","无名氏","逐朝春镜容颜瘦，一枕黄粮梦境熟。往事回头尽参透，吾心已休，甘心退守，老却当年钓鳌手。","chinese-poetry",""
"张公艺九世同居・菩萨梁州","元","无名氏","你与我疾便登舟，休辞生受。显文章魁首，免你那倚门尊母忧愁。蟾宫独步占鳌头，门庭改换传家后。此言语不虚谬，不枉了灯窗学业修，万古名留。","chinese-poetry",""
"张公艺九世同居・骂玉郎","元","无名氏","声名不落他人后，心已遂更何求。人情世事皆虚谬，想如今故友稀，叹鬓边白发新，喜榻上青毡旧。","chinese-poetry",""
"张公艺九世同居・感皇恩","元","无名氏","呀，爱的是山水清幽，喜的是菊松芳秀。伴风月两闲人，渺乾坤双醉眼，乐诗酒一儒流。闲散心青山故友，暂忘机沧海盟鸥，梦义皇，谢尘世，卧糟丘。","chinese-poetry",""
"张公艺九世同居・采茶歌","元","无名氏","做一个醉乡侯，老风流，得优游处且优游。对酒当歌开笑口，一杯消尽古今愁。(云)分付你的言语，你牢记着。(大末云)您孩儿理会的。(正末唱)。","chinese-poetry",""
"张公艺九世同居・煞尾","元","无名氏","把我那西园池馆从新构，北院山亭即便修。留得闲身漫迤逗，栽花种柳，携琴载洒，我和那松竹梅花做心友。(众下)。","chinese-poetry",""
"张公艺九世同居・双调清江引","元","无名氏","别人做了状元喜满腮，咱两个如之奈？他两个都为三品官，齐向金阶拜。咱两个躲在那背巷里悄悄的家去来。(同下)。","chinese-poetry",""
"张公艺九世同居・正宫/端正好","元","无名氏","人事尚炎凉，世态轻忠信，似这般不义富于我如浮云。小人若得十年运，早忘了贫时分。","chinese-poetry",""
"张公艺九世同居・滚绣球","元","无名氏","向人前敢自尊，胡议论，出言语无半星儿谦逊，气昂昂傍若无人。倚仗着千两金，万两银，见一等穷相识并不亻秋问，若见他富豪人便和气若雷陈。他亲的是朱楼翠阁风流子，他敬的是白马红缨衫色新。何足云云。","chinese-poetry",""
"张公艺九世同居・小梁州","元","无名氏","止不过草芥微躯一庶民，隐迹山村。(使命云)圣人的命，问你九世不分居，有何齐家之道？(正末唱)圣人问齐家之道何因，为甚么家和顺，九世不曾分。","chinese-poetry",""
"张公艺九世同居・叨叨令","元","无名氏","假如道饭食不周衣服不备为下的道心偏逊，恭敬不至礼节不到为上的道他生忿。上责下下怨上即渐的生嗔恨，上不慈下不孝必定相争论。(带云)我家不分呵为何？(唱)彼各都忍了也波哥，彼各都忍了也波哥，因此上父为子隐上下家和顺。(使命云)原来是如此，我怎知道也。(正末云)天使，不则齐家之法，有此忍字，上至宰臣，下及庶民，皆有此忍。能忍者全身保命，不忍者丧家取祸，天使，听我说一遍。(使命云)你说，小官试听者。(正末唱)。","chinese-poetry",""
"张公艺九世同居・随煞尾","元","无名氏","这忍字向不平心上安刀刃，呵，心地清能忍清凉绝斗纷。守口如瓶要安分，防意如城主忠信。能忍呵怨恨成欢仇变恩，不能忍呵恩爱为仇喜作嗔。能忍呵谁是谁非尽休问，他弱他强莫争论。能忍呵宽裕温柔保六亲，你若要远害全身止不过在于忍。(下)。","chinese-poetry",""
"张公艺九世同居・殿前欢","元","无名氏","天使索劬劳，事君王束带立于朝。承宣走马长安道，胸卷江涛。(王伯清云)长者请坐受礼也。(正末唱)偶迎逢一面交，惹议论诸公笑，则道是没见识村夫傲。(王伯清云)长者有德，小官年幼也。(正末唱)俺年高呵则是个山林潦倒。您年幼呵则当代的英豪。","chinese-poetry",""
"张公艺九世同居・鸳鸯煞","元","无名氏","感君王亲赐皇宣诏，谢大臣远践红尘道。送别临歧，走马还朝。唱道顿首诚惶，瞻天拜表。感谢深蒙雨露恩难报。华胄遥遥，千古清风播皇阁。","chinese-poetry",""
"黄莺儿・霜降水痕收，迅池塘犹暮秋。满城风雨还重九。白衣人送酒，乌","元","高明","纱帽恋头，思那人应似黄花瘦。合怕登楼，云山万叠，遮不得许多愁。","chinese-poetry",""
"中吕・迎仙客","元","云龛子","混元珠，无价宝，赤水溪边收拾了。色浑浑，光皎皎，手中握定，占断人间俏。没机关，没做作，日月任催催不老。逆行船，翻拨棹，谁知这个，清净家风好。水深清，山色好，天下是非全不到。竹窗幽，茅屋小，个中真乐，莫向人间道。竹风轻，花影重，酩酊一瓯琴三弄。露玄机，藏妙用，槐坛将相，看破浮生梦。柳阴边，松影下，竖起脊梁诸缘罢。锁心猿，擒意马，明月清风，共谁说长生话。汉钟离，官极品，南柯梦断抛金印。草鞋轻，藜杖稳，笑携日月，独步长生境。吕洞宾，超物外，神光照破三千界。弃功名，同草芥，龟毛柱杖，一击乾坤坏。混元初，张果老，白驴踏着虚空倒。紫云生，红雾绕，夜来一口，吞却蓬莱岛。蓝采和，离世俗，手中拍板敲寒玉。摆天关，摇地轴，清风明月，独唱长生曲。刘海蟾，燕宰相，梦回看破空花放。别人间，离海上，红炉片雪，打就黄金像。广成子，千二百，崆峒高卧寒云白。帝王师，天地宅，纵横自在，物外无名客。范蠡翁，曾佐越，五湖独泛扁舟月。是非忘，名利绝，一声短笛，受用芦花雪。张子房，扶大汉，功名掉去青山伴。咽龙肝，吞凤卵，金丹养就，没底篮儿满。圃田公，列御寇，乘风一撞乾坤透。呼南辰，唤北斗，梦中得鹿，觉后还非有。朗然子，居洛下，金蟾飞去皮囊化。鬼神惊，天地怕，本来面目，不许丹青画。住华山，乐清闲，碧洞茅庵胡乱弯。日高时，造一餐，饱来藜杖，绕顶遥观看。谁羡他，做高官，一任穿绯挂绿礻阑，心无忧，身自安，世间少有，这个奸俏汉。世事休，甚清幽，无管无拘林下叟。翠岩前，风月友，狂歌醉舞，烂饮长生酒。醉时眠，醒扶头，倒在东西不识羞。亦无春，亦无秋，腾腾兀兀，且乐延年寿。采药归，白云飞，雾锁青山仙径迷。黑猿叫，青岛啼，仙鹤前舞，引俺归洞里。到洞中，掩柴扉，唤得仙童对着棋。闷来时，饮数杯，草鞋绊倒，不脱和衣睡。峭壁峰，甚希奇，桧柏青松四下围。悄无人，过客稀，寂寥潇洒，冷淡闲活计。面又酸，仓陈米，木碗缺唇破笊篱。又无盐，只有齑，甘心守分，胜如珍羞味。穿草履，系麻条，披片蓑衣挂个瓢。半如渔，半如樵，蓬头垢面，一任傍人笑。笑我侨，俺知道，明月清风为故交。卧白云，吹玉箫，这般滋味，世上人难晓。一顿饥，一顿饱，毡毯羊皮破衲袄。半头砖，一把草，横眠侧卧，惹得旁人笑。笑则笑，俺知道，万贯家缘都弃了。细寻思，无烦恼，逍遥路上，舞个蓬莱岛。","chinese-poetry",""
"须贾大夫谇范叔・仙吕/端正好","元","高文秀","凭著俺仲尼书，苍颉字，周公礼，子产文辞。奈家贫不遇人驱使，怎肯道是无用也于才思。","chinese-poetry",""
"须贾大夫谇范叔・幺篇","元","高文秀","常则是半生忙，不遂我平生志，居陋巷甘分随时。今日个和使臣冠盖相随次，离魏国，到临淄；凭喉舌，决雄雌；休战阵，免兴师，(带云)大人放心，凭范雎三寸之舌，包请俺公子归国便了。(唱)管成就这公事。(下)。","chinese-poetry",""
"须贾大夫谇范叔・梁州第七","元","高文秀","但只问魏公子因何释放，全仗着那一个游说齐邦？怎生这功劳不在咱头上？几曾沾一丝儿赏赐，壮半米儿行装？可着俺越多伎俩，越受凄凉。枉误了十载文章，干捱了半世风霜。他、他、他，谁肯念陋巷间一瓢的书生，是、是、是，我愿则愿那都堂中八府的宰相，来、来、来，他每都不着我见那深宫内万岁的君王。这天气，怎当？白茫茫冰连江海三千丈。徒步去，将何往？早则是冒雪冰寒冻欲僵，这便是咱衣锦还乡！。","chinese-poetry",""
"须贾大夫谇范叔・隔尾","元","高文秀","你那里葡萄酒设销金帐，罗绮筵开白玉堂。闻知道魏相国亲身到宅上。(做徘徊科，云)既是请丞相赴宴，怎又请我？(唱)故意把寒儒厮奖，显的他宽洪海量。(云)哦，我知道了也。(唱)多应是须贾高情，将我这范雎来讲。","chinese-poetry",""
"须贾大夫谇范叔・菩萨梁州","元","高文秀","则我这绵囤也似衣裳，坐不的红炉也那土坑。吃黄齑的肚肠，(带云)抬了者。(唱)我吃不的这法酒肥羊。则我这三般地狱怎生当？无情风雪无情棒。似吃着无心草，死熬这掩情况。打得我肉绽皮开内外伤，眼见的不久身亡。","chinese-poetry",""
"须贾大夫谇范叔・黄钟尾","元","高文秀","我便似伍员去楚心犹壮，孙膑投齐气怎降？谢恩人肯主张，放咱去入咸阳。仗英雄显志量，见秦君说勾当。管穰侯立辞相，不荒唐有承望，(云)院公，不是我范雎说口，想报冤之期，可也不远。(唱)你则待的到蛰龙一声雷震响。(下)。","chinese-poetry",""
"须贾大夫谇范叔・正宫/端正好","元","高文秀","未亨通，遭穷困，身居在白屋寒门。两轮日月消磨尽，不觉的添霜鬓。","chinese-poetry",""
"须贾大夫谇范叔・滚绣球","元","高文秀","人道是文章好济贫，偏我被儒冠误此身，到今日越无求进，我本待学儒人倒不如人。昨日周，今日秦，(带云)似这般途路难逢呵，(唱)可着我有家难奔，恰便似断蓬般移转无根。道不得个地无松柏非为贵，腹隐诗书未是贫，则着我何处飘沦？(正末做窥望)(须贾见科，云)奇怪，大雪中走将来这个人，好似范雎也。待道是呵，我当初打杀他了，再怎生得个范雎来？待道不是呵，你看那身分儿好生相似。且休问他是不是，待我唤一声：范雎，范雎，近前来，我和你说话咱。(正末云)谁唤范雎哩？(唱)。","chinese-poetry",""
"须贾大夫谇范叔・叨叨令","元","高文秀","我听的他两三番叫咱往前进，猛可便扭回身行至车儿近。我这里忙掠开泪眼将他认，(须贾云)是我唤你哩。(正末唱)我这里觑绝时倒把身躯褪。(正末做怕科)(须贾云)范雎，你见了小官，这般慌做甚么那？(正末唱)大夫也，你莫不又待打我也波哥，你莫不又待打我也波哥，唬的我兢兢战战忙逃奔。(须贾云)范雎少待，一别许久，正要和你讲话，何故如此惊恐？先生固无恙乎？(正末唱)。","chinese-poetry",""
"须贾大夫谇范叔・三煞","元","高文秀","他论机谋减灶压着齐孙膑，他论战策不弱如鞭尸楚伍员。则他那智量似穰苴，文学似子夏，德行似颜渊，舌辩似苏秦。端的个能安其国，能治其家，能正其身。请大夫把衣冠整顿，我与你同作伴谒张君。","chinese-poetry",""
"须贾大夫谇范叔・二煞","元","高文秀","你略消停且待穷交信，便入去须防丞相嗔。我着你早出潼关，早归汴水，早到东京，早离西秦。引你去亲登相府，完却公差，直着他开放贤门。这归期有准，管着你荡飞骑疾如云。","chinese-poetry",""
"须贾大夫谇范叔・煞尾","元","高文秀","我与你分开片片梨花粉，拂散纷纷柳絮尘。金马门中往前进，我将你个纳士招贤路儿引。(下)。","chinese-poetry",""
"须贾大夫谇范叔・清江引","元","高文秀","老院公肯分的来到这里，左右难回避。他怎敢轻撩虎狼须，快与我搬住猿猱臂。(带云)须贾，(唱)你饶过了这老院公，我也饶过了你。(院公云)望丞相爷看老院公薄面，饶过俺主人罢。(正末唱)。","chinese-poetry",""
"须贾大夫谇范叔・雁儿落","元","高文秀","虽然是为恩人有面皮，我与你这贼子无情意。你若要生辞函谷关，只除非梦返夷门地。(须贾云)丞相，这都是旧话，不提他也罢了。(正末唱)。","chinese-poetry",""
"须贾大夫谇范叔・得胜令","元","高文秀","呀，你道是旧话再休题，我可不干吃你一场亏？(邹衍同众大夫跪科，云)丞相在上，须贾罪过虽重，但他绨袍恋恋，也还有故人之情，望丞相姑恕。(正末云)众大夫请起，(唱)也则为尚有绨袍恋，因此上权停棍棒威。待饶伊，我也要将今日思前日；待不饶伊，又道我只报仇不报德。","chinese-poetry",""
"须贾大夫谇范叔・收尾","元","高文秀","我如今且将须贾驴头寄，疾回去，报与梁王得知。着他早早的解过魏齐来，(带云)那时节再约大众大夫同临敝国，(唱)慢慢的再贺俺范雎喜。(须贾换冠带，同众大夫拜谢科，云)谢丞相宽恩，敢不唯命！(院公云)这一件倒不好承认。那魏齐手下心腹人极多，只怕也有似俺院公的，私下放他溜了，教俺主人那里去抓他？(邹衍云)小官等再奉丞相一杯。(正末云)酒也深了，一面撤过宴者。(词云)因须贾不识忠臣，用谗言闭塞贤门，施侥幸将人陷害，怎知他天道无亲。大雪中绨袍恋恋，才得个免祸全身。快献取魏齐首级，罢刀兵永灭征尘。","chinese-poetry",""
"杜蕊娘智赏金线池・仙吕/端正好","元","关汉卿","郑六遇妖狐，崔韬逢雌虎，那大曲内尽是寒儒。想知今晓古人家女，都待与秀才每为夫妇。","chinese-poetry",""
"杜蕊娘智赏金线池・幺篇","元","关汉卿","既不呵，那一片俏心肠，那里每堪分付？那苏小卿不辨贤愚，比如我五十年不见双通叔；休道是苏妈妈，也不是醉驴驴。我是他亲生的女，又不是买来的奴，遮莫拷的我皮肉烂，炼的我骨髓枯，我怎肯跟将那贩茶的冯魁去！（同韩下）。","chinese-poetry",""
"杜蕊娘智赏金线池・南吕/一枝花","元","关汉卿","东洋海洗不尽脸上羞，西华山遮不了身边丑，大力鬼顿不开眉上锁，巨灵神劈不断腹中愁。闪的我有国难投，抵多少南浦伤离后。爱你个杀才没去就，明知道雨歇云收，还指望待天长地久。","chinese-poetry",""
"杜蕊娘智赏金线池・骂玉郎","元","关汉卿","这的是母亲故折鸳鸯偶，须不是咱设下恶机谋，怎将咱平空抛落他人后？今日个何劳你贵脚儿又到咱家走？。","chinese-poetry",""
"杜蕊娘智赏金线池・感皇恩","元","关汉卿","咱本是泼贱娼优，怎嫁得你俊俏儒流？（韩辅臣云）这是有盟约在前的。（正旦唱）把枕畔盟、花下约、成虚谬。（韩辅臣云）我出你家门也只得半个多月，怎便见得虚谬了那？（正旦唱）你道是别匆匆无多半月，我觉的冷清清胜似三秋。（韩辅臣跪科，云）大姐，我韩辅臣不是了，我跪着你请罪罢！（正旦不睬科，云）那个要你跪！（唱）越显的你嘴儿甜、膝儿软、情儿厚。","chinese-poetry",""
"杜蕊娘智赏金线池・二煞","元","关汉卿","我比那□墙贼蝎螫索自忍，我比那俏郎君掏摸须噤声，那里也恶茶白赖寻争竞？最不爱打揉人七八道猫煞爪，掐扭的三十驮鬼捏青。看破你传槽病，掴着手分开云雨，腾的似线断风筝。","chinese-poetry",""
"杜蕊娘智赏金线池・尾煞","元","关汉卿","高如我三板儿的人物也出不得手，强如我十倍儿的声名道着处有。寻些虚脾，使些机彀，用些工夫，再去趁逐。你与我高揎起春衫酒淹袖，舒你那攀蟾折桂的指头，请先生别挽一枝章台路旁柳。（下）。","chinese-poetry",""
"杜蕊娘智赏金线池・普天乐","元","关汉卿","小妹子是爱莲儿，你都将我相钦敬；茶儿是妹子，你与我好好的看承；小妹子是玉伴哥，从来有些独强性。（众旦云）姨姨，你为何嗟声叹气的？今日这样好天气，又对着这样好景致，务要开怀畅饮，做一个欢庆会才是。（正旦唱）说甚么人欢庆，引得些鸳鸯儿交颈和鸣，忽的见了，愠的面赤，兜的心疼。","chinese-poetry",""
"杜蕊娘智赏金线池・耍孩儿","元","关汉卿","我为你逼绰了当官令，（带云）谢你那大尹相公呵！（唱）烟花簿上除抹了姓名，交绝了怪友和狂朋，打并的户净门清。试金石上把你这子弟每从头儿画，分两等上把郎君子细秤。我立的其身正，倚仗着我花枝般模样，愁甚么锦片也似前程！。","chinese-poetry",""
"杜蕊娘智赏金线池・沉醉东风","元","关汉卿","则道是喜孜孜设席肆筵，为甚的怒哄哄列杖擎鞭？好教我足未移心先战，一步步似毛里拖毡。本待要大着胆、挺着身、行靠前，百忙里仓惶倒偃。","chinese-poetry",""
"尉迟恭单鞭夺槊・仙吕/端正好","元","关汉卿","他服孝整三年，事急也权做那三日。此事着后代人知：则这英雄能尽君臣礼。待他投降后，凯歌回，卸兵甲，载旗旗，还紫禁，到丹墀，做个龙虎风云会。（同下）。","chinese-poetry",""
"尉迟恭单鞭夺槊・赚煞","元","关汉卿","则今日赴皇都、离边塞，把从前冤仇事解，直至君王御案上拆，一件件禀奏的明白。便道不应该，未有甚汗马差排，且权做行军副元帅。（云）军师，（唱）你与我整三军器械，紧看着营寨；则我这手儿里将的印牌来。（下）。","chinese-poetry",""
"尉迟恭单鞭夺槊・正宫/端正好","元","关汉卿","是他新，咱须旧，没揣的结下冤仇。你道他尉迟恭又往那沙陀走，咱可也慢慢的相穷究。","chinese-poetry",""
"尉迟恭单鞭夺槊・小梁州","元","关汉卿","我这里亲送辕门捧玉瓯，将军你莫记冤仇。（云）左右，将一饼金来。（卒子云）金在此。（尉迟云）元帅要这金做甚么？（正末云）将军，(唱)这金权为路费酒消愁。指望待常相守，谁承望心去意难留！。","chinese-poetry",""
"尉迟恭单鞭夺槊・幺篇","元","关汉卿","我和你如今便往朝中奏。（尉迟云）则是三将军记那一鞭之仇。（正末唱）将从前事一笔都匀。（元吉云）我也不和他一般见识。（正末唱）将军你莫愁，从今后体辞生受，则要你分破帝王忧。（卒子慌上报科，云）喏，报的元帅得知：有王世充手下前部先锋单雄信特来索战。（尉迟云）元帅，那单雄信只消差三将军去拿他，也不用多拨人马，只一人一骑包拿来了。（元吉云）何如？我道你也服了我老三的手段。（正末云）是。就拨五千人马，着兄弟做先锋，与我擒拿单雄信去来。（唱）。","chinese-poetry",""
"尉迟恭单鞭夺槊・随煞尾","元","关汉卿","则这割鸡焉用牛刀手，小将那消大帅收？管教六十四处征尘一扫休，十八处改年号的出尽了丑。（徐茂公云）元帅，这一去则愿你鞭敲金镫也。（正末唱）那时节将军容再修，将凯歌齐奏，你可也早些儿准备安排着这个庆功的酒。（下）（段志贤云）虽然如此，还要与三将军一别。三将军安在？（元吉上，云）我适才到营帐里打的一个吨，这肚就不疼了。正待要去厮杀，我哥哥便等不得，自家去了。（段志贤云）三将军、军师勿罪，我同元帅先去也。（元吉云）老段，则要你小心在意者。（段志贤下）（徐茂公云）三将军，你领兵合后，我与敬德先接应元帅去来。（元吉云）军师先行，我在后领兵再来接应你。敬德，据理来饶你不得；看俺哥哥面上，你且寄头在项。此一去若有疏失呵，我不道的饶了你哩！（尉迟云）三将军，别人不知，你可知我那水磨鞭来。我这一去遇着那单雄信呵，只着他鞭稍一指，头颅早粉碎也。（诗云）舍生容易立功难，谁似吾家力拔山？则这水磨钢鞭一骑马，不杀无徒誓不还。（徐同下）（元吉云）我要杀了这匹夫来，不想俺哥哥回来救了。也罢，我这一去好歹要害了他。若杀了敬德呵，才报的我这一鞭之仇！军师着我做合后，我只是慢慢的去，等他救应不到，必有疏失，岂不是一计？（下）。","chinese-poetry",""
"尉迟恭单鞭夺槊・小桃红","元","关汉卿","手中无箭慢张弓，频把这虚弦控。元来徐茂公临阵不中用！（敬德跚马上，叫云）单雄信慢走！（正末唱）则听的语如钟，喝一声响亮春雷动。纵然他有些耳聋，乍闻来也须怕恐！（尉迟云）单雄信勿伤吾主！（正末云）元来是敬德救我哩！（唱）高叫道""休伤俺主人公""。","chinese-poetry",""
"尉迟恭单鞭夺槊・收尾","元","关汉卿","我则见忽的战马交，出的枣槊起，飕的钢鞭重，把一个生硬汉打的来浑身尽肿。哎，则你个打单雄信的尉迟恭，不弱似喝娄烦他这个霸王勇！（同下）。","chinese-poetry",""
"尉迟恭单鞭夺槊・古水仙子","元","关汉卿","呀、呀、呀猛望见，便、便、便铁石人见了也可怜。他、他、他袋内有弯弓，壶中无只箭；待、待、待要布展怎地展？挣、锋、挣两三番迸断了弓弦。走、走、走一骑马逃入榆科园。来、来、来两员将绕定榆科转，见、见、见更狠似美良川！（徐茂公云）单雄信大败于输，俺尉迟恭赢了也！探子，无甚事，赏你一只羊、两坛酒，一个月不打差，你回营中去罢。（探子唱）。","chinese-poetry",""
"双调・得胜令宴罢恰初更，摆列著玉娉婷。锦衣搭白马，纱笼照道行。齐","元","张子坚","声，唱的是《阿纳忽》时行令。酒且休斟，俺待银鞍马上听。","chinese-poetry",""
"梁山泊李逵负荆・正宫/端正好","元","康进之","抖搜着黑精神，扎煞开黄髭髟。","chinese-poetry",""
"梁山泊李逵负荆・滚绣球","元","康进之","宋江口来，这是甚所为？甚道理？不知他主着何意？激的我怒气如雷。可不道他是谁，我是谁，俺两个半生来岂有些嫌隙？到今日，却做了日月交食。不争几句闲言语，我则怕恶识多年旧面皮，展转猜疑。","chinese-poetry",""
"梁山泊李逵负荆・叨叨令","元","康进之","那老儿，一会家便哭啼啼在那茅店里，(带云)觑着山寨，宋江好恨也！(唱)他这般急张拘诸的立。那老儿，一会家便怒畔畔在那柴门外，(带云)哭道：我那满堂娇儿也！(唱)他这般乞留曲律的气。(宋江云)他怎生烦庙那？(正未唱)那老儿，一会家便闷沉沉在那酒瓮边，(带云)那老儿拿起瓢耙，揭开蒲墩，舀一瓢冷酒来，汨汨的咽了。(唱)他这般迷留没乱的醉。那若儿，托着-片席头便慢腾腾放在土坑上，(带云)他出的门来，看一看，又不见来，哭道：我那满堂娇儿！(唱)他这般壹留兀渌的睡。似这般过不的也么哥，似这般过不的也么哥，(宋江云)这厮怎的？(正末唱)他道俺梁山泊不甜人不义。","chinese-poetry",""
"梁山泊李逵负荆・一煞","元","康进之","则为尔两头白面搬兴废，转背言词说是非。这厮敢狗行狼心，虎头蛇尾。不是我节外生枝，囊里盛锥。谁着你夺人爱女，逞己风流，被咱都知(宋江云)你看黑牛这村沙样势那。(正末唱)休怪我村沙样势，平地上起孤堆。","chinese-poetry",""
"梁山泊李逵负荆・幺篇","元","康进之","你则合低头就坐来，谁着你睁睛先去瞧？则你个宋公明威势怎生豪，刚一瞅，早将他魂灵吓掉了。这便是你替天行道，则俺那无情板斧肯担饶？(云)老王，你来，兀那秃厮，便是做媒的鲁智深，你再去认咱。(鲁智深云)你快认来。(王林做再认科，云)不是！不是！那两个一个是青眼儿长子，如今这个是黑矮的。那一个是稀头发腊梨，如今这个是剃头发的和尚。不是！不是！(鲁智深云)山儿，我可是哩。(正末云)你这秃厮，由他自认，你先幺喝一声怎么？(唱)。","chinese-poetry",""
"梁山泊李逵负荆・驻马听","元","康进之","有心待不顾形骸，(带云)这碧湛湛石崖不得底的深涧我待跳下去，休说一个，便是十个黑旋风也不见了。(唱)两三番自投碧湛崖。敬临山寨，行一步如上吓魂台。我死后，墓顶上谁定远乡牌？灵位边谁咒生天界？怎擘划，但得个完全尸首，便是十分采。","chinese-poetry",""
"梁山泊李逵负荆・沉醉东风","元","康进之","呼保义哥哥见责，我李山儿情愿餐柴。第一来看着咱兄弟情，第二来少欠他脓血债。休道您兄弟不伏烧埋，由你便直打到梨花月上来。若不打，这顽皮不改。","chinese-poetry",""
"梁山泊李逵负荆・殿前欢","元","康进之","我打你这吃敲材，直著你皮残骨断肉都开。那怕你会飞腾就透出青霄外，早则是手到拿来。你、你、你，好一个鲁智深不吃斋，好一个呼保义能贪色。如今去亲身对证休嗔怪，须不是我倚强凌弱，还是你自揽祸招灾。","chinese-poetry",""
"梁山泊李逵负荆・离亭宴煞","元","康进之","蓼儿洼里开筵待，花标树下肥羊宰，酒尽呵拚当再买。涎邓邓眼睛剜，滴屑屑手脚卸，碜可可心肝摘。饿虎口中将脆骨夺，骊龙颔下把明珠握，生担他一场利害。(带云)智深哥哥，(唱)我也则要洗清你这强打挣的执柯人，(带云)公明哥哥，(唱)出脱你这干风情的画眉客。","chinese-poetry",""
"包龙图智赚合同文字・赚煞尾","元","无名氏","不争我病势正昏沉，更那堪苦事难支遣，忙赶上头里的丧车不远，眼见得客死他乡有谁祭奠？(带云)儿也，你若得长大成人呵。(唱)你是必休别了父母遗言：将骨殖到梁园，就着俺那祖父的坟前，古树林峰好墓田。员外，则你便是我三代祖先，我又无甚六神亲眷。可怜见俺两房头这几口儿，都不得个好团圆。(下)。","chinese-poetry",""
"包龙图智赚合同文字・正宫/端正好","元","无名氏","我将着这一所草堂开，聚几个蒙童训，常则是对青灯黄卷埋身。苦了我也十年窗下无人问，何日得功名进？。","chinese-poetry",""
"包龙图智赚合同文字・滚绣球","元","无名氏","想当日盘缠无一文，遗留托二亲，痛杀我也命绝禄尽，谢父亲，将您孩儿抬举成人。离了这潞州下马村，早来到东京义定门，将俺这骨殖埋殡，认了伯父伯娘呵，您孩儿便索抽身。先安定了俺这十五年无主亡魂魄，回来报答你一双的高年养育恩，怎避的艰辛。","chinese-poetry",""
"包龙图智赚合同文字・煞尾","元","无名氏","披星带月心肠紧，过水登山脚步勤。意急不将昼夜分，心愁岂觉途路稳。痛泪零零雨洒尘，怨气腾腾风送云。客舍青青柳色新，千里关山劳梦魄。归到梁园认老亲，恁时节才把我这十五载流离证了本。(下)。","chinese-poetry",""
"包龙图智赚合同文字・红绣鞋","元","无名氏","他、他、他，可也为甚么全没那半点儿牵肠割肚？全没那半声儿短叹长吁？莫不您叔嫂妯娌不和睦？(云)伯娘，俺伯伯那里去了？(搽旦云)甚么伯伯？我不知道。(正末唱)伯伯可又无踪影。伯娘那里紧支吾，可教我那搭儿葬俺父母？。","chinese-poetry",""
"包龙图智赚合同文字・普天乐","元","无名氏","我意慌速，心犹豫，若无显证，怎辩亲疏？(递合同科)(搽旦云)争奈我不识字？如何？(正末唱)伯娘可也不会读，将去着伯父亲身觑。(云)好一个贤达的伯娘也，我错埋怨了他。(唱)他元来是九烈三贞贤达妇，兀的个老人家尚然道出嫁从夫。(搽旦入门科)(正末云)呀！伯娘入去了，可怎么这一晌还不见山来？我早猜着了也。(唱)一来是收拾祭物，二来是准备孝服，第三来可是报与亲属。","chinese-poetry",""
"包龙图智赚合同文字・迎仙客","元","无名氏","因歉年趁熟上，别家乡临外府。怎知道命儿里百般无是处。先亡了俺嫡亲的爷娘，守着这别人家父母。整受了十五载孤独，(刘天祥云)你叫做甚么名字？(正末唱)则俺呵，便是您作儿刘安住。(刘天祥云)你那里见刘安住来？(正末去)则我便是刘安住。(刘天祥做悲科，云)婆婆，你欢喜咱，俺刘安住孩儿回家来了也。(搽旦云)甚么刘安住？这里哨子每极多，见咱有些家私，假做刘安住来认俺。他爷娘去时，有合同文书，若有便是真的，无便是假的。(刘天祥云)婆婆也道的是。我出去问他。刘安住，你去时节有合同文书，你将的来我看。(正末云)有文书来，适才交付与伯娘了也。(刘天祥云)婆婆，休斗我耍，我问刘安住来，他道你拿着文书了也。(搽旦云)我不曾拿。(刘天祥云)刘安住，婆婆道他不曾拿。孩儿也，你等我来波，怎么就与了他？(正末唱)。","chinese-poetry",""
"包龙图智赚合同文字・幺篇","元","无名氏","伯娘你也忒狠酷，怎对付！则待要瞒了侄儿，背了伯伯，下了埋伏。单则是他亲女，和女夫，把家缘收取，可不俺两房头灭门绝户？(刘天祥云)安住孩儿，你那合同文书委实在那里也？(正末云)恰才是伯娘亲手儿拿进去了。(搽旦云)这个说谎的小弟子孩儿，我几曾见那文书来？(正末云)伯娘，休斗您孩儿妥。你恰才明明的拿进去，怎说不曾见？(搽旦云)我若见你那文书，着我邻舍家害疔疮。(刘天祥云)婆婆。你若是拿了，将来我看。(搽旦云)这老儿也糊突。这纸文书，我要他糊窗儿？有甚么用处？这厮故意的来捏舌，待诈骗咱的家私哩。(正未)伯伯，您孩儿不要家财，则要傍着祖坟上埋葬了俺父母这两把儿骨殖。我便去也。(搽旦打破正末头科，云)老的，你只管与他说甚么？咱家去来。(关门科)(下)(正末云)认我不队我便罢，怎么将我的头打破了？天那！谁人与我做主咱！(哭科)(李社长上，云)老汉李社长是也。打从刘天祥门省经过，看见一个后生，在那里啼哭，不知为何？我问他波。这小的，你是甚么人：(正末云)我是十五年前趁熟去的刘天瑞儿子刘安住，(社长认科，云)是谁打破你头天？(正末云)这不干我伯父事，是伯娘不肯认我，拿了我合同文书，抵死的赖了，又打破我的头来。(社长云)刘安住，你且省烦恼。你是我的女婿，我与你做主。(正末唱)。","chinese-poetry",""
"包龙图智赚合同文字・满庭芳","元","无名氏","谢得你太山做主，我是他嫡亲骨血，又不比房分的家奴。将骨殖儿亲担的还乡，故走了些偌远程途。你道俺那亲伯父因何致怒，赤紧的打尧婆先赚了我文书。(社长云)难道不认就罢了？(正末唱)我可也难回去，但能勾葬埋了我父母，将安住认不认待何如？。","chinese-poetry",""
"包龙图智赚合同文字・收尾","元","无名氏","他清耿耿水一似，明朗朗镜不如。他将俺一行人都带到南衙去，我拚把个头磕碎金阶，叫道委实的屈。(同下)。","chinese-poetry",""
"包龙图智赚合同文字・雁儿落","元","无名氏","他荆条棍并不曾汤着皮，我荷叶枷倒替他耽将罪。稳放着打尧婆在一壁，急的那个社长难支对。","chinese-poetry",""
"包龙图智赚合同文字・得胜令","元","无名氏","呀！这是我独自落便宜，好着我半晌似呆痴。俺只道正直萧丞相，元来是风魔的党太尉。堪悲，屈沉杀刘天瑞，谁知可怎了葫芦提包待制？(包待制云)张千，将刘安住下在死囚牢里去。你近前来。(打耳喑科)(张千云)理会的。(张千做枷正末下)(包待制云)这小厮明明要混赖你这家私，是个假的，(搽旦云，大人见的是。他那里是我亲侄儿刘安住？(张千云)禀爷，那刘安住下在牢里发起病来，有八九分重哩。(包待制云)天有不测风云，人有旦夕祸福：那小厮恰才无病，怎生下在牢里便有病？张千你再去看来。(张千报，云)病重九分了也。(包待制云)，你再看云。(张千又报，云)刘安住太阳穴被他物所伤，观有青紫痕可验，是个破伤风的病症，死了也。(搽旦云)死了，谢天地。(包待制云)怎么了这桩事？如今倒做了人命，事越重了也。兀那婆子，你与刘安住关亲么？(搽旦云)俺不亲。(包待制云)你若是亲呵，你是大他是小，休道死了一个刘安住，便死了十个，则是误杀子孙不偿命，则罚些铜纳赎；若是不亲呵。道不的杀人偿命，欠债还钱。他是各白世人，你不认他罢了，却拿着甚些仗打破他头，做了破伤风身死。律上说：殴打平人，因而致死者抵命。张千将枷来，枷了这婆子，替刘安住偿命去。(搽旦慌科，云)大人，假若有些关亲，可饶的么？(包待制云)是亲便不偿命。(搽旦云)这等，他须是俺亲侄儿哩。(包待制云)兀那婆子，刘安住活时你说不是，刘安住死了，可就说是。这官府倒由的你那？既说是亲侄儿，有甚么显证？(搽旦云)大人，现有合同文书在此。(包待制词云)这小厮本说的丁一确二，这婆子生扭做差三错四。我用的个小小机关，早嫌出合同文字。兀那婆子，合同文书有一样两张，只这一张，怎做的合同文字？(搽旦云)大人，这里还有一张。(包待制云)既然合同文字有了也，你买个棺材。葬埋刘安住去罢。(搽旦叩头科，云)索是谢了大人。(包待制云)张千，将刘安住尸首，抬在当面，教他看去。(张千领正末上)(搽日见科，云)呀！他原来不曾死。他是假的，不是刘安住。(包待制云)刘安住，被我赚出这合同文书来了也。(正末云)若非青天老爷，兀的不屈杀小人也！(包待制云)刘安住，你欢喜么？(正末云)可知欢喜哩。(包待制云)我更着你大欢喜哩。张千，司房中唤出那张秉彝来者。(张秉彝上，见正末悲科)(正末唱)。","chinese-poetry",""
"包龙图智赚合同文字・折桂令","元","无名氏","定道是死别生离，与俺那再养爹娘，永没个相见之期。幸遇清官，高抬明镜，费尽心机。赚出了合同的一张文契，才许我埋葬的这两把儿骨殖。今日个父子相依，恩义无亏，早则不迷失了百世宗支，俺可也敢忘味了你这十载提携。","chinese-poetry",""
"包龙图智赚合同文字・水仙子","元","无名氏","把白褴衫换了绿罗衣，抵多少一举成名天下知。为甚么皇恩不弃孤寒辈，似高天雨露垂，生和死共戴荣辉。虽然是张秉彝十分仁德，李社长一生信义，也何如俺伯父家有贤妻。","chinese-poetry",""
"南吕・一枝花禄山谋反","元","孔文卿","苍烟拥剑门，老树屯云栈。西风吹渭水，落叶满长安。近帝都景物凋残，伤感起人愁叹。只合在边寒间，只见那白茫茫莎草连天，甚的是娇滴滴莺花过眼。","chinese-poetry",""
"梁州・不幸遣东归蓟北，更胜如西出阳关，看几时捱彻相思限？怕的是孤","元","孔文卿","灯荧暗，残月弓弯，戍楼人静，梅帐更阑。思量玉砌雕阑，消磨尽绿鬓朱颜。再几时染浓香翡翠衾温，迷醉魂芙蓉帐暖，解余酲荔枝浆寒？这近间，敢病番，旧时的衣衤肯频频亻替。瘦证候何经惯？那的是从来最稀罕，单出落着废寝忘餐。","chinese-poetry",""
"三煞・动无喘息行无汗，坐也昏沉睡不安，两行泪道渍成斑。每日家做伴","元","孔文卿","的胡友胡儿，胡舞胡歌，胡吹胡弹，知他是甚风范？偏恁一曲霓裳宠玉环，羯鼓声干。","chinese-poetry",""
"二煞・拚了教匆匆行色催征雁，止不过拍拍离愁满战鞍，驱兵早晚到骊山。","元","孔文卿","若夺了娘娘，教唐天子登时两分散，休想再能够看一看。四件事分明紧调犯，势到也怎摭拦？。","chinese-poetry",""
"尾声・把六宫心事分明的慢，将半纸音书党闭的悭，教千里途程阻隔的难。","元","孔文卿","我因此上一点春心酝酿的反。","chinese-poetry",""
"双调・沉醉东风宫词","元","孙周卿","双拂黛停分翠羽，一窝云半吐犀梳。宝靥香，罗襦素，海棠娇睡起谁扶？肠断春风倦绣图，生怕见纱窗唾缕。花月下温柔醉人，锦堂中笑语生春。眼底情，心间恨，到多如楚雨巫云。门掩黄昏月半痕，手抵着牙儿自哂。","chinese-poetry",""
"双调・殿前欢楚云","元","孙周卿","楚云高，盈盈泪眼望衡皋，付能盼得春来到。玉困香娇，是谁人按六幺？红牙闹，睡未足把人惊觉。云偏髻鬟，月淡眉梢。楚云纤，玉容清浅自家嫌，离情镇把柔肠占。情绪厌厌，见莺花懒揭帘。心常欠，怕笑我缃裙掩。愁堆眼底，恨压眉尖。楚云收，月波冷浸晚妆楼，腰肢到比花枝瘦。花瘦无愁，比花枝我自羞。花虽瘦，花不会把眉儿皱。红消翠减，心上眉头。楚云空，绿窗闲数唾窗绒，一春心事和谁共？门掩残红，笑残红与我同。成何用，都做了繁华梦。香消脸玉，翠减眉峰。","chinese-poetry",""
"南吕・骂玉郎过感皇恩采茶歌闺情","元","孙周卿","秋千院宇春将暮，红滴泪绿溶朱，朝云隔断阳台路。去凤孤，来燕疏，流莺妒。懒步阶除，倦立亭隅。草烟铺，梨雪舞，柳风扶。花惊我癯，我爱花腴。玉奁梳，金翠羽，宝香珠。绣罗襦，锦笺书，当时封泪到曾无？屈指归期空自数，倚兰无语慢踌蹰。香罗带束春风瘦，金缕袖玉搔头，生红色染胭脂绉。柳让柔，莺避讴，花辞秀。缓转星眸，细咽歌喉。晚云收，秋水溜，远山愁。香消自忧，粉淡谁羞。燕闲俦，鸳冷绣，凤空游。没来由，尽淹留，春来春去几时休。锦瑟生疏弦上手，月明闲煞小红楼。","chinese-poetry",""
"双调・殿前欢春","元","薛昂夫","据危阑，看浮屠双耸倚高寒，鳞鳞万瓦连霄汉。俯视尘寰，望飞来紫翠间。云初散，放老眼情无限。知他是西山傲我，我傲西山？夏柳扶疏，玻璃万项浸冰壶，流莺声里笙歌度。士女相呼，有丹青画不如。迷归路，又撑入荷深处。知他是西湖恋我，我恋西湖？秋洞箫歌，问当年赤壁乐如何，比西湖画航争些个？一样烟波，有吟人景便多。四海诗名播，千载谁酬和？知他是东坡让我，我让东坡？冬捻冰髭，绕孤山枉了费寻思，自逋仙去后无高士。冷落幽姿，道梅花不要诗。休说推敲字，效杀颦难似。知他是西施笑我，我笑西施？浪淘淘，看渔翁举网趁春潮，林间又见樵夫闹。伐木声高，比功名客更劳。虽然道，他终是心中乐。知他是渔樵笑我，我笑渔樵？醉归来，袖春风下马笑腮，笙歌接到朱帘外。夜宴重开，十年前一秀才。黄齑菜，打熬到文章伯。施展出江湖气概，抖擞出风月情怀。","chinese-poetry",""
"双调・楚天遥过清江引","元","薛昂夫","花开人正欢，花落春如醉。春醉有时醒，人老欢难会，一江春水流，万点杨花坠。谁道是杨花？点点离人泪！回首有情风万里，渺渺天无际。愁共海潮来，潮去愁难退，更那堪晚来风又急！屈指数春来，弹指惊春去。蛛丝网落花，也要留春住。几日喜春睛，几夜愁春雨。六曲小山屏，题满伤春句。春若有情应解语，问着无凭据。江东日暮云，渭北春天树，不知那答儿是春住处？有意送春归，无计留春住。明年又着来，何似休归去？桃花也解愁，点点飘红玉。目断楚天遥，不见春归路。春若有情春更苦，暗里韶光度。夕阳山外山，春水渡傍渡，不知那答儿是春住处？套数。","chinese-poetry",""
"正宫・端正好高隐","元","薛昂夫","访知音习酬和，也不问名利如何。不贪不爱随缘过，把世事都参破。","chinese-poetry",""
"滚绣球・叹光阴疾似梭，想人生能几何，转回头百年已过，急回首两鬓斑","元","薛昂夫","花阴转眼那，日光弹指过，送了些干峥嵘且贪呆货，有两句古语您自评跋。相随故友年年少，郊外新坟岁岁多，一枕南柯。","chinese-poetry",""
"滚绣球・则不如山田一二亩，栽桑麻数百棵，驱家人使牛耕播，住几间无","元","薛昂夫","忧愁草苫庄坡。一朝苗稼锄，趁时将黍豆割，养春蚕桑叶忙锉，着山妻上布织梭。秃厮姑紧紧的将绵花纺，村伴姐慌将麻线搓，一弄儿农器家活。","chinese-poetry",""
"耍孩儿・收成黍豆盈仓垛，经年不缺半合。收耕罢织足衣食，将柴门紧紧","元","薛昂夫","扃合。早晨间豆粥吃三碗，收晚来齑汤做一锅，暖炕上和衣卧。守着俺山妻稚子，喂养些牛畜驴骡。","chinese-poetry",""
"四煞・到春来绿依依柳吐烟，红馥馥桃喷火，粉蝶儿来往穿花过。黄莺出","元","薛昂夫","谷寻新柳，紫燕归巢觅旧窝。时雨降天公贺，庆新春齐敲社鼓，赛牛王共击铜锣。","chinese-poetry",""
"三煞・到夏来玩池塘十里长，赏荷花百步阔，青铺翠盖穿红破。虽无那彩","元","薛昂夫","船画舫游池沼，也有那短棹渔舟泛浅波。故友来相贺，绕溪边鲜鱼旋买，沿村务沽酒频酌。","chinese-poetry",""
"二煞・来秋来碧天雁几行，黄花儿开数朵，满川红叶似胭脂抹。青山隐隐","元","薛昂夫","连巅岭，绿水潺潺泛浅波。鲜藕莲根锉，团脐蟹味欺着锦鲤，嫩黄鸡胜似肥鹅。","chinese-poetry",""
"一煞・到冬来朔风遍地刮，彤云密布合，纷纷雪片钱来大。须臾云汉飘白","元","薛昂夫","蕊，咫尺空中舞玉蛾。冬景堪酬和，草庵前寒梅雪压，短窗边瘦影频磨。","chinese-poetry",""
"尾声・四时景物佳，放形骸堪正可。我比你少忧愁省烦恼无灾祸，到大来","元","薛昂夫","无是无非快活煞我！闺怨小庭幽，重门静，东风软膏雨初晴。猛听的卖花声过天街应，惊谢芙蓉兴。","chinese-poetry",""
"三错煞・金杯空冷落了樽前兴，锦瑟闲生疏了月下声。欲寄音书，空织回","元","薛昂夫","文锦字成。奈远水遥山隔万层，鱼雁也难凭。","chinese-poetry",""
"二错煞・料忧愁一日加了十等，想茶饭三停里减了二停。白日犹闲，怕到","元","薛昂夫","黄昏睡卧不宁。则我这泪点儿安排下半枯井，也滴不到天明。","chinese-poetry",""
"煞尾・团团黄篆焚金鼎，夜夜浓薰暖翠屏，偏今宵是怎生？乍别离不惯经，","元","薛昂夫","睡不安卧不宁，分外春寒被儿冷。","chinese-poetry",""
"南吕・一枝花赠小园春","元","薛昂夫","些些并蒂红，指指连枝翠。悭悭金谷路，窄窄五陵溪。一片花飞，泄漏春消息。舞盘中歌扇底，刮得尽风月无多，趱得过繁华有几？。","chinese-poetry",""
"梁州第七・一两个莺俦燕侣，五七双蝶使蜂媒。窖来宽也称游人戏。眼孔","元","薛昂夫","大刘晨未识，脚步长杜甫先迷。画帧上香销粉滴，镜奁中绿暗红稀。唾津儿浸满盆池，手心儿擎得起屏石。苔钱儿买不断闲愁，花瓣儿随手着流水，柳丝儿送不够别离。锦堆，翠积。海棠偷足相思睡，名偏小景偏媚。赚得东君不忍归，一撮儿芳菲。","chinese-poetry",""
"温太真玉镜台・幺篇","元","关汉卿","我这里端祥他那模样：花比腮庞，花不成妆；玉比肌肪，玉不生光。宋玉襄王，想像高唐，止不过魂梦悠扬，朝朝暮暮阳台上，害的他病在膏盲；若还来此相亲傍，怕不就形消骨化，命丧身亡！（夫人云）梅香，将酒来。小姐与哥哥把盏。（旦奉酒科，云）哥哥，满饮一杯。（做递酒科）（正末唱）。","chinese-poetry",""
"温太真玉镜台・赚煞尾","元","关汉卿","恰才立一朵海棠娇，捧一盏梨花酿，把我双送入愁乡醉乡。我这里下得阶基无个顿放，画堂中别是风光。恰才则挂垂杨一抹斜阳，改变了黯黯阴云蔽上苍。眼见得人倚绿窗，又则怕灯昏罗帐，天那，休添上画檐间疏雨滴愁肠。（下）。","chinese-poetry",""
"温太真玉镜台・南吕/一枝花","元","关汉卿","藕丝翡翠裙，玉腻蝤蛴颈；妲己空破国，西子枉倾城。天上飞琼，散下风流病。若是寝正浓，梦乍醒，且休问斜月残灯，直睡到东窗口影。","chinese-poetry",""
"温太真玉镜台・四块玉","元","关汉卿","兀的紫霜毫烧甚香，斑竹管有何幸，倒能勾柔荑般指尖擎。只你那纤纤的手腕儿须索平正。我不曾将你玉笋荡，他又早星眼睁，好骂我这泼顽皮没气性。","chinese-poetry",""
"温太真玉镜台・隔尾","元","关汉卿","他藉妆梳颜色花难并，宜环佩腰肢柳笑轻，一对不倒踏窄小金莲尚古自剩。想天公是怎生？这世情，教他独占人间第一等。","chinese-poetry",""
"温太真玉镜台・菩萨梁州","元","关汉卿","古人亲事，把闺门礼正。但得人心至诚，也不须礼物丰盈。点灯吃饭两分明：缑山无梦碧瑶笙，玉台有主菱花镜。更有场大厮并，月夜高烧绛蜡灯，只愁那烦扰非轻！。","chinese-poetry",""
"温太真玉镜台・煞尾","元","关汉卿","俺待麝兰腮、粉香臂、鸳鸯颈，由你水银渍、朱砂斑、翡翠青。到春来小重楼策杖登，曲阑边把臂行，闲寻芳、闷选胜。到夏来追凉院、近水庭，碧纱厨、绿窗净，针穿珠、扇扑萤。到秋来入兰堂、开画屏，看银河、牛女星，伴添香、拜月亭。到冬来风加严、雪乍晴，摘疏梅、浸古瓶，欢寻常、乐余剩。那时节、趁心性，由他娇痴、尽他怒憎，善也偏宜、恶也相称。朝至暮不转我这眼睛，孜孜觑定，端的寒忘热、饥忘饱、冻忘冷。（下）。","chinese-poetry",""
"温太真玉镜台・红绣鞋","元","关汉卿","正堂里夫人寝睡，小官在书房中依旧孤忄西。遮莫待尽世儿不能勾到他这罗帏，人都道刘家女被温峤娶为妻，落得个虚名儿则是美！（云）将酒来，我与小姐把盏咱。（正末把酒科）（旦云）我不吃。（官媒云）小姐接酒。（正末唱）。","chinese-poetry",""
"温太真玉镜台・迎仙客","元","关汉卿","到这里论甚使数，问甚官媒？紧逐定一团儿休厮离。和他守何亲，等甚喜？一发的走到跟底。大家吃一会没滋味。","chinese-poetry",""
"温太真玉镜台・普天乐","元","关汉卿","初相见玉堂中，常想在天宫内，则索向空闲偷觑，怎生敢整顿观窥？得如今服侍他，情愿待为奴婢。厨房中水陆烹炮珍羞味，箱柜内无限锦绣珠翠。但能勾与你插戴些首饰，执料些饮食，则这的我早福共天齐。","chinese-poetry",""
"温太真玉镜台・耍孩儿","元","关汉卿","你少年心想念着风流配，我老则老争多的几岁？不知我心中常印着个不相宜，索将你百纵千随。你便不欢欣，我则满面儿相陪笑；你便要打骂，我也浑身儿都是喜。我把你看承的、看承的家宅土地，本命神祗。","chinese-poetry",""
"温太真玉镜台・四煞","元","关汉卿","论长安富贵家，怕青春子弟稀，有多少千金娇艳为妻室？这厮每黄昏鸾凤成双宿，清晓鸳鸯各自飞，那里有半点儿真实意？把你似粪堆般看待，泥土般抛掷。","chinese-poetry",""
"温太真玉镜台・三煞","元","关汉卿","你攒着眉熬夜阑，侧着耳听马嘶，闷心欲睡何曾睡。灯昏锦帐郎何在？香烬金炉人未归，渐渐的成憔悴还不到一年半载，他可早两妇三妻。","chinese-poetry",""
"温太真玉镜台・二煞","元","关汉卿","今日咱守定伊，休道近前使唤丫鬟辈，便有瑶池仙子无心觑，月殿嫦娥懒去窥。俺可也别无意，你道因甚的千般惧怕？也只为差了这一分年纪。","chinese-poetry",""
"温太真玉镜台・驻马听","元","关汉卿","想当日沽酒当垆，拼了个三不归青春卓氏女；今日膝行肘步，招了个百般嫌皓首汉相如。偏不肯好头好面到成都，忄敞的我没牙没口题桥柱。谁跟前敢告诉，兀的是自招自揽风流苦！。","chinese-poetry",""
"温太真玉镜台・水仙子","元","关汉卿","须闻得温峤不尘俗，明知道诗书饱满腹，那里是白头把你青春误？就嫌的我无地缝钻入去。少甚么年少儿夫？这一个眼灌的自邓邓，那一个脸抹的黑突突，空恁般绿鬓何如？。","chinese-poetry",""
"温太真玉镜台・折桂令","元","关汉卿","想着我气卷江湖，学贯珠玑，又不是年近桑榆，怎把金马玉堂、锦心绣口，都觑的似有如无？则被你欺负得我千足万足，因此上我也还他佯醉佯愚。（旦云）丈夫，着意吟诗！倘罚水，墨乌面皮，教我怎了？（正末唱）他如今做了三谒茅庐，勉强承伏。软兀刺走向前来，恶支煞倒褪回去。（正末吟诗科，云）不分君恩重，能怜玉镜台。花从仙禁出，酒自御厨来。设席劳京尹，题诗属上才。遂令鱼共水，由此得和谐。（府尹云）温学士，不枉了高才大手，吟得好诗！赐金钟饮酒，夫人插凤头钗，搽官定粉。（旦喜科，云）学士，这多亏了你也！（正末云）夫人，我温峤何如？（府尹云）夫人，你肯依随学士么？（旦云）妾身愿随学士。（府尹云）既然夫人一心依随学士，老夫即当奏过官里，再准备一个庆喜的筵席。（正末唱）。","chinese-poetry",""
"温太真玉镜台・鸳鸯煞","元","关汉卿","从今后姻缘注定姻缘簿，相思还彻相思苦。剩道连理欢浓，于飞愿足。可怜你窈窕巫娥，不负了多情宋玉。则这琴曲诗篇吟和处，风流句，须不是我故意亏图，成就了那朝云和暮雨。","chinese-poetry",""
"风雨像生货郎旦・赚煞","元","无名氏","气勃勃堵住我喉咙，骨噜噜潮上痰涎沫。气的我死没腾软瘫做一垛，拘不定精神衣怎脱，四肢沉寸步难那。若非是小孤撮，叫我一声娘呵，兀的不怨恨冲天气杀我。你没事把我救活，可也合自知其过，你守着业尸骸学庄子鼓盆歌。(死科，下)(李彦和悲科，云)我那大嫂也！(外旦云)李彦和，你张着口号甚的？有便置，没便弃。(李彦和云)这是甚么说话！大嫂亡逝已过，便须高原选地，破木造棺，埋殡他入土。大嫂，只被你痛杀我也！(下)(外旦云)这也是我脚迹儿好处，一入门先妨杀了他大老婆，何等自在，何等快活。那李彦和虽然娶了我，不知我心下只不喜他。想那魏邦彦，这些时也来家了。我如今暗地里央着人去，与他说知，这早晚敢待来也。(净上，云)自家魏邦彦的便是。前月打差便去，叵耐张玉娥无礼，投到我来家，早嫁了别人。如今又使人来寻我，不知有甚么事？我见他去，此间就是。家里有人么？(外旦出见净科，云)你来家里来。(净云)敢不中么？(外旦云)不妨事。(净云)你嫁了人唤我怎的？(外旦云)我和你有说的话。(净云)有甚么说话？(外旦取砌末付净科，云)我虽是嫁了他，心中只是想着你。我如今收拾些金银财宝，悄地交付了你，可便先到洛河边，寻下一只小船。等着我在家点起一把火，烧了他房子，俺同他躲到洛河边，你便假做梢公，载俺上船。到的河中间，你将李彦和推在河里，把三姑和那小厮，也都勒死了，咱两个长远做夫妻，可不好那？(净云)你那是我老婆，就是我的娘哩。我先去在洛河边等你，明日早些儿来。(下)(外旦云)魏邦彦去了也。我如今不免点火去。在这房后边，放起火来。(诗云)那怕他物盛财丰，顷刻间早已成空。这一把无情毒火，岂非是没毛大虫？(下)。","chinese-poetry",""
"风雨像生货郎旦・雁儿落","元","无名氏","只管里絮叨叨没了收，气扑扑寻敌斗。有多少家乔断案，只是骂贼禽兽。","chinese-poetry",""
"风雨像生货郎旦・殿前欢","元","无名氏","这一片水悠悠，急忙里觅不出钓鱼舟。虚飘飘恩爱难成就，怕不的锦鸳鸯立化做轻鸥。他、他、他，趁西风卒未休，把你来推落在水中浮，(外旦云)他自吃醉了，这等脚高步低，立也立不住，干我甚么事，说我推他？要你来嚼舌！(副旦唱)抵多少酒淹湿春衫袖。(李彦和云)这里水浅，自过去了罢。(副旦唱)现淹的眼黄眼黑，你尚兀自东见东流。(净扮梢公上，云)官人，娘子，我这里是摆渡的船，你每快上来。(外旦和净打手势科)(副旦云)哥哥，你休上船去。这婆娘眼脑不好，敢是他约着的汉子哩！(做扯李科)(李彦和云)你放手，不妨事。我上的这船来，自有分晓。(净推李下河)(副旦扯住净)(净勒杀副旦科)(丑扮梢公上救，喊云)拿住这杀人贼！(副旦揪住丑云)有杀人贼！(净同外旦走斗)(丑云)苦也娘子，不干我事。勒杀你的是那个梢公，他走了也。我是来救你的，你休认差了也。(副旦唱)。","chinese-poetry",""
"风雨像生货郎旦・鸳鸯尾煞","元","无名氏","乞与你不痛亲父母行施恩厚，我扶侍义养儿使长多生受。你途路上驱驰，我村疃里淹留。畅道你父亲此地身亡，你是必牢记着这日头。大厮八做个周年，分甚么前和后。那时节遥望着西楼，与你爷烧一陌儿纸，看一卷儿经，奠一杯儿酒。(同孛老下)(孤云)那老儿领着妇人去了。老夫也引着这孩儿抱上马，还我私宅中去来。(下)(丑哭科，云)好苦恼子也！只一个妇人，领着个小的，几乎被人勒杀。恰好撞见我，我救了他性命。他又把这个小的卖与那个官人，那个官人又将他那个小的领着去了。这等孤孤凄凄，怎教我不要伤感？(做跌倒起科，云)呸！可干我甚么事？(诗云)随他自卖男，随他自认女。我只去做梢公，不管风和雨。(下)。","chinese-poetry",""
"风雨像生货郎旦・正宫/端正好","元","无名氏","口角头饿成疮，脚心里踏成趼，行一步似火燎油煎。记的那洛河岸一似亡家犬，拿住俺将麻绳缠。","chinese-poetry",""
"风雨像生货郎旦・滚绣球","元","无名氏","见一个旋风儿在这榆柳园，古道边，足律律往来打转，刮的些纸钱灰飞到跟前。是神祗，是圣贤，你也好随时呈变，居庙堂索受香烟。可知道今世里令史每都挝钞，和这古庙里泥神也爱钱，怎能勾达道升仙？。","chinese-poetry",""
"风雨像生货郎旦・幺篇","元","无名氏","对着你咒愿，休将我顾恋。有一日拿住奸夫，摄到三姑，替你通传。非足我不意专，不意坚，搜寻不见，是早起店儿里吃羹汤不曾浇奠。(李彦和云)三姑，我不曾死，我是人。(副旦云)你是人呵，我叫你，你应的一声高似一声；是鬼呵，一声低似一声。(叫科)李彦和哥哥！(李彦和做应科)(三唤)(做低应科)(副旦云)有鬼也！(李彦和云)我斗你耍来。(做打悲、认科)(李彦和云)三姑，我的孩儿春郎，那里去了也。(副旦云)没的饭食养活他，是我卖了也。(李彦和做悲科，云)原来是你卖了，知他如今死的活的？可不痛杀我也！你如今做甚么活计？穿的衣服，这等新鲜，全然不像个没饭吃的，你可对我说。(副旦云)我唱货郎儿为生。(李彦和做怒科云)兀的不气杀我也！我是甚么人家？我是有名的财主。谁不知道李彦和名儿？你如今唱货郎儿，可不辱没杀我也！(做跌倒)(副旦扶起科，云)休烦恼，我便辱没杀你。哥哥，你如今做甚么买卖？(李彦和云)我与人家看牛哩，不比你这唱货郎的生涯这等下贱。(副旦唱)。","chinese-poetry",""
"风雨像生货郎旦・随尾","元","无名氏","袄庙火，宿世缘，牵牛织女长生愿。多管为残花几片，误刘晨迷入武陵源。(同下)。","chinese-poetry",""
"风雨像生货郎旦・梁州第七","元","无名氏","正遇着美遨游融和的天气，更兼着没烦恼丰稔的年时。有谁人不想快平生志。都只待高张绣幕，都只待烂醉金卮。我本是穷乡寡妇，没甚的艳色矫姿。又不会卖风流弄粉调脂，又不会按宫商品竹弹丝。无过是赶几处沸腾腾热闹场儿，摇几下桑琅琅蛇皮鼓儿，唱几句韵悠悠信口腔儿。一诗，一词。都是些人间新近希奇事，扭捏来无诠次。倒也会动的人心谐的耳，都一般喜笑孜孜。","chinese-poetry",""
"风雨像生货郎旦・煞尾","元","无名氏","我只道他州他府潜逃匿，今世今生没见期。又谁知冤家偏撞着冤家对。(净云)原来这就是李春郎，这就是张三姑。当日勒他不死，就该有今日的晦气了。(做叩头科，云)大人，可怜见，饶了我老头儿罢。这都是我少年间不晓事，做这等勾当。如今老了，一口长斋，只是念佛。不要说杀人，便是苍蝇也不敢拍杀一个。况是你一家老小现在，我当真谋杀了那一个来？可怜见，放赦了老头儿罢。(外旦云)你这叫化头，讨饶怎的？我和你开着眼做，合着眼受，不如早早死了，生则同衾，死则共穴，在黄泉底下，做一对永远夫妻，有甚么不快活？(副旦唱)你也再没的怨谁，我也断没的饶伊。(小末斩净、外旦科，下)(副旦唱)要与那亡过的娘亲现报在我眼儿里。(李彦和云)今日个天赐俺父子重完，合当杀羊造酒，做个庆喜的筵席。孩儿，你听者。(词云)这都是我少年间误作差为，娶匪妓当局者迷。一碗饭二匙难并，气死我儿女夫妻。泼烟花盗财放火，与奸夫背地偷期。扮船家阴图害命，整十载财散人离。又谁知苍天有眼，偏争他来早来迟。到今日冤冤相报，解愁眉顿作欢眉。喜骨肉团圆聚会，理当做庆贺筵席。","chinese-poetry",""
"刘晨阮肇误入桃源・幺篇","元","王子一","真乃是重色不重贤，度人不度己。使的这牛表、沙三、伴哥、王留，唱叫扬疾。走将来手便棰，脚便踢，将咱忤逆，这的是孩儿每孝当竭力。(云)我是刘晨，同兄弟阮肇去春上天台山采药，今年归家。你是何人，倒来打我？(净云)你这两个面生可疑之人，我那里认的？你快去！快去！(正末唱)。","chinese-poetry",""
"刘晨阮肇误入桃源・赚煞","元","王子一","投至的山上采芝回，早难道江上踏青罢，眼见得路迢遥芒鞋邋遢。抵多少古道西风鞭瘦马，叹明朝回首天涯。谩嗟呀，那里也出入通达，不觉的枯木寒烟噪晚鸦。望青山那搭，红轮直下，兀的是白云深处有人家。(同阮下)。","chinese-poetry",""
"刘晨阮肇误入桃源・正宫/端正好","元","王子一","风力紧羽衣轻，露华湿乌巾重。我本为厌红尘跳出樊笼，只待要拨开云雾丘陇，身世外无擒纵。","chinese-poetry",""
"刘晨阮肇误入桃源・滚绣球","元","王子一","水呵莫不黄河天上来？花呵莫不碧桃天上种？水呵索强如翠岩前三千丈玉泉飞进，花呵干闪下闹西园一队队课蜜游蜂。水呵则是弥漫三月雨，花呵可惜狼藉一夜风。水呵近沧波濯尘缨一溪光莹，花呵性轻薄乱飘零枉费春工。水呵抵多少长江后浪催前浪，花呵早则一片西飞一片东，岁月匆匆。","chinese-poetry",""
"刘晨阮肇误入桃源・叨叨令","元","王子一","记不的轩辕一枕华胥梦，学不的淳于一枕南柯梦，盼不的文王一枕非熊梦，成不的庄周一枕蝴蝶梦。倒大来福分也么哥，倒大来福分也么哥，恰做了襄王一枕高唐梦。","chinese-poetry",""
"刘晨阮肇误入桃源・二煞","元","王子一","现如今桃源好结缡，问甚么瓜田不纳履，我和他武陵溪畔曾相识。寂寞了十二阑瑶台仙子吹箫伴，迢递了五百里芳草王孙去路迷。阑珊了三千年王母蟠桃会，生疏了日边蓖翠鸾丹凤，冷落丁云外鸣玉犬金鸡。","chinese-poetry",""
"刘晨阮肇误入桃源・随煞尾","元","王子一","色笼葱光潋滟，山环水绕天台洞。势周旋，形曲折，虎踞龙盘仙子宫。本意闲寻采药翁，谁想桃源一径通。谩叹人生似转蓬，犹恐相逢是梦中。月满兰房夜未扃，人在珠帘第几重。结煞同心心已同，绾就合欢欢正浓。焚尽金炉宝篆空，烧罢银台烛影红。身在天台花树丛，梦入阳台云雨踪。准备着凤枕鸳衾玉人共，成就了年少风流志诚种。(同下)。","chinese-poetry",""
"刘晨阮肇误入桃源・迎仙客","元","王子一","下坡如投地阱，蓦岭似上天梯，这的是蝴蝶梦中家万里。不甫能雨才收，没揣的风又起。似这般风雨凄凄，早难道迟日江山丽。","chinese-poetry",""
"刘晨阮肇误入桃源・红绣鞋","元","王子一","见了这三五搭人家稀密，过了这百千重山路逶迤，那里也新郎归去马如飞。愁的是林深禽语碎，怕的是路远客行迟，呀！却原来鹧鸪啼烟树里。","chinese-poetry",""
"刘晨阮肇误入桃源・普天乐","元","王子一","曾得个几星霜，多年岁，为甚么松杉作洞，花木成蹊？往时节将嫩苗跑土栽，今日呵见老树冲天立。见了这景物翻腾非前日，不由人几般儿心下猜疑。修补了颓垣败壁，整顿了明窗净几，改换了茅舍疏篱。","chinese-poetry",""
"刘晨阮肇误入桃源・满庭芳","元","王子一","你道我面生可疑，便待要扬威耀武，也合问姓甚名谁。那些个吐虹霓三千丈英雄气，全不管长幼尊卑。(净云)我父亲刘弘在日，尝说老爷刘晨，上天台山采药不归，到今百余年，知他是狼餐豹食？你还提他则甚？(正末唱)你道我上天台狼餐豹食，谁想我入桃源雨约云期。休得要夸强会，瞒神吓鬼，大古里人善得人欺。","chinese-poetry",""
"刘晨阮肇误入桃源・耍孩儿","元","王子一","方信道洞天深处非人世，包藏着云纵雨迹。(带云)我想临行之时，(唱)怎将断肠诗句赠别离，分明是漏泄与肉眼愚眉。他道花当洞口应长在，水到人间定不回。参透了其中意，本是个神仙境界，错认做裙带衣食。","chinese-poetry",""
"刘晨阮肇误入桃源・五煞","元","王子一","我受用淡氤氲香喷鹊尾炉，光潋滟酒倾蕉叶杯。脚趔趄佳人锦瑟傍边立，醉疏狂闲吟夜月诗千首，眼迷希细看春风玉一围。到今日归何地？想杀我龙肝凤髓，害杀我螓首蛾眉。","chinese-poetry",""
"刘晨阮肇误入桃源・三煞","元","王子一","他那里一壶天地宽，两轮日月迟，不比这彩云易散琉璃脆。但不知别来仙子今何在，从今后逢着仙翁莫看棋。回首更人世，我只怕泰山石烂，沧海尘飞。","chinese-poetry",""
"刘晨阮肇误入桃源・尾煞","元","王子一","折末你奔关山千百重，进程途一万里。我则怕春光去了难寻觅，(云)兄弟，咱和你去来。(唱)趁着这几瓣桃花半溪水。(同阮肇下)。","chinese-poetry",""
"刘晨阮肇误入桃源・殿前欢","元","王子一","不觉的五魂消，则见这无媒径路草萧萧，急煎煎似上蚰蜒道。一会价心痒难揉，这时节武陵溪怎暗约？桃花片空零落，胡麻饭绝音耗。做了个云迷楚岫，水淹蓝桥。","chinese-poetry",""
"刘晨阮肇误入桃源・雁儿落","元","王子一","也是我一事差百事错，空惹的千人骂万人笑。本则合暮登天子堂，没来由夜宿袄神庙。","chinese-poetry",""
"刘晨阮肇误入桃源・得胜令","元","王子一","这的是人怨语声高，我今日得命也无毛。吉丁当掂碎连环玉，生可擦分开比翼鸟。梦断魂劳，身未到心先到；分浅缘薄，有上梢没下梢。(二末做投崖科)(太白现像，急喝云)刘晨、阮肇，休胡寻思。吾乃上界太白金星。为你二人与桃源仙子有夙世姻缘之分，你前日采药迷路，吾曾化为樵夫，指引入洞。今复来此，迷其旧路，听吾指引。(正末同阮拜科，云)愚民肉眼，不识大仙，只望垂悯，指示前路。(唱)。","chinese-poetry",""
"刘晨阮肇误入桃源・落梅风","元","王子一","过了这苍苔径独木桥，路崎岖寂无人到。刘郎这回归去了，乱山头杜鹃休叫。","chinese-poetry",""
"刘晨阮肇误入桃源・折桂令","元","王子一","依然见桃源洞玉软香娇，一队队美貌相迎，一个个笑脸擎着。今日也鱼水和谐，燕莺成对，琴瑟相调。玉炉中焚宝篆沈烟细袅，绛台上照红妆银蜡高烧。人立妖娆，乐奏箫韶。依旧有翠绕珠围，再成就凤友鸾交。","chinese-poetry",""
"中吕・快活三过朝天子四边静春","元","马谦斋","海棠娇，恰睡足，牡丹香，正开初。只悉春色在须臾，休教燕子衔春去。辇毂，景物，芳草碧重城路。五花娇马七香车，帘挂锦珂鸣玉。箫鼓声中，园林佳处，翠鬟歌红袖舞。近黄公酒垆，诵坡仙乐府，直吃到月转垂杨树。明时难遇，百岁光阴过隙驹。休教辜负，春来春去。榆钱乱舞，难买春光住。夏恰帘前社燕忙，正枝头楚梅黄。当空畏日炽炎光，杨柳阴迷深巷。北堂，草堂，人在羲皇上。亭台潇洒近池塘，睡足思新酿。竹影横斜，荷香飘荡，一襟满意凉。醉乡，艳妆，〔水调〕谁家唱？红尘千丈，岂羡功名纸半张？渔樵闲访，先生豪放，诗狂酒狂，志不在凌烟上。秋芰荷衰，翠影稀。豆花凉，雨声催。谁家砧杵捣寒衣？万物皆秋意。燕归，雁飞，霜染芙蓉醉。长江万里鲈正肥，谩忆家乡味。啸月吟情，凌云豪气，岂当怀宋玉悲！赏风光帝里，贺恩波凤池，喜生在唐虞世。香山叠翠，红叶西风衬马蹄。重阳佳致，千金曾费。黄橙绿醅，烂醉登高会。冬李陵台，草尽枯。燕然山，雪平铺。朔风吹冷到天衢，怒吼千林木。玉壶，画图，费尽江山句。苍髯脱玉翠光浮，掩映楼台暮。画阁风流，朱门豪富，酒新香开瓮初。毡帘款簌，橙香缓举，半醉偎红玉。相对红炉，笑遣金钗剪画烛。梅开寒玉，清香时度。何须蹇驴，不必前村去。","chinese-poetry",""
"越调・柳营曲太平即事","元","马谦斋","亲凤塔，住龙沙，天下太平无事也。辞却公衙，别了京华，甘分老农家。傲河阳潘岳栽花，郊东门邵平种瓜。庄前栽果木，山下种桑麻。度岁华，活计老生涯。怀古曾窨约，细评薄，将业兵功非小可。生死存活，成败消磨，战策属谁多？破西川平定干戈，下南交威镇山河。守玉关班定远，标铜柱马伏波。那两个，今日待如何？楚汉遗事楚霸王，汉高皇，龙争虎斗几战场。争弱争强，天丧天亡，成败岂寻常。一个福相催先到咸阳，一个命将衰自刎乌江。江山空寂寞，宫殿久荒凉。君试详，都一枕梦黄粱。叹世手自搓，剑频磨，古来丈夫天下多。青镜摩挲，白首蹉跎，失志困衡窝。有声名谁识廉颇？广才学不用萧何。忙忙的逃海滨，急急的隐山阿。今日个，平地起风波。","chinese-poetry",""
"双调・沉醉东风嘲妓好睡","元","马谦斋","摇不醒鸾交凤友，搬不回燕侣莺俦。莫不是宰予妻，陈抟友？百忙里蝶梦庄周。衲被蒙头万事休，真乃是眠花卧柳。自悟恣瓯内潋滟英掩，瓦盆中渐浅重添。线鸡肥，新ド酽。不须典琴留剑，二顷桑麻足养廉，归去来，长安路险！取富贵青蝇竞血，进功名白蚁争穴。虎狼丛甚日休，是非海何时彻？人我场慢争优劣，免使傍人做话说，咫尺韶华去也。","chinese-poetry",""
"晋文公火烧介子推・幺篇","元","狄君厚","为那娇态，有些颜色，选入宫来。把那虿盆深埋，铜柱牢栽，酒池镌开，肉林安排，损害人材，食啖婴孩，引的四海兵来，戈戟无该。想着纣王兴衰，我王裁划，则为摘星楼把山河败坏。(带云)陛下，(唱)修甚么望月台？(驾云了)(正末唱)戊午日兵来，甲子日成灾。皆因那姜太公妙策奇材，临时间血浸朝歌坏，把座摘星楼变做尘埃。武王伐纣功劳大，一来是神天保护，一来是天地裁排。","chinese-poetry",""
"晋文公火烧介子推・尾","元","狄君厚","你今日道屠杀他这太子不怕难合，(带云)上天生我，上天死我，君王何不可。(唱)我怕甚伏侍君正不到头。哎，众公卿，众宰侯，别人有家私不能勾，有妻男不能守，有功名不能就。宰辅臣僚冒支请受，臣道君昏怎生不奏？骊后心毒，献公出丑。杀的是玉叶金枝，有好榆柳，将凤子龙孙，不如猪狗。你等苍生，真乃禽兽。我已过三十不为夭寿，为主忠心，死而甘受。我博一个万载青名，煞强如教万民咒。(带云)我如今弃了身，弃了命，便死身亡。(唱)问甚您钢刀下烂朽！(带云)割舍了讹言课语，抗敕违宣，(唱)怕甚末金瓜下碎首！(带云)既为臣子，怎敢将主所杀。我将这行仁慈、有道理、忒忠孝的申生，我委实下不得手！。","chinese-poetry",""
"晋文公火烧介子推・南吕/一枝花","元","狄君厚","致令得申生遭罪囚，逼临得重耳私奔走。虽然是骊皇后生嫉妒，哎，你个晋大子也合问缘由。您肯分解个恩仇，赐朝典他甘心受，料东宫一命休。则是刎颈交伤身，难不了这短剑白练药酒。","chinese-poetry",""
"晋文公火烧介子推・梁州第七","元","狄君厚","前家儿功番成罪累，后尧婆恩变为仇。从古至今，前家后继从来有，似这骊后一计，国舅铺谋，暗存着燕侣莺俦，可持请佃他凤阁龙楼。送的个前家儿惹罪遭殃，搬得个亲夫主出乖弄丑，都是后尧婆私事公仇。国舅、太后，君王行两三遍题名儿奏，着自家自等候。交武士金瓜列在我这脑背后，我如何不敢承头？。","chinese-poetry",""
"晋文公火烧介子推・四块玉","元","狄君厚","我从来是个奉善人，那里有杀人的手？竹节也似圣旨催怎敢迟留！至如东宫合死呵，也不合教这明晃晃短剑下亡。(觑砌末，云)若要个完全的尸首，(唱)则合教这长挽挽白练休，(觑砌末，云)太子呵。(唱)你能可眼睁睁服药酒？。","chinese-poetry",""
"晋文公火烧介子推・骂玉郎","元","狄君厚","听太子从头儿说开无虚谬，元来是争社稷结冤仇。则是这三人定的计策，臣也都参透。是君王传的圣旨，骊后定的见识，是贼子施的机彀。(净云了)(正末慌听了)(唱)。","chinese-poetry",""
"晋文公火烧介子推・感皇恩","元","狄君厚","呀，唬的我魂魄悠悠，不提防有人随后。嗨，太子命难逃，微臣也身难躲，那贼汉怒难收。(太子云了)(正末唱)都是贼子奏，奏得您继母焦，焦得您父王愁。","chinese-poetry",""
"晋文公火烧介子推・采茶歌","元","狄君厚","你道他下场头，怎干休？太子呵，则除你一心分破帝王忧。古往今来虽是有，冤冤相报何时休！。","chinese-poetry",""
"晋文公火烧介子推・喜春来","元","狄君厚","你今日修文治国平天下，你如今待演武安邦定杀伐。儿呵，你如今修文演武未通达。(带云)罢，罢，至如你便不成呵，(唱)似我也退朝，准肯将你货与帝王家？。","chinese-poetry",""
"晋文公火烧介子推・迎仙客","元","狄君厚","他道认得咱，不知是准那？(做见科了)(唱)臣道是淮家个客人，元来却足殿下。(重耳做见科)(正末唱)小太子若是但躬身，微臣便该万剐。(重耳做起了)(正末云)东宫安在。(重耳云了)(正末打悲了，唱)东宫元来自刎升遐，晋天子呵，全不怕万载人民骂。","chinese-poetry",""
"晋文公火烧介子推・红绣鞋","元","狄君厚","受了他五七日心惊胆怕，不似这两三程行得人力尽身乏，(太子云了)(正末唱)望见兀那野烟起处有人家。(带云)太子共我绝粮三日，我每日割着身上肉，推做山林内拾得野物肉，与太子充饥，他有一日为君呵，(唱)至如他心亏负我，我须是割股劝着他。(太子云了)(到山中了)(正末唱)深山里绝饿杀。","chinese-poetry",""
"晋文公火烧介子推・朝天子","元","狄君厚","百忙里让咱，猛然的见他，不由我吃忒忒心头怕。(太子云了)(正末唱)太子问臣声唤做其那，有几处热疖坏疮发。(太子云了)(正末唱)微臣里忍痛难禁，声疼不罢，(太子云了)(正末唱)太子呵，臣这疼痛如刀扎。(太子云了)(正末唱)你又待损剐、损剐些肉咱。(太子云了)(正末唱)你直待咽咬煞微臣罢。","chinese-poetry",""
"晋文公火烧介子推・耍孩儿","元","狄君厚","哭啼啼诉不尽别离话，(太子云了)(正末唱)你与我疾忙上马。你一程程乘骑去他邦，我则索慢慢的步石自还家。他那里伤心去路何时尽，我这里含恨归程知他几日是家。(太子云了)(正末唱)赤紧的您父子无投机活，可知道风云气少，那里问儿女情多！。","chinese-poetry",""
"晋文公火烧介子推・三煞","元","狄君厚","今世里父贤子不孝，子孝父不达。这的是父不父、子不子，伤厂风化。我如今有儿无儿皆如此，(太子云了)(正末唱)你今日有爷无爷争甚那！谢楚大夫相提拔，太子为晋唐枝叶，皆是你齐楚根芽。","chinese-poetry",""
"晋文公火烧介子推・二煞","元","狄君厚","太子呵，想必那春申君抬举你，(太子云了)(正末唱)你见那孟尝君随顺他。若是君权向那客舍里权安插，俺便似山川困虎生刚巨，(太子云)(正末唱)你便似浅水蛟龙奋爪牙。(太子云了)(正末唱)怎肯教骊姬贼子请了天下。太子呵，直等的先皇晏驾，那其间便起征伐。","chinese-poetry",""
"晋文公火烧介子推・煞尾","元","狄君厚","太子呵，你若是报不得母、雪不得兄，你便空破了国。我若是借不得母、埋不得儿，我便是白丧了家。你若是雪不得冤、报不得恨，则恁地空干罢！太子呵，你便是治不得国，我便是齐不得家，吡，枉教人唾骂杀。","chinese-poetry",""
"晋文公火烧介子推・小桃红","元","狄君厚","小人向虎狼丛里过了三旬，每日负力担柴薪，教俺稚子山妻得安遁。(驾云了)(正末唱)我不知你笑那深山里玉堂臣，他向那浓烟烈焰里成灰烬。(驾云了)(正末唱)为甚俺这樵夫得脱身无事？他皇天有信，从来不负俺这苦辛人。","chinese-poetry",""
"晋文公火烧介子推・收尾","元","狄君厚","不争你个晋文公烈火把功臣尽，枉惹得万万载朝廷议论。常想赵盾捧车轮，也不似你个当今帝王狠。","chinese-poetry",""
"李亚仙花酒曲江池・赚煞","元","石君宝","往常我回雪态舞按柳腰肢，遏云声歌尽桃花扇，从今后席上尊前腼腆。(末云)就将小生的马，送大姐回去。请上马。(做递鞭科)(正旦唱)更做道如今颠倒颠，落的女娘每倒接了丝鞭。(末云)小生多备些钱，送与妈妈，必然容允。(正旦唱)咱既然结姻缘，又何须置酒张筵？虽然那爱钞的虔婆他可也难恕免。争奈我心坚石穿，准备着从良弃贱，我则索你个正腔钱，省了你那买闲钱。(下)(末梅香张千随下)(净云)你看，郑舍随着姨姨去了也，我和你明日将些酒礼，与他作贺去来。(净、外旦同下)。","chinese-poetry",""
"李亚仙花酒曲江池・南吕/一枝花","元","石君宝","俺娘眼上带一对乖，心内隐着十分狠；脸上生那歹斗毛，手内有那握刀纹。狠的来世上绝伦，下死手，无分寸。眼又尖，手又紧。他拳起处又早着昏，那郎君呵，不带伤必然内损。","chinese-poetry",""
"李亚仙花酒曲江池・梁州第七","元","石君宝","俺娘呵，则是个吃人脑的风流太岁，剥人皮的娘子丧门。油头粉面敲人棍，笑里刀剐皮割肉，绵里针剔髓挑筋。娘使尽虚心冷气，女着些带耍连真，总饶你便通天彻地的郎君，也不彀三朝五日遭瘟。则俺那爱钱娘扮出个凶神，卖笑女伴了些死人，有情郎便是那冤魂。俺娘钱亲钞紧，女心里憎恶娘亲近，娘爱的女不顺。娘爱的郎君个个村，女爱的却无银。","chinese-poetry",""
"李亚仙花酒曲江池・隔尾","元","石君宝","你道是无钱的子弟那里迎丧殡，(云)你兀自戏说哩，(唱)这须是你爱钱的虔婆送了人。(卜儿云)这亡化的，不知是婆娘，是汉子？(正旦唱)那亡化的婆娘不须你问。(卜儿云)不知他偌大年纪了？(正旦唱)多管是未及到五旬。(卜儿云)为甚的无个亲眷那？(正旦唱)你道为甚的无个六亲。(卜儿云)不知害甚么病死了那？(正旦唱)想则为那苦克瞒心钞儿上紧。(卜儿云)兀的不就是那郑元和？是谁家死了人，要郑元和在那里啼哭？(正旦唱)。","chinese-poetry",""
"李亚仙花酒曲江池・感皇恩","元","石君宝","你死的来不着家坟，撇的我那里终身？(做叫科，云)元和，请起波，请起波。(唱)谁着你恋莺花，轻性命，丧风尘。(末做醒科，云)哎呀！醒便醒了，怎么捱的这等疼那。(正旦唱)他道是元和醒也，这的便子弟还魂。(正末做惊复倒科)(正旦云)元和，是我在此。(正末做起科，云)姐姐，你不怕旁人耻笑，妈儿嗔怒，俺家爷爷怪恨那？(正旦唱)我也怎怕的旁人笑，劣母嗔，你爹恨！。","chinese-poetry",""
"李亚仙花酒曲江池・采茶歌","元","石君宝","我怕你死在逡巡，抛在荆榛，又则怕傍人夺了你个俊郎君。(末云)你妈儿利害哩！(正旦云)俺娘便利害呵，(唱)我也则是一度愁来一度忍。(末云)俺家爹爹打的我苦也！(正旦唱)你爹打呵，谁教你唱一年春尽一年春！。","chinese-poetry",""
"李亚仙花酒曲江池・黄钟煞","元","石君宝","则是个闷番子弟粗桑棍。(云)系着这条舞旋旋的裙儿，也不是裙儿，(唱)则是个缠杀郎君湿布袍。接郎君分外勤，赶郎君何太狠！常言道娘慈悲，女孝顺；你不仁，我生忿。到家里决撒喷，你看我寻个自尽，觅个自刎，官司知，决然问。问一番，拷一顿。官人行，怎亲近。令史每，无投奔。我着你哭啼啼带着锁，披着枷，恁时分，(云)走到衙门前，古堆邦坐的。有人问，妈妈你为甚么来，送了这孤寒的老身？妈妈道，这都是那生忿的小贱人送了我也！(唱)我直着你梦撒了撩丁，倒折了本。(卜儿拖正旦下)(末云)那虔婆好狠也，李亚仙好忍也，我郑元和好苦也，适才亚仙在此，尽有顾盼小生之意，争奈被他虔婆逼勒去了，单留小生一个，又是打伤的人，那里讨碗饭吃？(叹科，诗云)可堪老鸨太无恩，撇下孤贫半死身。仔细思量无活计，不如仍还去唱""一年春尽一年春。""(下)。","chinese-poetry",""
"李亚仙花酒曲江池・满庭芳","元","石君宝","哎，怎不教你元和猛惊，那里是虔婆到也，分明是子弟灾星。这一场唱叫无干净，死去波好好先生。(卜儿做见科，云)呀，那叫化头，你又来怎的？(净再做咳嗽科)(卜儿云)这个是赵牛筋，我家须不是卑田院，怎么将这叫化的都收拾我家来了？(正旦唱)罢波，你实拿住风月所和奸罪名，检着这乐章集依法施行，常拚着枷稍上长钉钉，你只问临川县令，可不道惺惺的自古惜惺惺。","chinese-poetry",""
"李亚仙花酒曲江池・耍孩儿","元","石君宝","虽不曾把黄金堆到北斗杓儿柄，也做的过家私叠等，只为你虚心假意会劳承，赚的他囊橐如冰。(带云)他有钱呵，(唱)一家儿簇捧做胸前肉；(带云)他没钱呵，(唱)半合儿憎嫌做眼内钉，早把倒宅计安排定。只为些蝇头微利，蹬脱子我锦片前程。(卜儿云)你看这等锦绣帏翡翠屏，是留得叫化子睡的？(正旦唱)。","chinese-poetry",""
"李亚仙花酒曲江池・三煞","元","石君宝","卖弄甚锦绣帏翡翠屏，则他这瓦罐儿早打破在你姻脂井。他便能飞也飞不出千重网，便会跳也跳不过万丈坑，郑元和亲身证。(卜儿云)你这小贱人，还不赶他出去？要讨打哩！(正旦唱)你就将他赶离后院，少不的我也哭倒长城。","chinese-poetry",""
"李亚仙花酒曲江池・二煞","元","石君宝","我和他埋时一处埋，生时一处生。任凭你恶叉白赖寻争竞，常拚个同归青冢抛金缕，更休想重上红楼理玉筝。非是我夸清正，只为他星前月下，亲曾设海誓山盟。","chinese-poetry",""
"李亚仙花酒曲江池・雁儿落","元","石君宝","俺如今有过活，你兀自难存坐。哎，你个卑田院老教头，(云)你认的我么？(净云)奶奶你是谁？(正旦唱)我便是鸣珂巷陪钱货。","chinese-poetry",""
"李亚仙花酒曲江池・得胜令","元","石君宝","你可认的那旧家计郑元和？(末见科，云)夫人，他是谁那？(正旦唱)他是你同伴的老哥哥。不争你那地塌下摇铃子，对着这衙厅上教演他唱挽歌。这般样村呵，你道是不快俺风尘过，休波倚仗着门前桃李多。","chinese-poetry",""
"李亚仙花酒曲江池・鸳鸯煞","元","石君宝","从今后把并头花蕊甘生锉，同心搂带拚教割。这的是万古纲常，众口评跋。畅道罪逆滔天，何时解脱？(做对末拜科，云)相公，妾今日怎么爱惜得一死？人都道郑元和死为辱子，也只由的李亚仙；生为逆子，也只由的李亚仙。(唱)都为我泼贱烟花，把你个名儿污。不由不奔井投河，便封我到一品夫人，也荣耀不的我。","chinese-poetry",""
"双调・沉醉东风","元","张养浩","蔬圃莲池药阑，石田茅屋柴关。俺这里花发的疾，溪流的慢，绰然亭别是人间。对着这万顷风烟四面山，因此上功名意懒！班定远飘零玉关，楚灵均憔悴江干。李斯有黄犬悲，陆机有华亭叹，张柬之老来遭难。把个苏子瞻长流了四五番，因此上功名意懒！昨日颜如渥丹，今朝鬓发斑斑。恰才桃李春，又早桑榆晚，断送了古人何限？只为天地无情乐事悭，因此上功名意懒！郭子仪功威吐蕃，李太白书骇南蛮。房玄龄经济才，尉敬德英雄汉，魏徵般敢言直谏。这的每都不满高人一笑看，因此上功名意懒！苫茅屋白云数间，睡芸窗红日三竿。远近村，高低涧，把人我是非遮断。阆苑蓬莱咫尺间，因此上功名意懒！万言策长沙不还，六韬书云梦空叹。只为他进身的疾，收心的晚，终不免有许多忧患。见了些无下梢从前玉笋班，因此上功名意懒！笔砚琴书座间，松筠梅菊江干。欢有余，春无限，绰然亭只疑在天上。万事无心一钓竿，因此上功名意懒。寄阅世道人侯和卿披一领熬日月耐风霜道袍，系一条锁心猿拴意马环绦。穿一对圣僧鞋，带一顶温公帽，一心敬奉三教。休指望做神仙上九霄，只落得无是非清闲到老。","chinese-poetry",""
"双调・沉醉东风","元","钟嗣成","听不厌鸾笙象板，看不足凤髻蝉鬟。按不住刺史狂，学不得司空惯，常不教粉吝红悭。若不把群花恣意看，饱不了平生饿眼。","chinese-poetry",""
"双调・沉醉东风","元","兰楚芳","金机响空闻玉梭，粉墙高似隔银河。闲绣床，纱窗下过，佯咳嗽喷绒香唾。频唤梅香为甚么？则要他认的那声音儿是我。","chinese-poetry",""
"双调・沉醉东风","元","一分儿","红叶落火龙褪甲，青松枯怪蟒张牙。可咏题，堪描画，喜觥筹席上交杂。答剌苏频斟入礼厮麻，不醉呵休扶上马。","chinese-poetry",""
"双调・折桂令咏西域吉诚甫","元","钟嗣成","是梨园一点文星，西土储英，中夏扬名。胸次天诚，口角河倾，席上风生。吞学海波澜万顷，战词坛甲胄千兵。律按玑衡，声应和铃，乐奏英茎。","chinese-poetry",""
"双调・清江引","元","钟嗣成","采薇首阳空忍饥，枉了争闲气。试问屈原醒，争似渊明醉？早寻个稳便处闲坐地。伯牙去寻钟子期，讲论琴中意。高山流水声，谁是知音的？早寻个稳便处闲坐地。五湖去来越范蠡，甘作烟波计。功成心自闲，名遂心先退，早寻个稳便处闲坐地。楚狂接舆歌凤兮，见人忙回避。固知势利心，岂识高贤意？早寻个稳便处闲坐地。到头那知谁是谁，倏忽人间世。百年有限身，三寸元阳气，早寻个稳便处闲坐地。秀才饱学一肚皮，要占登科记。假饶七步才，未到三公位，早寻个稳便处闲坐地。古今尽成闲是非，翻覆兴和废。休夸韩信功，谩说陈平智，早寻个稳便处闲坐地。凤凰燕雀一处飞，玉石俱同类。分甚高共低，辨甚真和伪？早寻个稳便处闲坐地。道人淡然心似灰，酒色俱无意。绝交鹦鹉杯，退佃鸳鸯被，早寻个稳便处闲坐地。利各假饶争到底，争得成何济。谁为刎颈交，那是安窠计？早寻个稳便处闲坐地。","chinese-poetry",""
"双调・清江引","元","赵显宏","少年身正值着春暮月，宴赏无明夜。一任锦囊空，不放金杯歇，明日落红多去也。纱窗外杜鹃声更切，啼满枝头血。离人哽咽时，风雨凄凉夜，明日落红多去也。","chinese-poetry",""
"双调・清江引","元","曹德","长门柳丝千万结，风起花如雪。离别复离别，攀折更攀折，若无多旧时枝叶也。长门柳丝千万缕，总是伤心树。行人折嫩条，燕子衔轻絮，都不由风城春做主。","chinese-poetry",""
"双调・清江引","元","刘婆惜","青青子儿枝上结，引惹人攀折。其中全子仁，就里滋味别，只为你酸留意儿难弃舍。","chinese-poetry",""
"双调・清江引","元","杨朝英","秋深最好是枫树叶，染透猩猩血。风酿楚天秋，霜浸吴江月，明日落红多去也。","chinese-poetry",""
"双调・清江引","元","刘时中","春光荏苒如梦蝶，春去繁华歇。风雨两无情，庭院三更夜，明日落红多去也。","chinese-poetry",""
"双调・清江引情","元","钟嗣成","夜长四壁人静悄，强把屏山靠。囗路楚云深，有梦无著落，俏魂灵险些儿干送了。夜长怎生得睡着，万感萦怀抱。伴人瘦影儿，惟有孤灯照，长吁气一声吹灭了。昨先话儿说到底，今日都翻悔。直恁铁心肠，不管人憔悴，下场头送了我都是你。","chinese-poetry",""
"南吕・一枝花自序丑斋","元","钟嗣成","生居天地间，禀受阴阳气。既为男子体，须入世俗机。所事堪宜，件件可咱家意。子为评跋上惹是非。折莫旧友新知，才见了着人笑起。","chinese-poetry",""
"梁州・子为外貌儿不中抬举，因此内才儿不得便宜。半生未得文章力，空","元","钟嗣成","自胸藏锦绣，口唾珠玑。争奈灰容土貌，缺齿重颏，更兼着细眼单眉，人中短髭鬓稀稀。那里取陈平般冠玉精神，何晏般风流面皮，那里取潘安般俊俏容仪？自知，就里。清晨倦把青鸾对，恨煞爷娘不争气。有一日黄榜招收丑陋的，准拟夺魁。","chinese-poetry",""
"隔尾・有时节软乌纱抓扎起钻天髻，干皂靴出落着簌地衣。向晚乘闲后门","元","钟嗣成","立，猛可地笑起。似一个甚的？恰便似现世钟馗唬不杀鬼。","chinese-poetry",""
"隔尾・写神的要得丹青意，子怕你巧笔难传造化机。不打草两般儿可同类。","元","钟嗣成","法刀鞘依着格式，妆鬼的添上嘴鼻，眼巧何须样子比。","chinese-poetry",""
"收尾・常记得半窗夜雨灯初昧，一枕秋风梦未回。见一人，请相会，道咱","元","钟嗣成","家，必高贵。既通儒，又通吏，既通疏，更精细。一时间，失商议，既成形，悔不及。子教你，请俸给，子孙多，夫妇宜。货财充，仓廪实，禄福增，寿算齐。我特来，告你知，暂相别，恕情罪。叹息了几声，懊悔了一会。觉来时记得，记得他是谁？原来是不做美当年的捏胎鬼。","chinese-poetry",""
"正宫・叨叨令叹世","元","杨朝英","想他腰金衣紫青云路，笑俺烧丹炼药修行处。俺笑他封妻荫子叨天禄，不如我逍遥散诞茅庵住。倒大来快活也末哥，倒大来快活也末哥，那里也龙韬虎略擎天柱。昨日苍鹰黄犬齐飞放，今日单鞭羸马江南丧。他待学欺君罔上曹丞相，不如俺葛巾漉酒陶元亮。倒大来快活也末哥，倒大来快活也末哥，渔翁把盏樵夫唱。","chinese-poetry",""
"商调・梧叶儿客中闻雨","元","杨朝英","檐头溜，窗外声，直响到天明。滴得人心碎，聒得人梦怎成。夜雨好无情，不道我愁人怕听。戏贾观音奴庞儿俊，更喜恰，堪咏又堪夸。得空便处风流话，没人处再敢么。救苦难俏冤家，有吴道子应难画他。","chinese-poetry",""
"越调・小桃红题写韵轩","元","杨朝英","当年相遇月明中，一见情缘重。谁想仙凡隔春梦，杳无踪，凌风跨虎归仙洞。今人不见，天孙标致，依旧笑春风。","chinese-poetry",""
"双调・得胜令","元","杨朝英","日日醉红楼，归来五更头。问著诸般讳，揪ㄎ不害羞。敲头，敢设个牙疼咒。揪揪，揪得来不待揪。庭院正无聊，单枕拥鲛绡。细雨和愁种，孤灯带梦烧。难熬，促织儿窗前叫。焦焦，焦得来不待焦。花影下重檐，沉烟袅绣帘。人去青鸾杳，春娇酒病厌。眉尖。常锁伤春怨。タタ，タ得来不待タ。一笑自生娇，春风兰麝飘。夜月红牙按，青螺双凤高。妖娆，那里有惹多俏。嚣嚣，嚣得来不待嚣。","chinese-poetry",""
"双调・得胜令","元","张可久","银烛照黄昏，金屋贮佳人。酒醉三更后，花融一夜春。恩情，怕有些儿困。亲亲，亲得来不待亲。","chinese-poetry",""
"双调・殿前欢和阿里西瑛韵","元","杨朝英","白云窝，樵童斟酒牧童歌。醉时林下和衣卧，半世磨陀。富和贫争甚么？自有闲功课，共野叟闲吟和。呵呵笑我，我笑呵呵。白云窝，闲赊村酒杖藜拖。乐天知命随缘过，尽自婆娑。任风涛万丈波，难著莫，醉里乾坤大。呵呵笑我，我笑呵呵。白云窝，浮云富贵待如何？闲时膝上横琴坐，半世磨陀。待为□□甚么，无著莫，把世事都参破。呵呵笑我，我笑呵呵。白云窝，天边乌兔似飞梭。安贫守己窝中坐，尽自磨陀。教顽童做过活，到大来无灾祸。园中瓜里，门外田禾。白云窝，守著个知音知律俏奴哥。醉时鸳帐同衾卧，两意谐和。尽今生我共他，有句话闲提破。花前对饮，月下高歌。","chinese-poetry",""
"双调・雁儿落过得胜令落花","元","杨朝英","惜残红惜嫩红，如晓梦如春梦。寂寞了金谷园，冷落了桃源洞。错怨五更风，蜂蝶去无踪。一径胭脂重，千机锦绣空。西东，魂返丹山凤。娇容，马嵬坡尘土中。","chinese-poetry",""
"冤报冤赵氏孤儿・幺篇","元","纪君祥","落不的身埋在故丘。(云)公主，我嘱咐你的说话，你牢记者！(旦儿云)妾身知道了也！(赵朔唱)分付了腮边雨泪流，俺一句一回愁；待孩儿他年长后，着与俺这三百口，可兀的报冤仇。(死科，下)(旦儿云)驸马！则被你痛杀我也！(下)(使命云)赵朔用短刀身，亡了也。公主已囚在府中，小官须回主公的话去来。(诗云)西戎当日进神獒，赵家百口命难逃；可怜公主犹囚禁，赵朔能无决短刀！(下)。","chinese-poetry",""
"冤报冤赵氏孤儿・隔尾","元","纪君祥","你道是古来多被奸臣弄，便是圣世何尝没四凶，谁似这万人恨千人赚一人重。他不廉不公，不孝不忠，单只会把赵盾全家杀的个绝了种。(程婴云)老宰辅，幸得皇天有眼，赵氏还未绝种哩！(正末云)他家满门良贱三百余口，诛尽杀绝，便是驸马也被三般朝典短刀自刎了，公主也将裙带缢死了，还有甚么种在那里？(程婴云)那前项的事，老宰辅都已知道，不必说了。近日公主囚禁府中，生下一子，唤做孤儿。这不是赵家是那家的种？但恐屠岸贾得知，又要杀坏，若杀了这一个小的，可不将赵家真绝了种也！(正末云)如今这孤儿却在那里？不知可有人救的出来么？(程婴云)老宰辅既有这点见怜之意，在下敢不实说。公主临亡时，将这孤儿交付与了程婴，着好生照觑他，待到成人长大，与父母报仇雪恨。我程婴抱的这孤儿出门，被韩厥将军要拿的去报与屠岸贾。是程婴数说了一场，那韩厥将军放我出了府门，自刎而亡。如今将的这孤儿无处掩藏，我特来投奔老宰辅。我想宰辅与赵盾元是一殿之臣，必然交厚，怎生可怜见救这个孤儿咱！(正末云)那孤儿今在何处？(程婴云)现在芭棚下哩！(正末云)休惊吓着孤儿，你快抱的来。(程婴做取箱开看科，云)谢天地，小舍人还睡着哩。(正末接科)(唱)。","chinese-poetry",""
"冤报冤赵氏孤儿・三煞","元","纪君祥","这两家做下敌头重。但要访的孤儿有影踪，必然把太严庄上兵围拥，铁桶般密不通风。(云)那屠岸贾拿住了我，高声喝道：老匹夫岂不见三日前出下榜文，偏是你藏下赵氏孤儿。与俺作对，请波请波！(唱)则说老匹大清先入瓮，也须知榜揭处天都动；偏你这罢职归田一老农，公然敢剔蝎撩蜂。","chinese-poetry",""
"冤报冤赵氏孤儿・二煞","元","纪君祥","他把绷扒吊拷般般用，情节根由细细穷；那其间枯皮朽骨难禁痛，少不得从实攀供，可知道你个程婴怕恐。(带云)程婴，你放心者。(唱)我从来一诺似千金重，便将我送上刀山与剑峰，断不做有始无终。","chinese-poetry",""
"冤报冤赵氏孤儿・煞尾","元","纪君祥","凭着赵家枝叶千年永，晋国山河百二雄。显耀英材统军众，威压诸邦尽伏拱；遍拜公卿诉苦衷。祸难当初起下宫，可怜三百口亲丁饮剑锋；刚留得孤苦伶仃一小童，巴到今朝袭父封。提起冤仇泪如涌，要请甚旗牌下九重，早拿出奸臣帅府中，断首分骸祭祖宗，九族全诛不宽纵，恁时节才不负你冒死存孤报主公，便是我也甘心儿葬近要离路旁冢。(下)(程婴云)事势急了，我依旧将这孤儿抱的我家去，将我的孩儿送到太平庄上来。(诗云)甘将自己亲生子，偷换他家赵氏孤；这本程婴义分应该得，只可惜遗累公孙老大夫。(下)。","chinese-poetry",""
"冤报冤赵氏孤儿・驻马听","元","纪君祥","想着我罢职辞朝，曾与赵盾名为刎颈交。(云)这事是谁见来？(屠岸贾云)观有程婴首告着你哩。(正末唱)是那个埋情出告，原来这程婴舌是斩身刀。(云)你杀了赵家满门良贱三百余口，则剩下这孩儿，你又要伤他性命。(唱)你正是狂风偏纵扑天雕，严霜故打枯根草。不争把孤儿又杀坏了。可着他三百口冤仇甚人来报。","chinese-poetry",""
"冤报冤赵氏孤儿・雁儿落","元","纪君祥","是那一个实丕丕将着粗棍敲？打的来痛杀杀精皮掉。我和你狠程婴有甚的仇？却教我老公孙受这般虐。","chinese-poetry",""
"冤报冤赵氏孤儿・水仙子","元","纪君祥","俺二人商议要救这小儿曹。(屠岸贾云)可知道指攀下来也。你说二人，一个是你了，那一个是谁？你实说将出来，我饶你的性命。(正末云)你要我说那一个，我说，我说。(唱)哎！一句话来到我舌尖亡却咽了。(屠岸贾云)程婴。这桩事敢有你么？(程婴云)兀那老头儿，你休妄指平人。(正末云)程婴，你慌怎么？(唱)我怎生把你程婴道，似这般有上梢无下梢。(屠岸贾云)你头里说两个，你怎生这一会儿可说无了？(正末唱)只被你打的来不知一个颠倒。(屠岸贾云)你还不说，我就打死你个老匹夫。(正末唱)遮莫便打的我皮都绽，肉尽销，休想我有半个字儿攀着。","chinese-poetry",""
"冤报冤赵氏孤儿・鸳鸯煞","元","纪君祥","我七旬死后偏何老，这孩儿一岁死后偏知小。俺两个一处身亡，落的个万代名标。我嘱付你个后死的程婴，休别了横亡的赵朔。畅道是光阴过去的疾，冤仇报复的早。将那厮万剐千刀，切莫要轻轻的素放了。","chinese-poetry",""
"冤报冤赵氏孤儿・迎仙客","元","纪君祥","因甚的掩泪珠？(程婴做吁气科)(正末唱)气长吁？我恰才叉定手向前来紧趋伏。(带云)则俺见这壁厢爹爹呵，(唱)忄敞支支恶心烦，勃腾腾生忿怒。(带云)是甚么人敢欺负你来？(唱)我这里低首踌躇。(带云)既然没的人欺负你呵，(唱)那里是话不投机处。","chinese-poetry",""
"冤报冤赵氏孤儿・红绣鞋","元","纪君祥","画着的是青鸦鸦几株桑树，闹炒炒一簇田夫。这一个可磕擦紧扶定一轮车。有-个将瓜捶亲手举，有一个触槐树早身殂，又一个恶犬儿只向着这穿紫的频去扑。","chinese-poetry",""
"冤报冤赵氏孤儿・普天乐","元","纪君祥","听的你说从初，才使我知缘故；空长了我这二十年的岁月，生了我这七尺的身躯。元来自刎的是父亲，自缢的咱老母。说到凄凉伤心处，便是那铁石人也放声啼哭。我拚着生擒那个老匹夫，只要他偿还俺一朝的臣宰。更和那合宅的家属。(云)你不说呵，您孩儿怎生知道。爹爹请坐，受您孩儿几拜。(正末拜科，程婴云)今日成就了你赵家枝叶，送的俺一家儿剪草除根了也。(做哭科)(正末唱)。","chinese-poetry",""
"冤报冤赵氏孤儿・耍孩儿","元","纪君祥","到明朝若与仇人遇，我迎头儿把他当住；也不须别用军和卒。只将咱猿臂轻舒，早提番玉勒雕鞍辔，扯下金花皂盖车，死狗似拖将去。我只问他人心安在，天理何如？。","chinese-poetry",""
"冤报冤赵氏孤儿・一煞","元","纪君祥","摘了他斗来大印一颗，剥了他花来簇几套服；把麻绳背绑在将军柱。把铁钳拔出他斓斑舌；把锥子生跳他贼眼珠，把尖刀细剐他浑身肉，把钢锤敲残他骨髓，把钢铡切掉他头颅。","chinese-poetry",""
"冤报冤赵氏孤儿・正宫/端正好","元","纪君祥","也不索列兵卒，排军将，动着些阔剑长枪；我今日报仇舍命诛奸党，总是他命尽也合身丧。","chinese-poetry",""
"冤报冤赵氏孤儿・滚绣球","元","纪君祥","只在这闹街坊，弄一场。我和他决无轻放，恰便似虎扑绵羊。我可也不索慌，不索忙，早把手脚儿十分打当，看那厮怎做堤防。我将这二十年积下冤仇报，三百口亡来性命偿，我便死也何妨。(云)我只在这闹市中等侯着，那老贼敢待来也。(屠岸贾领卒子上，云)今日在元帅府回还私宅中去。令人，摆开头踏，慢慢的行者。(正末云)兀的不是那老贼来了也。(唱)。","chinese-poetry",""
"冤报冤赵氏孤儿・小梁州","元","纪君祥","谁肯舍了亲儿把别姓藏？似你这恩德难忘。我待请个丹青妙手不寻常，傅着你真容相，侍奉在俺家堂。","chinese-poetry",""
"冤报冤赵氏孤儿・黄钟尾","元","纪君祥","谢君恩普国多沾降，把奸贼全家尽灭亡。赐孤儿改名望，袭父祖拜卿相；忠义士各褒奖，是军官还职掌，是穷民与收养；已死丧给封葬，现生存受爵赏。这恩临似天广，端为谁敢虚让。誓捐生在战场，着邻邦并归向。落的个史册上标名，留与后人讲。","chinese-poetry",""
"河南府张鼎勘头巾・赚煞","元","孙仲章","你伏低呵自商和，我寻罪责官司问。若不看解劝街坊面分。小后生从来火性紧，发狂言信口胡喷。自评论，口是祸之门，我劝你言同休记恨。减些性粗性蠢，则要你妆痴妆坌，(王小二云)员外，是我的不是了。我与你陪礼，取一瓶儿酒，请员外饮一杯罢。(正末唱)何须你倒擎着酒盏去求人？(同旦下)。","chinese-poetry",""
"河南府张鼎勘头巾・幺篇","元","孙仲章","你觑那片草浑如蜀锦蒙，残照堪为烛影红，垂柳作帘栊。暂撇下心烦意冗，醉卧绿阴中。(做睡科)(净上杀末科，云)我杀了刘员外也。拿着这芝麻罗头巾，减银环子。回大嫂话去来。(下)(街坊上，云)刘员外娘子，不知是甚么人杀了员外也？(旦上。云)众街坊，甚么人杀了俺员外？(街坊云)知道是甚么人？(旦云)别无仇人，则是王小二，到他家试问咱。早到门首也。(唤科)(王小二上，见科)(旦云)好也，你与了我保辜文书，不上十日，就把员外杀了。明有王法，我和你见宫去来。(王小二云)我门也不曾出，可怎么冤我杀了员外？谁人与我做主咱？(下)。","chinese-poetry",""
"河南府张鼎勘头巾・南吕/一枝花","元","孙仲章","虽是个判行的旧状词，合干办新公事。出司房忙进步，登涩道下阶址。又无甚过犯公私；把文卷依节次，请新官题判时。先呈与个押解牒文，后押上今拘头佥字。","chinese-poetry",""
"河南府张鼎勘头巾・梧叶儿","元","孙仲章","他道你先主意，(旦云)是他先起意来。(正末云)是谁先起意来？(丑点头科)(正末云)兀那厮，是你先起意来？(张千云)他说是他来。(正末唱)他道都是你的见识。(旦云)都是他的见识。(正末云)兀那厮，是你的见识么？(丑点头科)(正末唱)他道和你整二载暗偷期，(旦云)那里有二载，才半年也。(正未云)兀那厮，是半年么？(丑点头科)(正末唱)他道他三十岁，(旦云)连自己岁数都忘了。他三十一岁也。(正末云)兀那厮，是三十一岁么？(丑点头科)(正末唱)他道他身姓李。(旦云)连他自己姓也忘了，他姓王。(正末云)兀那厮，你姓王么？(丑点头科)<正末云)是姓王。(唱)他道他曾买与你些东西，(旦云)他身上道袍，还是我买与他的。(正末云)你可留他些甚么那？(旦云)初一十五，图他几个馒头吃。(正末云)这个也不打紧。兀那妇人你听者。(唱)他道是家住在三清观里。","chinese-poetry",""
"河南府张鼎勘头巾・浪里来煞","元","孙仲章","合立通德政碑，减了些不平气。为头儿对府尹说详细，只教他欠身的立起银交椅。惊杀了两行公吏，凭时节须奏与圣人知。(众下)。","chinese-poetry",""
"河南府张鼎勘头巾・雁儿落","元","孙仲章","眼见得一行人都在前，整整的三日内成招卷。真不真看便知，赏不赏凭尊便。","chinese-poetry",""
"河南府张鼎勘头巾・得胜令","元","孙仲章","呀，也只为人命事关天，因此上不厌细穷研。那一个漏网的何侥幸，那一个无辜的实可怜。我可也非专，只要他一点真情见，端的个无偏，恰便似一轮明镜悬。","chinese-poetry",""
"中吕・满庭芳","元","谢应芳","神仙有无？安居华屋，即是蓬壶。榴花也学红裙舞，燕雀喧呼。水晶盘馔供麟脯，珊瑚钩帘卷虾须。吹龙笛，击鼍鼓，年年初度，长日尽欢娱。横山翠屏，藏龙古井，走马长汀。四时花竹多风景，胜似丹青。好儿郎天生宁馨，好时节日见升平。氛埃静，年年寿星，光照望云亭。","chinese-poetry",""
"中吕・满庭芳","元","徐田臣","乌纱裹头，清霜篱落，黄叶林邱。渊明彭泽辞官后，不事王侯。爱的是青山旧友，喜的是绿酒新ド。相拖逗，金樽在手，烂醉菊花秋。","chinese-poetry",""
"中吕・满庭芳","元","无名氏","风尘艳娃，堪题堪咏，堪羡堪夸。朱唇檀口些娘大，脸衬桃花。理冰弦纤纤银甲，步香尘窄窄刀麻。天生下，温柔典雅，端的玉无瑕。","chinese-poetry",""
"杨氏女杀狗劝夫・幺篇","元","萧德祥","活时节一处活，死时节一处死。咱两个协罗嘶钻、尾毛厮结、打会官司。一任你百样儿，伶牙俐齿，怎知大人行会断的正没头公事。(孤云)这桩事不打不招。左右，拿这大的下去。好生打着。(孙大云)小的是个知法度的，怎敢杀人？(正末云)不干俺哥哥的事，这件事都是小人做来。(孤云)既是他认了，左右，拿小的下去打着者。(旦冲上，云)相公停嗔息怒，暂罢虎狼之威。这件事也不干孙大事，也不干孙二事，都是小媳妇儿做下来的。(孤云)兀那妇人！这件事你说的是呵，我与你问个妇人有事，罪坐夫男，拣一个轻省的罪名与他；若说的不是呵，我就活活的敲死了也。(旦云)相公，从来人命关天关地，岂可没个尸亲来告，要这两个光棍与他索命？只因俺这孙家，汴京居住，长的孙大，叫做孙荣；次的孙二，叫做孙华。本是共乳同胞的亲兄弟，自小里父母早亡。这孙大恃强，将孙二赶在城南破瓦窑中居住，每日着这两个帮闲钻懒，搬的俺兄弟不和。这两个教孙大无般不作，无般不为，破坏了俺家私。孙大但见兄弟，便是打骂，妾身每每劝他，只是不省。妾身曾发下一个大愿，要得孙大与孙二两个相和了时，许烧十年夜香。偶然这一晚烧香中间，看见一只犬打香卓根前过来，妾身问知此犬是隔壁王婆家的。妾身就他家里，与了五百个钱，买将来到家，将此犬剁了头尾，穿了人衣帽，撇在后门首。孙大带酒还家来见了。问妾身道：后门口是谁杀了一个人，你可知么？妾身回言不知道。当夜教孙大唤柳隆卿、胡子转替背出去，两个百般推辞，只不肯来。我到窑中唤的孙二来，教他背将出去，埋在汴河堤上。怕相公不信，现放着王婆是个证见。(词云)因孙大背亲向疏，将兄弟打骂如奴。信两个无端贼子，终日去沽酒当垆。把家私渐行消废，使妾身难以支吾。因此上烧香祷告，背地里设下机谋。才得他心回意转，重和好复旧如初。若不是唤王婆亲为证见，谁知道杨氏女杀狗劝夫？(孤云)这也难道。(旦云)怕相公不信，可着人去取来看。现在河堤岸上埋着哩。(正末云)怪道背出时，这般死狗臭！(唱)。","chinese-poetry",""
"杨氏女杀狗劝夫・赚煞","元","萧德祥","你便骂我一千场，便拷我三十顿，我则索狼吃幞头心儿自忍。若不是死了俺娘亲和父亲，这家私和你匹半停分。豹子的孟尝君，畅好是食客填门，可怎生把亲兄弟如同陌路人？哥哥，你有金有银，闪的我无投来无奔，则向这破窑中和月待黄昏。(下)。","chinese-poetry",""
"杨氏女杀狗劝夫・正宫/端正好","元","萧德祥","黑黯黯冻云垂，疏刺剌寒风起，遍长空六出花飞。不停闲雪儿紧风儿急，这场冷着我无存济。","chinese-poetry",""
"杨氏女杀狗劝夫・滚绣球","元","萧德祥","有那等富汉每，他道是压瘴气，下的是国家祥瑞，怎知俺穷汉每少衣无食。我则见满天里飞磨旗，半空里下炮石，俺须是死无个葬身之地。只落得抱双肩紧把头低。我如今冒他大雪窑中去，抵多少袖得春风马上归，冻的我脚步儿难移。(云)嗨！那富汉每下着雪他倒欢喜，却不知俺穷汉每好苦楚也。(唱)。","chinese-poetry",""
"杨氏女杀狗劝夫・叨叨令","元","萧德祥","则被这吸里忽刺的朔风儿那里好笃簌簌避，又被这失留屑历的雪片儿偏向我密蒙蒙坠，将这领希留合刺的布衫儿扯得来乱纷纷碎，将这双乞留曲律的胳膝儿罚他去直僵僵跪。兀的不冻杀人也么哥！兀的不冻杀人也么哥！越惹他必丢匹搭的响骂儿这一场扑腾腾气。","chinese-poetry",""
"杨氏女杀狗劝夫・耍孩儿","元","萧德祥","我怎生来不称俺哥哥意，嫂嫂也我也不曾犯十恶五逆。这一个家缘儿都被你收拾，我挂口儿不曾口店题。现如今他强咱弱将咱打，可不道人善人欺天不欺，也是我自买到他憔悴，天那！我本是声冤叫屈，他听的又道我说是谈非。","chinese-poetry",""
"杨氏女杀狗劝夫・二煞","元","萧德祥","我衷肠除告天，奈天高又不知，只落得捶胸跌足空流泪。我过一冬两三层单布权遮冷，捱一日十二个时辰常忍饥，哥哥行并不敢半句儿求于济，他见我早揎拳捋袖，努目撑眉。","chinese-poetry",""
"杨氏女杀狗劝夫・四煞","元","萧德祥","你不是我呵你明日怎觑人？你不是我呵你今朝做醉鬼。被闲人剥了你新衣袂，洞房中把嫂嫂闲愁杀，巡铺坦把哥哥高吊起，冻的你刚存这一口儿气，怎不寻那两个无徒说话，只管把你兄弟禁持？。","chinese-poetry",""
"杨氏女杀狗劝夫・煞尾","元","萧德祥","那的是添茶添酒的枯干井，那的是填帛填金的没底坑。你觑当着这说谎精，那虚脾，那浅情；那过后，那光景；胡支吾，假奉承。他装厮趁，他装厮挺。吃饭处，白厮捱，买酒处，白厮逞；做事处，干厮哄；爱女处，干厮迎。(孙大云)从今以后，我再也不睬那两个贼子了。(旦云)我记的古诗有云：荆树有花兄弟乐，员外这个才是。(正末唱)嫂嫂，你说甚的田氏三荆？只怕你跳出七代先灵也将他来劝不省。(同下)。","chinese-poetry",""
"杨氏女杀狗劝夫・南吕/一枝花","元","萧德祥","稀剌剌草户扃，破杀杀砖窑静。俺这里春光元不到，人迹罕曾经。万籁无声，是甚么响息飒惊咱醒？透着些影依微何处灯，(做听科)却原来是伴独坐皓月澄澄，搅孤眠西风泠泠。","chinese-poetry",""
"杨氏女杀狗劝夫・梁州第七","元","萧德祥","我如今穷范丹无钱怎了，便教他赛陈抟也有梦难成。积渐的害得忧成病。一递里暗昏昏眼前花发，一递里古鲁鲁肚里雷鸣。这孙虫儿一身忍饿，教孙大郎万代留名。我和你本-个父养娘生，又不是蜾赢螟蛉。怎么无半年欺负了我五场十场，我每日家嗟叹了千声万声，那一夜不哭到二更三更。(孙大同旦上，云)大嫂，你去叫门，我有甚脸儿见兄弟那。(旦云)你不叫，我叫门咱。(叫科，云)孙二，开门来！(正末唱)是谁人叫门那声？(旦云)快些！(正末唱)这声音不似个男儿应。(旦云)孙二，你开门咱，是你嫂嫂叫门哩！(正末唱)元来我嫂嫂门前等，他是个妇人家无烛从来不夜行，我出门去审问个分明。(云)嫂嫂，更深半夜，你一个妇人家，这早晚天道，也不是你来的时候。(旦云)不妨，我是你亲嫂嫂，怕做甚么？(正末云)我孙虫儿呵，(唱)。","chinese-poetry",""
"杨氏女杀狗劝夫・隔尾","元","萧德祥","我常时有命如无命，怎好又厮罗惹无情做有情。(云)不争我开门去，教嫂嫂入来，这礼上就不是了。教俺哥哥知道又是打。(旦云)孙二快开门，你哥哥有事着我叫你来。(正末唱)俺哥哥便今日有事呵明日旋折证，嫂嫂你这搭儿莫不错行。(旦云)我不是错行哩。(正末唱)前者得过承，是我那滴水檐前受了的冷。","chinese-poetry",""
"杨氏女杀狗劝夫・骂玉郎","元","萧德祥","你怀中倚恃着财丰盛，动不动和人争，不登登按不住杀人性。若是被告发，被擒拿，怕不要偿命？。","chinese-poetry",""
"杨氏女杀狗劝夫・采茶歌","元","萧德祥","嫂嫂呵可不你知情，哥哥呵可不你当刑？(云)哥哥嫂嫂，你两口儿怕么？(孙大云)可知怕哩。(正末云)要饶么？(孙大云)可知要饶哩。(正末云)哥哥嫂嫂，休惊莫怕，我逗你耍哩！(唱)我替你把死尸骸送出汴梁城，随他拖到官中加拷打，我也拚的把杀人公事独招承。","chinese-poetry",""
"杨氏女杀狗劝夫・红绣鞋","元","萧德祥","那告状人指陈事实，都是些扶同捏合的虚词。现如今告状的全不似古贤师，这般家闲雕刺。他待放着暗刀儿，在、在、在我根前怎的使？(柳、胡云)这就是孙员外的亲兄弟，他两个合谋杀人哩。(孤云)你怎生谋杀了人？你与我从实招来！(正末云)相公听小人说一遍咱。(唱)。","chinese-poetry",""
"杨氏女杀狗劝夫・尾煞","元","萧德祥","俺如今剔下子这骨和筋，割掉了这肉共脂。则着他背狗皮号令在长街市，也等那一辈儿狗党狐朋做样子。","chinese-poetry",""
"立成汤伊尹耕莘・尾声","元","郑光祖","到来日安营下寨施才智，布阵排兵显武威。骨刺剌列绣旗，闹垓垓战马嘶。舍死忘生恶战敌，定乱除危攻夏畿。辅佐坚心立帝基，肱股忠良四海知。龙虎风云同际会，严定这一统乾坤万万里。(下)(方伯云)贤士去了也。(汝方云)他此去小歇小歇。(方伯云)人马已点就了也，左右，与我唤将费昌来者。(卒子云)理会的。(做唤科，云)费昌安在？(外扮费昌上，云)胆气冲冲智有余，过人骁勇有谁知。文雄武壮能攻守，定乱除危大丈夫。某乃费昌是也，公子部下都护将军。今因大夏失政兴兵，与公子拒敌，公子令汝方将玉帛征聘了伊尹来。正在帅府戟门听令，公子呼唤，须索走一遭去。可早来到也。小校报复去，道有费昌来了也。(卒子云)理会的。(报科，云)喏！报的方伯得知，有费将军来了也。(方伯云)着他过来。(卒子云)理会的，过去。(费昌见科，云)公子呼唤小将，那厢使用？(方伯云)费昌，如今夏国兴兵，与某争战，你统大兵前去拒敌。某新聘了伊尹贤士来，听他军前支拨。剪大夏，伐履癸，不可怠慢，小心奋勇，则要成功，不可怠忽。(费昌云)得令！统领大势人马，与他拒敌，走一遭去。袍染猩红砌锦花，剑含秋水出寒匣。枪刀耀日金光起，旗影翩翻映彩霞。昂昂勇烈相争斗，凛凛威风共战伐。来朝两阵相交处，管教贼子丧黄沙。(下)(方伯云)费昌统大兵去了，某同军师伊尹统领三军接应他，走一遭去。大德高才贯古今，施谋运智鬼神钦。剿除不道兴殷室，抚定苍生失望心。(下)(仲虺云)汝方，才观伊尹，果有大才，此一场必然得胜，平定暴乱。无甚事，咱且回私宅去来。(汝方云)右丞，咱同回去来。(仲虺云)只因履癸性暴强，荒淫无益动刀枪。天遣贤人诛无道，故教民庶得安康。(同下)。","chinese-poetry",""
"立成汤伊尹耕莘・迎仙客","元","郑光祖","我则待习农务耕绿野，趁农时效锄刨。(余章云)似这等不肯进身，哥哥高见为何？(正末唱)这的是老生涯养拙一世了。(余章云)似此可是怎生也？(正末唱)一任待卧烟霞，眠绿草，醒来时浊酒相邀。(余章云)哥哥差矣。似此怎么了得身事也。(正末唱)这的是伊尹穷安乐。","chinese-poetry",""
"立成汤伊尹耕莘・幺篇","元","郑光祖","你着我忙除了儒士冠，疾脱了粗布袍。(汝方云)左右伺候，头答摆的齐整者！贤士请登程途。(正末唱)他将水罐银瓶，伞盖头答，摆列周遭。(汝方云)贤士，你穿用紫袍金带，骑坐着那白马红缨，端的是显威严也。(正末唱)你道是白马红缨，紫袍金带，施威显耀。(汝方云)贤士为官，贤士的妻房情受五花官诰，为贤德夫人也。(正末云)荆布之妇。(唱)怎消受五花官诰。","chinese-poetry",""
"立成汤伊尹耕莘・耍孩儿","元","郑光祖","看一番揩磨日月兴宗庙，拣士马驱兵战讨。经纶天地定皇朝，保持的社稷坚牢。凋和那盐梅燮理阴阳顺，致令的天地和同风雨调。休想我污婪矫权狡，托赖着一人有庆，稳情取万姓歌谣。(云)大人，俺去来。(唱)。","chinese-poetry",""
"立成汤伊尹耕莘・正宫/端正好","元","郑光祖","再不见青霭霭柳阴浓，高耸耸山叠翠。乐耕锄拽耙扶犁，我如今受皇宣着我居官位，端的也衣紫身荣贵。","chinese-poetry",""
"立成汤伊尹耕莘・滚绣球","元","郑光祖","止不过乐山林景色奇，向桑麻禾稼畦。(方伯云)休谦辞，久已知贤士之能，胸怀妙用，腹隐神机也。(正末唱)你着我帅军卒运谋施智。(方伯云)贤士，用人之际，正当展布大才也。(正末唱)你着我定乾坤施展兵机。(方伯云)俺这里有军兵百万，安下营寨，枪林剑洞，如铁桶相似，则是少个运谋的人，全凭贤士为之也。(正末唱)你道是齐臻臻的摆开阵势，明晃晃列着剑戟，闹垓垓密排着军队，映穹苍号带旌旗。(仲虺云)贤士，他那里兵势可也不小，亦有定计铺谋的将帅。(正末唱)者莫他坐中设下千条计，岂不闻阃外将军八面威，智勇无及。","chinese-poetry",""
"立成汤伊尹耕莘・梁州","元","郑光祖","阵列八门生最奇，为将须知。军卒未饭帅休食，以此能伏制，甘苦共同宜。","chinese-poetry",""
"立成汤伊尹耕莘・雁儿落","元","郑光祖","你道是立江山真肱股。(殿头官云)论你之功，如擎天玉柱，架海金梁也。(正末唱)又道我扶社稷为梁柱。(殿头官云)为臣者尽忠良于国，堪比良金美玉也。(正末唱)你道我尽忠心如美金，布德政如白玉。","chinese-poetry",""
"立成汤伊尹耕莘・得胜令","元","郑光祖","呀！你道我战讨善机谋。(殿头官云)真个是剑呼风雨降，笔走鬼神惊，识尽军机枢要也。(正末唱)你道我笔下见赢输。(殿头官云)马到处剪除暴夏。(正末唱)你道我剪除残暴夏。(殿头官云)一阵成功，辅天乙位，都于毫邑也。(正末唱)你道我平扶立帝都。(殿头官云)论功行赏，图形麟阁。标入功劳簿，遗芳万年。美哉伊尹也！(正末唱)这功绩纤需，要将我标入功劳簿。论谋略荒疏，怎消的凌烟阁上图。(殿头官云)你众官望阙跪者，听圣人之命；都只为夏履癸不道无仁，发顽狠暴虐黎民。是处处人心嗟怨，使鸟兽不得安存。方伯怒起兵征讨，聘伊尹运智行军。四下里攻围鏖战，仗神机得胜全赢。收取了州城国邑，散仓粮府库金银。放履癸鸣条修德，明正典责罚奸人。今日个论功行赏，赐官爵以励忠臣。伊尹升太师左相，仲虺升太师右丞，汝方与进阶二品，费昌为天下总兵。赐重爵身登八位，列簪缨光显门庭。论功次加官赐赏，一齐的拜谢天恩。","chinese-poetry",""
"般涉调・耍孩儿咏鼓","元","睢玄明","乐官行径咱参破，全仗着声名过活。且图时下养皮囊，隐居在安乐之窝。咚咚的打得我难存济，紧紧的棚扒的我没奈何。习下这等乔功课，搬得人赏心乐事，我正是鼓腹讴歌。","chinese-poetry",""
"五煞・开山时挂些纸钱，庆棚时得些赏贺，争构阑把我来妆标垛。有我时","元","睢玄明","满棚和气登时起，一分提钱分外多。若有闲些儿个了，除是扑煞点砌，按住开呵。","chinese-poetry",""
"尾・把我似救月般响起来打蝗虫似哄不合，不信那看官每不耳喧邻家每不","元","睢玄明","恼聒。从早晨间直点到斋时М，子被这淡厮全家擂煞我。咏西湖钱唐自古繁华地，有百处天生景致。幽微尽在浙江西，惟西湖山水希奇。水澄清玻璃万顷欺蓬岛，山峻峭蓝翠千层胜武夷。山水共谁相类？山旖旎妖妍如西子，水回环妩媚似杨妃。","chinese-poetry",""
"九煞・遇清明赏禁烟，艳阳天丽日迟，倾城士庶同游戏。绣帘彩结香车稳，","元","睢玄明","玉勒金鞍宝马嘶。骋豪富夸荣贵，恣艳冶王孙士女，逞风流翠绕珠围。","chinese-poetry",""
"崔府君断冤家债主・赚煞","元","郑延玉","你待要沙暖睡鸳鸯，我则会岁寒知松柏，你将我这逆耳良言不采。这家私亏煞俺爷娘生受来，我便是释迦佛也恼下莲台。想这厮不成才，因此上各自分开，随你商量做买卖。常言道山河易改，本性儿还在，我则怕你有朝福过定生灾。(同下)。","chinese-poetry",""
"崔府君断冤家债主・梧叶儿","元","郑延玉","小的个儿何曾生受，他则待追朋趁友，每日家无月不登楼。大的个儿依先如旧，常则待将无做有，巴不得败子早回头，(带云)圣贤也！(唱)你怎生则拣着这个张善友心疼下便下手？。","chinese-poetry",""
"崔府君断冤家债主・幺篇","元","郑延玉","只见那两个帮闲的花满头，这一个败家的面带酒。你也想着一家儿披麻带孝为何由？故来这灵堂里寻斗殴。直恁般见死不救，莫不是你和他没些瓜葛没些忧？。","chinese-poetry",""
"崔府君断冤家债主・红绣鞋","元","郑延玉","祷祸了千言万语，天啊！则愿的小冤家百病消除。儿也，便使的我片瓦根椽一文无，但存留的孩儿在，就是我护身符，又何必满堂金才是福？(云)二哥，你这早晚面色不好。你有甚么遗留言语，吩咐我咱。(福僧云)父亲，你不知道我这病。别人害的是气蛊水蛊，我害的是米蛊。(正末云)如何是米蛊？(福僧云)若不是米蛊呵，怎生偌大一个栲栳？父亲，我顾不的你也。(做死伏科)(正末做哭科，云)儿呵，则被你痛杀我也。(唱)。","chinese-poetry",""
"崔府君断冤家债主・迎仙客","元","郑延玉","还只道沉沉的卧著床褥，谁知他悠悠的赴了冥途，空把我孩儿叫道有千百句。阎君也，你好狠心肠；土地也，你好歹做处。闪的我鳏寡孤独，怎下的便撇了你这爹先去。","chinese-poetry",""
"崔府君断冤家债主・耍孩儿","元","郑延玉","神堂庙宇偏谁做？无过是烈士忠臣宰辅。但生情发意运机谋，早明彰报应非诬。(云)哥哥，这桩事你不与我断，谁断？(唱)难道阳世间官府多机变，阴府内神灵也混俗。把森罗殿都做了营生铺，有钱的免了他轮回六道，无钱的去受那地狱三涂。","chinese-poetry",""
"崔府君断冤家债主・二煞","元","郑延玉","我如今有家私谁管顾？有钱财谁做主？我死后谁浇茶、谁奠酒、谁啼哭？谁安灵位谁斋七？谁驾灵车谁挂服？止几个忤作行送出城门去，又无那花棺彩舆，多管是席卷椽舁。","chinese-poetry",""
"崔府君断冤家债主・雁儿落","元","郑延玉","我也曾有三年养育恩，为甚的没一个把亲爷认？原来大的儿是他前生少我钱，小的儿是我今世偿他本。","chinese-poetry",""
"崔府君断冤家债主・得胜令","元","郑延玉","这都是我那婆婆也作业自殃身，遗累及儿孙。再休提世上无恩怨，须信道空中有鬼神。(崔子玉云)兄弟，你省悟了么？(正末云)哥哥，张善友如今才省悟了也。(唱)总不如安贫，落一个身困心无困。这便是修因，也免的钱亲人不亲。","chinese-poetry",""
"诸葛亮博望烧屯・尾声","元","无名氏","把您这孙刘曹、吴蜀魏，鼎足三分不可缺矣。曹操天时为第一，想孙权地利合宜，玄德公掌人和，稳胜磬石。先占了西蜀四千里，我对你个玄德公说知。哎！你个张将军赌气，我则见笑谈间一阵卷征旗。(同众下)。","chinese-poetry",""
"诸葛亮博望烧屯・南吕/一枝花","元","无名氏","我则见遮天杂彩旗，震地花腔鼓。关云长青龙偃月刀，张翼德银蟒可兀的点钢毒。齐臻臻铠甲结束，银缠杆花稍弩，兽吞金蘸斧。有五千员越岭奔彪，有百万只爬山猛虎。","chinese-poetry",""
"诸葛亮博望烧屯・隔尾","元","无名氏","关云长你去漏陵渡，(关末云)师父，潺陵渡怎生堰住水口？(正末唱)用土布袋把长江紧当住，水淹杀的军兵死无数。他活时节是战夫，死后做了水卒。(云)二将军云长。(关末云)有。(正末唱)你若是得胜还营，你将我来自然许。","chinese-poetry",""
"诸葛亮博望烧屯・雁儿落","元","无名氏","眼见的鞭敲金镫响，将凯歌齐声唱。紧绑绑拴住臂膊，直挺挺舒着脖项。","chinese-poetry",""
"诸葛亮博望烧屯・得胜令","元","无名氏","张飞也，你不道是架海紫金梁，他不是那托搭的李天王？得胜掌军师印，你道是不拿住不姓张。你凭着马壮人强，你道是鞭督邮魂飘荡。你曾摔袁祥，(带云)张飞你不道来那，(张飞云)我道甚么来？(正末唱)你道是，男儿当自强。","chinese-poetry",""
"诸葛亮博望烧屯・鸳鸯煞尾","元","无名氏","今日个领三军坐金顶莲花帐，披七星锦绣云鹤氅。早定了西蜀，我便访南阳。畅道觑曹操、孙权，似浮云瘙痒。我请您玄德、关、张，威镇住曹丞相。今日个稳定家邦，史策留名后人讲。(同下)。","chinese-poetry",""
"梁州序","元","刘唐卿《白兔记》","(外扮岳节使上)掌握三军胆气雄，有千里威风。朝廷敕命守山东，咱不免行吾军令。马跨征鞍将挂袍，柳梢枝上月儿高。将军未挂封侯印，腰下常悬带血刀。自家姓岳名勋，官拜节度使之职。如今四方离乱，民遭涂炭，士民荒凉。朝廷有旨，着俺招军买马，积草聚粮。正是""君王有难思良将，人到中年忆子孙。""左右的，与我扯起招军旗。叫街坊上民庶，三百六十行做买卖的，愿投军者，旗下报名。(净、丑应介)。","chinese-poetry",""
"梁州序","元","徐田臣《杀狗记》","(旦)员外，你和他结义，心肠奸狡，到底不是坚牢。心非口是，只恐笑里藏刀。(生)是我三人结义，赛过关张，永远学管鲍。你不知就里乱言敢胡道。(旦)恐怕将来没下梢，空惹得外人笑。","chinese-poetry",""
"梁州序","元","柯丹邱《荆钗记》","他家私迭等，良田万顷，富豪声振瓯城。他又不曾婚聘，专浼我来求亲。［旦］他恁的钱物昌盛，愧我家寒貌丑难厮称。［丑］这段姻缘料想是前生定，入境缘何不顺情？休得要恁执性。","chinese-poetry",""
"北清江引","元","徐田臣《杀狗记》","(净)将狗儿扯将来忙杀取，看起垂珠泪，怎的割舍得？愿你超生去，院君你自作区处。","chinese-poetry",""
"北得胜令","元","徐田臣《杀狗记》","化一狗，假如人，撇他在后园门。孙员外匆忙见，料无能辨假真！杀人，教他结义的难承认，销魂，须知是亲人到底亲。","chinese-poetry",""
"后庭花煞・叹梁园芳草萋，怕蓝关瑞雪飞。为爱背山咏，任教杜宇啼。空","元","杨舜臣","吃得似水牛肥。你可甚日行千里，报主人恩，何日把缰垂？。","chinese-poetry",""
"铁拐李度金童玉女・幺篇","元","贾仲明","他笑呵似秋莲恰半吐，他悲呵似梨花春带雨。行呵似新雁云边落，话呵似雏莺枝上语，醉呵似晚风前垂柳翠扶疏，浴呵似海棠擎露。立呵渲丹青仕女图，坐呵观世音自在居，睡呵羊脂般卧着美玉。吹呵韵清音射碧虚，弹呵拂冰弦断复续，歌呵白苎宛意有余，舞呵彩云旋掌上珠。","chinese-poetry",""
"铁拐李度金童玉女・赚煞尾","元","贾仲明","枉了你费精神，休则管相拦纵，怎撇的玉天仙风流爱宠？(铁拐云)这尤物要他怎么？(正末唱)端的个鱼水夫妻两意同，少年人兴味偏浓。绣帏中淡荡春风，红浪轻翻翠被重。玉绳拽遥天半空，银漏逐梅花三弄，直吃的斗杓回，月影转梧桐。(同旦下)。","chinese-poetry",""
"铁拐李度金童玉女・南吕/一枝花","元","贾仲明","花溪音乐喧，竹坞人家小。香车游上苑，宝马满东郊。杂杂嘈嘈，一程程锦绣似花枝绕，一处处管弦般鸟语调。垂杨院卖花人一声声叫过红楼，杏花村题诗客一个个醉眠芳草。","chinese-poetry",""
"铁拐李度金童玉女・梁州第七","元","贾仲明","看春江鸭头绿皱，接行云雁翅红娇。酒旗向青杏园林挑。佳人斗草，公子妆幺。秋千料峭，鼓吹游遨。上新黄柳曳金条，绽嫣红花簇冰绡。芳丛内采嫩蕊，粉蝶队队身轻，回塘畔点香芹，紫燕翩翩翅袅；碧阴中弄清音，流莺恰恰声交。难挑，怎描？便那女娘行心思十分巧，其实的刺不成绣不到。丹青手虽然百倍高，也画不出这重叠周遭。(带云)我想俺这一对好夫妻，也非今世姻缘，是前生配定也。(唱)。","chinese-poetry",""
"铁拐李度金童玉女・四块玉","元","贾仲明","他碾香轮将芳径穿，我催骏马宛把丝鞭袅。俺这对美爱夫妻宿缘招，俊宠儿落雁沉鱼貌。俺两口儿恰便似地长就并蒂花，水养成交颈鸳，天生下比翼鸟。","chinese-poetry",""
"铁拐李度金童玉女・骂玉郎","元","贾仲明","他将我这马头拦住高声叫，辔揪住黄金勒，鞭挽住紫藤梢。(铁拐鼓掌大笑，云)你愚眉肉眼，怎识的贫道那？(正末唱)见他风风魔魔掴着手，佯推笑。(铁拐云)弃了家业，快逃性命，着你不生不灭，跟我出家去。(正末唱)你着我将家业抛，性命逃，便是朝闻道。","chinese-poetry",""
"铁拐李度金童玉女・感皇恩","元","贾仲明","你觑花枝般淹润妖娆，我更笋条般风流年少。你着我跨青鸾，乘彩凤，上丹霄，怎如我那花柔柳嫩，玉软香娇？恨不的心窝里放，手掌中擎，眼皮上阁。","chinese-poetry",""
"铁拐李度金童玉女・采茶歌","元","贾仲明","你着我戏仙瓢，过金桥，怎肯生拆散碧桃花下凤鸾交？伴着你个铁拐云游同去也，可不闪的俺玉人何处教吹箫？。","chinese-poetry",""
"铁拐李度金童玉女・雁儿落","元","贾仲明","赋新声咏乐府，歌古调达音律。是一朵没包弹娇柔解语花，是一块无瑕玷温润生香玉。","chinese-poetry",""
"铁拐李度金童玉女・小梁州","元","贾仲明","恰才个东风四友尽喧呼，正青春紫翠模糊。却早碧池绿水映芙蕖，承炎暑，又早是落叶晓霜铺。","chinese-poetry",""
"铁拐李度金童玉女・啄木儿尾","元","贾仲明","拜辞了翠裙红袖簇，朱唇皓齿扶。梦回明月生南浦，向无何深处，步瑶池，游阆苑，到蓬壶。(下)。","chinese-poetry",""
"铁拐李度金童玉女・庆宣和","元","贾仲明","不是俺忒疏狂性格乖，也则是业缘里合该。今日个一双双跪在金阶，乞仙真痛责。(金母云)您两个思凡尘世，托生女直地面，配为夫妇。女直家多会歌舞，您两个带舞带唱，我试看咱。(正末同旦舞科，唱)。","chinese-poetry",""
"铁拐李度金童玉女・鸳鸯煞","元","贾仲明","从来个天堂本与尘寰隔，谁承型凡人重把神仙拜。感谢得金母提携，识认了群真风彩。唱道汉钟离绿蚁醺酣，唐吕公红颜不改，韩湘子顷刻花开，张果老倒骑的驴儿快，蓝采和达道诙谐，李先生四海云游，全凭着这条拐。","chinese-poetry",""
"严子陵垂钓七里滩・幺篇","元","宫天挺","遍端详，那厮模佯，休紧休忙。等那穹苍，到那时光，汉室忠良，议论商量。引领刀枪，撞入门墙，拖下龙床，脱了衣裳，木驴牵将，闹市云阳，手脚舒长，六道长丁钉上。咱大家看一场。不争你动起刀枪，天下荒荒，正应道龙门鱼伤，尽乾坤一片青罗网。咱人逃出大纛高张，您汉家枝叶合兴旺，见放着天天摧地搭，国破家亡。","chinese-poetry",""
"严子陵垂钓七里滩・正宫/端正好","元","宫天挺","高祖般性宽洪，义帝般心明圣，可知汉业中兴。为我不从丹诏修书请，更道违宣命。","chinese-poetry",""
"严子陵垂钓七里滩・滚绣球","元","宫天挺","折銮驾却是应也不应？布民人却是惊也不惊？更做道一人有庆，汉君王真恁地将銮驾别无处施呈。他出郭迎，俺旧伴等，待刚来我根前显耀他帝王的权柄，和俺钓鱼人莫不两国相争。齐臻臻戈殳镫棒当头摆，明晃晃武士金瓜夹路行，我怎敢冲撞朝廷。","chinese-poetry",""
"严子陵垂钓七里滩・小梁州","元","宫天挺","都则为耻向东吴再起兵，那其间也汉高祖功成。道贼王莽篡了龙廷，有真命，文叔再中兴。","chinese-poetry",""
"严子陵垂钓七里滩・耍孩儿","元","宫天挺","自古兴亡成败皆前定，若是你不患难如何得太平？自从祖公公昔日陷彭城，真乃是死里逃生。不龙吟怎得真龙显？不发黑如何得晓日明？虽然你心明圣，若不是云台上英雄并力，你独自个孤掌难鸣。","chinese-poetry",""
"严子陵垂钓七里滩・煞","元","宫天挺","为民的乐业在家内居，为农的欣然在垄上耕。从你为君，社稷安，盗贼息，狼烟静。九层春露都恩到，两鬓秋霜何星星？百姓每家家庆，庆道是民安国泰，法正官清。","chinese-poetry",""
"严子陵垂钓七里滩・尾","元","宫天挺","您每朝聚九卿，你须当起五更，去得迟呵着那两班文武在丹墀候等。俺出家来纳被蒙头，黑甜一枕，直睡到红日三竿犹兀自唤不的我醒。(下)。","chinese-poetry",""
"严子陵垂钓七里滩・折桂令","元","宫天挺","疑猜我在钓鱼滩醉倒来回来，俺出家儿散诞心肠，放浪形骸。我把您上下君臣，非是严光，把您花白。为君的紧打并吞伏四海，为臣的紧铺劳日转千阶。我说与您听，我不人才。有那等不染尘埃，不识兴衰，靠岭偎崖，撒网担柴，寻觅将来，则那的便是人才。","chinese-poetry",""
"严子陵垂钓七里滩・殿前欢","元","宫天挺","扶策的我步瑶阶，心怀七里濉钓鱼台。醉醺醺跳出龙门外，似草店上般东倒四歪，把我脑撺的抢将下米。这殿阁初兴盖，您君臣斗耍夸胸大，大古里是茅茨不剪，三尺台阶。","chinese-poetry",""
"严子陵垂钓七里滩・水仙子","元","宫天挺","我这里轻揎袍袖手舒开，满饮琼浆款落台。饮罢时放的稳忙加额，比俺那使磁瓯奸好不自在，怎如咱草店上倒开怀。不想阗是祸患，不知阗足利害，畅好拘束人也玳则筵歼。","chinese-poetry",""
"严子陵垂钓七里滩・落梅风","元","宫天挺","我在江村里住，肚皮里饥上来，俺则有油盐和的半盏野菜。食鱼羹稻饭几曾卓器摆，几曾这般区区将将大惊小怪。","chinese-poetry",""
"严子陵垂钓七里滩・离亭宴煞","元","宫天挺","九经三史文书册，压着一千场国破山河改。富贵荣华，草介尘埃。唱道禄重官高，阗是祸害，凤阁龙楼，包着成败。您那里是舜殿尧阶，严光则是跳出了十万丈风波是非海。","chinese-poetry",""
"陈季卿误上竹叶舟・赚煞","元","杨梓","我与你踢倒鬼门关，打开这槐安路，把-枕南柯省悟。再休被利锁名缰相缠住，急回头又蚤则暮景桑榆。你若是做吾徒，我与你割断凡俗，怕甚么苦海茫茫难跳出？趁烟霞伴侣，乘着这浮槎而去，兀的不朗吟飞过洞庭湖。(留荆篮下)。","chinese-poetry",""
"陈季卿误上竹叶舟・驻马听","元","杨梓","仙苑优游，物换星移几度秋。将玄关参透，经了些夕阳西下水东流。一生空抱一生愁，千年可有千年寿。则合的蚤回头，和着那闲云野鹤常相守。","chinese-poetry",""
"陈季卿误上竹叶舟・雁儿落","元","杨梓","你急煎煎误吞他名利钩，虚飘飘竟忘了我这烟霞叟。白茫茫穷途何处归，眼睁睁苦海无人救。","chinese-poetry",""
"陈季卿误上竹叶舟・得胜令","元","杨梓","呀，你不道经史习如流，青紫不须忧，怎不将连城璧丹墀奏，博一个取凌阳万户侯，今日个啾啾。这是你为官的偏生受，倒不如休也波休，蚤随我出家儿得自由。","chinese-poetry",""
"陈季卿误上竹叶舟・梁州第七","元","杨梓","管甚么有程期夕阳西下，一任他没心情江水东流。常则是淡烟疏雨迷前后，经了些村桥野店，沙渚汀洲。俺自有蓑衣斜挂，箬笠轻兜。后来这打渔人少闷无愁，相伴着浴鹭眠鸥。恰离了陶朱公一派平湖，抹过了蜀诸葛三江渡口，蚤来到汉严陵七里滩头。你道那几个是咱故友，无过是沧波老树知心旧，楚江萍胜肥肉。还有那缩项的鳊鱼新上钩，吃的不醉无休。","chinese-poetry",""
"陈季卿误上竹叶舟・隔尾","元","杨梓","你莫不是燃犀温峤江心里走，你莫不是鼓瑟湘灵水面上游，却教我呆邓邓葭蒲边耐心守。这里又不是关津隘口，又不是你家前院后，怎么的唤渡行人在那搭儿有。","chinese-poetry",""
"陈季卿误上竹叶舟・骂玉郎","元","杨梓","则被-天露湿渔蓑透，摇短棹下中流，过得这横桥独木龙腰瘦。见轻鸥，厮趁逐，妆点秋江秀。","chinese-poetry",""
"陈季卿误上竹叶舟・感皇恩","元","杨梓","云影油油，风力飕飕。转出这绿畅堤，芳草岸，蓼花洲。(陈季卿云)渔翁。这里那里？(正未唱)行尽了秦淮界首，不觉的吴越分流。可早则近乡闾，临故卫，莫停留。","chinese-poetry",""
"陈季卿误上竹叶舟・采茶歌","元","杨梓","你不索问更筹，则看这水云收，半轮明月在柳梢头。(做住船科，云)秀才，我这船只在此，等你见了你父母妻子，你可便来。(唱)我这里将半橛孤桩船缆住，则听得汪汪犬吠竹林幽。(同陈季卿暂下)。","chinese-poetry",""
"陈季卿误上竹叶舟・三煞","元","杨梓","趁着这响咿哑数声柔橹前溪口，早看见明滴溜儿点渔灯古渡头。(陈季卿云)渔翁，把船遥近岸些，兀的不起了风也。(正末唱)则见秋江雪浪拍天浮，更月黑云愁，疏刺刺风狂雨骤，这天气甚时候？(陈季卿云)渔翁，这等风雨，波浪陡作，兀的不唬杀我也！(正末唱)白茫茫银涛不断流，那里也骑鹤扬州。","chinese-poetry",""
"陈季卿误上竹叶舟・二煞","元","杨梓","忽听的雷盘绝壁蛟龙吼，又则见电绕空林鬼魅愁。似这等翻江搅海怒阳侯，唬的他怯怯乔乔，怎提防倾覆，这性命有准救？争些儿踏破渔翁一钓舟，做的个水上浮沤。(陈季卿云)哎哟，船坏了也！渔翁，你救我咱！(做念经科，云)太乙救苦天尊！(正未唱)。","chinese-poetry",""
"陈季卿误上竹叶舟・黄钟尾","元","杨梓","你枉下告玄冥礼河们频叉手，只要你安魂魄定精神紧闭眸。风陡作，水倒流，排三山，荡九州，撼天关，动地轴。唬的你战兢兢，似楚囚，死临侵，一命休，不能彀，葬故氏。从今后万古千秋，准与你奠一盏儿北邙坟上酒。","chinese-poetry",""
"陈季卿误上竹叶舟・正宫/端正好","元","杨梓","俺不去北溟游，俺不去东山卧，得磨跎且自瞻跎。打数，打数声愚鼓向尘寰中坐，这便是俺闲功课。","chinese-poetry",""
"陈季卿误上竹叶舟・滚绣球","元","杨梓","你道俺驾扁舟泛碧波，执渔竿披绿蓑，这就是仙家使作，你可也争些儿暴虎凭河。(陈季卿云)师父，你既肯度脱弟子成仙了道，怎生又要把我掉在大江之中，险丧性命？你好促掏也。(正末做指列御寇科，唱)俺若不是打这讹，怎生着众仙真收这科？俺们交游还有弟兄七个，(陈季卿云)师父，你这上八界洞府，却在那里？(正末做手指科，唱)问洞府还隔的蓬岭嵯峨。(带云)要舞呵，(唱)自有霓裳羽袖纤腰舞，(带云)要歌呵，(唱)自有绛树、青琴皓齿歌，莫更蹉跎。","chinese-poetry",""
"陈季卿误上竹叶舟・叨叨令","元","杨梓","俺那里有苍松偃蹇蛟龙卧，有青山高耸烟岚泼。香风不动松华落，洞门深闭无人锁。俺和你去来也么哥，俺和你去来也么哥，修真共上蓬莱阁。","chinese-poetry",""
"陈季卿误上竹叶舟・煞尾","元","杨梓","会瑶池庆赏蟠桃果，满捧在金盘献大罗，增俺仙家福寿多，保俺仙家永快活。你将这鹤氅乌巾手自摩，葛履环绦整顿过，音色骡儿便撒和驾一片祥云俺同坐。便有那十万里鹏程，怕甚么海天阔。","chinese-poetry",""
"中吕・喜春来春宴","元","元好问","春盘宜剪三生菜，春燕斜簪七宝钗，春风春酝透人怀。春宴排，齐唱喜春来。梅残玉靥香犹在，柳破金梢眼未开，东风和气满楼台。桃杏折，宜唱喜春来。梅擎残雪芳心奈，柳倚东风望眼开，温柔樽俎小楼台。红袖绕，低唱喜春来。携将玉友寻花寨，看褪梅妆等杏腮，休随刘阮到天台。仙洞窄，且唱喜春来。","chinese-poetry",""
"南吕・骂玉郎过感皇恩采茶歌夏目","元","顾德润","衔泥燕子穿帘幕，早池塘贴新荷，庭槐堤柳鸣蝉和。扇影罗，巾岸葛，花盈座。暑气无多，雨声初过。倚东床，开北牖，梦南柯。灯前恣舞，醉后狂歌。书慵注，琴倦抚，剑羞磨。挂青蓑，钓沧波，世尘不到小行窝。笑拥青蛾娇无那，年来放我且婆娑。述怀蛛丝满甑尘生釜，浩然气尚吞吴，并州每恨无亲故。三匝乌，千里驹，中原鹿。走遍长途，反下乔木。若立朝班，乘骢马，驾高车。常怀卞玉，敢引辛裾。羞归去，休进取，任揶揄。暗投珠，叹无鱼，十年窗下万言书。欲赋生来惊人语，必须苦下死工夫。人生傀儡棚中过，叹乌兔似飞梭，消磨岁月新工课。尚父蓑，元亮歌，灵均些。安乐行窝，风流花磨。闲呵诹，歪嗑牙，发乔科。山花袅娜，老子婆娑。心犹倦，时未来，志将何！爱风魔，怕风波，识人多处是非多。适兴吟哦无不可，得磨跎处且磨跎。","chinese-poetry",""
"中吕・醉高歌过喜春来宿西湖梅花飘雪漫山，杨柳和烟放眼。画船稳系东风岸，金缕朱弦象板。","元","顾德润","春融南浦冰澌散，酒醒西楼月影悭，一天星斗水云寒。名利难，诗酒债且填还。","chinese-poetry",""
"中吕・醉高歌过摊破喜春来旅中","元","顾德润","长江远映青山，回首难穷望眼。扁舟来往蒹葭岸，人憔悴云林又晚。篱边黄菊经霜暗，囊底青蚨逐日悭。破清思晚砧鸣，断愁肠檐马韵，惊客梦晓钟寒。归去难，修一缄，回两字寄平安。","chinese-poetry",""
"梁州・他为我画阁中倦拈针指，我因他在绿窗前懒看诗书。这些时不由我","元","徐琰","心忧虑。这些时琴闲了雁足，歌歇骊珠。则我这身心恍惚，鬼病揶揄。望夕阳对景嗟吁，倚危楼朝夜踌蹰。我、我、我，觑不的小池中一来一住交颈鸳鸯，听不的疏林外一递一声啼红杜宇，看不的画檐间一上一下斗巧蜘蛛。景物，态度。蛛蛛丝一丝丝又被风吹去，杜宇声一声声唤不住，鸳鸯对一对对分飞不趁逐，感起我一弄儿嗟吁。","chinese-poetry",""
"尾声・再几时能够那柔条儿再接上连枝树，再几时能够那暖水儿重温活比","元","徐琰","目鱼，那的是着人断肠处。窗儿外夜雨，枕边厢泪珠，和我这一点芳心做不的主。","chinese-poetry",""
"正宫・小梁州湖上分韵得玉字","元","任昱","波涵玉镜浸晴晖，鸣玉船移。玉箫吹过画桥西，玉泉内，玉树锦云迷。","chinese-poetry",""
"南吕・金字经湖上僧寺","元","任昱","竹雨侵窗润，松风吹面寒，云母屏开非世间。闲，不知名利难。凭阑看，夕阳山外山。重到湖上碧水寺边寺，绿杨楼外楼，闲看青山云去留。鸥，飘飘随钓舟。今非旧，对花一醉休。秋宵宴坐秋夜凉如水，天河白似银，风露清清湿簟纹。论，半生名利奔。窥吟鬓，江清月近人。书所见胜概三吴地，美人一梦云，花落黄昏空闭门。因，青鸾宝鉴分。天涯近，思君不见君。","chinese-poetry",""
"中吕・朝天子村居","元","任昱","杜门，守贫，知有归田分。春风渐入小洼樽，勤饮姜芽嫩。乡党朱陈，讴歌尧舜，向东皋植杖耘。子孙，更淳，闲把诗书训。信笔九霄，早朝，曾赴金门诏。珠玉在挥毫，胸次谁同调？谈笑枚皋，风流温峤，恣疏狂直到老。尽教，醉了，走马长安道。道院翠峰，锦宫，香霭丹霞洞。来寻采药鹿皮翁，煮茗为清供。静听松风，闲吟《橘颂》，碧天凉月正中。九重，赐宠，一觉黄粱梦。题情渭城，雨晴，柳不系黄金镫。梨花小院又清明，误了寻芳兴。香减吴绫，尘蒙秦镜，碧纱窗和闷扃。柴荆，晓莺，巧语无心听。","chinese-poetry",""
"中吕・满庭芳寄友","元","任昱","香笼锦帏，歌讴白苎，人比红梅。风流杜牧新诗意，字字珠玑。桑落酒朝开绮席，杜陵花夜宿春衣。陶然醉，金勒马嘶，归路柳边迷。春暮云扃睡起，香销宝鼎，暧试罗衣。甫能宴罢兰亭会，又见春归。花片片翻成燕泥，柳依依也锁蛾眉。重门闭，绿阴树底，怕听杜鹃啼。","chinese-poetry",""
"中吕・红绣鞋湖上","元","任昱","新亭馆相迎相送，古云山宜淡宜浓，画船归去有渔篷。随人松岭月，醒酒柳桥风，索新诗红袖拥。春情暗朱箔雨寒风峭，试罗衣玉减香销，落花时节怨良宵。银台灯影淡，绣枕泪痕交，团圆春梦少。重到吴门槐市歌阑酒散，枫桥雨霁秋残。旧题犹在画楼间。泛湖赊看月，寻寺强登山。比陶朱心更懒。芳草岸能言鸭睡，荻花洲供馔鲈肥，天平山翠近金杯。水多寒气早，野阔暮空低，隔秋云渔唱起。和友人韵茅屋秋风吹破，桂丛夜月空过，淮南招隐故情多。无心登虎帐，有梦到渔蓑，不归来等甚么？。","chinese-poetry",""
"中吕・普天乐吴门客中","元","任昱","九秋天，三吴地，江空寒早，天远书迟。黄菊开，丹枫坠。流水行云无拘系，好光阴枉自驱驰。尘心自洗，清风绿绮，明月金杯。湖上浣花溪，方壶地，呼猿领鹤，问柳寻梅。行厨白玉盘，进酒青楼妓。惊起沙头鸳鸯睡，棹红云乘兴而回。冰壶影里，笙歌远近，水榭高低。花园改道院锦江滨，红尘外，王孙去后，仙子归来。寒梅不改香，舞榭今何在？富贵浮云流光快，得清闲便是蓬莱。门迎野客，茶香石鼎，鹤守茅斋。暮春即事被诗魔，将花探，春深渭北，绿满江南。残红鱼浪香，接叶莺巢暗。古往今来无心勘，习家池日日春酣。人生易感，青铜似月，白发盈簪。","chinese-poetry",""
"越调・小桃红","元","任昱","山林钟鼎未谋身，不觉生秋鬓。汉水秦关古今恨，谩劳神，何须斗大黄金印。渔樵近邻，田园随分，甘作武陵人。东邻西舍酒频沽，拄杖穿花去。长笑功名草头露，且狂疏，醉如刘阮犹迟暮。鸡翁问余，鹿门深处，真作野人居。宴席桃花扇底楚天秋，恰恰莺声溜。络臂珍珠翠罗袖，捧金瓯，纤纤十指春葱瘦。移花旁酒，张灯如昼，重酌更风流。指甲桃腮轻托玉纤微，有恨弹珠泪。曾整金钗动春意，数归期，等闲掐损阑干翠。拈花露湿，剖橙香腻，宜捧紫霞杯。春情深沉院落牡丹残，懒揭珠帘看，青杏园林管弦散。翠阴间，数声黄鸟伤春叹。离怀未安，相思不惯，独倚小阑干。","chinese-poetry",""
"越调・小桃红","元","王元和","○题情暗思金屋配合春娇，是那一点花星照也。向这欢娱中深埋了祸根苗，我一从见了那个妖娆，他便和咱燕莺期，凤鸾交，鸳鸯侣，只引的蜂蝶儿闹也。恨不的折损柔条，谁承望五陵人，可早先能够了小蛮腰。","chinese-poetry",""
"越调・小桃红","元","卢挚","寿筵添上小桃红，妆点壶天供，茜蕊冰痕半浮动。彩云中，生香唤醒罗浮梦。银杯绿蚁，琼枝清唱，金胜醉鳌峰。","chinese-poetry",""
"越调・寨儿令湖上","元","任昱","锦制屏，镜涵冰，浓脂淡粉如故情。酒量长鲸，歌韵雏莺，醉眼看丹青。养花天云淡风轻，胜桃源水秀山明。赋诗题下竺，携友过西泠。撑，船向柳边行。书所见眉黛浅，鬓云偏，羞颜落色谁爱怜？种玉无缘，掷果徒然，回首叹芳年。碧波不寄鱼笺，翠衾寒犹带龙涎。飞花残雨后，新月小窗前。天，斗帐恨孤眠。","chinese-poetry",""
"双调・水仙子书所见","元","任昱","闲开翠牖近沧州，忽见蛾眉出舵楼，来陪燕席翻红袖。舞春风宜佐酒，匆匆催去难留。解湘水烟中佩，驾浔阳江上舟，瘦损风流。泛舟牙樯绵缆过沙汀，皓齿青蛾捧玉觥，银塘绿水磨铜镜。船如天上行，人传李郭仙名。水晶寒瓜初破，藕花香洒易醒，无限诗情。友人席上绛罗为帐护寒轻，银甲弹筝带醉听，玉奴捧砚催诗赠。写青楼一片情，尽疏狂席上风生。红锦缠头罢，金钗剪烛明，有酒如渑。幽居小堂不闭野云封，隔岸时闻涧水舂，比邻分得山田种。宦情薄归兴浓，想从前错怨天公。食禄黄齑瓮，忘忧绿酒钟。未必全穷。","chinese-poetry",""
"南吕・一枝花题东湖纤云曳晓红，远树团晴翠。好山如凤凰，新水似琉璃，巧画屏帏。","元","任昱","壮观蓬莱地，东湖景最奇。两三行鸥鹭清闲，七十二峰峦秀美。","chinese-poetry",""
"梁州・露屿寺僧吟翠微，月波楼客宴金杯，宝华台殿松阴蔽。赤栏桥畔，","元","任昱","想像瑶池；金沙路上，胜却苏堤。若东坡来此游历，向西湖懒把诗题。学士庙绀宇朱扉，观音洞金堂玉室，宰相家翠竹清溪。会稽，鉴水。贺知章谩奖多佳致，放船去在天际。杨柳风轻生浪迟，漾动玻璃。","chinese-poetry",""
"迷青琐倩女离魂・幺篇","元","郑光祖","把梢公快唤咱，恐家中厮捉拿，只见远寒鸦，岸草汀沙，满目黄花，几缕残霞。快先把云帆高挂，月明直下；便东风刮，莫消停，疾进发。（正末云）小姐，则今日同我上京应举去来。我若得了官，你便是夫人县君也。（魂旦唱）。","chinese-poetry",""
"迷青琐倩女离魂・赚煞","元","郑光祖","从今后只合题恨写芭蕉，不索占梦揲蓍草。有甚心肠，更珠围以饶。我这一点真情魂缥渺，他去后，不离了前后周遭。厮随着司马题桥，也不指望驷马高车显荣耀。不争把琼姬弃却，比及盼子高来到，早辜负了碧桃花下凤鸾交。（同梅香下）（正末云）你孩儿则今日拜别了母亲，便索长行也。左右，将马来，则今日进取功名，走一遭去。（下）（夫人云）王秀才去了也，等他得了官回来，成就这门亲事，未为迟哩。（下）。","chinese-poetry",""
"迷青琐倩女离魂・小桃红","元","郑光祖","我蓦听得马嘶人语喧哗，掩映在垂杨下，唬的我心头丕丕那惊怕，原来是响王吉王吉榔板捕鱼虾。我这里须风悄悄听沉罢，趁着这厌厌露华，对着这澄澄月下，惊的那呀、呀、呀寒雁起平沙。","chinese-poetry",""
"迷青琐倩女离魂・收尾","元","郑光祖","各剌剌向长安道上把车儿驾，但愿得文苑客当时奋发。则我这临邛市沽酒卓文君，甘休侍你濯锦江题桥汉司马。（同下）。","chinese-poetry",""
"迷青琐倩女离魂・红绣鞋","元","郑光祖","去时节杨柳西风秋日，如今又过了梨花暮雨寒食。（梅香云）姐姐，你可曾卜一卦么？（正旦唱）则兀那龟儿卦无定准，枉央及；喜蛛儿难凭信，灵鹊儿不诚实，灯花儿何太喜。","chinese-poetry",""
"迷青琐倩女离魂・普天乐","元","郑光祖","想鬼病最关心，似宿酒迷春睡。绕晴雪杨花陌上，趁东风燕子楼西。抛闪杀我年少人，辜负子这韶华日。早是离愁添萦系，更那堪景物狼籍。愁心惊一声鸟啼，薄命趁一春事已，香魂逐一片花飞。(正旦昏科)(夫人云)孩儿，你挣挫些儿！(正旦醒科)(唱)。","chinese-poetry",""
"迷青琐倩女离魂・哨遍","元","郑光祖","将往事从头思忆，百年情只落得一口长吁气。为甚么把婚聘礼不曾题，恐少年堕落了春闱。想当日在竹边书舍，柳外离亭，有多少徘徊意。争奈匆匆去急，再不见音容潇洒，空留下这词翰清奇。把巫山错认做望夫石，将小简帖联做《断肠集》。恰微雨初阴，早皓月穿窗，使行云易飞。","chinese-poetry",""
"迷青琐倩女离魂・耍孩儿","元","郑光祖","俺娘把冰绡剪破鸳鸯只，不忍别远送出阳关数里。此时无计住雕鞍，奈离愁与心事相随。愁萦遍垂杨占驿丝千缕，泪添满落日长亭酒一杯。从此去孤辰限凄凉日，忆乡关愁云阻隔，着床枕鬼病禁持。","chinese-poetry",""
"迷青琐倩女离魂・四煞","元","郑光祖","都做了一春鱼雁无消息，不甫能一纸音书盼得。我则道春心满纸墨淋漓，原来比休书多了个封皮。气的我痛如泪血流难尽，争些魂逐东风吹不回。秀才每心肠黑，一个个贫儿乍富，一个个饱病难医。","chinese-poetry",""
"迷青琐倩女离魂・二煞","元","郑光祖","情女呵病缠身则愿的天可怜，梅香呵我心事则除是你尽知。望他来表白我真诚意。半年甘分耽疾病，镇日无心扫黛眉。不甫能挨得到今日，头直上打一轮皂盖，马头前列两行朱衣。","chinese-poetry",""
"迷青琐倩女离魂・尾煞","元","郑光祖","并不闻琴边续断弦，倒做了山间滚磨旗。划地接丝鞭别娶了新妻室。这是我弃死忘生落来的。(梅香扶正旦下)。","chinese-poetry",""
"迷青琐倩女离魂・古寨儿令","元","郑光祖","可怜我伶仃，也那伶仃，阁不住两泪盈盈，手拍着胸脯自招承。自感叹，自伤情，自懊悔，自由性。","chinese-poetry",""
"迷青琐倩女离魂・尾声","元","郑光祖","猛地回身宋合并，床儿畔一盏孤灯。兀良，早则照不见伴人清瘦影。(魂旦附正旦体科，下)。","chinese-poetry",""
"迷青琐倩女离魂・水仙子","元","郑光祖","想当日暂停征棹饮离尊，生恐怕千里关山劳梦频。没揣的灵犀一点潜相引，便一似生个身外身，一般般两个佳人。那一个跟他取应，这一个淹煎病损，母亲，则这是倩女离魂。","chinese-poetry",""
"苏子瞻风雪贬黄州・幺篇","元","费唐臣","臣折么流儋耳，臣折么贬夜郎。一个因书贾谊长沙放，一个因诗杜甫江边葬，一个因文李白波心丧。臣觑屈原千载汨罗江，便是禹门三月桃花浪。","chinese-poetry",""
"苏子瞻风雪贬黄州・赚煞","元","费唐臣","则为不入虎狼群，躲离鲸鲵浪，直贬过淘淘大江，不信行人不断肠。赤紧的接天隅烟水茫茫，助凄凉衰草斜阳，休想我筑起高台望故乡。这里有当途虎狼，那里有拍天风浪。我要过水云乡，则是跳出是非场。(下)。","chinese-poetry",""
"苏子瞻风雪贬黄州・正宫/端正好","元","费唐臣","道德五千言，礼乐三十卷。本待经纶就舜日尧天，只因两角蜗蛮战，贬得我日近长安远。","chinese-poetry",""
"苏子瞻风雪贬黄州・滚绣球","元","费唐臣","我也曾写珠玑一万联，判莺花三百篇，扫千军笔端鏖战，但行处天子三宣。结平生诗酒缘，掌中天风月权。不是将帝王埋怨，为甚把苏轼似贾谊南迁。如今一牧童子随驴后，可甚两行朱衣到马前。四野萧然。","chinese-poetry",""
"苏子瞻风雪贬黄州・五煞","元","费唐臣","我情愿闲居村落攻经典，谁想闷向秦楼列管弦。枕碧水千寻，对青山一带，趁白云万顷，尽茅屋三间草舍蓬窗，苜蓿盘中，老瓦盆边，乐于贫贱，灯火对床眠。","chinese-poetry",""
"苏子瞻风雪贬黄州・四煞","元","费唐臣","从教头上青天鉴，不愿腰间金印悬。受他冷冷清清，多多少少，避是是非非，万万千千。或向林皋声里，舴艋舟中，霍索溪边。一壶村酒，白眼望青天。","chinese-poetry",""
"苏子瞻风雪贬黄州・三煞","元","费唐臣","紫袍金带无心恋，两笠烟蓑有意穿。或向新妇矶头，鸥鹭乡中，儿女浦口，鹦鹉洲边。涨一竿春水，带一抹寒烟，掉一只渔舡。黑甜一枕睡，灯火对愁眠。","chinese-poetry",""
"苏子瞻风雪贬黄州・二煞","元","费唐臣","佳音不托云间犬，老计惟凭阳羡田。对橘绿橙黄，山高月小，听南枝惊鹊，衰柳鸣蝉。不愁远害，不陷危机，不纳高轩。那里人离乡贱甚日是归年！。","chinese-poetry",""
"苏子瞻风雪贬黄州・煞尾","元","费唐臣","从教臣子一身贬，留得高名万古传。但使歌低酒浅。卧雨眠烟，席地幕天，一任长安路儿远。(下)。","chinese-poetry",""
"苏子瞻风雪贬黄州・小桃红","元","费唐臣","想西湖风月绕苏堤，尚觉王孙贵，银烛高烧照珠翠。如今百事成非，江山不管春憔悴。想金勒马嘶，玉楼人醉，依旧画桥西。","chinese-poetry",""
"苏子瞻风雪贬黄州・尾声","元","费唐臣","无端四海苍生辈，都不识男儿未济。我止望周人之急紧如金，君子之交淡如水。(下)楔子。","chinese-poetry",""
"苏子瞻风雪贬黄州・驻马听","元","费唐臣","造化通神，镜里功名梦驻身。无常忽近，一分流水二分尘。名流蜗角几时分，尘随马足何年尽。白发鬓边新，如其用我从先进。","chinese-poetry",""
"苏子瞻风雪贬黄州・水仙子","元","费唐臣","臣也曾远无亲戚近无邻，臣也曾釜有蛛丝甑有尘。臣则为归家懒睹妻儿问，到如今布袍上有泪痕。(驾云)闻知卿几遍被州官窘辱，卿是达者，如何苦苦干求于人。(末云)陛下臣非得已，实出于无奈也。(唱)臣放着急煎妻骂儿嗔，便做到达人知命，君子务本，也则索十谒朱门。","chinese-poetry",""
"苏子瞻风雪贬黄州・折桂令","元","费唐臣","怕不待闲吟些白雪阳春，本是个咏月嘲风，翻做了罔上欺君。(驾云)朕当初一时之误，卿对此莺花景物，正好陶情写兴也。(末唱)陛下教吟彻莺花，这番敢走遍乾坤。(驾云)想当日卿夜对便殿，诏赐金莲，宫嫔簇拜，卿也曾赋〔满庭芳词〕。今日对朕再做一篇，有何不可。(末唱)见如今御史台威风凛凛，怎敢向翰林院文质彬彬，则一句吓杀微臣。则为这采女嫔妃，送了俺骚客诗人。","chinese-poetry",""
"苏子瞻风雪贬黄州・雁儿落","元","费唐臣","臣宁可闲居原宪贫，不受梦笔江淹闷。乐陶陶三杯元亮酒，黑娄娄一枕陈抟困。","chinese-poetry",""
"苏子瞻风雪贬黄州・得胜令","元","费唐臣","则愿做白发老参军，怎消得天子重儒臣。那里显骚客骚人俊，到不如农夫妇蠢。绕流水孤村，听罢渔樵论，闭草户柴门，做一个清闲自在人。","chinese-poetry",""
"红绣鞋・指望待要巫山畔乘鸾跨凤，谁承望阳台上云雨无踪，则我这口中","元","季子安","言都当做耳边风。冷落了蜂媒蝶使，稀疏了燕侣莺朋，多应是搅闲人将话儿哄。","chinese-poetry",""
"关张双赴西蜀梦・赚煞","元","关汉卿","杀的那东吴家死尸骸堰住江心水，下溜头淋流着血汁。我教的茸茸蓑衣浑染的赤，变做了通红狮子毛衣。杀的他敢血淋漓，交吴越托推，一霎儿番为做太湖鬼。青鸦鸦岸儿，黄壤壤田地，马蹄儿踏做捣椒泥。","chinese-poetry",""
"关张双赴西蜀梦・南吕/一枝花","元","关汉卿","早晨间占《易》理，夜后观乾象。据贼星增焰彩，将星短光芒。朝野内度量。正俺南边上，白虹贯日光。低首参详，怎有这场景象？。","chinese-poetry",""
"关张双赴西蜀梦・梁州","元","关汉卿","单注着东吴国一员骁将，砍折俺西蜀家两条金梁。这一场苦痛谁承望？再靠谁挟人捉将？再靠谁展土开疆？做宰相几曾做卿相，做君王那个做君王？布衣间昆仲心肠。再不看官渡口剑刺颜良，古城下刀诛蔡阳，石亭驿手挎袁襄！殿下帝王，行思坐想，正南下望，知祸起自天降。宣到我朝下若问当，着甚话声扬？。","chinese-poetry",""
"关张双赴西蜀梦・隔尾","元","关汉卿","这南阳耕臾村诸亮，辅佐着洪福齐天汉帝主，一自为臣不曾把君诳。这场勾当，不由我索向君王行酝酿个谎。","chinese-poetry",""
"关张双赴西蜀梦・收尾","元","关汉卿","不能勾侵天松柏长千丈，则落的盖世功名纸半张！关将军美形状，张将军猛势况，再何时得相访？英雄归九泉壤，则落的河边堤土坡上、钉下个缆桩。坐着条担杖，则落的村酒渔樵话儿讲。","chinese-poetry",""
"关张双赴西蜀梦・红绣鞋","元","关汉卿","九尺躯阴云里偌大，三缕髯把玉带垂过，正是俺荆州里的二哥哥。咱是阴鬼，怎敢陷他，唬的我向阴云中无处躲。","chinese-poetry",""
"关张双赴西蜀梦・迎仙客","元","关汉卿","居在人间世，则合把路上经过。向阴云中步行因甚么？在常爪关西把他围绕合，今日小校无多，一部从十余个。","chinese-poetry",""
"关张双赴西蜀梦・幺篇","元","关汉卿","哥哥你自暗约，这事非小可。投至的曹操、孙权，鼎足三分，社稷山河。筋厮锁，俺三个，同行同坐，怎先亡了咱弟兄两个？。","chinese-poetry",""
"关张双赴西蜀梦・哨遍","元","关汉卿","提起来把荆州摔破，争奈小兄弟也向壕中卧！云雾里自评薄，刘封那厮于礼如何？把那厮碎剐割！糜芳、糜竺、帐下张达，显见的东吴躲。先惊觉与军师诸葛，后入宫庭，托梦与哥哥。军临汉上马嘶风，尸堰满江心血流波；休想逃亡，没处潜藏，怎生的躲？。","chinese-poetry",""
"关张双赴西蜀梦・耍孩儿","元","关汉卿","西蜀家气势威风大，助鬼兵全无坎坷；糜芳、糜竺共张达，待奔波怎地奔波？直取了汉上才还国，不杀了贼臣不讲和！若是都拿了，好生的将护，省可里拖磨。","chinese-poetry",""
"关张双赴西蜀梦・三煞","元","关汉卿","来日教诸葛将二愚男将引，丁宁奏，两行泪才那不断头。官里紧紧的相留，怕不待慢慢的等候，怎禁那滴滴铜壶，点点更筹。久停久住，频去频来，添闷添愁！来时节玉蟾出东海，去时节残月下西楼。","chinese-poetry",""
"关张双赴西蜀梦・正宫/端正好","元","关汉卿","任劬劳，空生爱，死魂儿有国难投！横亡在三个贼臣手，无一个亲人救。","chinese-poetry",""
"关张双赴西蜀梦・滚绣球","元","关汉卿","俺哥哥丹凤之目，兄弟虎豹头，中他人机彀，死的来不如个虾蟹泥鳅！我也曾鞭督邮，俺哥哥诛文丑，暗灭了车胄，虎牢关酣战温侯。咱人""三寸气在千般用，一日无常万事休""，壮志难酬！。","chinese-poetry",""
"关张双赴西蜀梦・煞尾","元","关汉卿","饱谙世事慵开口，会尽人间只点头。火速的驱军校戈矛，驻马向长江雪浪流。活拿住糜芳共糜竺，阆州里张达槛车内囚。杵尖上挑定四颗头，腔子内血向成都闹市里流，强如与俺一千小盏黄封头祭酒！。","chinese-poetry",""
"骂玉郎北・无端掘下相思窖，那里是蜂蝶阵、燕莺巢。痴心枉作千年调。","元","郑光祖","不札实似风竹摇，无投奔似风絮飘，没出活似风花落。","chinese-poetry",""
"感皇恩北・呀，那些个投以木桃，报以琼瑶？我便似日影内捕金乌、月轮","元","郑光祖","中擒玉兔、云端里觅黄鹤。心肠枉费，伎俩徒劳。也是我恩情尽、时运乖、分缘薄。","chinese-poetry",""
"采茶歌北・疼热话向谁学？机密事把谁托？那里是浔阳江上不能潮？有一","元","郑光祖","日相逢酬旧好，我把这相思两字细推敲。","chinese-poetry",""
"双调・驻马听近秋闺","元","郑光祖","财叶将残，雨霁风高摧木杪；江乡潇洒，数株衰柳罩平桥。露寒波冷翠荷凋，雾浓霜重丹枫老。暮云收，晴虹散，落霞飘。","chinese-poetry",""
"驻马听・闷入孤帏，静掩重门情似烧；文窗寂静，画屏冷落暗魂消。倦闻","元","郑光祖","近砌竹相敲，忍听邻院砧声捣。景无聊，闲阶落叶从风扫。","chinese-poetry",""
"尾・一点来不够身躯小，响喉咙针眼里应难到。煎聒的离人，斗来合噪。","元","郑光祖","草虫之中无你般薄劣把人焦。急睡着，急惊觉，紧截定阳台路儿叫。","chinese-poetry",""
"朱砂担滴水浮沤记・仙吕/端正好","元","无名氏","躲非灾，离乡故，相别罢便践程途。(旦儿云)王文用，今日分别，好生凄凉也。(正末唱)方信道人生唯有别离苦，眼看着向那海角天涯去。(下)。","chinese-poetry",""
"朱砂担滴水浮沤记・赚煞尾","元","无名氏","他觑我似炉畔弄冬凌，他觑我似碗里拿蒸饼。若不是灌的来十分酩酊，怎按住他一场火气性。我如今在虎口逃生，急腾腾，再不消停，抵多少遥指空中雁做羹。比及那贼徒酒醒，我已自家胆正，遮莫他赶将来我与你先走了两三程。(下)。","chinese-poetry",""
"朱砂担滴水浮沤记・南吕/一枝花","元","无名氏","那厮他入门来便紧瞅了咱这小本的装，则被我买下子些新槽的酒。连珠儿灌到有五六碗，他承兴饮吃到有两三瓯，尽醉方休。那好饮的也是天生就，一会儿直灌的那厮瓠子头。他和衣儿稳睡安眠，怎知我悄声儿逃席便走。","chinese-poetry",""
"朱砂担滴水浮沤记・梁州第七","元","无名氏","若不是我使见识一杯也那一跪，天那！可不将我这泼残生早做了千死千休！我从那早辰间直走到申时候。过了些青山隐隐，绿水悠悠。荒祠古庙，沙岸汀洲。七林林低陇高丘，急旋旋浅涧深沟。刚抹过另巍巍这座层峦，还隔着碧遥遥几重远岫，又接上白茫茫一带平畴。巴的到绿杨渡口，早则是云迷雾锁黄昏后，我去那野店上觅一宿。这的便是东海鳌鱼脱钓钩，我可也再不回头。","chinese-poetry",""
"朱砂担滴水浮沤记・隔尾","元","无名氏","一领布衫我与你刚刚的扣，八答麻鞋款款的兜。我又不敢高声大咳嗽，我将这厮左瞅，右瞅。哎！天也！怎的他一阵儿昏迷稳放我走。(云)行李衣服都摸着了也，且喜那厮正睡着哩。此时不走，更待何时！(唱)。","chinese-poetry",""
"朱砂担滴水浮沤记・黄钟尾","元","无名氏","罢、罢、罢，我这性命呵，似半轮残月三更后，一日无常万事休。苦奔波，枉生受，有谁人，肯搭救，单只被几颗朱砂，送了我头。拚的向阎罗告究，着铁幡竿等候。遮莫你板门似手掌儿，也掩不得俺这叫屈的口。","chinese-poetry",""
"朱砂担滴水浮沤记・滚绣球","元","无名氏","你道为甚么森森的透骨寒？却元来是茫茫的云雾繁，遮断著红尘无限，刚则见衰草斑斑，兀的不是地府间、黑水湾？早来到这奈河两岸，兀的不是剑树刀山？两只眼紧把冤魂来觑，一只手轻将他鬼力扌班，何处也蹒跚。","chinese-poetry",""
"朱砂担滴水浮沤记・煞尾","元","无名氏","则我这硬邦邦指爪将那厮头稍来挽，粗滚滚麻绳将那厮脖项来拴。丢天灵剪子腕，着凌迟受磨难，那怕他泼顽皮绰号做铁幡竿。只消我这一对儿拦关，把那厮死狗也似拖将来我直着见了您眼。(下)。","chinese-poetry",""
"朱砂担滴水浮沤记・幺篇","元","无名氏","我将这厮琅琅铁索把那厮肩膀绑，沉点点铁棍将那厮臂膊搪。打碎天灵共眼眶，踢折蛮腰和脑浆。(做嘴脸科)(鬼力云)怎么做这个嘴脸？(净唱)把那厮直拿到酆都那边，着他慢慢的想。(同下)。","chinese-poetry",""
"朱砂担滴水浮沤记・沉醉东风","元","无名氏","若不是我失时落势，怎生的便揽祸招危。我和他这搭儿才相见，平日里又不相识。刚道个一声儿恶人回避，早激的他恶哏哏闹是非，那里也见财起意。","chinese-poetry",""
"朱砂担滴水浮沤记・折桂令","元","无名氏","我忙合手顶礼神祗，现掌着死生文簿，何曾错善恶毫厘。(做再拜科，云)太尉爷爷，(唱)你怎不怜见我屈死的冤魂？放过了他行凶的泼贼，待强夺了俺无主的娇妻。我亲指着滴檐前浮沤为记，难道你坐殿上神圣无知？(做再拜科)(唱)只愿你检验轮回，速显灵威，将那厮直押送十八层地狱阿鼻，才见的你百千年天性忠直。","chinese-poetry",""
"朱砂担滴水浮沤记・落梅风","元","无名氏","我只道你灵性归天上，却元来幽魂沉井底，总便是铁石人也见了心碎。我和他这冤仇结的来甚尽期，只除非各一家天地。","chinese-poetry",""
"朱砂担滴水浮沤记・收尾","元","无名氏","死生难遏我心头气，冤仇有似檐间水。哎，你个图财致命的狠心贼，也少不得做个落堑拖坑的没头鬼。","chinese-poetry",""
"尾声・最怕的是檐前头倒把冰锥挂，喜端午愁逢腊八。巧手匠雪狮儿一千","元","苏彦文","般成，我盼的是泥牛儿四九里打。","chinese-poetry",""
"尾","元","杨景贤","着胡孙将心猿紧紧牢拴系，龙君跟着师父呵把意马频频急控驰。一个走如风疾，一个脚似云飞。到西天取经回来，到大唐方是你。(下)(行者云)山神所言，流沙河妖怪能伤人。龙君，你和师父慢来，我先去流沙河，寻那妖怪去。说道他要吃人，我着他先吃我一吃。弟子先去也，你随后便来者。(下)(唐僧云)龙君，我和你也去来。(下)。","chinese-poetry",""
"尾","元","施惠《幽闺记》","(合)得暂宁，天之幸，一夕安稳到天明，免使狼藉遑遑登路程。","chinese-poetry",""
"随尾","元","杨景贤","玉鞭紧紧催金革占，火焰山千难万险。早求法力到西天，莫把残躯葬山崦。(下)。","chinese-poetry",""
"正宫/端正好","元","杨景贤","差十大保官来，同九曜星君降，把唐僧于路堤防。天佛牒玉帝敕都交往，西天路收魔障。","chinese-poetry",""
"邓夫人苦痛哭存孝・尾声","元","关汉卿","罢、罢、罢，你可便难倚弟兄心，我今日不可公婆意。（刘夫人云）孩儿，你且休要性急，待你阿妈酒醒呵，再做商议。（正旦云）去则便了也。（唱）别近谤俺夫妻每甚的，只不过发尽儿掏窝不姓李，则今日暗昧神祗。（带云）惭愧也！（唱）势得一个远相离，各霸着城池；不恁的呵，这李存信、康君立断送了你。这一个个瞒心昧己，一个个献勤卖力，存孝，这两个巧舌头奸狡赖功贼！（下）。","chinese-poetry",""
"邓夫人苦痛哭存孝・南吕/一枝花","元","关汉卿","常言道""官清民自安，法正天心顺""，他那里""家贫显孝子""，俺可便各自立功勋。无正事尊亲，着俺把各自姓排头儿问，则俺这叫爹娘的无气忿。今日个嫌俺辱没你家门，当初你将俺真心厮认。","chinese-poetry",""
"邓夫人苦痛哭存孝・骂玉郎","元","关汉卿","当初你腰间挂了先锋印，俺可也须当索受辛勤。他将那英雄慷慨施逞尽，他则是开绣旗，聚战马，冲军阵。","chinese-poetry",""
"邓夫人苦痛哭存孝・感皇恩","元","关汉卿","阿者，他与你建立功勋，扶立乾坤；他与你破了黄巢，敌了归霸，败了朱温。那其间便招贤纳士，今日个俺可便偃武修文。到如今无了征战，绝了士马，罢了边尘。","chinese-poetry",""
"邓夫人苦痛哭存孝・采茶歌","元","关汉卿","你怎生便将人不瞅问？怎生来太平不用俺旧将军？半纸功名百战身，转头高冢卧麒麟。（刘夫人云）媳妇儿，你在家中；我和孩儿两个见你阿妈，白那两个丑生的谎去来！（正旦云）阿者休着存孝去；到那里有康君立、李存信，枉送了存孝的性命也！（刘夫人云）孩儿，你放心！这句话到头来要个归着，要个下落处。孩儿，你在家中，我领存孝去，则有个主意也。（李存孝云）我这一去别辩个虚实，邓夫人放心也！（正旦唱）。","chinese-poetry",""
"邓夫人苦痛哭存孝・耍孩儿","元","关汉卿","则听的喝一声马下如雷烈，恰便似鹘打寒鸠哏绝。那两个快走向前来，那存孝待分说怎的分说？一个指着嘴缝连骂到有三十句，一个扶着软肋里扑扑扑的撞到五六靴。委实的难割舍，将存孝五车裂坏，霎时间七段八节。","chinese-poetry",""
"邓夫人苦痛哭存孝・三煞","元","关汉卿","又不曾取罪名，又不曾点纸节；可是他前推后拥强牵拽。军兵铁桶周围闹，棍棒麻林前后遮，扑碌碌推到法场也。称了那两个贼汉的心愿，屈杀了一个英杰！。","chinese-poetry",""
"邓夫人苦痛哭存孝・二煞","元","关汉卿","我也曾把一个邓天王来旗下斩，我也曾把孟截海马上挟，我也曾将大虫打的流鲜血，我也曾双挝打杀千员将。今日九牛力，挡不的五辆车五下里把身躯拽。将军死的苦痛，见了的那一个不伤嗟！（刘夫人云）五辆车，五五二十五头牛，一齐的拽，存孝怎生者？（正旦唱）。","chinese-poetry",""
"刘玄德独赴襄阳会・尾声","元","高文秀","痛离别，愁分袂，我和你再相见知道是何年甚日？望新野樊城去路疾，我则要你善加兵紧护城池，则要你用心机将那士马操习，准备着那灭寇兴刘显气势。那其间这干戈定息，我着他四方宁谧，恁时节风云文武拜丹墀。(下)。","chinese-poetry",""
"刘玄德独赴襄阳会・幺篇","元","高文秀","左哨兵编排整齐，则要您公心用意。你与我便领将埋伏，远观输赢，近看虚实。你这三将的威，各自得、施谋用智，你与我便统三军紧冲他左肋。","chinese-poetry",""
"刘玄德独赴襄阳会・雁儿落","元","高文秀","他那里领雄兵临战场，俺这里先差个先锋将。凭着你长枪无对手，更和那乌马难遮当。","chinese-poetry",""
"刘玄德独赴襄阳会・得胜令","元","高文秀","呀，他那里临阵的是曹章，俺这里左右哨暗埋藏。那曹兵大败输亏走，赵子龙手持着牙角枪。他无路去潜藏，望着那山谷深林撞。正遇着云长，恰便似英雄的楚霸王。","chinese-poetry",""
"雁门关存孝打虎・隔尾","元","无名氏","我则见八而威的猛兽偎深涧，他可早一跳身番飞过浅山，把我这贪水食的群羊尽哄散。这厮将咱恼犯。我这里将皮裘紧拴，大踏步望前舍死的赶。","chinese-poetry",""
"雁门关存孝打虎・二煞","元","无名氏","凭着我忠心扫荡烟尘散，捉将手扶持社稷安。华严大战那其问，上的那骏马雕鞍。恁般儿虽不似跨海征辽那汉，黄金铠不须擐，凭着背上雕弓月样弯，我则要定了天山。","chinese-poetry",""
"雁门关存孝打虎・尾声","元","无名氏","把那仓廒府库随风化，不落根椽片瓦。这勤王存孝得功回，教这反国黄巢没乱杀。(下)。","chinese-poetry",""
"雁门关存孝打虎・古水仙子","元","无名氏","赶来到灞河里，见一只舡来有似飞。摇橹的水手又心忙，把柁的梢公胆碎，恨不的两下里纳降旗。一齐的马前忙跪膝，告爹爹委实敌不的，来、来、来，似小鬼见钟馗。","chinese-poetry",""
"雁门关存孝打虎・寨儿令","元","无名氏","端的，端的，全无半点疏失，又不见敌军武艺低。虽存孝，善兵机，也托赖着当今帝。(李克用云)好探子也，与你两只羊，两瓶酒，十个免帖。回本营去。(探子唱)。","chinese-poetry",""
"雁门关存孝打虎・尾","元","无名氏","到不得底，千寻浪头里。看时节显出些头盔，我则见尸堰断灞陵桥下水。","chinese-poetry",""
"山坡里羊","元","无名氏《张协状元》","知它你是及第？知它你是不第？知它在上国？知它归来未？镇使奴终日泪暗垂。莫非不第了羞归乡里？又恐嫌奴贫穷恁地。别也别来断信息，断信息。(净出唱)。","chinese-poetry",""
"南吕・一枝花咏剑","元","施惠","离匣牛斗寒，到手风云助，插腰奸胆破，出袖鬼神伏。正直规模，香檀把虎口双吞玉，沙鱼鞘龙鳞密砌珠。挂三尺壁上飞泉，响半夜床头骤雨。","chinese-poetry",""
"梁州・金错落盘花扣挂，碧玲珑镂玉妆束，美名儿今古人争慕。弹鱼空馆，","元","施惠","断蟒长途，逢贤把赠，遇寇即除。比镆铘端的全殊，纵干将未必能如。曾遭遇诤朝才烈士朱云，能回避叹苍穹雄天项羽，怕追陪报私仇侠客专诸。价孤，世无，数十年是俺家藏物。吓人魂，射人目，相伴着万卷图书酒一壶，遍历江湖。","chinese-poetry",""
"尾声・笑提常向尊前舞，醉解多从醒后赎，则为俺未遂封侯把他久担误。","元","施惠","有一日修文用武，驱蛮静虏，好与清时定边土。","chinese-poetry",""
"天下乐・一个道一阵黄风一阵沙，一个天生丑势煞，一个无店三碌轴上闲","元","王大学士","坐衙。一个将斤斗番，一个将背抛打，一个响扑儿学咯牙。","chinese-poetry",""
"南吕・一枝花辞官","元","孛罗御史","懒簪獬豸冠，不入麒麟画。旋栽陶令菊，学种邵平瓜。觑不的闹穰穰蚁阵蜂衙，卖了青骢马，换耕牛度岁华。利名场再不行踏，风波海其实怕他。","chinese-poetry",""
"梁州・尽燕雀喧檐聒耳，任豺狼当道磨牙。无官守无言责相牵挂。春风桃","元","孛罗御史","李，夏月桑麻，秋天禾黍，冬月梅茶。四时景物清佳，一门和气欢洽。叹子牙渭水垂钓，胜潘岳河阳种花，笑张骞河汉乘槎。这家，那家，黄鸡白酒安排下，撒会顽放会耍。拚着老瓦盆边醉后扶，一任他风落了乌纱。","chinese-poetry",""
"隔尾・诵诗书稚子无闲暇，奉甘旨萱堂到白发，伴辘轳村翁说一会挺膊子","元","孛罗御史","闲时节笑咱，醉时节睡咱，今日里无是无非快活煞！。","chinese-poetry",""
"张天师断风花雪月・一半儿","元","吴昌龄","只见他高烧银烛影摇红，满注名香宝鼎中。全不似初见时恁般乔面孔，殷勤地捧金钟。元来是一半儿妆呆一半儿懂。","chinese-poetry",""
"张天师断风花雪月・赚煞尾","元","吴昌龄","你若有十分的至诚心，我怕没九转丹相送？(陈世英云)小生来年八月十五日，专候仙子来也。(正旦唱)到来年又怕你八月中秋事冗。(陈世英云)既蒙仙子相许，小生怎敢负了此心？但仙子虽同织女，小生非比牵牛，怎么也要一年一会？做这般老远的期约也。(正旦唱)那七夕，会牛女佳期，你可也休卖弄。(陈世英云)仙子若果有心于小生，便不到的来年，怕甚么那？(正旦唱)我则怕六丁神告与天蓬，(陈世英云)那六丁总是天上神位，料仙子也不怕他！(正旦唱)更怕的是五更钟，催别匆匆，只落的四眼相看泪珠涌。(陈世英云)仙子，您直恁般慌速，便再停止一会儿也好。(正旦唱)兀的不三星在东。(陈世英云)仙子此一去，休忘了今宵欢会也。(正旦唱)正照着俺二人情重，一般潇洒月明中。(同二旦下)。","chinese-poetry",""
"张天师断风花雪月・南宫/一枝花","元","吴昌龄","可不道既读孔吊书，那里也必达周公礼？你今日相思容易得，岂不闻饱病可兀的最难医？他从来老老实实，忒软善忒温若，近新来陡恁的。他待学遇云英乞玉的裴航，赋洛神来珠的曹植。","chinese-poetry",""
"张天师断风花雪月・梁州第七","元","吴昌龄","翻笑着不风流闭门的颜叔，假乖张拍案的封陟。他不肯左笔尖上挣扎个名和利，兀的不辱抹杀题桥的才思掷果的容仪。直这般无廉鲜耻，乱作胡为三餐饭并不曾想吃，五车书并不肯攻习。他、他、他，则待要美甘甘傍玉软香温。是、是、是，则待要悄促促在星前月底，等、等、等，则待要薄孜孜赴燕约莺期。奉相公省会，教老身直到那书房内，在左右看详细。只他这废寝忘餐可也因甚的？要一个明白消息。","chinese-poetry",""
"张天师断风花雪月・骂玉郎","元","吴昌龄","莫不是崔莺莺害了你这张君瑞？只指望西厢下暗偷期，把镜中花生扭做蟾宫桂。现如今你瘦岩岩病怎支？他虚飘飘占不归，知甚日重会？(陈世英云)仙子，则被你想杀小生也。(正旦唱)。","chinese-poetry",""
"张天师断风花雪月・感皇恩","元","吴昌龄","怪不着你正是遥授夫妻，你可甚步步相随？更做道秀才每忒上紧，忒着迷。你伴的是琴书度日，怎想着那广寒宫窃药的仙姬？专等待三更后，才斗转，恰星移。","chinese-poetry",""
"张天师断风花雪月・采茶歌","元","吴昌龄","想的你意儿痴，望的你眼儿疲，只等五言诗作上天梯。但得个一夕鸳鸯配成对，那里也还记十年身到凤凰池。","chinese-poetry",""
"张天师断风花雪月・三煞","元","吴昌龄","我越劝着越妆出风风势，则说是病在心头那个知？怎么耳边傍不住相潮戏，百般的话不投机。待着淹早些回避，我可道不关亲耽干系。就也着冷眼儿来看你，且看你直等的月色沉西。","chinese-poetry",""
"张天师断风花雪月・二煞","元","吴昌龄","你道叔父行怎不敢医药来调治，这的是心病还从心上医。便有那仓公、扁鹊成何济？也无过草树根皮，怎比得玉天仙知心着意。只想他今夜里休贪睡，重向书帏叙别离，敢胜似百补参芪。(云)哥哥，你保重将息，我回老相公话去也。(陈世英云)仙子，这早晚还不见来？兀的不害杀小生也。(正旦云)哥哥，你则听我劝者。(唱)。","chinese-poetry",""
"张天师断风花雪月・黄钟尾","元","吴昌龄","我劝你好将息这不存不济千金体，再休想那无影无形百媚姿。自去年到今日，曾有甚为盟记？只管里苦思忆，直等得佛出世，可不的干着你。这相思无尽极，倒不如早收拾，将一段云雨幽期，都付与高唐梦儿里。(下)。","chinese-poetry",""
"张天师断风花雪月・正宫/端正好","元","吴昌龄","则被你催！逼得我两三番，喝掇得我十余次。我不合暗约通私，怎当那驱邪院一伙天兵伞至，狠恶的忒如此。","chinese-poetry",""
"张天师断风花雪月・满庭芳","元","吴昌龄","你也合心中暗思，你待把强言折证，不辩个雄雌。只你那风亭门馆书名字，可不是招伏下亲笔情词。元来你全无那风流情思，也枉耽着-个风月的这名儿。(风神云)我有甚么过犯在那哩？(正旦唱)你道你便无讥剌束，常记得杜少陵吟了诗。(封姨云)杜诗上怎么？你只管说。真人在此，我也不赖。(正旦唱)可不道风雨夜来时。","chinese-poetry",""
"张天师断风花雪月・红绣鞋","元","吴昌龄","你守得个映雪的孙康苦志，你逼得个袁安在雪内横尸。赚得个王子猷，山阴雪夜上船时。(雪神云)也只为老夫忒慈善些儿。(正旦唱)你道你便忒性慢，式心慈，你则问那蓝关前韩退之。(雪神云)真人问谁要招？(天师云)要你招。(雪神云)吾神则知其功，不知其罪。(天师云)这老匹夫则知其功，不知其罪。你有甚么功在那里？(雪神云)真人差矣。吾乃天地正神，岂比那桂花思凡？做这等淫邪之事？风神管的是春风夏雨，吾神管的是秋霜冬雪。调和鼎鼐，燮理阴阳。滋五谷，润百草。压障气，兆丰年。于民有益，为国有功。(诗云)我本亲承帝旨把天门，今朝被你勾摄坛前折辨真。若要误犯天条招伏状，怎到的玉洁冰清白雪神。(天师云)噤声！你道我管不得你？天仙管得你么？(雪神云)管不得。(天师云)地仙管得你么？(雪神云)管不得。(天师云)贫道管得你么？(雪神云)你便是管得着哩。(天师云)噤声！吾非浊骨，本是仙胎。祖公留下三件法宝，信香一瓣，雌雄剑二口，降妖印一颗，专管天上天下三界仙精鬼怪，魍魉邪魔。量你是一块雪，我管不得你，怎管天上许多神将？吾今宣召天上火，地下火，山头火，霹雳火，炉中火，将你围在中间，立化一池黄水。老匹夫，看你招也是不招。(雪神做慌科，云)真人，小神招伏则便了也。(正旦唱)。","chinese-poetry",""
"张天师断风花雪月・煞尾","元","吴昌龄","谢真人勘问我赴四池对会词，拚的个尽场儿诉出俺心间事，都向那蟠桃会上听仙旨。(众同下)。","chinese-poetry",""
"张天师断风花雪月・折桂令","元","吴昌龄","这罪犯是我贱妾应该，没米由误犯天条，私下瑶台。却带累花神，干连风雪，都也不伏烧埋。俺本是广寒宫冰魂素魄，怎比那阎浮世浊骨凡胎？(长眉仙云)敢是你捱不过那凄凉寂寞，看上了陈秀才么？(正旦唱)俺可行甚难捱，觑上乔才？屈屈的将西没东生，错认做了夜去的这明来。","chinese-poetry",""
"张天师断风花雪月・雁儿落","元","吴昌龄","想当日被计罗早缠作灾，多感的娄金宿将咱解。这都是陈秀才能见可怜，因此上俺桂花仙思酬待。","chinese-poetry",""
"张天师断风花雪月・得胜令","元","吴昌龄","兀那座读书斋，须不是楚阳台。他救我元无意，我见他有甚歹？冤哉！怎将俺这一火同禁害？诉的明白，望仙尊别处裁。","chinese-poetry",""
"楚昭王疏者下船・幺篇","元","郑延玉","你须想着归期急，休言他去路艰。止不过船临古渡垂杨岸，路逢峻岭滩头涧，小可如君骑羸马连云栈。(申包胥云)小官既为国解难，怎敢避的途路之苦。(正末唱)你休辞山遥水远路三千，我专等你坚甲利刃那兵十万。","chinese-poetry",""
"楚昭王疏者下船・赚煞","元","郑延玉","你去后我夜忧到明，明忧到晚。若是那秦公子将卿傲慢，你则索将火性儿全然都放坦，是必休便冒渎容颜。那其间借的些金鼓旗幡，将你那洗尘酒开怀儿做了送路盏。(申包胥公)主公，我这一去，若借得秦兵来时，料那伍子胥恐怕前后受敌，必解兵而归矣。(正末云)只要借得秦兵呵，(唱)恁时节吴兵自还，楚城无患，生则怕你别时容易见时难！(下)(申包胥云)二公子，你紧记者，若伍子胥领兵来时，休听费无忌那短见，就要与他家厮杀，有误大事。我即日往秦邦借兵去也。(诗云)东吴滚滚动征尘，济困扶危投远亲。方信家贫显孝子，楚邦有难识忠臣。(下)。","chinese-poetry",""
"楚昭王疏者下船・小桃红","元","郑延玉","史见他旗门开处跃骅骝，高叫道谁敢来和咱斗。早着俺千军万马都惊走，急难收，兀的般威风不信人间有。淹的呵抛下了戈矛，氲的呵遮漫了宇宙，莫不是剑气上连牛。","chinese-poetry",""
"楚昭王疏者下船・收尾","元","郑延玉","眼睁睁见死可也无人救，索把这泼残生告天保佑。则被那借吴兵的伍相逞尽了十分强。(芈旋云)怎得这申包胥救兵到来，可也好也！(正末唱)遥望俺复楚国的包胥且耐着一时守。(同下)。","chinese-poetry",""
"楚昭王疏者下船・迎仙客","元","郑延玉","一个报冤仇称了子胥，一个打赌赛去了包胥，何处也济困扶危重复楚。慌速速的强逃生，急煎煎的甘受苦。(内发喊科)(正末唱)脑背后闹吵吵的起军卒，(芈旋云)哥哥，兀的不是追兵渐近了也？前面又阻着长江，江水泛涨，无船可渡，怎生是好？(正末唱)眼前面翻滚滚野水无人渡。","chinese-poetry",""
"楚昭王疏者下船・红绣鞋","元","郑延玉","不得已央及你个渔父，(梢公云)肯载不肯载，也则自的我。(正末唱)似这般装着势待要何如？我与你也是近疃邻庄共乡闾。(梢公云)怕不是乡闾，大家要看个风水，实是船小，载不起这几个人。(正末唱)你道是船儿小难装载，则要你量儿大救俺家属，早早的过长江无间阻。","chinese-poetry",""
"楚昭王疏者下船・普天乐","元","郑延玉","俺只见掩掩泼泼画船儿歪，囊囊突突梢公絮。(梢公云)这风把船掀过来，淹上水了。还不着个下水去，敢多要死哩？(正末唱)我则见他无休的催促，待不的须臾。(旦儿悲科，云)儿也，则被你痛杀我也。(正末唱)儿悲啼为母离，母痛哭抛儿去。哎，你个掌命司的梢公可便休催促，百忙里割不断他子母每肠肚。但保全了孩儿的身躯，怎顾得夫人的性命？(芈旋云)哥哥，您兄弟下水去也。(正末云)兄弟，你住者！(唱)紧揪住俺这兄弟的衣服。","chinese-poetry",""
"楚昭王疏者下船・满庭芳","元","郑延玉","哀哉子母，如今稀有，从古应无。又不是进胶舟那日昭王渡，怎生的也共为鱼？儿也你舍性命投江伴母，妻也你可便守贞烈出嫁从夫。似这等难相顾，总只是皇天丧楚，教你去龙颔下探明珠。(梢公云)渡过江了，撺下脚踏板，请登岸。(做上岸科)(芈旋云)解这金鱼下来，赏了梢公。后面有人追来时，若非本国之人，你是必休渡他过江也。(梢公云)理会的。等您回来时，我另打一只大海船在此等候。(下)(正末云)谢天谢地，上的岸来，兄弟也，这两条路您自往那一条路去？(芈旋云)哥哥，现今嫂嫂、侄儿都无了也，则有您兄弟一人相随，可怎生又教我那一条路去？不知哥哥主着何意？(正末云)兄弟，你那里知道！(唱)。","chinese-poetry",""
"楚昭王疏者下船・耍孩儿","元","郑延玉","本待要相随相从相将去，也则为我胆儿自虚。我只见前山掩映苍苍树，那其间必有埋伏。小路行怕撞着孙都统，大路走须防他伍子胥。兄和弟谁防护？可不是免鱼鳖才离江上，逢豺虎又断送山谷。(芈旋云)既然这等，您兄弟则往这小路上，抄出大路相会。且辞别了哥哥去也。哥哥受您兄弟一拜，只愿哥哥稳登前路，无惊无恐。(正末唱)。","chinese-poetry",""
"楚昭王疏者下船・二煞","元","郑延玉","兄弟也咱相逢时有限期，别离了无限苦，(正末走科)(芈旋追上，云)哥哥，您兄弟再送哥哥几步。(正末唱)两下里欲去也频回觑。好着我悲切切痛煞煞提着胆向刀尖过，倒不如悄促促低着头在剑下诛。兄弟也哭一声行一步，俺兄弟情气吁成云雾，他子母恨泪滴满江湖。","chinese-poetry",""
"楚昭王疏者下船・煞尾","元","郑延玉","俺如今一程程逐去途，一心心怀故土。大都来是一兴一败天之数，但不知肯分的秦兵几时到得楚。(下)。","chinese-poetry",""
"楚昭王疏者下船・驻马听","元","郑延玉","伍员无敌，入楚地鞭尸尚恨迟；包胥有智，借秦兵复国偏能疾。(申包胥子云)子胥若不想旧交之情，凭着他武艺，量小官到的那里？(正末唱)虽然他会临潼八面虎狼威，怎如你哭秦亭七日英雄泪。(做悲科)(申包胥云)主公为何发起悲来？(正末唱)我今日安居宝殿里，猛想起渡江时，不觉心如碎。(申包胥云)主公，吴兵已退，楚国重安，此乃如天之喜，且省烦恼。(芈旋上，云)某芈旋。自从江边与哥哥别后，一向避于随地，可早半年光景也。听的申包胥借的秦兵，重扶楚国。我如今回去，见我哥哥咱。令人报复去，道有芈旋在于门首。(卒子云)喏，报的大王得知，有二公子来了也。(正末云)快有请！(卒子云)请进去。(芈旋做见，悲科)(正末云)兄弟也，你在那里来？(芈旋云)您兄弟自与哥哥相别之后，流落随国，听知哥哥复楚，一径的寻将来也。(正末唱)。","chinese-poetry",""
"楚昭王疏者下船・沉醉东风","元","郑延玉","自间别伯夷、叔齐，我常只是坐想行悲。(芈旋云)许久不见哥哥，请受您兄弟几拜。(正末唱)既然为兄弟情，讲甚君臣礼。想当年在小船中寸步难移。(芈旋打悲科，云)您兄弟岂望今日与哥哥相见也！(正末云)令人，安排酒果来与兄弟拂尘者。(唱)今日相逢有限期，我又恐怕是南柯梦里。(云)兄弟，你满饮一杯。(芈旋云)您兄弟吃不下这酒去。(正末云)兄弟，你为甚么吃酒不下？(芈旋云)您兄弟心下则想着嫂嫂和侄儿哩。(正末云)兄弟，你嫂嫂有。(芈旋云)既然有嫂嫂，何不请将出来相见咱？(正末云)令人，请将夫人来者。(卒子云)夫人有请。(二旦上，云)妾身乃楚昭公继室夫人。大王呼唤，须索见去来。(做出见科)(正末云)兄弟，兀的不是你嫂嫂。(芈旋做认科，云)哥哥，这那里是我那嫂嫂也？(正末云)兄弟也，可知不是你那嫂嫂哩！(唱)。","chinese-poetry",""
"楚昭王疏者下船・落梅风","元","郑延玉","他身丧在波涛内，名标在书传里。一个忠则尽命，一个孝当竭力。我今日立安邦还成子共妻，(云)兄弟也，当初我弃了嫂嫂侄儿，留得你在。哥哥今日还有嫂嫂，少不的生下侄儿。若无了你也呵，(唱)那里去再寻个同胞兄弟？。","chinese-poetry",""
"楚昭王疏者下船・折桂令","元","郑延玉","我则道你趁横波一去无消息，可正是堂上糟糠，休猜做墙上泥皮。想当日船小江深，风高浪涌，云锁天地。若不是贤达妇三从四德，若不是仁孝子百顺千随。我则道夫妇分离，父子乖违，怎能彀再得团圆，还见这笑眼欢眉。","chinese-poetry",""
"楚昭王疏者下船・清江引","元","郑延玉","可又得金枝公主成配匹，岂不是天缘美？永为唇齿邦，万古干戈息，将着甚的般花红酬谢你个秦百里？。","chinese-poetry",""
"雁儿落","元","施惠《幽闺记》","(外)俺穿一领裹乾坤缝掖衣，要干着儒家事；读几行正纲常贤圣书，要识着君臣义。俺则是一心儿清白本无私。(净)你触犯了圣上，就该万死。(外)言如达，死何辞？(净)常言道：""闭口深藏舌，安身处处牢。""(外)怎做得窨无气？(净)你许多年纪了，还要管这等闲事怎么？(外)怎做得老无为？今日任你就打落张巡齿，痴也么痴，常自把严颜头手内提。","chinese-poetry",""
"雁儿落","元","杨景贤","神道般官吏使，虎狼般公人至。(刘云)到官休说你的事出来，我也是有情分的人。(夫人唱)我不申口内言，你自想心间事。","chinese-poetry",""
"北雁儿落带过得胜令","元","施惠《幽闺记》","总乾坤一转丸，睹日月双琶箭。浮生梦-场，世事云千变。万里玉门关，七里钓鱼滩。晓日长安近，秋风蜀道难。险些儿误杀了个英雄汉，凄凄冷冷，埋冤世间。","chinese-poetry",""
"满江红尾","元","施惠《幽闺记》","(小旦上)我那哥哥！大喊一声过，唬得人獐狂鼠窜。那里去了，哥哥！怎生撇下了我？教我无处安身，无门路可躲。","chinese-poetry",""
"尾犯序","元","施惠《幽闺记》","山径路幽僻，但寻常此间来往人稀。男女相随。岂是良人行上？(生、旦)凶时，遭士马流民散失，避干戈村臣远徙。夫和妇，为天摧地塌，逃难路途迷。","chinese-poetry",""
"梁州赚","元","施惠《幽闺记》","且与我留人，押回来问取详细。那汉子，你家居在那里？农种工商学文艺？(生)通诗礼，乡进士，州痒屡魁，中都路离城三里。(小生)因甚到此？(生)闲居止，因兵火弃家无所倚。(小生)听说仔细。汉子，抬起头来我看。(生抬头科)。","chinese-poetry",""
"四犯黄莺儿","元","施惠《幽闺记》","(小旦)他直恁太情切，你十分忒软怯，眼睁睁怎忍相抛撇。(旦)枉是怨嗟，无可计设，当不过他抢来推去望前扯。(合)意似虺蛇，性似蝎螫，一言如何诉说！。","chinese-poetry",""
"尉迟恭三夺槊・幺篇","元","尚仲贤","呀，则见那骨刺剌征旗遮了太阳，赤力力征鼙振动上苍，那单雄信恁高强。他猛观了敌军势况，忙拨转紫丝缰。","chinese-poetry",""
"尉迟恭三夺槊・尾","元","尚仲贤","这厮则除了铁天灵，铜脖项，铜脑袋，石镌就的脊梁。那鞭上常有半纸血糊涂的人脑浆，则那鞭则是铁头中取命的阎正。若论高强，鞭着处便不死十分地也带重伤。也是青天会对当，故教这尉迟恭磨障，磨障这杀君杀父的劣心肠。(下)。","chinese-poetry",""
"尉迟恭三夺槊・南吕/一枝花","元","尚仲贤","箭空攒白凤翎，弓闲挂乌龙角，土培损金锁甲，尘昧了锦征袍。空喂得那匹战马咆哮，劈椤锏生疏却，那些儿俺心越焦。我往常雄纠纠的阵面上相持，恶喑喑的沙场上战讨。","chinese-poetry",""
"尉迟恭三夺槊・梁州","元","尚仲贤","这些时但做梦早和敌军对垒，才合眼早不刺剌地战马相交。则听的韵悠悠的耳畔吹寒角，一回价不冬冬的催军鼓擂，响当当的助战锣敲。稀撒撒地朱帘筛日，滴溜溜的绣幕翻风，只疑是古剌剌杂彩旗摇。那的是急煎煎心痒难揉，往常则许咱遇水叠桥，除了咱逢山开道，嗨，如今央别人跨海征辽。壮怀怎消，近新来病体儿直然较，我自喑约也枉了医疗，被这秋气重金疮越发作，好教我痛苦难消。","chinese-poetry",""
"尉迟恭三夺槊・隔尾","元","尚仲贤","那鞭却似一条玉蟒生鳞角？便是半截乌龙去了牙爪，那鞭着远望了吸吸地脑门上跳。那鞭休道十分的正着，则若轻轻地抹着，敢教你睡梦里惊急列地怕到晓。","chinese-poetry",""
"尉迟恭三夺槊・鸳鸯煞","元","尚仲贤","来日闹垓垓列着军卒阵，就着哭啼啼接送齐王殡。恨不得待摘胆剜心，剔髓挑筋。唱道待教这虎将难存忠信。向那龙床侧近，调泛得君王一惺惺都随顺。咱则待剪草除根，直把这坑陷我的冤仇证了本。","chinese-poetry",""
"尉迟恭三夺槊・王宫/端正好","元","尚仲贤","如今罢了干戈，绝了征战，扶持俺这唐世界文武官员。那回是真个今番演，赵显得俺经熬炼。","chinese-poetry",""
"尉迟恭三夺槊・滚绣球","元","尚仲贤","我则见御园，怎生迭这战场宽展。却煞强如那乱烘烘地荆棘侵天。我则见嫩茸茸绿莎软，宛转转翠袖展，撒撒地马蹄儿轻健，你便丹青巧笔也难传。我则见皂罗袍都略湿宫花露。深乌马冲开绿柳烟，杀气盘旋。","chinese-poetry",""
"逞风流王焕百花亭・一半儿","元","无名氏","他狠毒呵似两头蛇，乖劣呵浑如双尾蝎，我将明珠一斛亲弃撇。(小二云)官人，你敢是心邪了也。(正末唱)不是俺心邪，我只是一半儿支吾一半儿者。","chinese-poetry",""
"逞风流王焕百花亭・迎仙客","元","无名氏","你两个元同舍，本儒流，那白捉鬼比小卿不姓苏比玉仙不姓周。双通叔一般双，柳耆卿同是柳。柳殿试实止望明月玩江楼，双解元干闪在金山后。","chinese-poetry",""
"逞风流王焕百花亭・普天乐","元","无名氏","水晶球，铜豌豆。红裙中插手，锦被里舒头。金杯浮蜡蚁春，红炭灸肥羊肉。惜玉怜香天生就，另一种可喜风流。淹润惯熟，玲珑剔透，软款温柔。","chinese-poetry",""
"逞风流王焕百花亭・耍孩儿","元","无名氏","我便似被困围的败将专求救，哎，高君也咱两个棋逢对。也不索推轮捧毂，筑坛台专仗你那妙策神谋。则你是添兵减灶齐孙膑，唤雨呼风蜀武侯，将巧计亲传授。这一番若得贺氏逢上焕，便似织女址牵牛。","chinese-poetry",""
"逞风流王焕百花亭・随尾煞","元","无名氏","皂头巾著额颅，斑竹篮提在手，叫歌声习演的腔儿溜。新得了个查梨条除授，则这的是郎村爱女下场头。(同下)。","chinese-poetry",""
"逞风流王焕百花亭・山坡羊","元","无名氏","梨条清致，金橘无对，荔枝圆眼多浇些蜜。这枣子要你早聚会，这梨条休着俺抛离。这柿饼要你事事都完备，这嘉庆这场嘉乐喜。荔枝，离也全在你，圆眼，圆也全在你。","chinese-poetry",""
"逞风流王焕百花亭・梧叶儿","元","无名氏","俺只见舍利塔侵云汉，罗汉堂煞整齐，人静悄景幽微。那孙飞虎声名大，小红娘识见低，闪的我张君瑞自惊疑，天也知他这普救寺莺莺在那里？(盼儿云)俺姐姐着我在这门首等着俺姐夫，怎么这早晚还不见来？(正末做见科，云)梅香姐，我来了也！(盼儿云)姐夫，你怎么这般模样了也？这是甚么打扮那？(正末唱)。","chinese-poetry",""
"逞风流王焕百花亭・浪里来煞","元","无名氏","则今朝别了玉人，多感承谢了盘费。(旦云)解元，你也姓王，那王魁也姓王，则愿你休似王魁，负了桂英者。(正末做悲科，唱)怎将我正焕比做王魁？我向西延边上建功为了宰职。你管取那五花诰夫人名位，则不要你个桂英化做一块望夫石。(同下)。","chinese-poetry",""
"逞风流王焕百花亭・驻马听","元","无名氏","引领群师，罚其罪赏其功无徇私。募招猛士，攻必取战必胜决雄雌。常拚著马革里残尸，生图他麟阁题名字。不信呵观古史，大都来豪杰皆如是。","chinese-poetry",""
"逞风流王焕百花亭・得胜令","元","无名氏","笑孙武少神思，病白起不仁慈。赛韩信十功立，胜孔明八阵施。无半点瑕疵，展万里鲲鹏翅。真一表英姿，建千年龙虎祠。","chinese-poetry",""
"逞风流王焕百花亭・水仙子","元","无名氏","你可待碧梧栖老凤凰枝，谁承望东岳新添速报司。早则西风了却黄花事，今日个雪消也见死尸，祸临头有甚嗟咨。使不的你论黄数黑，遮个的你夺朱恶紫，快招成罪犯无辞。","chinese-poetry",""
"逞风流王焕百花亭・殿前欢","元","无名氏","这的是证明师，决撒了也春风骄马五陵儿。可不道不知命无以为君子，则索退而自省其私。(高净做叫屈科，云)这妇人明明是我娶到的媳妇哩，怎当他官官相为，强断与王节使去，可不冤屈也！(正末云)噤声！(唱)这里是经略府军政司，又不比风月所莺花市。错认做洛阳地面承天寺，花费了些精银饷钞，收买些腻粉胭脂。","chinese-poetry",""
"逞风流王焕百花亭・鸳鸯尾煞","元","无名氏","从今后美恩情一似调琴瑟，泼生涯再不窥构肆。共立琼筵，满酌金卮，唱道是绝胜新婚，休夸燕尔，咱两个喜气孜孜。这眷爱如天赐，也不枉费尽相思，早证果了卖查梨那风流少年子。","chinese-poetry",""
"正宫・梁州令南","元","李子昌","芳草长亭露带沙，盼游子来家。翠消红减乱如麻，隔妆台慵梳掠掩菱花。","chinese-poetry",""
"普天乐南・景凄凉人潇洒，何日把双鸾跨？奈薄情不寄鸾笺，相思句尽诉","元","李子昌","与琵琶。弹粉泪湿香罗帕，暗数归期将这春纤掐。动离情征雁呀呀，无奈，无奈，心事转加，对西风病容消瘦似黄花。","chinese-poetry",""
"萧何月夜追韩信・尾","元","金仁杰","(卜儿砌末)真乃是孟母断机心，(等外与砌末了)怎忘的鲍叔般相结好。(旦云了)我早则离了你贤达嫂嫂，(等旦云了)人丈夫何愁刎颈交。(旦云了)割鸡焉用牛刀，打听波女妖娆，有一日平步青霄，不信鸿鹄同燕雀。(等旦云了)噤声！凭着我整乾妇六韬，展江山三略，笑谈间束带立于朝。(下)。","chinese-poetry",""
"萧何月夜追韩信・雁儿落","元","金仁杰","丞相道将咱来不住的赶，韩信则索把程途盼。(萧何云了)为甚却相逢便噤声，非是我不言语相轻慢。","chinese-poetry",""
"萧何月夜追韩信・得胜令","元","金仁杰","我又怕叉手告人难，闲此上懒下宝雕鞍。(萧何云了)说着汉天子犹心困，量着楚重瞳怎挂眼。(萧何云了)弃骏马雕鞍，向落日夕阳岸。办蓑笠纶竿，钓西风渭水寒。","chinese-poetry",""
"萧何月夜追韩信・耍孩儿","元","金仁杰","这楚重瞳能有十年运，(驾云了)占十分消磨六分。臣一观乾象甚分明，(驾云了)我王帝早朗朗超群。(驾云了)他时来力举千斤鼎，直熬得运去无功自杀身。(驾云了)陛下问安邦策何时定，臣算着五年灭楚，小可如三载亡秦。","chinese-poetry",""
"萧何月夜追韩信・三煞","元","金仁杰","臣教子房散了楚军，周勃领着汉兵。臣教郦商引铁骑八方四面相随趁，臣教王陵作先锋九里山前明排着阵：臣教灌婴为合后十面埋伏暗摆着军，臣教樊哙去山尖顶上磨旗作军户眼目，看阵势调遣军人。","chinese-poetry",""
"萧何月夜追韩信・二煞","元","金仁杰","得胜也臣教人梁王在后面赶，诈败也臣教儿江工在前面引。把楚重瞳赚入长蛇阵，恁时节喑呜叱咤难开口。便举鼎拔山怎脱身。臣教吕马童紧紧地相逗趁，(等驾云了)不妨事。他那里知心故友，子是个取命的凶神。","chinese-poetry",""
"萧何月夜追韩信・正宫/端正好","元","金仁杰","再休夸桀纣起刀兵，谩说吴越相吞并，也不似这一场虎斗龙争。方信图王霸业从天命，成败皆前定。","chinese-poetry",""
"萧何月夜追韩信・滚绣球","元","金仁杰","哎，霸正呵，全个见鸿门会那气性。今日向乌江岸灭尽形，那里也拔山举鼎。怎想你临死也通点人情，自别处叫一声，乡人吕马童。枭首级分付的明，这两庄儿送得楚重瞳百事无成。待叫向垓心坦别了虞姬。闷闷闷，懒归西楚亲无救。待去来吴楚八千子弟散得无一人，羞答答耻向东吴又再起兵，另巍巍孤掌难鸣。","chinese-poetry",""
"萧何月夜追韩信・收尾","元","金仁杰","只为那八千子弟无踪影，因此上送得他十二瑶阶独自行。道寡称君事不成，创业开基命不存。失却龙驹怎战争，别了虞姬那痛增。前后军兵紧相并，左右枪刀厮围定。掠袖揎拳挺盔顶，破步撩衣扯剑迎。响断狮鍪心不宁，伏着龙泉身略横。猿背弯环。醉眼朦朦，腰项斜称。呀，他可早鲜血淋漓了战袍领。(下)。","chinese-poetry",""
"辅成王周公摄政・幺篇","元","郑光祖","臣虽无能，辅朝廷，寄命叮咛，密旨亲听，社稷重兴。付能臣支撑，忠信难凭，天地为盟，上有苍冥。倘或天不容吾皇驾崩，（带云）陛下放心，（唱）这公事便索行，临至日若是上下交征，内外差争，老微臣怎地施行？（驾与剑了）（正末唱）这剑斩不臣，夷背逆，诛谗佞。圣旨道""无銮驾如朕亲行""。臣既能如此持威柄，其教不严而治，其政不肃而成。","chinese-poetry",""
"辅成王周公摄政・赚煞","元","郑光祖","恰把密旨暗中传，不想大事须臾定。臣怎敢使赤子葡匐入井？（带云）臣该万死！（唱）怎敢当篡位夺权恶罪名？他小则小神武文明。此件事不为轻，怎敢诌谀龙情？臣依着天道人心顺处行。（驾云了）（正末唱）且休问人心怎生，现如今天心先应，（带云）臣夜观乾象，不见别，（唱）见明滴溜照东宫一点紫微星。","chinese-poetry",""
"辅成王周公摄政・迎仙客","元","郑光祖","今日册东宫登宝位，代先帝拜南郊。（小驾云了）（正末唱）听言绝擗踊一声险气倒。然如此省艰难，怕彳乞彳艹。","chinese-poetry",""
"辅成王周公摄政・普天乐","元","郑光祖","龙椅上，紧扶着，大小官员，扬尘舞蹈。若有个敢喧呼的正犯新条，依班次休怠慢分毫。百官每听处分一齐忙呼噪，扶持着有德的君王谁敢违拗？不是请来的先君剑利水吹毛，他子索封侯拜爵，称臣上表，列土分茅。","chinese-poetry",""
"辅成王周公摄政・耍孩儿","元","郑光祖","悲呵悲定寰区的圣主归天早，喜呵喜继万世君王定了。休道人，子这天无语垂也报斯民，便阴阳二气和调。先君崩愁云冷雾迷坤宙，新君立和气春风满市朝。臣不敢奉先君诏。德不及夔龙禹稷，才不及伊尹皋陶。","chinese-poetry",""
"辅成王周公摄政・三煞","元","郑光祖","不肖呵近族削了大权，贤仁的虽草泽呵加与重爵。正韶乐，明礼，开学校。一壁交有司家削减的刑罚省，一壁交关市处征收的税敛薄。释了故杀，饶了强盗。济贫困不敢侮于鳏寡，免差徭而况取于逋逃。","chinese-poetry",""
"辅成王周公摄政・二煞","元","郑光祖","从今后划地拖带着一身疾病，从今后划地使作的心碎了，从今后划地学舜之徒孳孳为善从头鸡儿叫，从今后划地为宗庙呵春秋祭；祀周三祖，从今后划地忧天下呵日夜思量计万条。臣不得已，非心乐。划地似临深渊般兢兢战战，履薄冰般怯怯乔乔。","chinese-poetry",""
"辅成王周公摄政・煞尾","元","郑光祖","宣化的臣民内外服，将傍的君王寿数高。等天子将摄行的国事亲临却，微臣报国忠心恁时了。（下）。","chinese-poetry",""
"辅成王周公摄政・小桃红","元","郑光祖","微臣冠服衮冕执桓圭，坐休近蟠龙椅，他每北面而朝能可南面立。臣恐失尊卑，将无能冢权休罪。第一来曾奉的先君圣敕，第二来现佐着当今皇帝。（带云）若不如此，（唱）怎敢看稳拍拍文武两班齐。","chinese-poetry",""
"辅成王周公摄政・驻马听","元","郑光祖","当初离凤阙瑶阶，管叔鲜诬我全无经济才。自从启金滕玉册，姜太公从头钓出是非来。我想金滕锁钥未能开，知他我满门良贱今何在？子为有神灵也显得我无罪责。（带云）我有别心呵！(唱)这其间神不容，地不载，天不盖！。","chinese-poetry",""
"辅成王周公摄政・水仙子","元","郑光祖","您可甚春风来似不曾来，不知当日灾因那个灾？（带云）若不如此呵！（唱）尽今生老死居朝外。老微臣甚风儿吹到来，天心与人事和谐。非是臣威风大，只因君前过改，禾复起，枯树上花开。（驾云了）（正末唱）。","chinese-poetry",""
"辅成王周公摄政・折桂令","元","郑光祖","见的臣胸中无半点尘埃。霍叔将你官削了五等侯伯，蔡叔将他递流入千里琼崖。把这两个七事儿分开，转送交普天之下，号令明白。为甚把背反心刑于四海？交知这吃剑头日转千阶。便把你碜可可的血浸尸骸，不由我普涟涟的泪落双腮。兄弟呵！哭你的是痛杀杀昆仲情怀，坏你的是清耿耿国家简册。","chinese-poetry",""
"辅成王周公摄政・雁儿落","元","郑光祖","当初摄政时有利害，今日归政了无妨碍。现如今年已六旬，圣德光三代。","chinese-poetry",""
"辅成王周公摄政・落梅风","元","郑光祖","伯禽备法驾非公道，微臣免朝请忒份外。君臣遇一朝一代。（太后云了）（正末唱）娘娘道临大节不可当为鉴戒。听道罢痛连心性，气夯胸怀。臣不忠不孝，无德无才。想建千年基业，留万世恩泽。会为君，能使臣，托孤的主人安在。","chinese-poetry",""
"南吕・四块玉风情","元","兰楚芳","斤两儿飘，家缘儿薄。积垒下些娘大小窝巢，苘麻秸盖下一座祆神庙。你烧时容易烧，我着时容易着，燎时容易燎。我事事村，他般般丑。丑则丑村则村意相投，则为他丑心儿真博得我村情儿厚。似这般丑眷属，村配偶，只除天上有。意思儿真，心肠儿顺。只争个口角头不囫囵，怕人知羞人说嗔人问。不见后又嗔，得见后又忖，多敢死后肯。双渐贫，冯魁富。这两个争风做姨夫，呆黄肇不把佳期误。一个有万引茶，一个是一块酥，搅的来无是处。","chinese-poetry",""
"双调・折桂令相思","元","兰楚芳","可怜人病里残春，花又纷纷，雨又纷纷。罗帕啼痕，泪又新新，恨又新新。宝髻松风残楚云，玉肌消香褪湘裙。人又昏昏，天又昏昏，灯又昏昏，月又昏昏。被东风老尽天台，雨过园林，雾锁楼台。两叶愁眉，两行愁泪，两地愁怀。刘郎去也来也那不来，桃花谢也开时节还开。早是难睚，恨杀无情，杜宇声哀。","chinese-poetry",""
"双调・雁儿落过得胜令相思","元","兰楚芳","丹枫叶上诗，白雁云中字。黄昏多病身，黑海心间事。月影转花枝，香篆袅金狮。翡翠衾寒处，鸳鸯梦觉时。嗟咨，悄悄人独自。相思，沉沉一担儿。套数。","chinese-poetry",""
"幺篇・看看的捱不过如年长夜，好姻缘恶间谍。七条弦断数十截，九曲肠","元","兰楚芳","拴千万结，六幅裙搀三四摺。","chinese-poetry",""
"迎仙客・傍芝兰吸露花，游宇宙步云霞，我则见窄弓弓藕芽儿刚半扎。践","元","兰楚芳","香尘，踏落花。浅印在轻沙，印一对相思卦。","chinese-poetry",""
"红绣鞋・有他时一刻千金高价，有他时一世儿兴旺人家，有他时村的不村","元","兰楚芳","临风三劝酒，对月一烹茶，说蓬莱都是假。","chinese-poetry",""
"普天乐・信步到海棠轩，闲行至荼コ架，引的些蜂喧蝶穰，来往交加。粉","元","兰楚芳","脸衬桃杏腮，云髻把花枝抹，袅袅婷婷花阴下。他若是不言语那里寻他？他比那名花解语，他比那黄金足色，他生的美玉无瑕。","chinese-poetry",""
"耍孩儿・透春情说几句知心话，则被你迤逗杀我心猿意马。寒窗寂寞废琴","元","兰楚芳","书，苦思量晓夜因他。傲风霜分不开连枝树，宜雨露栽培出并蒂花，见一日买几遍龟儿卦。似这般短促促携云握雨，几时得稳拍拍立计成家？。","chinese-poetry",""
"一煞・笑一笑不觉的春自生，行一步看的人眼又花。十分爱常带着三分怕，","元","兰楚芳","爱的是风流旖旎娇千种，怕的是间阻飘零那半霎。天生下一虎口凌波袜，堪与那俏子弟寒时暖手，村郎君饱后挑牙。","chinese-poetry",""
"迎仙客・诗酒坛，绮罗筵，他举瑶觞笑将红袖卷。不由咱不留情，刚推的","元","兰楚芳","个酒量浅。似这般娇凤雏鸾，争奈教不锁黄金殿。","chinese-poetry",""
"满庭芳・初来时争着与他锦缠，则为他那歌讴宛转，舞态翩跹。怜香心等","元","兰楚芳","闲间难窑变，着我怎不垂涎。你看他那稳稳重重那些儿体面，你看他那安安详详罪愆。似一个谪降下的玉天仙。","chinese-poetry",""
"耍孩儿・浮花浪蕊我也多曾见，不似这风流的业冤。似别人冷定热牙疼，","元","兰楚芳","从今后烧好香祷告青天。则愿的有实诚口吐芝兰气，无亏缺心同碧月圆。我觑他似那张丽华潘妃面，虽不得朝朝玉树，也能够步步金莲。","chinese-poetry",""
"一煞・得成合好味况，乍离别怎过遣。有一日那扁舟水顺帆如箭，我则索","元","兰楚芳","盼长途日穷剩水残云外，你则索宿旅店肠断孤云落照边。我这般厮敬重偏心愿，只除是无添和知音的子弟，能主张敬思的官员。","chinese-poetry",""
"二煞・有一日泪汪汪把我扶上马，哭啼啼懒下船。我不学儒业你也休习针","元","兰楚芳","线，我便有那孙思邈千金方也医不可相思病，你便有那女娲氏五彩石也补不完离恨天。彻上下思量遍，你似一个有实诚的离魂倩女，我似那数归期泣血的啼鹃。","chinese-poetry",""
"三煞・到别州城不问二三，那谎勤儿敢有万千。那厮每饿肚皮干牛粪无分","元","兰楚芳","晓胡来缠，你也则索一杯闷酒樽前过，两叶愁眉时下展。称不的平生愿，你纵然有那千般巧计，也则索权结姻缘。","chinese-poetry",""
"尾声・你若是不忘了旧日情，常思着往日的言。你不忘旧情鱼雁因风便，","元","兰楚芳","你是必休辞惮江乡路儿远。","chinese-poetry",""
"驻马听・寡宿孤辰，岁晚佳期犹未准。旧愁新恨，镜中眉黛镇常颦。一庭","元","赵君祥","芳草翠铺茵，半帘花雨红成阵。雨声潺，风力劲，韶华即渐消磨尽。","chinese-poetry",""
"离亭宴歇指煞・多情较远天涯近，东皇易老芳菲尽。无言自忖，难改悔志","元","赵君祥","诚心，怎消磨生死誓？强打捱凄凉运。留连宋玉才，迷恋潘安俊。行思坐盹，免不得侍儿嘲，遵不得严母训，顾不得傍人论。荣华自有时，恩爱终无分，枉了把形骸病损。他谎话儿赚韩香，我痴心儿忆何粉。","chinese-poetry",""
"承明殿霍光鬼谏・赚煞尾","元","杨梓","帝登基，天垂像，则今日天晴日朗。舜门尧年应上苍，头直上罩紫雾红光，齐下五云乡。他寂寞索向秋江，年听的撼宇宙春雷应天响。一个登基在建章，一个潜身在海上，这的是真龙出世假龙藏(下)。","chinese-poetry",""
"承明殿霍光鬼谏・红绣鞋","元","杨梓","拂掉了尘埃满面，喜的咱夫妇团圆。在家时孩儿每行受了些熬煎，虽然咱有些俸禄，有些公田，想着这穷家私难过遣。","chinese-poetry",""
"承明殿霍光鬼谏・耍孩带四煞","元","杨梓","慨君王圣怒难分辨，便是老性命滴溜在眼前。这场羞辱怎禁当，好教我低旨无言。火言圣怒难分解，恼犯着登时斩在目前。人皆倦，轻呵杖该一百，重呵流地三千。","chinese-poetry",""
"承明殿霍光鬼谏・三煞","元","杨梓","可知道摘星楼剖下比干，汨罗江淹杀屈原，姑苏台范蠡辞了勾践。从来乱国皆无道，自古昏君不重贤，不把清浊辨，则怕吃人心盗跖，那里敬有德行颜渊。","chinese-poetry",""
"承明殿霍光鬼谏・二煞","元","杨梓","天呵谩心昧已的增与阳寿，论到我为国于家拔着短筹，也是我前世前缘，白遣自受，染病耽疾，千则千休。只落的三魂杳杳，四体烘烘。七魄悠悠，好教我无言低首，泪不做泪珠流。","chinese-poetry",""
"承明殿霍光鬼谏・收尾煞","元","杨梓","双手脉沉细难收救，一口气不回来便是休。白料残生决不久，旦幕微臣死之后，不望高原葬土丘，何必追斋枉生受！看诵经文念破口，休想亡灵免得忧，果必君王赐恩厚，思念微臣国政修，出殡威仪迎过路口，登五门君王望影楼。陛上若可怜微臣，遥望着灵车奠一盏酒。(下)。","chinese-poetry",""
"承明殿霍光鬼谏・正宫/端正好","元","杨梓","于家漫劬劳，为国空生受。自从立汉室扶监炎刘，愁怀不遂空低海里，常则是泪湿征衣袖。","chinese-poetry",""
"承明殿霍光鬼谏・滚绣球","元","杨梓","我来的那日头，染证候，都子为唇家门禽兽，子我这泼残生千则千休。将霍山缠住拘，将霍禹匹面殴，喑着气感得几声咳嗽，对夫人仔细遗留。都则为辱家门豁不尽心头气，献妹妹遮不了脸上羞，性命似水上浮沤。","chinese-poetry",""
"承明殿霍光鬼谏・驻马听","元","杨梓","夜静更阑，蓦岭登山寻故关；云收雾散，披星带月入长安。生前出力保江山，命终尽节扶炎汉。你看我这一番，擎王保驾无辞惮。(做入宫科)(做灯后立住，等驾打掺科)(云了)(云)惊唬了我主，微臣不是邪祟。(等驾云了)。","chinese-poetry",""
"承明殿霍光鬼谏・雁儿落","元","杨梓","微臣共朝臣难摆班，魂魄随风散，边关事明日提，早朝把君王谏。","chinese-poetry",""
"承明殿霍光鬼谏・得胜令","元","杨梓","来日个宰相五更寒，正三鼓未更残。(驾云了)便待贬怕我宣宫阙，可甚留连你老泰山，了当间，待我似伊尹周公旦。今日把我做邪魔鬼祟看。(正末云)陛下，有人造反也。(驾云)。","chinese-poetry",""
"承明殿霍光鬼谏・落梅风","元","杨梓","灭九族诛戮了髫龀，斩全家抄估了事产。可怜见二十年公干，墓顶上滟滟土未乾，这的是承明殿霍光鬼谏。(散场)。","chinese-poetry",""
"煞尾","元","杨景贤","浑金塔接青云，七宝殿生红晕，尽都是金祗园的善根。入得如来不二门，须臾间改变了精神。要经文，准备的贝叶全新，着东土开发群迷度万民。不枉了孙行者驱驰受窘。猪八戒奔波逃遁。恁既来佛会下，则恁这一班儿都是有缘人。","chinese-poetry",""
"煞尾","元","高明《蔡伯喈琵琶记》","他遭遇圣时，皆得回乡里。臣何故，别父母，远乡闾，没音书，此心违？伏惟陛下，特悯微臣下之志。遣臣归，得事双亲，隆恩怎比！。","chinese-poetry",""
"商调/浪来里煞","元","杨景贤","经文要阐扬，佛法要通变。四天王八菩萨尽周全，到长安七日功行圆。天随人愿，早来至龙华会上饱参禅。(下)。","chinese-poetry",""
"南吕/金字经","元","杨景贤","众飞仙齐打手，合着金字经迎，引着个员顶方袍得道僧、僧。三更道已其身正，心如秋月明。","chinese-poetry",""
"冯玉兰夜月泣江舟・赚煞","元","无名氏","百般的盼不到晓鸡鸣，强搭伙这鲛绡盹。水声儿偏傍着孤舟滚滚，怕流不尽俺心头忄敝忄敝的闷。猛想起梦儿中遇见强人，尚销魂，带着满面啼痕，休道睡眼蒙胧不是真。(内做鸡叫科)(带云)可早天明了也。(唱)渐见晨光隐隐，(家童上，云)天明了也，叫梢公早些开船，叠在官厅傍边，恐怕老爷将次来也。(正旦唱)移到这官厅侧近，(带云)只等俺父亲来呵，(唱)去向成都肆里访着那个卜钱人。(下)。","chinese-poetry",""
"冯玉兰夜月泣江舟・正官/端正好","元","无名氏","恰开船抬头觑，早行了数里程途。只为一帆风肯把行人助，来到这渺渺烟霞处。","chinese-poetry",""
"冯玉兰夜月泣江舟・滚绣球","元","无名氏","我只道渚烟生逐好风，却原来海潮回催暮雨。动乡愁暗伤情绪，(夫人云)小姐，俺几曾见这般大江水也！(正旦唱)都则为俺家尊受职迁除。(冯太守云)孩儿，若不是我为泉州太守呵，你子母儿一世也到不的此处。(正旦唱)若不是逐功名如转蓬，怎能勾对江山似画图？看东溟渐升玉免，早西山坠尽金乌。见渔家灯火明还灭，听野寺钟声断又续，此景非俗。","chinese-poetry",""
"冯玉兰夜月泣江舟・煞尾","元","无名氏","怎又刮起这大风，把俺船吹去，又不知吹去何方，可着的个边际无。眼睁睁放着娘亲被他掳，痛煞煞把俺兄弟爹爹都杀取，刚只一个家僮不留与。兀那驾船的梢公和你有甚毒，也着他跟了俺一家儿入地府。待叫来又被气堵住咽喉叫不出苦，待走来又被船打在江心走不上路。却教俺守着这血泊里尸骸怎发付？哎哟！天那！你也可怜见俺个没倚靠的青春少年女！(下)。","chinese-poetry",""
"冯玉兰夜月泣江舟・幺篇","元","无名氏","则这个年迈的是父亲，(金御史云)又有个小孩儿可是谁？(正旦唱)可怜呵俺弟兄年纪小。(金御史云)那小孩儿原来是你兄弟，可怜！可怜！那个女人是谁？(正旦唱)他是俺梅香小字唤春娇，(金御史云)还有三个男子是谁？(正旦唱)俺家童未将人事晓。(金御史云)是了，那两个呢？(正旦唱)那两个是船家将钱觅到，也都在劫数里不能逃。","chinese-poetry",""
"冯玉兰夜月泣江舟・梧叶儿","元","无名氏","这江洋真贼盗，怎当俺众冤魂缠定着。他犯了杀人条，现放着大质照，刀头儿血染高。请大人自量度，若不沙只俺小妮子敢平空的将命讨！(金御史云)天明了也。老夫体察公事，一夜不曾睡。左右，分付开了船者，径到清江浦官厅边湾船，问理这一桩公事也。(祗候云)理会的。梢子快开船哩。(梢公云)知道了，慢慢的来。牌子，昨晚那个女孩儿在那里？(祗候云)在舱里。你要问他怎的？(梢公云)和老爷说一声，赏一与我做媳妇罢。(祗候云)噤声！是官宦人家的小姐，如今带着他要办理人命公事哩。你则开了船者！(梢公做使船跌倒科)(金御史云)兀那女子，你跟我到清江浦，问理公事去来。(正旦云)俺到的那里，怎生能见那贼汉也？(金御史云)你却不知。但是巡江官，少不的要来参见老夫。(正旦唱)。","chinese-poetry",""
"冯玉兰夜月泣江舟・浪里来煞","元","无名氏","我见他怎恕饶，他见我难推调。怕不来一问一承招，只俺那山海般仇恨须当报。再不用荆条细拷，拚的亲手儿也还上一千刀！(同下)。","chinese-poetry",""
"冯玉兰夜月泣江舟・驻马听","元","无名氏","暗自凝睛，不由我不丧胆销魂忽地惊。(金御史云)兀那女子，你怕他怎的？(正旦唱)浑如痴挣，他是个图财致命杀人的精。(金御史云)左右，把那厮与我打着者！(祗候做打科)(正旦唱)这番推勘见分明，则你那夜来凶恶可也还侥幸。眼见的恶贯盈，今朝对了俺亲爷命。","chinese-poetry",""
"冯玉兰夜月泣江舟・雁儿落","元","无名氏","我这里连声不住声，(带云)母亲！母亲！(唱)可怎生应也无人应？(带云)母亲！母亲！(夫人上，哭云)这是我玉兰孩儿的声气，待我叫他着。玉兰儿也，我在这里。(正旦唱)是那个贼船中叫小名，恰便似军帐里听严令。","chinese-poetry",""
"冯玉兰夜月泣江舟・得胜令","元","无名氏","呀，今日个相遇在江亭，莫非是死去再问生？(祗候云)兀那小姐走动，老爷等着哩。(正旦唱)与俺这母亲重觌面。怎么俺兄弟爹爹也不见影？(云)母亲，那屠世雄拿了也。(夫人云)他如今在那里？只怕问不倒他，终着他手。(正旦云)母亲。我和你同见大人去来。(唱)现如今审出了真情，那怕这逆贼偏头硬。疾忙的前行，只怕那清官专意等。(做见御史跪科，云)大人，则这个是俺母亲。(金御史云)兀那女子，这个是你母亲么？(正旦云)正是。(金御史云)在那里寻着来？(祗侯云)禀爷。在屠世雄船上寻来的。(正旦云)兀那贼汉，你道是不曾抢俺母亲，如今在那个船上藏着哩？(唱)。","chinese-poetry",""
"冯玉兰夜月泣江舟・水仙子","元","无名氏","今门个从头一一尽招承，国法王条不顺情。也显的你有忠直儿偏佞，赤心的将公事整，端的个播清风万载标名。若不是你金大人势剑铜铡，将贼徒分腰断颈，可不干着俺泣江舟这一段冤情。(金御史云)你一行人听老夫下断！(词云)都则为你父亲除授泉州，黄芦荡暮夜停舟。巡江官相邀共饮，出妻子礼意绸缪。你母亲遭驱被掳，全家儿惹祸招忧。单撇下钢刀一口，积尸骸鲜血交流。老夫奉朝命江南巡抚，路途间访出情由。将贼徒问成死罪，登时决不待深秋。冯小姐虽能雪恨，奈余生无管无收。请夫人同车载去，赴京都择配公侯。这的是金御史秋霜飞白简，才结末了冯玉兰夜月泣江舟。","chinese-poetry",""
"马丹阳三度任风子・赚煞尾","元","马致远","想着我扑乳牛力气全，杀劣马心非善，但提起这泼性命，我可早身轻体健。俺两个若还厮撞见，不着那厮巧语花言。遮莫你驾云轩，平地升仙，将我这摘胆剜心手段展。须直赶到玉皇殿前，撞入那月宫里面，我把他死羊般拖下九重天。(下)(众云)哥哥醉一也。俺众人回家去来。(下)。","chinese-poetry",""
"马丹阳三度任风子・正宫/端正好","元","马致远","添酒力晚风凉，助杀气秋云暮，尚兀自脚趔趄醉眼模糊。他化的俺一方之地都食素，单则是俺这杀生的无缘度。","chinese-poetry",""
"马丹阳三度任风子・滚绣球","元","马致远","我骗土墙腾的跳过来，转茅檐厌的行过去，退身在背阴黑处。(带云)兀的不有人来也。(唱)莫不是马丹阳有埋伏？我则见悄悄的有人言，原来是潇潇的风弄竹；晃的这月华明闪、云来云去，似人行竹影扶疏。原来这害丹阳刺客心头怕，杀劣马贼人胆底虚。使不着胆大心粗。","chinese-poetry",""
"马丹阳三度任风子・叨叨令","元","马致远","师父道""神仙则许神仙做，凡夫则寻你凡夫去。""爷娘枉说爷娘苦。(云)则是我那魔合罗孩儿，嗨，父母恩养尚且报不的，量他打甚么不紧。(唱)常言道""儿孙自有儿孙福。""(云)儿女是金枷玉锁，欢喜冤家。师父，稽首。(唱)任屠却省省得也么哥，却省省得也么哥，告师父指与我一条长生路。(丹阳云)任屠，你坚心要出家么？(正末云)情愿与师父做个徒弟。(丹阳云)任屠，你既要出家，抛弃了你那妻子，方可出家。(正末云)你徒弟既要出家，量他打甚么不紧，徒弟都舍了也。(丹阳云)你真个要出家，我与你十戒：一戒酒色财气，二戒人我是非，三戒因缘好恶，四戒忧愁思虑，五戒口慈心毒，六戒吞腥啖肉，七戒常怀不足，八戒徇己害人，九戒马劣猿颠，十戒怕死贪生。此十戒是万罪之缘，万恶之种。既要学道，必当戒之，将你俗衣都尽去了，身穿着道袍，腰系着杂彩绦，每日在菜园中修行办道。早晨打五百桶水，日中打五百桶水，天晚打五百桶水。缴辘轳，偎陇儿，拨畦儿，打勤劳，受辛苦。口诵《道德经》云：""道可道，非常道；名可名，非常名。""(诗云)你那气无强弱志为先，努力须当莫换肩。离得这番凡境界，着你生身别上一重天。(正末云)师父着我早晨打五百桶水，午间打五百桶水，晚夕打五百桶水，一日一千五百桶水。量这眼小井，却不打的干了那。(唱)。","chinese-poetry",""
"马丹阳三度任风子・三煞","元","马致远","从今后栽下这五株绿柳侵门户，种下这三径黄花近草庐。学师父伏虎降龙，跨鸾乘凤，谁待要宰马敲牛，杀狗屠驴。谢师父救了我这蠢蠢之物，泛泛之才，落落之徒。虽然愚鲁，从小里看过文书。","chinese-poetry",""
"马丹阳三度任风子・二煞","元","马致远","高山流水知音许，古木苍烟入画图。学列子乘风，子房归道，陶令休官，范蠡归湖。虽然是平日凡胎，一旦修真，无甚功夫。撇下这砧刀什物，情取那轻卷药葫芦。","chinese-poetry",""
"马丹阳三度任风子・煞尾","元","马致远","再谁想泥猪疥狗生涯苦，玉免金乌死限拘。修无量乐有余，朱顶鹤献花鹿；唳野猿啸风虎，云满窗月满户；花满蹊酒满壶，风满帘香满炉。看读玄元《道德》书，习学清虚庄、列术。小小茅庵是可居，春夏秋冬总不殊。春景园林赏花木，夏日山间避炎屠。秋天篱边玩松菊，冬雪檐前看梅竹。皓月清风为伴侣，酒又不饮色又无，财又不贪气不出。我准备麻绳拽辘轳，提挈荆筐担粪土。锄了田苗，种了菜蔬。老做庄稼小做屠。(带云)我兀的到这中年，做你一个徒弟。(唱)哎，师父，我可也打的你那勤劳受的你那苦。(下)。","chinese-poetry",""
"马丹阳三度任风子・红绣鞋","元","马致远","我自撇下酒色财气，谁曾离茶药琴棋。(旦云)你住这里做甚么营生？(正末唱)听杜鹃一声声叫道不如归。（旦云）你莫不云阆苑瑶池来？（正末唱)又不曾赴瑶池。(旦云)你可在那里？(正末唱)止不过在终南山色里。","chinese-poetry",""
"马丹阳三度任风子・幺篇","元","马致远","往常时你劝我，今日个我劝你。那时昧己瞒心，劈两分星，细切薄批。(小叔云)自从哥哥来了，俺这买卖都折了本也。(正末唱)你道是这几日，做屠的伤折了本利。(带云)兄弟，咱宰了一个牲口儿，与他个快性儿。要往人口里过度的茶饭，打当的干净。可不道个""谨行俭用，十年不富，天之命也。""任屠也，你出了家也。(唱)你管他甚么猪肥羊贵。(旦云)你在家里，则是宰的几个牲口儿，谁敢劳动着你挑着这等重担子，受这等苦楚。(正末唱)。","chinese-poetry",""
"马丹阳三度任风子・满庭芳","元","马致远","这担儿便轻如恁的，你道我担荆筐受苦，比你那担火院便宜。(带云)担着这的呵，(唱)止不过两头来往搬兴废，不强似你耽是耽非。(旦云)你敢待学张子房从赤松子修仙学道那？(正末唱)我虽不似张子房休官弃职，我待学陶渊明归去来兮。咱两个都休罪，我和你便今番厮离。(旦云)你着我那里去那？(正末云)由你波。(唱)遮莫你做张郎妇李郎妻。(旦云)你不家去呵，与你个倒断。你休了我者。(小叔云)说的是。哥哥，你若休了嫂嫂，我就收了罢。(正末云)你要休书，等我问师父去。(旦云)你当初娶我时，可不曾问师父。(小叔云)也罢，就着师父与我做个媒人。(正末见丹阳科，云)师父，俺浑家问你徒弟要休书。我休呵好，不休呵好？借问师父纸墨笔砚。(丹阳云)你媳妇问你要休书，怎么与你将经纸写休我这纸笔是写《黄庭》、《道德经》的，怎么与你将经纸写休书？从那里起你那一念？妻是你的谁，谁是你的妻？休呵在的你，不休不在你。(正末云)师父说休呵便在我，不休呵不在我。罢罢罢，我知道了也，师父则是教我休了的是。(唱)。","chinese-poetry",""
"马丹阳三度任风子・普天乐","元","马致远","我世跳出虎狼丛，拜辞了鸳鸯会。(云)我要写又无纸。(旦云)我这里有手帕。(正末唱)这手帕中做布捻，好做铺尺，菜园中无纸笔，将手帕铺在田地，就着这水渠中，插手在青泥内，打与你个泥手模，便当休离。咱两个恩断义绝，花残月缺，再谁恋锦帐罗帏。","chinese-poetry",""
"马丹阳三度任风子・耍孩儿","元","马致远","想咱人生在六合乾坤内，活到七十岁有几？人身幻化比芳菲，人愁老花怕春归。人贫人富无多限，花落花开有几日？则是这三寸元阳气，贯串着凡胎浊骨，使作着肉眼愚眉。","chinese-poetry",""
"马丹阳三度任风子・五煞","元","马致远","由你待叫吖吖叫到明，哭啼啼哭到黑，打悲歌休想我有还俗意。(旦云)任屠，咱家去罢。(正末唱)哎，你个绿豆皮儿姐姐疾忙退。(小叔云)哥哥，跟俺嫂嫂家去罢。(正末唱)哎，你个无梁桶的哥哥枉了提。休则管闲淘气，絮的你口困，休想我心回。","chinese-poetry",""
"马丹阳三度任风子・驻马听","元","马致远","散诞逍遥，虽不曾阆苑仙家采瑞草，又无甚忧愁烦恼，海山银阙赴蟠桃。新种下黄花三径有谁浇，白云满地无人扫。人道我归去早，春花秋月何时了。","chinese-poetry",""
"马丹阳三度任风子・雁儿落","元","马致远","我只道人不知鬼不觉，却原来你空叫咱空闹。(带云)金珠财宝都将的去，师父来问，我说些甚么？哥哥，你姓甚名谁？(六贼云)我名可名，无姓名。(正末唱)你道是名可名无姓名。(带云)俺出家的东西你将的去。(唱)可正是道可道非常道。(六贼云)任屠，你怎生骂我？(做揪住科)(正末唱)。","chinese-poetry",""
"马丹阳三度任风子・尾","元","马致远","众神仙都来到，把任屠摄赴蓬莱岛。今日个得道成仙，到大来无是无非快活到老。(并下)。","chinese-poetry",""
"双调・折桂令留京城作","元","梁寅","龙楼凤阁重重，海上篷莱，天上瑶宫。锦绣人才，风云奇士，衮衮相逢。几人侍黄金殿上，几人在紫陌尘中。运有穷通，宽着心胸，一任君王，一任天公。","chinese-poetry",""
"孟德耀举案齐眉・幺篇","元","无名氏","哎，兀的是豹子峨冠士大夫，何必更称誉？也非我女孩儿在爷娘行敢抵触。富时节将亲偏许，贫时节把亲偏阻，可不道君子断其初！(孟云)这妮子既然要嫁梁鸿，我如今只问他要两件宝贝，有便嫁他。(正旦云)父亲，可是那两件宝贝？(孟云)我要那带秋色羊脂玉，赛明月照夜珠。(正旦唱)。","chinese-poetry",""
"孟德耀举案齐眉・赚煞","元","无名氏","他富则富，富不中我志诚心；这秀才穷则穷，穷不辱我姻缘簿。我若是合快乐不遭受苦，若是我合受苦强寻一个荣贵处，也只怕无福消除。教人道这乔男女，则是些牛马襟裾，(孟云)孩儿也，有钱的好。(正旦唱)父亲你原来不敬书生敬财主。我又不曾临邛县驾车，他义不曾升仙桥题柱，早学那卓文君拟定嫁相如！(同梅香下)。","chinese-poetry",""
"孟德耀举案齐眉・正宫/端正好","元","无名氏","又不是卓文君抚琴悲，又不是秦弄玉吹箫恨，为甚些家务事晓夜伤神。则为俺不峥嵘女婿相招进，可着我怎打叠闲愁闷。(云)我也听的有人说我哩。(梅香云)说小姐甚的来？(正旦唱)。","chinese-poetry",""
"孟德耀举案齐眉・滚绣球","元","无名氏","人都道孟德耀有议论，梁秀才甚气愤。这其间又不是女孩儿暗传芳讯，父亲呵，你瞒人怎瞒过空里灵神？道当初许了的亲，他不曾来谢肯，因此上无主意的爹娘失信。依着他则待要别选高门，依着我宁可乱铺着云鬓为贫妇，怎肯巧画蛾眉别嫁人，燕尔新婚？。","chinese-poetry",""
"孟德耀举案齐眉・耍孩儿","元","无名氏","你看举头日远长安近，则把这读过的经书自温。当今天子重贤臣，大开着海也似的贤门。早遂了从龙从虎风云气，稳受些滋草滋花雨露恩。这是咱逢时运，父亲呵，休错认做蚌鸣井底、鹤立鸡群。(孟云)我观那梁鸿，则当是蓬蒿苹底尘土一般。(正旦唱)。","chinese-poetry",""
"孟德耀举案齐眉・煞尾","元","无名氏","你看他是蓬蒿草底尘，我觑他是麒麟阁上人。(云)则今日辞别了父亲出去，久以后不发迹，也不见父亲之面了。(唱)须有日御帘前高捧三台印。都省里安身正一品。(同下)。","chinese-poetry",""
"孟德耀举案齐眉・收尾","元","无名氏","只愿的丹墀早把千言对，施展你男儿壮气。休得要做了无名金榜不回归，空教我斜倚定柴门盼望着你。(下)。","chinese-poetry",""
"孟德耀举案齐眉・沉醉东风","元","无名氏","我则见这一堆捧养的光闪闪金花紫诰。那一壁捧着的齐臻臻珠翠鲛鱼肖。(梁鸿云)夫人，今日才表的你有冰清玉洁之心也。(正旦唱)你道是才表我冰清玉洁心，(粱鸿云)厮称你云锦花枝之貌。(正旦唱)又道是厮称我云锦花枝貌。我今日呵做夫人岂敢妆幺？(梁鸿云)夫人，请穿上者。(正旦云)相公，我不敢穿，(梁鸿云)可是为何？(正旦唱)争奈我两次三番不待着，则怕不稳如荆钗布袄。","chinese-poetry",""
"孟德耀举案齐眉・庆宣和","元","无名氏","元来这象简乌纱出圣朝，若是没福的也难消。只为俺读书人受过凄凉合荣耀，因此上把儒衣换了，换了。","chinese-poetry",""
"孟德耀举案齐眉・雁儿落","元","无名氏","他曾习读占圣学，枉惹的儒人笑。今门个折将丹桂来，(梁鸿云)这厮你当初可道来。(张云)小的不曾道甚么来。(正旦唱)可不道俺则会打莲花落！。","chinese-poetry",""
"孟德耀举案齐眉・得胜令","元","无名氏","俺如今行处马头高，人面上逞英豪。则俺那美玉十分俊，不似你花木瓜外看好。哎，你个儿曹，谁着你行无道？(张云)夫人可怜见，这都是旧活。休题也。(正旦云)左右那里？(唱)准备着荆条，将他扣厅阶吃顿拷。","chinese-poetry",""
"孟德耀举案齐眉・折桂令","元","无名氏","却元来晏平仲善与人交，(梁鸿云)这本是嬷嬷赍发俺来。(正旦唱)难道他掩耳偷铃，则待要见世生苗？(云)相公，认了丈人丈母罢。(唱)俺和你夫妇商量，休教外人把俺评跋。你是个君子人个念旧恶，想一双哀哀的父母劬劳。他虽然不采分毫，我如今怎敢轻薄。(云)父亲、母亲请上，孩儿则认便了也。(唱)且只索做小伏低，从今后啡爹爹权把俺耽饶。","chinese-poetry",""
"孟德耀举案齐眉・鸳鸯煞","元","无名氏","荷君恩特降黄麻沼，谢天臣远践红尘道。却教我一介书生，早做了极品随朝。畅道顿首诚惶，瞻天拜表，则俺这犬马微劳，知甚日能图效。且自快活逍遥，两口儿夫妻共谐老。","chinese-poetry",""
"都孔目风雨还牢末・梧叶儿","元","无名氏","把孩儿相凌辱，折倒的黄瘦了，使不的你家富小儿骄。头上虱如喷饭，我心中如刀搅。把衣服扯得似纸提条，(带云)哎哟、僧住、赛娘儿也，(唱)这是儿女每没爷娘的下梢。","chinese-poetry",""
"都孔目风雨还牢末・浪里来煞","元","无名氏","我眼见的一命抛，也留不得三更到。孩儿也，你则去街坊邻里宿今宵，赤紧的着疼热的亲娘亡化早。害的人七颠八倒，天那！这都是我五行中恶限怎生逃。(史进押末下)。","chinese-poetry",""
"都孔目风雨还牢末・沉醉东风","元","无名氏","又不是梦儿中精神惚恍，又不是身死后魂气悠扬。又不是实丕丕地狱间，又不是席飘飘天堂上。多咱在鬼门关被叫转还乡，待我手摸着心头暗酌量，毕竟个是真是慌？。","chinese-poetry",""
"都孔目风雨还牢末・朝天子","元","无名氏","早是我到来，救的你醒来，怎忍见屈死在荒郊外。想着他淫妇奸夫其情忒歹，只待要斩绝了咱家代。他使着毒害，做这场布摆，据情理难容贷。天也不盖，地也不载，哎，则俺那贤慧嫂今何在？(李逵同刘、史拿赵今史、搽旦上，云)哥哥，拿住奸夫、淫妇了也。将他两个剖腹剜心，俺做按酒。(阮小五云)将这两个泼男女拿到梁山上杀坏。与李孔目同见我宋头领去。(正未唱)。","chinese-poetry",""
"都孔目风雨还牢末・耍孩儿","元","无名氏","你将咱做死的般相看待，怎知道还能挣□？却原来你也自投下舍身崖，倒要我替你扛抬。萧娥呵，你在丈夫面上偏生狠，令史呵，你在官府前头使尽乖。到今日还咱债，可不道仇人相见，分外明白！。","chinese-poetry",""
"都孔目风雨还牢末・二煞","元","无名氏","想着你黑的是心，白的是财，只要图人性命将人害。且看鬼门关上谁先到，枉死城中那个该。毕竟是行短的天教败，少不得将你心肝百叶，做七事家分开。","chinese-poetry",""
"都孔目风雨还牢末・煞尾","元","无名氏","谢仁兄拔救死再生，似枯枝得雨花再开。将奸夫淫妇都杀坏，方显的义气仁风播四海。(宋江诗云)俺梁山泊远近驰名，要替天行道公平。忠义堂施呈气概，结交尽四海豪英。差李逵下山探听，到东平偶见相争。只一拳将人打死，被官司拷打招承。论律法本该抵命，李孔目搭救残生。李山儿知恩图报，送金环聊表微情。被小妇当官出首，将孔目熬尽严刑。阮小五入牢打探，兼请他刘史同行。萧行首剜心剖腹，赵令史号令山城。今日个英雄聚会，一个个上应罡星早准备庆喜筵席，显见的天理分明。","chinese-poetry",""
"双调・夜行船扬州忆旧","元","狄君厚","忆昔扬州廿四桥，玉人何处也吹箫。绛烛烧春，金船吞月，良夜几番欢笑。","chinese-poetry",""
"离亭宴煞・珠帘十里春光早，梁尘满座歌声绕，形胜地须教玩饱。斜日汴","元","狄君厚","堤行，暖风花市饮，细雨芜城眺。不拘束越锦袍，无言责乌纱帽。到处里疏狂落魄。知时务有谁如？揽风情似咱少。","chinese-poetry",""
"赚尾・一片志诚心，万种风流相，非是俺着迷过奖。燕子莺儿知几许，据","元","彭寿之","风流不类寻常。唱道好处难忘，花有幽情月有香。想着樽前伎俩，枕边模样，不思量除是铁心肠！。","chinese-poetry",""
"汉高皇濯足气英布・赚煞","元","尚仲贤","你休将咱厮催逼。相撺掇，英布也今番去波。不争我服事重瞳没个结果，赤紧的做媳妇先恶了公婆，怎存活？恰便似睁着眼跳黄河，你着咱归顺他隆准的材王较面阔，你这里怕不有千般揣摩，却将咱一时间瞒过，则怕你弄的咱做了尖担两头脱。(卒随下)。","chinese-poetry",""
"汉高皇濯足气英布・南吕/一枝花","元","尚仲贤","抵多少遵承帝王宦，禀受将军令，不由咱不叛反，不由咱不掀腾。现如今两国吞并，使不的风雷性，且朦胧入汉城。也是咱不合听信了这一谜的浮词，剑砍了那差来的使命。","chinese-poetry",""
"汉高皇濯足气英布・梁州第七","元","尚仲贤","却教咱实丕丕兴刘灭楚，笑吟吟背暗投明，这的是太平本是将军定，折末他提人头厮摔，喷热血相倾。势雄雄要分个成败，威纠纠要决个输赢，齐臻臻领将排兵，闹垓垓虎斗龙争。咱也曾湿浸浸卧雪眠霜，咱也曾磕擦擦登山蓦岭，咱也曾缉林林劫寨偷营。随何也咱是你绾角儿弟兄，怎生来汉王不把咱钦敬。你说他有龙颜是真命，因此上将楚国重瞳看的忒煞轻。哎，随何也须索个心口相应。(卒报云)禀元帅得知，已进成皋关了也。(正末云)那随何去了许久，怎生还不见汉王出来迎接，这也可怪。(做沉吟科云)怎么连随何也不来了，令人，与咱扎下营寨者。(卒云)理会的。(正末唱)。","chinese-poetry",""
"汉高皇濯足气英布・骂玉郎","元","尚仲贤","哎，是谁人紧握住咱青锋柄？可又是随何也这先生。(随何云)贤弟差矣。蝼蚁尚且贪生，为人怎不惜命？据贤弟英雄盖世，右投则右重，左投则左重，何处不立功业，何处不取王侯？却做这自尽的勾当。可不是匹夫匹妇之谅，好短见也。(正末唱)你道咱英雄盖世无人并，投一国一国重，立功业功业成，取王侯王侯定。","chinese-poetry",""
"汉高皇濯足气英布・感皇恩","元","尚仲贤","可是咱要做愚夫妇沟渎自经，倒不如那蝼蚁尚惜残生。拚的个割断了绛红缨，掀翻了犀皮胄，血染了征袍领。从今年收拾了喧喧嚷嚷略地攻城，毕罢了轰轰烈烈奔利争名，一任他游魂散几时休，遗骸倩何人葬。只干着了这当王相枉遭黥。(云)既然你劝咱不要自刎，咱如今也不臣汉，也不还楚，率领四十万大兵，依旧往鄱阳湖中落草去也。(随何云)贤弟，你的封王只待早晚间灭了项羽，便是囊中之物，却要去做草头大王，好没志气也。(正末云)噤声。(唱)。","chinese-poetry",""
"汉高皇濯足气英布・采茶歌","元","尚仲贤","咱如今疾驱兵，速离营，只去那鄱阳湖上气凭陵。权待他鹬蚌相持俱毙日，也等咱渔人含笑再中兴。","chinese-poetry",""
"汉高皇濯足气英布・煞尾","元","尚仲贤","不争教刘沛公这一篇无行径，单注定汉天下有十年不太平。他只要自称尊，自显能，觑的人粪土般污，草芥般轻。激的咱引领大兵，还归旧境，汗似汤浇，怒似雷轰。直抵着二十个霸王没的支撑，连你个说咱的随何也不干净。(随何云)贤弟，你听我说，还再等一等，自有重用之日。(正末做喝科，云)噤声。(唱)谁待将你那无道的君王做圣明来等。(引卒子下)。","chinese-poetry",""
"汉高皇濯足气英布・正宫/端正好","元","尚仲贤","则咱这镇江淮，无征斗，倒大来散诞优游。不争的信随何说慌谩天口，你道咱封土业时当就。","chinese-poetry",""
"汉高皇濯足气英布・滚绣球","元","尚仲贤","元来这樊哙也做万户侯，他比咱单则会杀狗，无过是托赖着君王亲旧，现统领着百万貔貅。他和咱非故友，枉插手，他怎肯去当今保奏。哎，元来这子房也是个伧头，您待把一池绿水浑都占。怎生来个放傍人下钓舟，却教咱何处吞钩。","chinese-poetry",""
"汉高皇濯足气英布・小梁州","元","尚仲贤","这的是从小里染成腌症候，可不道服良药纳谏如流，谁似你这般轻贤傲士没谦柔，激的咱为仇寇，到如今都做了泼水怎生收。","chinese-poetry",""
"汉高皇濯足气英布・叨叨令","元","尚仲贤","请你这个汉刘王龙椅上端然受，早来到张子房半句儿无虚谬。光禄寺几替儿分前后，教坊司一派的笙歌奏。兀的不快活杀咱也么哥，兀的不快活杀咱也么哥，似这般受用可也谁能勾？。","chinese-poetry",""
"汉高皇濯足气英布・啄木儿尾","元","尚仲贤","免子彭越忧。报了睢水仇。直杀的塞断江河滔天溜。早则不从今已后，两分疆界指鸿沟。(同卒下)。","chinese-poetry",""
"汉高皇濯足气英布・尾声","元","尚仲贤","嗔忿忿将一匹跨下征革勾紧缠住，杀的那楚项羽促律律向北忙逋。(打旋风科，云)俺英元帅呵，(唱)兀的不生扌蚩损明晃晃这柄簸箕般金蘸斧。(张良云)俺这壁胜了也，那壁败了也。探子，赏你三坛酒，一肩羊，十日不打差。(探子叩头谢科下)(樊哙云)不知项王败走那里去，俺每领些军马赶上，杀他一阵，也好分他的功，不要独独等这黥面之夫占尽了。(随何云)项王既败，帝业成矣，臣等请为大王举千秋之觞。(汉王云)今日之胜，皆赖军师妙算，随使者游说之功，诸将翊赞之力，只等英元帅奏凯回来，孤家当裂土而封，大者王，小者侯，不敢吝也。(正末引卒子跚马上，唱)。","chinese-poetry",""
"汉高皇濯足气英布・水仙子","元","尚仲贤","谢天恩浩荡出寻常。(带云)咱英布呵。(唱)与韩信三齐共颉颃。便随何岂有他承望，也则为荐贤人当上赏，消受的紫绶金章。咱若不是扶刘锄项，逐着那狐群狗党，兀良怎显得咱这黥面当正。","chinese-poetry",""
"便宜行事虎头牌・一半儿","元","李直夫","则俺那祖公是开国旧功臣，叔父你从小里一个敢战军，这金牌子与叔父带呵，也是本分。见婶子那壁意欣欣，(云)叔父，你受了这牌子者！(老千户云)我可怎么做的？(正末唱)我见他一半儿推辞一半儿肯。","chinese-poetry",""
"便宜行事虎头牌・赚煞","元","李直夫","则今日过关津，度州郡，没揣的逢他敌人，阵面上相持赌的是狠。托赖着俺祖公是番宿家门，哎，你莫因循。便只待人急偎亲，畅奸道厮杀无过是咱父子军，誓将那鲸鲵来尽吞。只将这边关守紧，你可便舍一腔热血报明君。(同旦儿、六儿下)(老千户云)俺侄儿去了也。则今日往渤海寨搬取家小走一遭去。(同老旦下)。","chinese-poetry",""
"便宜行事虎头牌・落梅风","元","李直夫","我抹的这瓶口儿净，我斟的这盏面儿圆。(老千户做接盏科)(正末云)兄弟，且休便吃。(唱)待我望着那碧天边太阳浇奠。则俺这穷人家又不会别咒愿，则愿的俺兄弟海每可便早能勾相见。(做浇奠、再递酒科，云)兄弟满饮一杯。(老千户云)哥哥先饮。(正末云)好波，我先吃了。兄弟饮。(老千户云)待你兄弟吃。(正末云)兄弟再饮一杯。(老千户云)只我今日见了哥哥，吃几杯酒；到了夹山口子，我一点酒也不吃了。(正末云)兄弟，你哥哥无甚么与你。(老千户云)我今日辞哥哥去，敢问哥哥要甚么？(正末唱)。","chinese-poetry",""
"便宜行事虎头牌・离亭宴煞","元","李直夫","虽然是罢干戈绝士马无征战，你索与他演枪刀轮剑戟习弓箭，则要你坚心儿向前。你去那寨栅内莫忧愁，营帐内休惧怯，阵面上休劳倦。(老千户做拜辞科，云)则今日拜辞了哥哥，便索往夹山口子去也！(正末云)兄弟，你稳登前路。(老千户云)左右那里？将马来！(做上马科，云)哥哥，慢慢回去。(正末唱)则你那匹马屹蹬蹬的践路途，我独自个气丕丕归庄院。(老千户云)俺哥哥，你还健着哩。(正末唱)我可便强健杀者波活的到明年后年，(老千户云)待我到那里，便来取哥哥。(正末唱)你待要重相见面皮难，(带云)兄弟，(唱)咱两个再团圆可兀的路儿远。(下)。","chinese-poetry",""
"便宜行事虎头牌・庆宣和","元","李直夫","则这断事处，准教你可便来这里？这讼厅上可便使不着你那""家有贤妻""。（云）着他那属官每便道：""叔叔犯下罪过来，可着媳妇儿来说。""（唱)你这个关节儿常好道来的疾，(云)茶茶，你若不回去呵，(唱)可都枉擘破咱这面皮，画皮！(云)快出去！(旦云)我回去则便了也。(做出门见老千户云)元帅断然不肯饶你，可不道""法正天须顺""，你甚的""官清民自安""！我可甚么""妻贤夫祸少""，呸！也做不得""子孝父心宽""。(下)(老旦云)似这般如之奈何？(老千户云)经历相公，你众官人每告一告儿可不好？(经历云)且留人者！(众官跪科)(正末云)你这众属官每做甚么？(经历云)相公，罚不择骨肉，赏不避仇雠。小官每怎敢唐突？但老完颜倚恃年高，耽酒误事，透漏贼兵打破夹山口子，其罪非轻。相公幼亡父母，叔父抚育成人，此恩亦重。据小官每愚见，以为老完颜若遂明正典刑，虽足见相公执法无私，然而于国尽忠，于家不能尽孝，贤者或不然矣。(诗云)告相公心中暗约，将法度也须斟酌。小官每岂敢自专。望从容尊鉴不错。(正末唱)。","chinese-poetry",""
"便宜行事虎头牌・雁儿落","元","李直夫","你畅好是腕头有气力，我身上无些意。可不道厨中有热人，我共他心下无仇气。","chinese-poetry",""
"便宜行事虎头牌・得胜令","元","李直夫","打酌来一棍子一刀锥，一下起一层皮。他去那血泊里难禁忍，则着俺校椅上怎坐实？他失误了军期，难道他没罪谁担罪？(云)打了多少？(经历云)打了三十也。(正末唱)才打到三十，赤瓦不剌海，你也忒官不威牙爪威！。","chinese-poetry",""
"便宜行事虎头牌・鸳鸯煞","元","李直夫","你则合眠霜卧雪驱兵队，披星带月排戈戟。你也曾对咱盟咒，再不贪杯。唱道索记前言，休贻后悔。谁着你旦暮朝夕，尝吃的来醺醺醉，到今日待怨他谁？这都是你那恋酒迷歌上落得的。","chinese-poetry",""
"便宜行事虎头牌・正宫/端正好","元","李直夫","则为他误军期，遭残害，依国法断的明白。寻思来这期亲尊长多妨碍，俺今日谢罪也在宅门外。","chinese-poetry",""
"便宜行事虎头牌・滚绣球","元","李直夫","疾去波，到第宅，休道是镇南边统军元帅，则说是亲眷家将羊酒安排，休道迟，莫见责，省可里便大惊小怪，将宅门疾快忙开。报与俺那老提控叔叔光知道，则说我侄儿山寿马和茶茶暖痛来，莫得疑猜。","chinese-poetry",""
"便宜行事虎头牌・尾煞","元","李直夫","将那暖痛的酒快酾，将那配酒的羔快宰，尽叔父再放出往日沉酣态。只留得你潦倒余生，便是大古里籴。","chinese-poetry",""
"钟离春智勇定齐・尾声","元","郑光祖","我如今甘苦用辛勤，怎敢闲游荡。相伴着村务女提篮儿采桑，打叠起风流美艳妆，入家园数尽桑行，为蚕忙。急急春光，内外家私各自当。凭着我高才伎俩，威严形状，有一日保全宗社定齐邦。(同茶旦下)。","chinese-poetry",""
"钟离春智勇定齐・红绣鞋","元","郑光祖","他问俺那个是临淄的道路。(云)你是甚么人？(齐公子云)某乃齐公子是也。(正旦云)既是齐公子。(唱)你可便怎来到俺这郊墟？哎，你个公子齐侯有疏虞。(齐公子云)这厮好无礼也，有甚么疏虞处？(正旦唱)岂不知禾苗在地，也不念麦将熟，(云)如今田苗在地。(唱)你道波，你不合骤骅骝践田亩。(齐公子云)好是不祥也。为这个泼毛团，受这个采桑妇的气！我出的这桑林，可怎生不见晏婴？(晏婴跚马儿慌上见科，云)公子，量那玉兔打甚么不紧，直赶到这里！(齐公子云)晏婴，你圆的好梦！淑女也不得见，倒受了采桑妇一肚子气。(晏婴云)公子，在那里？我试看咱。(惊科，云)看了此女子，生的像貌非俗。日当卓午，这个莫不是应梦的贤人淑女？休问是不是，我指着他题一首诗，看他说甚么。兀那女子，我作首诗你听着，看你晓的么。诗曰：采桑忙来采桑忙，朝朝每日串桑行；织下绫罗和匹段，未知那个着衣裳。(正旦云)这个敢是朝中宰相？我回他一首。你听者，诗曰：将军忙来将军忙，朝朝每日斗争强；空有江山并社稷，无人敢与定封疆。(茶旦云)一个道采桑忙也采桑忙，一个道将军忙也将军忙。男女不可话衰肠，若是您不上紧走，俺老子撞见打您娘。(晏婴云)呀、呀、呀！果然是贤人！兀那采桑女人，你那里人氏，姓字名谁？你试说，我试听咱。(正旦唱)。","chinese-poetry",""
"钟离春智勇定齐・耍孩儿","元","郑光祖","这玲珑玉带为凭据，立于朝偏能济楚。纲常礼乐定规模，把人伦身体拘束。(晏婴云)将玉带权为定礼，两下各不敢失信。(正旦唱)今日个立信与织纺勤劳女，堪匹配你个衣冠大丈夫，得之者贵显家豪富。他声闻乡里，光耀门闾。","chinese-poetry",""
"钟离春智勇定齐・沉醉东风","元","郑光祖","今日个皓月莹莹皎皎，都则为白云冉冉飘飘。到中天分外明，照齐国生光耀。显一轮晃彻青霄，蟾影辉辉澄大朝，把万里浮云净扫。(齐公子云)夫人不知，某差人取夫人一双父母到此，加官赐赏，不见来到。令人，门首觑者，若来时，报复我知道。(孛老儿同卜儿、搽旦上)(孛老儿云)欢来不似今朝，喜来那逢今日。老汉钟大户是也。谁想女孩儿有如此般才能，平定了齐国。公子着人取俺老小，可早来到也。哥哥报复去，道有钟大户来了也。(祗候云)理会的。(报科，云)喏！报的公子得知，有钟大户一家儿来了也。(齐公子云)有请。(祗候云)理会的。有请！(见科)(孛老儿云)公子，呼唤老汉有何事？(齐公子云)钟大户，你见你女孩儿咱。(孛老儿同卜儿打认科，云)孩儿也，你怎生别是个模样了！我道你不是个受苦的。(正旦拜科，云)父亲、母亲，认的您孩儿么？间别无恙否？(唱)。","chinese-poetry",""
"钟离春智勇定齐・折桂令","元","郑光祖","这春秋战国争豪，平定了临淄，安妥了齐朝。不动征旗，不施戈甲，不动枪刀。险些儿作村妇桑间到老，想当日做农姬田畔徒劳，博得个名姓清标，自在逍遥。(齐公子云)钟大户，因你女孩儿有大功勋，特请你加官赐赏。封你为太师柱国之职。食邑三千户；老夫人柱国太夫人，更褒封三代。(孛老儿云)深感厚恩，何以敢当也！(正旦唱)你今日受赏封官，报答您那养育劬劳。(下)。","chinese-poetry",""
"正宫・端正好乐道","元","邓学可","撇罢了是和非，拂掉了争和斗，把心猿意马牢收。舞西风两叶宽袍袖，看日月搬昏昼。","chinese-poetry",""
"滚绣球・千家饭足可周，百结衣不害羞。问甚么破设设歇着皮肉，傲人间","元","邓学可","伯子公侯。闲遥遥唱些道情，醉醺醺打个稽首，抄化些剩汤残酒，咱这愚鼓简子便是行头。今朝有酒今朝醉，明日无钱明日求，散诞无忧。","chinese-poetry",""
"滚绣球・恰见元宵灯挑在手，又早清明至门插柳。正修禊传觞流曲，不觉","元","邓学可","击鼍鼓竞渡龙舟。恰才七月七，又早是九月九，咱能够几番价欢喜厮守？都在烦恼中过了春秋。你子见纷纷世事随缘过，都不愿急急光阴似水流，白了人头。","chinese-poetry",""
"随煞・休言功行何时就，谁道玄门不可投？人我场中枉驰骤，苦海波中早","元","邓学可","回首。说甚么四大神游，三岛十洲。这神仙隐迹埋名，敢只在目前走。","chinese-poetry",""
"南吕・金字经梅边","元","吴镇","雪冷松边路，月寒湖上村，缥缈梨花入梦云。巡，小檐芳树春。江梅信，翠禽啼向人。","chinese-poetry",""
"罗李郎大闹相国寺・仙吕/端正好","元","无名氏","咱意相投。情相睦，索甚立质当文书。(苏文顺云)则望哥哥看觑这两个孩儿。(正末唱)您儿女就是咱儿女。技怎肯两三般觑。(苏、孟悲科。云)孩儿呵，也是我出于尤余。(正末唱)。","chinese-poetry",""
"罗李郎大闹相国寺・幺篇","元","无名氏","你则放心怀心举求官去，相别后便进长途，更休辞跋涉耽辛苦。抛家业，赴皇都；凭才艺，仗诗书；同射策，觐銮舆；登御宴，饮芳醑；衣紫绶，带金鱼。我言语，并无虚，则愿你早上青霄路。(下)(苏文顺云)咱兄弟蒙赐盘缠，两个儿女又蒙看觑。则今日拜辞了哥哥，收拾琴剑书箱，上朝取应走一遭去也。(诗云)为功名无柰相催，便登程趱赴春闱。(孟仓士诗云)可怜我一家骨肉，泪盈盈两处偷垂。(同下)。","chinese-poetry",""
"罗李郎大闹相国寺・一半儿","元","无名氏","你这般借钱取债结交游，做大妆幺不害羞，知你那爷贫也富也活也死也那无共有。你那一日不秦楼，正是几处笙歌儿处愁。","chinese-poetry",""
"罗李郎大闹相国寺・赚煞","元","无名氏","你少不的卖了庄田，折了孳畜，将我这逆耳良言不瞅。愚滥荒淫出尽丑，我一片干家心话不相投。没来由，枉把你收留，莫为儿孙作马牛。你恋着红裙翠袖，折倒的你黄干黑瘦，(带云)古人言的不错呵：要儿自养，要谷自种。(唱)这是我养别人儿女下场头。(下)。","chinese-poetry",""
"罗李郎大闹相国寺・南吕/一枝花","元","无名氏","这些时闷恹恹心不欢，愁戚戚情不乐。直争争发似揪，热烘烘面如烧。心痒难揉，都为他无消耗。汤哥儿那里去了，去不到半月十朝，只恁的鱼沉雁杳。","chinese-poetry",""
"罗李郎大闹相国寺・梁州第七","元","无名氏","把不定心乔意怯，立不定肉颤身摇。出门去没一个人知道。恰便似石沉大海，铁坠江涛。知他在何方归着？甚处流落？只为他孤身去梗泛萍漂。撇的俺三口儿梦断魂劳。(带云)汤哥儿，自从去了你呵。(唱)我是你堂上尊撇的来这般忄敝忄敝焦焦，怀内子、(带云)道俺爹爹这早晚不来家呵。(唱)也这般烦烦恼恼，哎！连你这娇滴滴脚头妻、也这般酒洒潇潇。我如今与他定约。侯兴那厮若是寻来到，(带云)你若回来呵。(唱)我合道处再不道。任凭他把铜斗儿家私使尽了，常言道口是心苗。","chinese-poetry",""
"罗李郎大闹相国寺・菩萨梁州","元","无名氏","不由我不峨峨的身摇，拂拂的心跳，烘烘的气倒，悠悠的魄散魂消。天那！恶风儿吹折嫩枝条，严霜偏打枯根草。我别无人则把你个孩儿靠，儿呵，你休做了猫儿向屋头溺。似你这血气方刚怎便夭？倒叫我衰老子为儿穿孝。","chinese-poetry",""
"罗李郎大闹相国寺・隔尾","元","无名氏","要从良便写约无差错，(侯兴云)我不要。(正末云)我道你是家生孩儿，一定不要。(唱)他要家私停分有下梢。(侯兴云)我也不要。(正末云)哦，你也不要？(侯兴云)老爹，这是两件，第三件怎么说哩？(旦儿云)老爹，你是必休说？(正末唱)定奴儿与你为妻，你可是要也不要？(侯兴云)这件我若不要，害疔疮。(正末唱)窨约，想度，把我半世儿清名误赚了。","chinese-poetry",""
"罗李郎大闹相国寺・尾煞","元","无名氏","问甚么家家门外长安道，买卖归来汗未消，打听的汤哥有些音耗。那埚里遇着，那搭里撞着，我把那背义的奴胎不道的素放了。(下)。","chinese-poetry",""
"罗李郎大闹相国寺・浪里来煞","元","无名氏","我舍着金钟撞破盆，好鞋踏臭屎，但得个轴头儿也有抹着时。我拚的撅皇城，挝怨鼓，插状子。怕甚么金瓜武士，我和那泼奴胎情愿打官司。(众下)。","chinese-poetry",""
"罗李郎大闹相国寺・沉醉东风","元","无名氏","我与你送茶饭厨中有人，他把我厮禁持眼里无珍。我心慈，他心狠，全无些父子情分。则愿得铁锁沉枷早离身，我落一觉安眠睡稳。","chinese-poetry",""
"罗李郎大闹相国寺・水仙子","元","无名氏","我好生的和劝到半时辰，亲的原来则是亲。亲儿亲女把亲爷认，中间里干闪下老业人，我死后做了个无主孤魂。他虽是生身父，我也有养育恩，二十年枉受辛勤。","chinese-poetry",""
"罗李郎大闹相国寺・收尾","元","无名氏","到长安受尽多劳顿。业则为故人义分。你两个养儿女的都到了家，可惜我赶候兴的干折了本。","chinese-poetry",""
"死生交范张鸡黍・幺篇","元","宫天挺","列旌旗一望中，摆头踏半里长。我则见马前虞候，志气昂昂，状貌堂堂。问姓名，是故人，别来无恙？(云)那喝道的敢是孔仲山么？(孔仲山云)然也。(正末惊问，云)呀，兄弟，你怎做马前一卒？(孔仲山云)因为王韬赖了我万言长策，所以不能为官。您兄弟该当马前虞候的身役。哥哥，您请稳便。(正末唱)我怎敢恰为官贵人多忘。","chinese-poetry",""
"死生交范张鸡黍・南吕/一枝花","元","宫天挺","天不生仲尼，万古如长夜。秦灰犹未冷，汉道复衰绝。满日奸邪，天丧斯文也。今日个秀才每遭逢着末劫，有那等刀笔吏入省登台，屠沽子封侯建节。","chinese-poetry",""
"死生交范张鸡黍・梁州第七","元","宫天挺","如今那萧丞相争头鼓脑，便有那鲁诸生也索缄口藏舌。将古今人物分优劣，为吏者矜夸显达，为儒者卖弄修洁。舜庭八凯，孔门十哲。更和那汉国三杰，况中兴以后三绝。如今那宪台疏乱滚滚当路豺狼，选法弊絮叨叨请俸日月。禹门深眼睁睁不辨龙蛇，纪纲败缺炎炎的汉火看看灭。士大夫尚风节，恰便似十草将来撞巨铁，枉自摧折。","chinese-poetry",""
"死生交范张鸡黍・隔尾","元","宫天挺","见高车来俺只索倒屣连忙接，(第五伦云)老夫非私来，奉圣人的命，特来敦请贤士。(正末唱)听的道君命至越着俺披襟走不迭。(云)相公有请。(第五伦云)老夫久闻贤士大名，如雷贯耳，今得一睹，实为三生之幸。愿贤士早脱白衣，同朝帝阙。(正末云)小生堕落文章，似卖着一件物事，不能出手。(第五伦云)似卖着甚物事？(正末唱)卖着领雪练也似狐裘赤紧的遇着那热，但得本钱儿不折上手来便撇。(第五伦云)老夫特来沽之。(正末唱)本待要求善价而沽诸，争奈这行货儿背时也。","chinese-poetry",""
"死生交范张鸡黍・骂玉郎","元","宫天挺","这些时平安信断连三月，我正心绪不宁贴。猛听的家僮报喜高声说，俺兄弟在那里，我与你亲自接，(做见科，唱)不由人添欢悦。","chinese-poetry",""
"死生交范张鸡黍・感皇恩","元","宫天挺","兄弟你煞是于坦途赊。自从咱两处离别，(张元伯云)哥哥；你靠后，你岂知我心中烦恼也。(正末云)兄弟，怎这般烦恼？(唱)阻隔着路迢遥，山远近，水重叠。(张元伯云)哥哥靠后些。(正末唱)我这牡迎门儿问候，他将我躲闪藏遮。咱两个，为朋友，比外人至亲热。","chinese-poetry",""
"死生交范张鸡黍・采茶歌","元","宫天挺","我恰待向前些，他把我紧拦截，(张元伯遮面云)哥哥靠后些。(正末唱)只见他折回衫油把面皮遮。(张元伯云)哥哥，你岂知我心中烦恼。(正末云)兄弟，(唱)既然道有事关心能哽咽，怎这般无言低首谩伤嗟。","chinese-poetry",""
"死生交范张鸡黍・三煞","元","宫天挺","奠楹梦断阴风冽，薤露歌残惨日斜。他从来正性不随邪，凛凛英雄，神道般刚明猛烈。(第五伦云)多咱是邪神外鬼问你讨祭祀。不可深信。(正末唱)他岂似饿鬼暮饕餮，他恰才白日分明显化者，我问甚么是耶非耶。","chinese-poetry",""
"死生交范张鸡黍・二煞","元","宫天挺","怕少盘缠立文书问隔壁邻家借，怕无布绢将现钱去长街上铺内截。(第五伦云)既然贤士要去奔丧吊孝，就将小官的从马，与贤士代步，意下如何？(正末云)多谢了。(唱)乘骑的鞍马相公赊，(第五伦云)贤士几时回来？(正末唱)则这千里程途至少呵来回得三月。他既值凶事我问甚么勋业，(第五伦云)小官欲待荐举贤士为掌吏功曹也。(正末唱)这掌史功曹那个名缺，请相公别寻个有政事豪杰。","chinese-poetry",""
"死生交范张鸡黍・黄钟尾","元","宫天挺","俺弟兄比陈雷胶漆情尤切，比管鲍分金义更别。张元伯，性忠烈。范巨卿，信士也。半世交，一梦绝。觉来时泪流血，寸心酸，五情裂，咱功名。已不藉。到来朝，避甚能，披残星，带晓月，冲寒风，冒冻雪，披丧服，拽舆伞，筑坟丘．盖庐舍，种松楸，荫四野，那其间，尚未舍。猛思量，在时节，我和他一处行，一处歇，戚同忧，喜同悦，生同堂，死同穴。到黄昏，厮守者。据平生，心愿彻。着后人向墓门前高耸耸立一统碑碣。(第五伦云)贤士，碑碣上可写着甚么那？(正末唱)将俺这死生交范张名姓写。(下)。","chinese-poetry",""
"死生交范张鸡黍・梧叶儿","元","宫天挺","举孝廉曾三聘，论文才第一流，我道你不拜相决封侯。正沧海鱼龙夜，趁西风雕鹗秋。此一去不回头，好教我这烦恼越感的天长地久。(云)你众人打开棺函，我试看咱。(卜儿云)哥哥不可。已死过许多时，则怕尸气扑着你也。(正末云)母亲，便有尸气扑死我，我和兄弟一处埋葬更好哩。(众开棺，正末看，跌倒科，唱)。","chinese-poetry",""
"死生交范张鸡黍・随调煞","元","宫天挺","可怜朱颜妻未老，青春子年幼，撇下个白头老母正堪忧。眼中泪和我心上愁，这两般儿合辏做一江春水向东流。(同下)。","chinese-poetry",""
"死生交范张鸡黍・红绣鞋","元","宫天挺","我若是为宰为卿为相，(带云)元伯也，(唱)我与你立石人石虎石羊。撇下个九岁子四旬妻八十娘，另巍巍分一宅小院，高耸耸盖一座萱堂。我情愿奉晨昏亲侍养。","chinese-poetry",""
"死生交范张鸡黍・耍孩儿","元","宫天挺","愧微臣敕赐加官赏，(带云)只是张劭呵，(唱)他未沾恩我岂敢承当。念生平籍贯在山阳，幼年间父母双亡，三公若是无伊吕，四海谁知有范张？(第五伦云)那张劭的才能德行，比你如何？(正末唱)臣比张劭无名望，张劭德重如曾、颜、闵、冉，才高似贾、马、班、杨。","chinese-poetry",""
"死生交范张鸡黍・煞尾","元","宫天挺","我为甚觑功名不在心，也则念穷交不忍忘，因此乞天恩先到泉台上，才留的这鸡黍深盟与那后人讲。","chinese-poetry",""
"仙吕・一半儿手帕","元","王举之","藕丝纤腻织春愁，粉线轻盈惹暮秋，银叶拭残香脸羞。玉温柔，一半儿啼痕一半儿酒。开书泪痕香沁污鲛绡，墨迹淋漓损兔毫，心事渺茫云路遥。念奴娇，一半儿行书一半儿草。","chinese-poetry",""
"南吕・金字经春日湖上","元","王举之","山色涂青黛，波光漾画舸，小小仙鬟〔金缕歌〕。他，宝钗轻翠娥。花阴过，暧香吹绮罗。","chinese-poetry",""
"中吕・迎仙客戏题","元","王举之","双解元，恶姻缘，豫章城月明秋满天。贩茶船，买命钱。占得春先，到称了冯魁愿。","chinese-poetry",""
"中吕・满庭芳春夜","元","王举之","梨花月明，秋千露冷，杨柳烟澄。海棠病酒风吹醒，不用银灯。阑干外闲花有影，柳梢头宿鸟无声。罗帏静，香销玉鼎，禁鼓报初更。","chinese-poetry",""
"中吕・红绣鞋秋日湖上","元","王举之","红叶荒林酒兴，黄花老圃诗情，柳塘新雁两三声。湖光扶不定，山色画难成，六桥风露冷。栖云吊贯酸斋芦花被西风香梦，玉楼才夜月云空。栖云山上小崆峒。蟠桃仙露种，诗句古苔封。教清名天地中。","chinese-poetry",""
"越调・天净沙过长春宫","元","王举之","壶中霞养丹砂，窗前云覆桃花，尘外谁分岁华？客来闲话，呼童扫叶烹茶。","chinese-poetry",""
"双调・水仙子春日即事","元","王举之","鱼鳞玉尺戏睛波，燕嘴芹泥补旧窝，兔毫香墨闲工课。饮琼浆卷玉螺，柳丝长忙煞莺梭。云娥低和，娇羞谩歌，不醉如何？。","chinese-poetry",""
"正吕・叨叨令道情","元","邓玉宾","想这堆金积玉平生害，男婚女嫁风流债。鬓边霜头上雪是阎王怪，求功名贪富贵今何在？您省的也么哥，您省的也么哥？寻个主人翁早把茅庵盖。一个空皮囊包裹着千重气，一个乾骷髅顶戴着十分罪。为儿女使尽些拖刀计，为家私费尽些担山力。您省的也么哥，您省的也么哥？这一个长生道理何人会？天堂地狱由人造，古人不肯分明道。到头来善恶终须报，只争个早到和迟到。您劣的也么哥，您省的也么哥？休向轮回路上随他闹。白云深处青山下，茅庵草舍无冬夏。闲来几句渔樵话，困来一枕葫芦架。您省的也么哥，您省的也么哥？煞强如风波千丈担惊怕。套数。","chinese-poetry",""
"正宫・端正好","元","无名氏","本是对美甘甘锦堂欢，生纽做愁切切阳关怨。恰离了莺花寨，早来到野水平川。急煎煎千里把程途践，景萧萧宜写在帏屏面。","chinese-poetry",""
"正宫・端正好","元","邓玉宾","俺便似画图中，帏屏上，云游遍林影湖光。闲中气味三千丈，抵多少归去来的陶元亮。","chinese-poetry",""
"滚绣球・想这皇帝王，至秦始皇，霸图相尚。前后两汉兴亡，魏许昌，晋","元","邓玉宾","建康，六朝隋炀，闹纷纷五代残唐。看这名标青史人千古，只是睡足黄粱梦一场，兀的回首斜阳。","chinese-poetry",""
"收尾・九天帝敕从中降，云冕齐低玉简长。铭心听，敢窥仰。转诏罢，复","元","邓玉宾","两相。有刑罚，有恩赏。承天符，散四方。与仙班，怎比量？戴金冠，衣鹤氅。宴佳宾，饮玉浆。造化论，劫运讲。归来时袖满天香，又把这西王母蟠桃会上访。","chinese-poetry",""
"幺篇・抵多少对舞霓裳按六么，惯摇摆会躯劳，支打猜拿直恁般巧。你看","元","邓玉宾","他行针走线，拈花摘叶，即世里带着虚嚣。","chinese-poetry",""
"尾声・解卸了一团儿娇，稍遍起浑身儿俏。似这般女校尉从来较少。随圆","元","邓玉宾","社常将蹴リ抱抛，占场儿陪伴了些英豪。那丰标！体态妖娆。错认范的郎君他跟前入一脚，点着范轻轻的过了，打重他微微含笑。那姐姐见球来忙把脚儿跷。","chinese-poetry",""
"梁州第七・俺只待学圣人问礼于老聃，遇钟离度脱淮南。就虚无养个真恬","元","邓玉宾","一任教春花秋月，暮四朝三，蜂衙蚁阵，虎窟龙潭。阑纷纷的尽入包涵，只是这个舞东风的宽袖蓝衫。两轮日月是俺这长明朗不灭的灯龛，万里山川是俺这无尽藏长生药篮，一合乾坤是俺这养全真的无漏仙庵。可堪！这些儿钝憨。比英雄回首心无憾，没是待雷破柱落奸胆。不如将万古烟霞赴一簪。俯仰无惭。","chinese-poetry",""
"随煞・七颠八倒人谁敢？把这坎位离宫对勘的岩。火候抽添有时暂，修行","元","邓玉宾","的好味甘。更把这谈玄口缄，甚么细雨斜风哨得着俺。","chinese-poetry",""
"迎仙客・看时节寻道友，伴渔樵。从这尧舜禹汤周灭了，汉三分，晋六朝，","元","邓玉宾","五代相交。都则是一话间闲谈笑。","chinese-poetry",""
"红绣鞋・比着他有使命向门前呼召，唬的早吃丕丕的胆颤心摇。则道是快","元","邓玉宾","上马容不得他半分毫。陪着笑频哀告，镇着色下风雹，比这砍柴的形势恶。","chinese-poetry",""
"普天乐・若是更损贤良，欺忠孝。羊羹虽美，众口难调。只争个迟共早，","元","邓玉宾","终须报。正直无私依公道，任天公较与不较。纷纷扰扰，惺惺了了，天理昭昭。","chinese-poetry",""
"满庭芳・三闾枉了，众人都醉倒，你也铺啜些ㄤ糟。朝中待独自要个醒醒","元","邓玉宾","号，怎当他众口嗷嗷？一个阳台上襄王睡着，一个巫山下宋玉神交。休道你向渔夫行告，遮莫论天写来，谁肯问《离骚》？。","chinese-poetry",""
"鲍老儿・芙蓉国里琼姬伴着子高，他稳跨着青鸾到。月明吹笙对碧桃，煞","元","邓玉宾","强如西日长安道。您待凌烟阁上，麒麟画里，有甚功劳？春风锦江，秋云洞天，倒大逍遥。","chinese-poetry",""
"随煞尾声・十五六岁有甚奇，百二十年不是老。则着这铅鼎长温三花灶，","元","邓玉宾","七颠八倒，向这玉箫声里醉蟠桃。","chinese-poetry",""
"裴少俊墙头马上・幺篇","元","白朴","你道是情词寄与谁，我道来新诗权做媒。我映丽日墙头望，他怎肯袖春风马上归。怕的是外人知，你便叫天叫地，哎！小梅香好不做美。(梅香云)这简帖我送与老夫人去。(正旦云)梅香，我央及你，要告老夫人呵，可怎了！(梅香云)你慌么？(正旦云)可知慌哩。(梅香云)你怕么？(正旦云)可知怕哩。(梅香云)我斗你耍哩。(正旦云)则被你唬杀我也。(梅香送裴舍科，云)俺小姐上复舍人，看这首诗咱。(裴舍看科，诗云)深闺拘束暂闲游，手拈青梅半掩羞。莫负后园今夜约，月移初上柳梢头。千金作。这小姐有倾城之态，出世之才，可为囊箧宝玩。(梅香云)俺小姐道来，今夜后园中赴期，休得失信。(裴舍云)张千，俺打那里过去？(张千云)跳墙过去。(梅香转向旦云)小姐，他待跳墙来也！(正旦唱)。","chinese-poetry",""
"裴少俊墙头马上・赚煞","元","白朴","这一堵粉墙儿低，这一带花阴儿密。与你个在客的刘郎说知：虽无那流出胡麻香饭水，比天台山到径抄直。莫疑迟，等的那斗转星移，休教这印苍苔的凌波袜儿湿。将湖山困倚，把角门儿虚闭，这后花园权做武陵溪。(下)。","chinese-poetry",""
"裴少俊墙头马上・南吕/一枝花","元","白朴","睡魔缠缴得慌，别恨禁持得煞。离魂随梦去，几时得好事奔人来，一见了多才，口儿里念，心儿里爱，合是姻缘簿上该。则为画眉的张敞风流，掷果的潘郎稔色。","chinese-poetry",""
"裴少俊墙头马上・骂玉郎","元","白朴","相逢正是花溪侧，也须穿短巷过长街。(梅香云)到那里便唤你来。(正旦唱)又不比秦楼夜宴金钗客，这的担着利害，把你那小性格且宁奈。","chinese-poetry",""
"裴少俊墙头马上・感皇恩","元","白朴","咱这大院深宅，幽砌闲阶，不比操琴堂，沽酒舍，看书斋。(梅香云)迟又不是，疾又不是，怎生可是？(正旦唱)教你轻分翠竹，款步苍台，休惊起庭鸦喧，邻犬吠，怕院公来。","chinese-poetry",""
"裴少俊墙头马上・采茶歌","元","白朴","把粉墙儿挨，角门儿开，等夫人烧罢夜香来。月色朦胧天色晚，鼓声才动角声哀。(梅香云)我说与你，夫人已睡了也，一准不来了。今夜嬷嬷又在前面守着库房门哩。天色晚了，我点上灯，就接姐夫去。(裴舍引张千上，云)张千，休大惊小怪的，你只在墙外等着。(做跳墙见科，云)梅香，我来了也。(梅香云)我说去。小姐，姐夫来了也。你两个说话，我门首看着。(裴舍云)小生是个寒儒，小姐不弃，小生杀身难报。(正旦云)舍人则休负心！(唱)。","chinese-poetry",""
"裴少俊墙头马上・菩萨梁州","元","白朴","是这墙头掷果裙钗，马上摇鞭狂客。说与你个聪明的奶奶，送春情是这眼去眉来。(嬷嬷云)好！可羞也那不羞？眼去眉来，倒与真奸真盗一般，教官司问去。(正旦唱)则这女娘家直恁性儿乖，我待舍残生还却鸳鸯债，也谋成不谋败。是今日且停嗔过后改，怎做的奸盗拿获？。","chinese-poetry",""
"裴少俊墙头马上・三煞","元","白朴","不肯教一床锦被权遮盖，可不道九里山前大会垓，绣房里血泊浸尸骸。解下这搂带裙刀，为你逼的我紧也便自伤残害，颠倒把你娘来赖。(梅香云)你要他这秀才的银子，教我去唤将他来。便见夫人，也则实说。(嬷嬷云)夫人也不信。(正旦唱)你则是拾的孩儿落的摔，你待致命图财。","chinese-poetry",""
"裴少俊墙头马上・二煞","元","白朴","我怎肯掩残粉泪横眉黛，倚定门儿手托腮，山长水远几时来。且休说度岁经年，只一夜冰夜消瓦，凭时节知他是和尚在钵盂在。他凭着满腹文章七步才，管情取日转千阶。","chinese-poetry",""
"裴少俊墙头马上・黄钟尾","元","白朴","他折一枝丹桂群儒骇，怎肯十谒朱门九不开。(嬷嬷云)若以后泄漏出些风声，枉坏了一世前程，拆散了一双佳配。常言道：一岁使长百岁奴。我耽着利害放您，则要一路上小心在意者。(正旦云)母亲年高，怎生割舍！(嬷嬷云)夫人处有我在此，你自放心去罢。(正旦同裴谢科，正旦唱)不是我敢为非敢作歹，他也有风情有手策；你也会圆成会分解，我也肯过从肯耽待。便锁在空房，嫁在乡外。你道父母年高老迈，那里有女孩儿共爷娘相守到头白？女孩儿是你十五岁寄居的堂上客。(同裴舍、梅香下)(嬷嬷云)他每去也。若夫人问时，说个谎道，不知怎生走了；料夫人必然不敢声扬。等待他日后再来认亲，也未迟哩。(下)。","chinese-poetry",""
"裴少俊墙头马上・驻马听","元","白朴","凭男子豪杰，平步上万里龙庭双凤阙；妻儿真烈，合该得五花官诰七香车。也强如带满头花，向午门左右把状元接；也强如挂拖地红，两头来往交媒谢。今日个改换别，成就了一天锦绣佳风月。(云)我掩上这门，看有甚人来此。(院公持扫帚上，云)哥哥祭奠去了，嫂嫂跟前回复去咱。(见科，云)嫂嫂，舍人祭奠去了。院公特地说与嫂嫂得知。(正旦云)院公可要在意者，则怕老相公撞将来。(院公云)老汉有句话敢说么？今日清明切，有甚节令酒果，把些与老汉吃饱了，只在门首坐着，看有甚的人来。(旦与酒肉吃科)(院公云)夜来两个小使长把墙头上花都折坏了，今日休教出来，只教书房中耍，则怕老相公撞见。(正旦唱)。","chinese-poetry",""
"裴少俊墙头马上・雁儿落","元","白朴","似陷人坑千丈穴，胜滚浪千堆雪。恰才石头上损玉簪，又教我水底捞明月。","chinese-poetry",""
"裴少俊墙头马上・得胜令","元","白朴","冰弦断，便情绝；银瓶坠，永离别。把几口儿分两处；(尚书云)随你再嫁别人去。(正旦唱)谁更待双轮辗四辙。恋酒色淫邪，那犯七出的应拚舍；享富贵豪奢，这守三从的谁似妾！。","chinese-poetry",""
"裴少俊墙头马上・沉醉东风","元","白朴","梦惊破情缘万结，路迢遥烟水千叠。常言道有亲娘有后爷，无亲娘无疼热。他要送我到官司，逞尽豪杰。多谢你把一双幼女痴儿好觑者，我待信拖拖去也。","chinese-poetry",""
"裴少俊墙头马上・折桂令","元","白朴","果然人生最苦是离别，方信道花发风筛，月满云遮。谁更敢倒凤颠鸾，撩蜂剔蝎，打草惊蛇？坏了咱墙头上传情简帖，拆开咱柳阴中莺燕蜂蝶。儿也咨嗟，女又拦截，既瓶坠簪折，咱义断恩绝！(张千云)娘子，你去了罢！老相公便着我回话哩。(正旦云)少俊，你也须送我归家去来。(唱)。","chinese-poetry",""
"裴少俊墙头马上・鸳鸯煞","元","白朴","休把似残花败柳冤仇结，我与你生男长女填还彻。指望则生同衾，死则共穴。唱道题柱胸襟，当垆的志节，也是前世前缘，今生今业。少俊呵，与你干驾了会香车，把这个没气性的文君送了也！(下)。","chinese-poetry",""
"裴少俊墙头马上・普天乐","元","白朴","你待结绸缪，我怕遭刑狱。我人心似铁，他官法如炉。你娘并无那子母情，你爷怎肯相怜顾？问的个下惠先生无言语。他道我更不贤达，败坏风俗；怎做家无二长，男游九郡，女嫁三夫。(裴舍云)小姐，我如今得了官也，我父亲致仕闲居。我特来认你，我就在此处为县尹。(正旦唱)。","chinese-poetry",""
"裴少俊墙头马上・迎仙客","元","白朴","你封为三品官，列着八椒图，你父亲告致仕，却离了京兆府。吏部里注定迁移，户部里革罢了俸禄。枉教他遥授着尚书，则好教管着那普天下姻缘簿。","chinese-poetry",""
"裴少俊墙头马上・耍孩儿","元","白朴","告爹爹奶奶听分诉，不是我家丑事，将今喻古。只一个卓王孙气量卷江湖，卓文君美貌无如。他一时窃听求凰曲，异日同乘驷马车，也是他前生福。怎将我墙头马上，偏输却沽酒当垆。","chinese-poetry",""
"裴少俊墙头马上・煞尾","元","白朴","今日个五花诰准应言，七香车谈笑取。愿普天下姻眷皆完聚，荷着万万岁当今圣明主。(尚书云)今日夫妻团圆，杀羊造酒，做庆喜的筵席。(诗云)从来女大不中留，马上墙头亦好逑。只要姻缘天配合，何必区区结彩楼。","chinese-poetry",""
"刘玄德醉走黄鹤楼・尾声","元","无名氏","他那里明明的捧着瑶觞，暗暗的藏着军将，用计铺谋怎防？着主公坐在那难走难逃筵会上，你心下自索参详，自度量，不比寻常，他则待赚虎离窝入地网。(刘封云)哎，赵叔，你不知道，那黄鹤楼近在水边。若水长呵，我安排战船，搭起浮桥，接应我父亲。他便跌下水去，落的他睡一觉。(正末唱)那黄鹤楼接大水长，翻波滚浪，正末云)若主公不听赵云谏当呵。(唱)知他是甚风儿吹过汉阳江？(下)(刘封云)老赵，你去，我父亲他也不听你说。父亲走一遭，则管嚼食去。(刘末云)刘封，你与赵云紧守着城池。则着三五骑人马，跟我过江，直至黄鹤楼上赴宴，走一遭去。子龙心下莫踌躇，今朝止马践程途。过江亲赴碧莲会，直至那黄鹤楼上见周瑜。(下)(刘封云)父亲去了也。为甚么我赍发的俺父亲过江去？那周瑜是个是智多谋的人，俺父亲若有些好歹，他这个位，就是我承袭。凭着我这般好心肠，天也与我半碗饭吃。(下)。","chinese-poetry",""
"刘玄德醉走黄鹤楼・正宫/端正好","元","无名氏","则听的二姑把三哥来叫，(禾旦云)俺看田苗去来。(正末唱)东庄里看取些田苗。落荒休把这山庄绕，咱可便寻一条家抄直道。(禾旦云)俺这江南，青的是山，绿的是水。你看那渔舟唱晚，响穷彭蠡之滨；雁阵惊寒，声断衡阳之浦。家家采下茶苗，杜鹃春啼晓；夏蝉高噪绿杨枝，秋蝉晚噪。俺庄家好快活也。(正末唱)。","chinese-poetry",""
"刘玄德醉走黄鹤楼・滚绣球","元","无名氏","俺这里对青山堪画描，端的是景物好。你觑那红叶儿秋蝉晚噪，俺这里家家采下茶苗。(禾旦云)俺江南好暖和也。(正末唱)则这江南地暖风寒少，俺这里春夏秋冬草不调，绿水千条。(禾旦云)你看那黄菊近东篱，村老忙将马骞驴骑。牛金牛表扶策走，只吃的东歪西倒醉如泥，受用有谁知？紫袍金带虽然贵，其实不如俺淡饭黄齑粗布衣。伴哥儿，我打东庄里过来，看了几般儿社火，吹的吹，舞的舞，擂的擂。不是我聪明，我一般般都记将来了也。(正末云)伴姑儿，道我恰才打那东庄头过来，看了几般儿社火，我也都学他的来了也。(禾旦云)伴哥儿，我不曾见，你试学一遍咱。(正末云)试听我说一遍咱。(唱)。","chinese-poetry",""
"刘玄德醉走黄鹤楼・叨叨令","元","无名氏","那秃二姑在井口上将辘轳儿乞留曲律的搅，(禾旦云)瞎伴姐在麦场上，将碓儿捣也捣的。(正末唱)瞎伴姐在麦场上将那碓臼儿急并各邦的捣。(禾旦云)那小厮们手拿着鞭子，哨也哨的。(正末唱)小厮儿他手拿着鞭杆子他厮厮飕飕的哨，(禾旦云)牧童儿倒骑着水牛，叫也叫的。(正末唱)那牧童儿便倒骑着个水牛呀呀的叫。(禾旦云)俺庄家好快活也。(正末唱)一弄儿快活也么哥，一弄儿快活也么哥，(禾旦云)俺庄家五谷收成了，甚是安乐。(正末唱)正遇着风调雨顺民安乐。","chinese-poetry",""
"刘玄德醉走黄鹤楼・殿前欢","元","无名氏","这鱼儿他自寻思，可是他为吞香饵可便中钩儿。(周瑜云)这鱼可在那里来？(正末唱)他在那水晶宫卫相传示，(周瑜云)兀那渔翁，你将这鱼除鳞切尾，逗盐加酱，当面制造，急忙下手。某带酒也。(睡科)(正末唱)准承望命在参差。任渔公自三思，空有翻波志，他可便眼见的在钢刀下死。这龟儿比并着，玄德你与我仔细寻思。","chinese-poetry",""
"刘玄德醉走黄鹤楼・水仙子","元","无名氏","你休恋那玉箫银管饮金卮，你将这碧莲会筵席且告辞。(刘末云)军师说甚么来？(正末唱)俺军师把元帅多传示，(刘末云)关、张二弟，曾说甚么来？(正末唱)这其间在江边敢没乱死。(刘末云)军师再说甚么来？(正末唱)俺军师细说言词，(刘末云)俺军师可怎生不着人接应我那？(正末唱)这其间安排着军校，(刘末云)可在那里接应？(正末唱)在堤圈杨柳枝，(刘末云)我怎生得过这江去？(正末唱)先安排下个渔船儿。","chinese-poetry",""
"刘玄德醉走黄鹤楼・南吕/一枝花","元","无名氏","拨回獬豸身，滴溜扑跳下乌骓骑。舒开狻猊爪，(正末见刘封走科，云)刘封那里去？(唱)我这里扌昝住锦征衣。嘴缝上拳捶，手指定奸谗嘴，我拷你个忤逆贼。(刘封云)三叔息怒。(正末云)你父亲那里去了？(刘封云)周瑜请的过江饮宴去了也。(正末唱)你怎生赍发的我哥哥。去他那四十里长江那壁。","chinese-poetry",""
"刘玄德醉走黄鹤楼・梁州","元","无名氏","则为那周公瑾两三杯酒食，更压着那一千个他这党太尉的筵席。我跟前莫得夸强会。若还他无灾无难，无足无非；若有些个争竞，半米儿疏失，米、来、来，我和你做一个头敌。则我这村性子不许收拾！割舍了，喝曹操唬了他那三魂，鞭督邮拷折你这脊背。休恼番，石亭驿摔袁祥撞塌头皮。若还，得回，俺哥哥无事宋家内，使心量有奸细。船到江心数十里，则怕他背后跟追。","chinese-poetry",""
"刘玄德醉走黄鹤楼・隔尾","元","无名氏","俺哥哥到黑龙江流的是潺潺水，(净云)爹爹救我咱。(正末唱)红蓼堤边吖吖的叫唤谁？(刘末云)兀那吊的是谁？(正末唱)是你那孝子曾参可人意。(刘末云)三兄弟，为甚么吊起他来？(正末唱)见哥哥无些个信息，怕有些个疏失，因此上将他在柳树梢头，着他便吊望着你。","chinese-poetry",""
"双调・雁儿落过得胜令闲适","元","邓玉宾子","穷通一日恩，好弱十年运。身闲道义尊，心远山林近。尘世不同群，惟与道相亲。一钵千家饭，双凫万里云。经纶，斗许黄金印；逡巡，回头不见人。乾坤一转丸，日月双飞箭。浮生梦一场，世事云千变。万里玉门关，七里钓鱼滩。晓日长安近，秋风蜀道难。休干，误杀英雄汉；看看，星星两鬓斑。晴风雨气收，满眼山光秀。寻苗枸杞香，曳杖桄榔瘦。识破抱官囚，谁更事王侯？甲子无拘击，乾坤只自由。无忧，醉了还依旧；归休，湖天风月秋。","chinese-poetry",""
"救孝子贤母不认尸・幺篇","元","王仲文","依着我皓首苍颜老奶奶，使着你个黄卷青灯的小秀才。日离了看书斋，小叔叔送嫂嫂也非为分外。(带云)但送过山坡，望见庄宅，(唱)教他独自去，你便早回来。(下)。","chinese-poetry",""
"救孝子贤母不认尸・正宫/端正好","元","王仲文","只我那腹中愁，心头闷，也何如大限临身。(带云)便好大限临身呵，(唱)合着双眼都不问，今日个这愁闷何时尽？。","chinese-poetry",""
"救孝子贤母不认尸・滚绣球","元","王仲文","我这里孜孜的觑个真，悠悠的唬了魂。(杨谢祖云)母亲，你怕怎么？(正旦唱)儿呵，怎不教你娘心困。怎生来你这送女客了事的公人！(卜儿云)兀那死了的是我那女孩儿也！(正旦唱)媳妇儿也，你心性儿淳，气格儿温，比着那望夫子石不差分寸。这的就是您筑坟台包土罗裙。则这半丘黄土谁埋骨，抵多少一上青山便化身，也枉了你这芳春。(卜儿云)还说个甚么？我女孩儿现今没了，明有清官。我和你见官去来！(净扮孤同丑今史，张千、李万冲上)(孤诗云)小官姓巩，诸般不懂，虽然做官，吸利打哄。小官乃本处推官巩得中是也，一来下乡劝农，二来不见了个梅香，我如令就去寻一寻。摆开头踏，慢慢的行者。(卜儿跪下告科，云)好冤屈也！(孤云)你告甚么？(卜儿云)告人命事。(孤云)外郎，快家去来！他告人命事哩，休累我！(令史云)相公，不妨事，我自有主意。(孤云)我则依着你。张千，接了马者。(令史云)相公下马来，整理这公事，张千，借个桌子来，等相公坐下。张千，拿过那一起人来、(做拿众跪科)(孤云)外郎也，你不放了屁也？(令史云)不是我。(孤云)我闻一闻，真个不是你。哦，元来是那林浪里一个死尸臭。外郎，你问他，我则不言语。(令史云)相公且住一边，待我替你问。兀那婆子，你敢为这尸首告状么？(卜儿云)正是为这个尸首，(令史云)谁是尸亲？(卜儿云)婆子是尸亲。(令史云)兀那婆子，说你那词因来。(卜儿云)大人可怜见。老身乃东军庄人氏，姓王，有个女孩儿是春香。(令史喝云)噤声！老弟子说词因，两片嘴必溜不刺泻马屁眼也似的，俺这令史有七脚八手？你慢慢的说！(卜儿云)大人可怜见。老身是东军庄人氏，姓王。我有个女孩儿，唤做春香，嫁与西军庄杨兴相为妻，就是这婆子的大孩儿。杨兴祖当军去了，有小叔叔杨谢祖，数番家调戏我这女孩儿，见他不肯，将俺孩儿引到半路里杀坏了，望大人与我做主咱！(令史云)兀那婆子，这尸首是么？(正旦云)这衣服是，尸首不是俺媳妇儿的。(令史云)怎么这衣服是，尸首不是？你说我是听咱。(正旦唱)。","chinese-poetry",""
"救孝子贤母不认尸・叨叨令","元","王仲文","这关天的人命事，要您个官司问。又不曾检验，怎着我尸亲认。现如今雨淋漓，正值着暑月分。那尸骸全毁烂，都是些蛆螬粪。我其实认不得也波哥，我其实认不得也波哥，怎与他那从前模样浑别尽。","chinese-poetry",""
"救孝子贤母不认尸・三煞","元","王仲文","则合将艳醋儿泼得来匀匀的润，则合将粗纸儿搭得来款款的温。为甚来行凶？为甚来起衅？是那个主谋？是那个见人？依文案本，遍体通身，洗垢寻痕。若是初检时不曾审问，怕只怕那再检日怎支分？(令史云)噤声！这婆子好无理也。我是把法的人，倒要你教我这等这等检尸。你也晓的，春正夏四，秋九冬十，才是检尸的时分。如今正是六月天道，雨水也下了几阵，暑气蒸，蛆虫钻，筋骨凋零，眉目难分，爪发解脱，难以检覆。张千，你去城里唤一个巧笔丹青来，依着这尸首画一个图本，着这婆子画一个字，领将这尸首去烧毁了。依着这尸伤图本打官司，便与我烧了这尸首者！(正旦云)烧不的！(令史云)怎么烧不的？(正旦唱)。","chinese-poetry",""
"救孝子贤母不认尸・二煞","元","王仲文","不争将这尸伤彩画成图本，则合把尸状词因依例申。便做道尸首伤残，爪发难脱，筋骨凋零，眉目难分。(令史云)可知检不得了也。我照觑你，只是领那尸首去烧了者。(正旦云)烧不的，烧不的！(唱)你道是难以检覆，照觑尸亲，许令烧焚。我只道不如生殡，且留着别冤屈辨清浑。","chinese-poetry",""
"救孝子贤母不认尸・迎仙客","元","王仲文","怕不要倩外人，那里取工夫？正农忙百般无事处，因此上教小孩儿莫违阻，您娘亲面嘱付，送嫂嫂到一半路程，便回来，着他自家去。(令史云)这小厮和那嫂嫂敢不和么？(正旦唱)。","chinese-poetry",""
"救孝子贤母不认尸・红绣鞋","元","王仲文","他叔嫂从来和睦。(令史云)你这婆子替儿嫌妇那？(正旦唱)俺姑媳又没甚伤触。(令史云)一定是这小厮发意生情，杀了他嫂嫂也。(正旦唱)若说他发意生情，半星也无。(带云)大人啊，(唱)您揣明镜，悬秋月，照肝胆，察实虚，与俺那平人每好生做主。","chinese-poetry",""
"救孝子贤母不认尸・普天乐","元","王仲文","受摧残，遭凌辱，这无情的棍棒，俺孩儿是有限的身躯。(祗候做唤科，云)杨谢祖苏醒着！(正旦唱)你看么，揪头发将名姓呼，喷冷水将形容来污。打的来应心疼痛处，怎不教我放声啼哭。常言道做着不避，避着不做，(正旦做打闪过跪科，唱)我可便死待何如？。","chinese-poetry",""
"救孝子贤母不认尸・耍孩儿","元","王仲文","你休小觑我这无主的穷村妇，有句话实情拜复：俺孩儿从小里教习儒，他端的有温良恭俭谁如？俺孩儿行一步必达周公礼，发一语须谈孔圣书。俺孩儿不比尘俗物，怎做那欺兄罪犯，杀嫂的闪徒？。","chinese-poetry",""
"救孝子贤母不认尸・五煞","元","王仲文","人死者个复生，那弦断者怎再续？从来个罪疑便索从轻恕。磨勘成的文状才难动，罗织就的词因到底虚。官人每枉请着皇家禄，都只是捉生替死，屈陷无辜。","chinese-poetry",""
"救孝子贤母不认尸・四煞","元","王仲文","则你那捆麻绳用竹签，批头棍下脑箍。可不道父娘一样皮和骨，便做那石镌成骨节也槌敲的碎，铁铸就的皮肤也锻炼的枯。打得来没半点儿容针处，方信道人心似铁，你也忒官法如炉。","chinese-poetry",""
"救孝子贤母不认尸・尾煞","元","王仲文","叫丫丫苦痛杀我儿，哭啼啼没乱杀母。把孩儿似死羊般拖奔的牢中，去。(做叫科)好冤屈也，好冤屈也！(唱)则被这气堵住我咽喉叫不出屈！(下)(令史云)相公，那婆子虽然不肯认尸，如今赃仗完备，那杨谢祖也葫芦提招伏，眼见的这桩事问就了也。(孤云)外郎，这多亏了你。如今新官取次下马也，还要做个准备。(诗云)正是一不做二不休，攒就文书做死囚。只等亲官到来标斩字，那时方信我们俩个有权谋。(同下)。","chinese-poetry",""
"救孝子贤母不认尸・驻马听","元","王仲文","可着我半路世孤孀，临老也还行绝命方。-家冤障，莫不是我前生烧着甚么断头香？(云)夜来则是半夜前后。(唱)听的把犯罪的赦免出牢房，当军的释放还乡党。(云)兀的不是大哥！兀的不是二哥！恰待抱头相哭，(唱)觉来时我心儿里空悒怏。呀，原来梦是我心头想。","chinese-poetry",""
"救孝子贤母不认尸・水仙子","元","王仲文","你便瞒过衔冤负屈老婆娘，送了俺孩儿得甚么赏？你全无那于公阴德高门望！(张千云)李万，你做的好勾当也！(正旦唱)呀，也要你儿孙向上长，恨不得飞腾到那审囚的官行。我手脚儿不知高下，身肢儿没处顿放，空教我腹热肠慌。","chinese-poetry",""
"狄青复夺衣袄车・尾声","元","无名氏","我见来，我见来，杀的那史牙恰无百刂划。想狄将军盖世功劳大，保护着一统山河万万载。(范仲淹云)老夫尽知也。原来是黄轸混赖狄青的功劳，将黄轸推转杀坏了者！狄青，你听者，为你复夺了衣袄扛车，箭射昝雄，刀劈史牙恰，有此功劳，加你为征西都招讨金吾上将军。狄青，你望阙跪者，听圣人的命。则因你敢勇相争，凭谋略收捕贼兵。真梁栋世之虎将，据英雄天下驰名。黄面具千般杀气，乌油甲万道威风。野水岭刀斩牙恰，杏子河箭射昝雄。施勇烈扬威耀武，秉忠心永镇边庭。加你为总都大帅，定家邦天下元戎。朝金阙躬身叩首，立乾坤帝业兴隆。今日个加官赐赏，保皇图万载升平。","chinese-poetry",""
"狄青复夺衣袄车・南吕/一枝花","元","无名氏","我与你拽扎了我红纳袄，牢拴住白毡帽。(带云)好大雪也呵。(唱)恰便似颠狂飞柳絮，我则见纷纷的剪鹅毛。头直上瑞雪飘飘，如万对蝴蝶闹，正彤云罩紫霄。又遇着酷冷天寒，将令差违拗了谁敢承招。","chinese-poetry",""
"狄青复夺衣袄车・梁州","元","无名氏","恰过了五七层山坡隘角。早来到十数处野水横桥。我与你汤风冒雪登长道。寒风飒枫，冷雾潇潇。将令严整，暮景良宵。往来是半月十朝，谁敢道怠慢分毫。(带云)这一遭。(唱)我、我、我，虽不足北狄南蛮；来、来、来，又不足天涯海角；呀、呀、呀，过了些无爷娘的水远山遥。不由我自猜，自焦。火误了阃外将军号，我急行动军健脚。不见了扛车何处抓，可怎生无一个消耗？。","chinese-poetry",""
"狄青复夺衣袄车・幺篇","元","无名氏","常言道湛湛青天不可欺，若顺了人心失了正理。天纲是恢恢，若论着狄肯的这武艺，我则待对倒了他这个赖功的贼！(下)。","chinese-poetry",""
"狄青复夺衣袄车・红绣鞋","元","无名氏","当日个琼填满东郊南陌，粉妆成殿阁楼台，见一簇番兵拥将来。狄青在火坑中逃了性命，今日向云阳内受非灾，我救这一个苦相持梁栋材。(范仲淹云)谁射死咎雄来？(正末云)是狄青一箭射死昝雄来。(唱)。","chinese-poetry",""
"吕洞宾桃柳升仙梦・北赚煞","元","贾仲明","今日个得遇大罗仙，道德如天大，桃也再不去向阳弄色，我可便送尽行人才放解，也是我命运合该。谢师父说明白，今日个苦尽甘来，直至长安名姓改。你休要没颜落色，休等那霜欺雪盖，愿师父早些儿引度俺到蓬莱！(下)。","chinese-poetry",""
"吕洞宾桃柳升仙梦・南红绣鞋","元","贾仲明","将行李即便收拾，践程途远路奔驰。整纲常免差役，调四季用盐梅。仗才智抚黔黎，仗才智抚黔黎。","chinese-poetry",""
"吕洞宾桃柳升仙梦・北尾声","元","贾仲明","从今后跟师父直至林泉下，拴住心猿意马。谢指教愿长生，紫府瑶池受用煞。(下)(吕云)此二人见了些境头，跟我修行去。待一年半载，着他成仙了道，未为晚矣。桃柳人间三十年，今将大道为他传。功成行满朝真去，一同参拜大罗仙。(下)。","chinese-poetry",""
"中吕・喜春来","元","伯颜","金鱼玉带罗衤阑扣，皂盖朱幡列五侯，山河判断在俺笔尖头。得意秋，分破帝王忧。","chinese-poetry",""
"越调・天净沙梅梢月","元","张弘范","黄昏低映梅枝，照人两处相思，那的是愁肠断时。弯弯何似？浑如宫样眉儿。西风落叶长安，夕阳老雁关山，今古别离最难。故人何处？玉箫明月空闲。","chinese-poetry",""
"双调・殿前欢襄阳战","元","张弘范","鬼门关，朝中宰相五更寒。锦衣绣袄兵十万，枝剑摇环，定输赢此阵间。无辞惮，舍性命争功汗。将军战敌，宰相清闲。","chinese-poetry",""
"翠红乡儿女两团圆・赚煞尾","元","高茂卿","罢、罢、罢，你今不听我这丈夫言，久以后必受俺那侄儿每的气。那厮每一个个贼心贼意，只待要吞占我的家私。你也须自做个见以，我言语尽是诚实。说着呵痛伤悲，怎不的蹙损的这愁眉？你也则是稳放着船到江心，那其间可便补漏迟。现如今有穿有吃，到后来无子无力，二嫂也，我只怕你得便宜翻做了一个落便宜。(下)。","chinese-poetry",""
"翠红乡儿女两团圆・南吕/一枝花","元","高茂卿","这些时典卖了我些南亩田，耗散了中庭麦。我将那少欠钱无心去索，婆婆也，这些时都只是盘缠了我自家的财。说着呵不由我感叹伤怀。我如今年纪老无接代，恨不的建一座望子台。我如今空盖着那郁沉沉大厦连甍，天那！几时能勾闹炒炒喧堂戏彩。","chinese-poetry",""
"翠红乡儿女两团圆・梁州第七","元","高茂卿","谁着你便听信着徐卿的那二子，怎么来砍折了王氏三槐。到如今岁寒然后知松柏。那两个蠢蠢之物，伴着伙泛泛之才。每日价贪图花酒，泼使钱财。倒将我劈面抢白，欺负咱软弱囊揣。都不到半年呵，早弄的家业个衰。则我那好言沿劝着他可更分毫不睬，他道我绝后波他是缘分上合该，这厮他纵心儿放乖。摸着的当了拿着的卖，使了自己少下人债。从今后依前若不改，婆婆也，是必着他休上我门来。","chinese-poetry",""
"翠红乡儿女两团圆・骂玉郎","元","高茂卿","听说罢我便有九分来不快早十分也得快。(王兽医云)老的，你两口儿欢喜咱。(正末唱)不由我春满眼，喜盈腮，抵多少东风飘荡垂杨陌。(王兽医云)老的，你可有了后代儿孙也。(正末唱)一片心想后代，(王兽医云)我则是报答你仗义疏财的恩。(正末唱)三不知逢着贵客，(王兽医云)叔叔，也是天意。(正末唱)我两只手忙加额。","chinese-poetry",""
"翠红乡儿女两团圆・感皇恩","元","高茂卿","天那，这的是苦尽甘来，(王兽医云)你命里有，则是有。命里无，则是无。(正末唱)畅好是命也时哉。(王兽医云)若不是我说，你怎么知道？(正末唱)你个知心友泄天机，俺那青春子从天降，这个白头叟听天的那差。婆婆也，你把那鸡儿快宰，好酒频酾。(王兽医云)酒勾了，吃不的了也。(正末云)将酒来。(唱)与足下相庆贺，同喜悦，放愁怀。","chinese-poetry",""
"翠红乡儿女两团圆・采茶歌","元","高茂卿","则我这个老奴才，若认了那小婴孩，(王兽医云)老的，一似枯树又逢春也。(正末唱)哥也，我就似枯树上再花开。则道那一去了的孩儿在青霄外，谁承望洛阳的花酒一时来。","chinese-poetry",""
"翠红乡儿女两团圆・黄钟尾","元","高茂卿","我则要你抱麟儿撞开孩子连环寨，婆婆也，我则要你引莺雏飞出韩侯那一座大会垓。想自家年老惫，忧念的我这须鬓白，则我这孤独的身也可哀。(云)哥，你和婆婆先去。(王兽医云)叔叔．我知道。(正末唱)我这里把这恩养钱我可也便百刂划，(带云)我虽无现在的，(唱)我这里或是典或是卖。尽着他言，由着他责。你则似那水也似流，风也似摆。使不着你糕也似团，婆婆也，我则要你谜也似猜。哥，不须我叮咛的向你行说一派，(带云)可到那里呵，(唱)用着你那巧言波令色。(二旦云)老的也，我知过了也。(正末唱)婆婆也，则要你知过而必改，(云)我到那里一头的见了我那孩儿，两只手抱的牢者。(唱)哎，你可便休道是拾得一个孩儿，落得价摔。(同下)。","chinese-poetry",""
"翠红乡儿女两团圆・梧叶儿","元","高茂卿","我听说罢着我醒如醉。可便唬的我来心似呆，(云)哥，你不知道王兽医是个不良的人？他问你父亲借具牛。你父亲不曾借与他，他记这些冤仇，阻隔您这父子的情也。(唱)我急慌里着些闲散活儿遮。(带云)王兽医，哎，(唱)他是个不睹事的乔男女，你便横枝儿待犯些口舌，那厮敢平地下锹撅，(带云)哎，哥也，则你休听他这酒魔的汉呵，(唱)一谜里便胡诌乱说。","chinese-poetry",""
"翠红乡儿女两团圆・浪里来煞","元","高茂卿","这施恩不在年纪老，哎！扭打不必性儿劣。(带云)王兽医你好狠也呵。(唱)把俺这连枝树可怎么一时截？若是咱不烦恼则除心似铁。非干比便忒着那疼热，大刚咱这人生最苦是离别。(同下)。","chinese-poetry",""
"翠红乡儿女两团圆・尾声","元","高茂卿","甫能认的孩儿至，又得个媳妇儿完成喜事。尽着我瓦盆边饮白酒尽余生，画堂中戏斑衣快活个死。","chinese-poetry",""
"包待制智赚生金阁・赚煞","元","武汉臣","罢、罢、罢，怎干休，难分诉，世做的冯河暴虎，赤紧的先要了我这希奇无价物，又生出百计亏图。哎，你个泼无徒，胆大心粗。俺夫妻每负屈衔冤谁做主？你强夺了花枝媳妇，又将咱性命屠毒，(带云)哎，早知今日，我不带的浑家出来也罢。(唱)方知道""美女累其夫""。(下)。","chinese-poetry",""
"包待制智赚生金阁・小桃红","元","武汉臣","老身非敢自夸强，我不比那蒯通无名望。(衙内云)我礼拜磕头，央及你波。(衙内做拜科)(正旦唱)呀、呀、呀，何须的礼拜磕头把咱央？(衙内云)好奶奶，没奈何，好生劝他一劝。(正旦唱)直恁般痛着忙，就待要安排共宿芙容帐。凭着我甜话儿厮搪，更将些美情儿相向。哥哥也，你稳情取金殿锁鸳鸯。(同下)。","chinese-poetry",""
"包待制智赚生金阁・寨儿令","元","武汉臣","我见他痛感伤，泪汪汪，(旦儿云)当初只为我生的风流，长的可喜，将我男儿陷害了性命，挝了我这面皮罢。(正旦云)哎哟，可惜了也。(唱)水晶般指甲儿挝破面上。(衙内同随从做听科)(正旦唱)俺那厮少不的落马身足庄。不久沦亡，他可便遭贼盗值重丧。","chinese-poetry",""
"包待制智赚生金阁・幺篇","元","武汉臣","多不到半月时光。餐刀刃亲赴云阳，高杆首吊脊梁，木驴上碎分张，浑身的害么娘碗大血疔疮。","chinese-poetry",""
"包待制智赚生金阁・梁州第七","元","武汉臣","我也则为那万般愁常萦心上，两条恨不去眉梢，急回身又遇着新春到。我只见寒梅晚谢，冻雪初消。傍几家儿村鸡哑哑，隔半程儿野犬口牢口牢。妆点来则恁的景物萧条，可不道有丹青也便巧笔难描。我、我、我，看了些青渗渗峻岭层峦，是、是、是，行了些黄穰穰沙堤得这古道，呀、呀、呀，兀良，早过了些碧澄澄野水横桥。归来路杳，袅丝鞭羡杀投林鸟。薄暮也，在荒郊，怎当这疲马西风雪正飘，说不尽寂寥。","chinese-poetry",""
"包待制智赚生金阁・黄钟尾","元","武汉臣","我若是不应心，今夜便辞了宣诏，(娄青云)爷，应的口么？(正末唱)我若是不应口，今番不姓包。(娄青云)您孩儿多早晚时候去？(正末云)天色早哩。(唱)直等的初更残二鼓交，把冤魂摄来到。审个真实，问个下落，杀人贼便拿捉，赴云阳向市曹，将那厮高杆上挑，把脊筋来吊。我着那横亡人便得生天，众百姓把咱来可兀的称赞到老。(下)。","chinese-poetry",""
"包待制智赚生金阁・沉醉东风","元","武汉臣","则我那开封府门神户尉，你与我快传示莫得延迟。你教他放过那屈死的魂，衔冤的鬼，只当住邪魔恶祟。(娄青云)烧了这纸钱，你看好冷风也。(正末唱)我则见黯黯的愁云惨雾迷，嗨，可早变的来天昏也那地黑。","chinese-poetry",""
"包待制智赚生金阁・雁儿落","元","武汉臣","昨宵个牒城隍将怨鬼提，到今日放南衙果有冤词递。元来是庞衙内使尽他狼虎威，生拆散你这鸳鸯对。","chinese-poetry",""
"包待制智赚生金阁・得胜令","元","武汉臣","呀，他敢将萧何律做成衣，将罪犯满身披。谁许他谋了财，又要谋人命？准许他夺人妻逼做妻？直恁的无知。那嬷嬷担何罪？死的个堪悲。我与你勾他来问到底。","chinese-poetry",""
"好酒赵元遇上皇・幺篇","元","高文秀","一行三个人，殷勤劝一杯。不承望少下酒钱，店主人家唱叫扬疾。（光普云）你可怎么劝来？（正末唱）我替还了二百钱，别无思议，出此上认为兄弟。","chinese-poetry",""
"好酒赵元遇上皇・梁州第七","元","高文秀","假若韩退之蓝关外不前骏马，孟浩然灞陵桥不肯骑驴。冻的我战兢兢手脚难停住。更那堪天寒日短，旷野消疏。关山寂寞，风雪交杂。浑身上单夹衣服，舞东风乱糁珍珠。抬起头似出窟顽蛇，缩着肩似水淹老鼠，躬着腰人样虾蛆。几时到帝都？刮天刮地狂风鼓，谁曾受这番苦？见三疋金鞍拴在老桑树，多敢是国戚皇族。","chinese-poetry",""
"好酒赵元遇上皇・隔尾","元","高文秀","小人则是个随驴把马乔男女，你须是说古论文士大夫。这六点儿运人不曾把人做。我虽是愚浊的匹夫，不会讲先王礼数，（驾云）君子饮过这一杯酒者。（正末唱）我这里氵虢氵虢的咽喉中咽下去。（驾云）那壁哥哥，你慢慢的饮几杯，俺三人酒够了，俺先回去来。（做起身科）（酒保云）这三个秀才好无礼也，你吃了我酒，钱也不还，你往那里去？（驾云）俺身边无钱，改日还你。（酒保云）你吃了酒不还钱，我不放你去。打这三个无知的人！（做厮打科）（正末听科）是好奇怪也！（唱）。","chinese-poetry",""
"好酒赵元遇上皇・采茶歌","元","高文秀","一个扯着衣服，一个更醉模糊，早难道满身花影倩人扶？三位儒人休恐惧，我替还酒债出青蚨。","chinese-poetry",""
"好酒赵元遇上皇・菩萨梁州","元","高文秀","我须是鳏寡孤独，对谁人分诉，衔冤负屈？（驾云）你这等啼哭也无用也。（正末唱）因此上气填胸雨泪如珠。（驾云）赵元，我救你这一命，你意下如何？（正末云）哥哥，你怎生救我？（驾云）你放心，我与上京丞相赵光普一面之交。我欲待写书去，途中无纸。楚昭辅，你袖中将的霜毫笔来，你扳着赵元臂膊，石守信扶着兄弟，我在你臂膊上写两行字，画一个押字。若赵丞相见了时，你必然不死也。（楚、石二人扶正末科）（正末唱）一个举霜毫，一个扳臂膊，一个把咱扶着，道两行字便是我生天疏。（楚云）这两行字书、若到上京见了赵丞相，你必不死也。（正末唱）却教我无事还乡故，这好事要人做。不想二百长钱买了命处，胜似纸天书。","chinese-poetry",""
"好酒赵元遇上皇・尾声","元","高文秀","问甚么秋泉竹叶青，九酝荷叶杯。不拣你与我沧浪水，也强似忍风雪饥寒半路里。(下)（光普云）此人去了也。谁想此人酒务中，遇见上皇，就臂膊上写了花押，认为兄弟，加为东京府尹，走马到任。圣人若回家，别有加官。今日无甚事，左右将马来，且回私宅中去来。圣人酒店逢知己，加做东京府尹官。（下）。","chinese-poetry",""
"好酒赵元遇上皇・迎仙客","元","高文秀","狼虎股排着从人，雁翅般列着公吏。这无常略来人不知，我又不会脱身术，又不会插翅飞。止不过泪若扒推，这的是自寻的无头罪。","chinese-poetry",""
"好酒赵元遇上皇・耍孩儿","元","高文秀","不会做官看取傍州例，五刑文书整理。便萧曹律令不曾习，有档案分令交支持。没酒的休入衙门里，除睡人间总不知。无萦系，问甚从人司吏，吃了后回席。","chinese-poetry",""
"好酒赵元遇上皇・二煞","元","高文秀","饮酒如李太白，糊突似包待制。唤我做没底瓶，普天下人皆识。青云有路终须到，好酒无名誓不归。每日价醺醺醉，管甚么三推六问，不如那百盏充席。","chinese-poetry",""
"好酒赵元遇上皇・雁儿落","元","高文秀","姜太公颠倒敢，鲁义姑心中鉴。倚官府要了手模，你今日遭坑陷。","chinese-poetry",""
"驻马听・小小亭轩，燕子来时帘未卷。深庭小院，杜鹃啼处月空圆。金钗","元","程景初","拨尽玉炉烟，香尘渍满琵琶面。谁共言？何时枕匾黄金钏？。","chinese-poetry",""
"南吕・一枝花","元","无名氏","自从俺学出家，偶然把明师遇。受辛勤十数载，无明夜办功夫。传的是道妙虚无，教我紧把丹田固，为残生作道术。行火候煅炼增加，入静定方为沐浴。","chinese-poetry",""
"随煞・亏心底自有神夭折，薄幸教随唾津儿灭。休道你花朵儿般身躯没凋","元","张彦文","谢，你个聪明的小姐宁心儿记者：咱这说下的盟言应去也。","chinese-poetry",""
"越调・天净沙为董针姑作","元","吕止庵","夜深时独绣罗鞋，不言语倒在人怀，做意儿将人不采。甚娘作怪，绣针儿签着敲才。海棠轻染胭脂，绿杨乱撒青丝，对对莺儿燕子。伤心独自，绣针儿停待多时。玉纤屈损春葱，远山压损眉峰，早是闲愁万种。忽听得卖花声送，绣针儿不待穿绒。冷清清独守兰房，闷恹恹倚定纱窗，呆答孩搭伏定绣床。一会家神魂飘荡，绣针儿签这梅香。套数。","chinese-poetry",""
"赚尾・昂藏醉脸，桂香襟袖沾。花下心无慊，樽前兴未厌。钓银蟾，瑶台","元","吕止庵","独占，立金梯长笑一掀髯。","chinese-poetry",""
"梧叶儿・争甚名和利，问甚么我共你。咱人可也转眼故人稀，渐渐的将朱","元","吕止庵","颜换，看看的早白发催。题起来好伤悲，赤紧的当不住白驹过隙。","chinese-poetry",""
"尾声・蜗角名休苦贪，蝇头利总休觅。鹤长凫短不能齐，到头来不知谁是","元","吕止庵","我则待混俗为最，总不如葫芦今后大家提。","chinese-poetry",""
"双调・夜行船咏金莲","元","吕止庵","颜色天然风韵佳，据精神闭月羞花。腻粉妆，施匀罢，风流处那些儿堪画。","chinese-poetry",""
"沉醉东风・那步轻轻慢撒，移踪款款微踏。或是到晚夕，临床榻，拥鲛绡","元","吕止庵","枕边灯下。那的是冤家痛紧恰，脱了鞋儿缠咱。","chinese-poetry",""
"拨不断・为冤家，恨咱家。三兜根用意收拾煞，缠得上十分紧恰。怕松时","元","吕止庵","重套上吴绫袜，从缠上几时撇下。","chinese-poetry",""
"离亭宴歇指煞・做时节彼各休心厌，做时节休把人坑陷。常欢喜星前月下，","元","吕止庵","休等闲间面北眉南。既做时休忐忑，若意懒后众生便减。我着片无忝和朴实心，博伊家做怪胆。","chinese-poetry",""
"正宫・端正好美妓","元","吴昌龄","墨点柳眉新，酒晕桃腮嫩，破春娇半颗朱唇，海棠颜色红霞韵。宫额芙蓉印。","chinese-poetry",""
"滚绣球・藕丝裳翡翠裙，芭蕉扇竹叶樽。衬缃裙玉钩三寸，露春葱十指如","元","吴昌龄","秋波两点真，春山八字分。颤巍巍雾鬟云鬓，胭脂颈玉软香温。轻拈翠靥花生晕，斜插犀梳月破云。误落风尘。","chinese-poetry",""
"随煞・想当日一宵欢会成秦晋，翻做了千里关山劳梦魂。漏永更长烛影昏，","元","吴昌龄","柳暗花遮曙色分。酒酽花浓锦帐新，倚玉偎红翠被温。有一日重会菱花镜里人，将我这受过凄凉正了本。","chinese-poetry",""
"红绣鞋・才在怪歪崖捱步，磨过多过河渠，野赊斜隔这些疏。沉吟林阴阻，","元","黑老五","甘探淡淡儒，趁村门人问取。","chinese-poetry",""
"耍孩儿・盘桓疃畔峦端路，见一个绕倒忉骚老夫。穿一领袖头露肘旧绸服，","元","黑老五","骑一匹便鞭扌扇蹇嫣驴。轻行停省惊睁目，迤<辶里>即迷失记途，多因是抹坡错过多过阻。虫蛩蜂丛猛动，禽吟林阴荫疏。","chinese-poetry",""
"四煞・那厮儿拿瓜那塔要这老儿近身频问取，那厮儿故徒不顾都胡觑；那","元","黑老五","老儿欠谦廉俭粘拈絮，那厮儿奸亻孱还顽懒惮语。缠绵转见涎天暮，那厮儿始使兹之指视，这老儿既知喜己眉舒。","chinese-poetry",""
"张君瑞庆团园(第五本)・梧叶儿","元","王实甫","他若是和衣卧，便是和我一处宿；但贴着他皮肉，不信不想我温柔。(红云)这裹牡要怎么？(旦唱)常则不要离了前后，守着他左右。紧紧的系在心头。(红云)这袜儿如何？(旦唱)拘管他胡行乱走。","chinese-poetry",""
"张君瑞庆团园(第五本)・浪里来煞","元","王实甫","他那里为我愁，我这里因他瘦。临行时啜赚人的巧舌头，指归期约定九月九，不觉的过了小春时候。到如今""悔教夫婿觅封侯""。(仆云)得了回书，星夜回俺哥哥话去。(并下)。","chinese-poetry",""
"张君瑞庆团园(第五本)・迎仙客","元","王实甫","疑怪这噪花枝灵鹊儿，垂帘幕喜蛛儿，正应着短檠上夜来灯爆时。若不是断肠词，决定是断肠诗。(仆去)小夫人有书至此。(末接科)写时管情泪如丝，既不呵，怎生泪点儿封皮上渍。(末读书科)""薄命妾崔氏拜覆，敬奉才郎君瑞文几：自音容去后，不觉许时，仰敬之心，未尝少怠。纵云日近长安远，何故鳞鸿之杳矣。莫因花柳之心，弃妾恩情之意？正念问，琴童至，得见翰墨，始知中科，使妾喜之如狂。郎之才望，亦不辱相国之家谱也。今因琴童回，无以奉贡，聊布瑶琴一张，玉簪一枝，斑管一枚，裹肚一条，汗衫一领，袜儿一双，权表妾之真诚。匆匆草字欠恭，伏乞情恕不备。谨依来韵，遂继一绝云：阑干倚遍盼才郎，莫恋宸京黄四娘；病里得书知中甲，窗前鉴镜试新妆""。那风风流流的姐姐，似这等女子，张珙死也死得着了。","chinese-poetry",""
"张君瑞庆团园(第五本)・幺篇","元","王实甫","俺做经咒般持，符篆般使。高似金章，重似金帛，贵似金资。这上面若签个押字，使个令史，差个勾使，则是一张忙不及印赴期的咨示。(末拿汗衫儿科)休道文章，只看他这针指，人间少有。","chinese-poetry",""
"张君瑞庆团园(第五本)・满庭芳","元","王实甫","怎不教张生爱尔，堪针工出色，女教为师。几千般用意针针是，可索寻思。长共短又没个样子，窄和宽想像著腰肢，好共歹无人试。想当初做时，用煞那小心儿。","chinese-poetry",""
"张君瑞庆团园(第五本)・三煞","元","王实甫","这天高地厚情，直到海枯石烂时，此时作念何时止？直到灯灰眼下才无泪，蚕老心中罢却丝。我不比游荡轻薄子，轻夫妇的琴瑟，拆恋凤的雄雌。","chinese-poetry",""
"张君瑞庆团园(第五本)・四煞","元","王实甫","不闻黄犬音，难传红叶诗，驿长不遇梅花使。孤身去国三千里，一日归心十二时。凭栏视，听江声浩荡，看山色参差。","chinese-poetry",""
"张君瑞庆团园(第五本)・五煞","元","王实甫","这鞋袜儿，针脚儿细似虮子，绢帛儿腻似鹅脂。既知礼不胡行，愿足下当如此。琴童，你临行小夫人对你说甚么？(仆云)着哥哥休别继良姻。","chinese-poetry",""
"张君瑞庆团园(第五本)・朝天子","元","王实甫","四肢不能动止，急切里盼不到蒲东寺。小夫人须是你见时，别有其闲传示？我是个浪子官人，风流学士，怎肯去带残花折旧枝。自从到此，甚的是闲街市。","chinese-poetry",""
"张君瑞庆团园(第五本)・二煞","元","王实甫","恰新婚，才燕尔，为功名来到此，长安忆念蒲东寺。昨宵个春风桃李花开夜，今日个秋雨梧桐叶落时。愁如是，身遥心迩，坐想行思。","chinese-poetry",""
"张君瑞庆团园(第五本)・尾","元","王实甫","忧则忧我在病中，喜则喜你来到此，投至得引人魂卓氏音书至，险将这害鬼病的相如盼望死，(下)。","chinese-poetry",""
"张君瑞庆团园(第五本)・天净沙","元","王实甫","看河桥飞虎将军，叛蒲东掳掠人民，半万贼屯合寺门，手横着霜刃，高叫道要莺莺做压寨夫人。","chinese-poetry",""
"张君瑞庆团园(第五本)・小桃红","元","王实甫","洛阳才子善属文，火急修书信。白马将军到时分，灭了烟尘。夫人小姐都心顺，则为他""威而不猛""，""言而有信""，因此上""不敢慢于人""。(净云)我自来未尝闻其名，知他会也不会。你这个小妮子，卖弄他偌多！(红云)便又骂我。","chinese-poetry",""
"张君瑞庆团园(第五本)・驻马听","元","王实甫","张珙如愚，酬志了三尺龙泉万卷书；莺莺有福。稳请了五花官诰七香七。身荣难忘借僧居，愁来犹记题诗处。从应举，梦魂儿不离了蒲东路。(末云)接了马者(见夫人科)新状元河中府尹婿张珙参见。(夫人云)休拜，休拜，你是女圣旨的女婿，我怎消受得你拜？(末唱)。","chinese-poetry",""
"张君瑞庆团园(第五本)・雁儿落","元","王实甫","若说着丝鞭仕女图，端的是塞满章台路。小生呵此间怀旧恩，怎肯别处寻亲去？。","chinese-poetry",""
"张君瑞庆团园(第五本)・得胜令","元","王实甫","岂不闻""君子断具初""，我怎肯忘得有恩处？那一个贼畜生行嫉妒，走将来老夫人行厮间阻？不能够娇姝。早共晚施心数；说来的无徒，迟和疾上木驴。","chinese-poetry",""
"张君瑞庆团园(第五本)・落梅风","元","王实甫","你硬撞入桃源路，不言个谁是主，被东君把你个蜜蜂儿拦住。不信呵去那绿杨影里听杜宇，一声声道""不如归去""。","chinese-poetry",""
"张君瑞庆团园(第五本)・清江引","元","王实甫","谢当今盛明唐圣主，敕赐为夫妇。永老无别离，万古常完聚，愿普天下有情的都成了眷属。","chinese-poetry",""
"张君瑞庆团园(第五本)・随尾","元","王实甫","则因月底联诗句，成就了怨女旷夫。显得有志的状元能，无情的郑恒苦。(下)。","chinese-poetry",""
"双调・殿前欢自乐","元","景元启","自由仙，对西风篱下醉金船。葛巾漉酒从吾愿，富贵由天。与渊明和一篇，君休羡，省部选乌台荐。好觑桐江钓叟，万古名传。自由仙，据胡床闲坐老梅边。彤云变态时舒卷，改尽山川。叹蓝关马不前，君休羡，八位转朝金殿。恰便似新晴雪霁，流水依然。梅花月如牙，早庭前疏影印窗纱。逃禅老笔应难画，别样清佳。据胡床再看咱，山妻骂：为甚情牵挂？大都来梅花是我，我是梅花。","chinese-poetry",""
"驻马听・骄马吟鞭，我是个酒社诗坛小状元。舞裙歌扇，伴着个风花雪月","元","景元启","玉天仙。我把紫霜毫书满碧云笺，他撮着泥金袖绣彻红绒线。正当年，一团儿娇艳堪人羡。","chinese-poetry",""
"尾声・四时独占风流选，百年遂却于飞愿。常言道女貌郎才，恨惹情牵。","元","景元启","将一对美满姻缘，万载千秋教人做笑话儿演。","chinese-poetry",""
"越调・天净沙","元","无名氏","长途野草寒沙，夕阳远水残霞，衰柳黄花瘦马。休题别话，今宵宿在谁家？瘦皆因凤只鸾单，病非干暑湿风寒，空服了千丸万散。恹恹情绪，立斜阳目断巫山。上官有似花开，下官浑似花衰，花谢花开小哉！常存根在，明年依旧春来。江南几度梅花，愁添两鬓霜华，梦儿里分明见他。客窗直下，觉来依旧天涯。今生或少或多，功名一枕南柯，富贵荣华快活。今朝已过，不知明日如何？生红闹簇枯枝，只愁吹破胭脂，说与莺儿燕子。东君知道，杏花不耐开时。西风谓水长安，淡烟疏雨骊山，不见昭阳玉环。夕阳楼上，无言独倚阑干。东邻多病萧娘，西邻清瘦刘郎。被一堵无端粉墙，将人隔断，抵多少水远山长。枯藤老树昏鸦，小桥流水人家，古道西风瘦马。夕阳西下，断肠人在天涯。平沙细草斑斑，曲溪流水潺潺，塞上清秋早寒。一声新雁，黄云红叶青山。西风塞上胡笳，月明马上琵琶，那抵昭君恨多？李陵台下，淡烟衰草黄沙。","chinese-poetry",""
"越调・天净沙","元","张养浩","昨朝杨柳依依，今朝雨雪霏霏，社燕秋鸿忒疾。若不是浊醪有味，怎消磨这日月东西。年时尚觉平安，今年陡恁衰残，更着十年试看。烟消云散，一杯谁共歌欢？休言咱是谁非，只宜似醉如痴，便得功名待怎的？无穷无地，那驼儿用你精细？。","chinese-poetry",""
"越调・天净沙","元","严忠济","宁可少活十年，休得一日无权，大丈夫时乘命蹇。有朝一日天随人愿，赛田文养客三千。","chinese-poetry",""
"双调・寿阳曲","元","卢挚","银台烛，金兽烟，夜方阑画堂开宴。管弦停玉杯斟较浅，听春风遏云歌遍。金蕉叶，银萼花，卷长江酒杯低亚。醉书生且休扶上马，听春风玉箫吹罢。诗难咏，画怎描，欠渔翁玉蓑独钓。低唱浅斟金帐晓，胜烹茶党家风调。攒江酒，味转佳，刻春宵古今无价。约寻盟绿杨中闲系马，醉春风碧纱窗下。别珠帘秀才欢悦，早间别，痛煞煞好难割舍！画船儿载将春去也，空留下半江明月。夜忆窗间月，檐外铁，这凄凉对谁分说？剔银灯欲将心事写，长吁气把灯吹灭！灯将残，人睡也，空留得半窗明月。孤眠心硬熬浑似铁，这凄凉怎捱今夜？灯将灭，人睡些，照离愁半窗残月。多情直恁的心似铁，辜负了好天良夜。灯下词，寄与伊，都道是二人心事。是必你来会一遭儿，抵多少梦中景致。","chinese-poetry",""
"双调・寿阳曲","元","贯云石","担春盛，问酒家，绿杨阴似开图画。下秋千玉容强似花，汗溶溶透入罗帕。松杉翠，茉莉香，步回廊老仙策杖。月明中晚风宝殿凉，玉池深藕花千丈。鱼吹浪，雁落沙，倚吴山翠屏高挂。看江潮鼓声千万家，卷朱帘玉人如画。新诗句，浊酒壶，野人闲不知春去。家童柳边闲钓鱼，趁残红满江鸥鹭。新秋至，人乍别，顺长江水流残月。悠悠画船东去也，这思量起头儿一夜。","chinese-poetry",""
"双调・寿阳曲","元","姚燧","酒可红双颊，愁能白二毛，对樽前尽可开怀χ。天若有情天亦老，且休教少年知道。红颜褪，绿鬓凋，酒席上渐疏了欢笑。风流近来都忘了，谁信道也曾年少？襄王梦，神女情，多般儿酿成愁病。琵琶慢调弦上声，相思字越弹着不应。咏李白贵妃亲擎砚，力士与脱靴，御调羹就飧不谢。醉模糊将吓蛮书便写，写着甚杨柳岸晓风残月。","chinese-poetry",""
"双调・寿阳曲","元","严忠济","三闾些，伍子歌，利名阳几人参破？算来都不如蓝采和，被这几文钱把这小儿瞒过。","chinese-poetry",""
"双调・寿阳曲","元","阿鲁威","千年调，一旦空，惟有纸钱灰晚风吹送。尽蜀鹃血啼烟树中，唤不回一场春梦。","chinese-poetry",""
"双调・寿阳曲","元","李寿卿","金刀利，锦鲤肥，更那堪玉葱纤细。添得醋来风韵美，试尝道甚生滋味！。","chinese-poetry",""
"正宫・小梁州别情代人作其人姓刘","元","汤舜民","晚妆楼上醉离觞，月色苍苍。来时何暮去何忙，空惆怅，无计锁鸳鸯。","chinese-poetry",""
"正宫・脱布衫带小梁州四景为储公子赋凤阳人春","元","汤舜民","问春来何处忘机？小奚奴相趁相随。傍柳行乌纱翠湿，踏花去马蹄香细。翠幄银屏锦绣围，莫放春归。人生七十古来稀，便做道一百岁，能几度醉如泥！。","chinese-poetry",""
"越调・柳营曲途中春暮","元","汤舜民","岐路北，断桥西，滴溜溜酒帘茅舍低。柳暗疏篱，水浸平堤，仿佛旧山溪。车儿马儿奔驰，莺儿燕儿悲啼。帽沾飞絮寻，衣染落花泥。知，何处度寒食？旅次归路杳，去程遥，谁不恋故乡生处好。粝饭薄醪，野蔌山肴，随发度昏朝。隔篱度犬嗷嗷，投林倦鸟嘈嘈。烟霞云黯淡，风雨夜萧骚。纱窗外有芭蕉。春思鸦髻松，凤钗横，碧窗梦回春昼永。离绪蒙茸，倦眼朦胧，清泪滴香容。恨东君多雨多风，盼王孙无影无踪。柳添新样绿，花减旧时红。尽在不言中。薛琼琼弹筝图玉雪颜，翠云鬟，昭阳殿里醉了几番。金袖翩翩，银甲珊珊，记天宝年间。哄的兵散潼关，忽的尘暗长安。风云都变改，日月自循环。闲，写作画图看。听筝酒乍醒，月初明，谁家小楼调玉筝？指拨轻清，音律和平，一字字诉衷情。恰流莺花底叮咛，又孤鸿云外悲鸣。滴碎金砌雨，敲碎玉壶冰。听，尽是断肠声。","chinese-poetry",""
"驻马听・妆点幽欢，凤髓茶温白玉碗；安排佳玩，龙涎香袅紫金盘。琼花","元","汤舜民","露点滴水晶丸，荔枝浆荡漾玻璃罐。日光酣，天气暖，牡丹风吹不到芙蓉幔。","chinese-poetry",""
"随煞・多应是在谁家风月闲亭馆，陡恁的情悭义短。我ゐ惶事攒下万千般，","元","汤舜民","他风流罪攒来数十款。送王姬往钱塘十年无梦到京师，卧书窗坦然如是。几偿沽酒债，填不满买花资。近柳题诗，又感起少年事。","chinese-poetry",""
"驻马听・槁木船容姿，对花月羞斟鹦鹉卮。浮云般神思，扭宫商强作鹧鸪","元","汤舜民","我吟到碧梧栖老凤凰枝，他道是雕笼锁定鸳鸯翅。急煎煎捻断吟髭，则被你紫云娘奚落杀白衣士。","chinese-poetry",""
"沉醉东风・讲礼教虚心儿拜辞，说艰难满口儿嗟咨。蛾眉浅黛颦，花靥啼","元","汤舜民","红渍，向樽前留下些相思。我本是当年杜牧之，休认做苏州剌史。","chinese-poetry",""
"离亭宴歇指煞・我不向风流选内求咨示，谁承望别离卷上题名字，关心为","元","汤舜民","慢教蜂做问花媒，不劳莺唤寻芳友，何须蝶做追香使。春残小洞房，门掩闲构肆，不是我愁红怨紫。青楼赢的姓名留，彩云渐逐箫声去，锦鳞拟待音书至。明牵双渐情，暗隐江淹志。多娇鉴兹，搜锦绣九回肠，扫云烟半张纸。秋夜梦回有感凤台无伴吕鸾箫，间别来未知音耗。鱼沉尺素稀，雁断锦笺遥。魄散魂消，心间事对谁道。","chinese-poetry",""
"驻马听・林外萧条，一夜霜侵红叶老。庭前寂寥，几番风撼的碧梧雕。病","元","汤舜民","儿多偏觉被儿薄。影儿孤最怕灯儿照。睡不着，淅零零暮雨窗前哨。","chinese-poetry",""
"沉醉东风・则见他乌云髻斜簪玉翘，芙蓉额檀口似樱桃。端的是万种娇，","元","汤舜民","千般俏，更那堪兰麝香飘。今日个得见多情女艳娇，将我这受过的凄凉忘了。","chinese-poetry",""
"得胜令・呀，则见他粉汁透鲛绡，恰便似带雨海棠娇。雨歇阳台静，云还","元","汤舜民","楚岫遥。欲再整鸾交，间阻邯郸道。懊恨你一个妖挠，可怎生梦儿里无下梢。","chinese-poetry",""
"离亭宴煞・西风煞是能聒噪，秋声不管离人恼，鬼病儿今番越着。不能够","元","汤舜民","共枕席，谩使传书简，空服灵丹药。近灯檠将香篆焚，叩香几把灵神告，将一个羊儿赛了。你怎生再使我可怜他，着俺这夫妇团圆睡到晓。秋怀碧天风露怯青衫，客窗寒月斜灯暗。浊醪和泪饮，黄菊带愁簪。地北天南，佳期被利名赚。","chinese-poetry",""
"折桂令・将一片志诚心迤逗的人憨，悲切切似泣露寒蛩，气丝丝如做茧春","元","汤舜民","抹泪揉眵，看别人花底停骖。可不道多病身愁怀易感，犹兀自读书人饿眼偏馋。憔翠难耽，寂寞多谙，空望想楚庙娉婷，枉祈求普救伽蓝。","chinese-poetry",""
"尾声・我则见跳龙门撞碎了偷香胆，权宁耐红消绿减。成就了我紫罗礻阑","元","汤舜民","犀角带虎头牌，受用你翡翠衾象牙床凤毛毯。","chinese-poetry",""
"双调・夜行船送景贤回武林","元","汤舜民","花柳乡中自在仙，惹春风两袖翩翩。酒社诗坛，舞台歌榭，百年里几番相见。","chinese-poetry",""
"离亭宴带歇指煞・珊瑚文采无机绚，珍珠咳唾冰花溅。霜毫锦笺，品藻杜","元","汤舜民","司空，褒弹张殿元，出落双知县。一襟东鲁书，两助西厢传，相看黯然。朝雨渭城愁，夕阳南浦恨，芳草阳关怨。休言鸡黍期，谩结莺花愿。咱两个明年后年，湖上吊苏林，花间觅刘阮。赠玉莲王氏玉立亭亭太华仙，间别来不记何年。云隔瑶池，尘飞沧海，谁承望又还相见。","chinese-poetry",""
"沉醉东风・仿佛在耶溪岸边，分明在太液池前。琼簪坠地轻，罗袜凌波浅，","元","汤舜民","胜华清赐浴温泉。微露浸浸翠钿钿，越显得香娇玉软。","chinese-poetry",""
"离亭宴带歇指煞・韩昌黎甜句儿多称羡，周濂溪美意儿常留恋。都则为凤","元","汤舜民","流自然，馨香胜喷水龙涎。花瓣巧攒珠蚌壳，藕丝细吐冰蚕茧。欺风弄缟衣，妒月搏纨扇。三般儿可怜：叶老翠房空，波寒妆镜惨，粉淡芳容变。休将玉漏催，且尽碧筒宴，多娇自勉。恁若许惜花的攀，我先将并头选。赠凤台春王姬赢女吹箫引凤凰，筑高台配会萧郎。前度相别，今番相见，还喜玉人无恙。","chinese-poetry",""
"沉醉东风・也沮得李白吟成乐章，怎容他吕安题做门墙。九苞祥瑞姿，五","元","汤舜民","彩风流样，压东园旧日风光。春日迟迟春夜长，可知道一刻千金玩赏。","chinese-poetry",""
"离亭宴带歇指煞・想春容随处相寻访，检春工所事堪褒奖。最关情是几桩：","元","汤舜民","春色染莺花，春声谐凤管，春梦迷鸳帐。春透筵前绿蚁杯，春生被底红桃浪。多管是东君主张，不容狂蝶乱追随，不许游蜂干絮聒。不愁杜宇闲悲怆。凭凌燕子楼，弹压鸡儿巷。嘱付您知音的莫忘：消春闷尽盘桓，散春心任来往。","chinese-poetry",""
"沉醉东风・朝云过蛾眉展开，暮云闲螺髻偏歪。玲珑碧玉簪，缥缈青罗带，","元","汤舜民","抵多少翠袖金钗。馋眼的夫差若见来，将馆娃移居左侧。","chinese-poetry",""
"滚绣球・赤羽旗疏刺剌风尚高，丹墀陛湿浸浸雪未消，金銮殿淡氤氲瑞烟","元","汤舜民","缭绕，玉狮炉香馥馥兰麝风飘。银酥蜡明灿灿金莲护绛绡，采鸾扇微影影青鸾纛翠翘，氍毹锦软茸茸平铺着宝街复道，珊瑚钩滴滴溜高簇起绣幕珠箔。九龙车霞光闪闪明芝盖，五凤楼日色瞳瞳映赭袍，隐隐鸣鞘。","chinese-poetry",""
"幺篇・瑶池青鸟传音耗，说神仙飞下丹霄。一个个跨紫鸾，一个个骑黄鹤，","元","汤舜民","齐歌齐笑，共王母宴蟠桃。","chinese-poetry",""
"随煞尾・休言五柳夸幽胜，未羡三槐播令名。自是高人乐意萦，衿带仙家","元","汤舜民","白玉京。无竹无丝乱视听，逸典奇书自幽咏。料得无因驻清景，栖息盘桓不暂停，不由人踏破琼瑶半阶影。","chinese-poetry",""
"古水仙子・我、我、我，自忖度，是、是、是，曾记得欢娱那一宵。俺娘","元","汤舜民","铁石心肠，更狠如虎豹，将、将、将，好姻缘成架阁。他、他、他，一密里铲快钢锹，焰腾腾烈火烧袄庙，翻滚滚水淹桃源道，呀、呀、呀！生拆散凤鸾交。","chinese-poetry",""
"梧叶儿・虽不是糟糠妇，休猜做花月妖。又不曾谙海岛惯风涛，把舵春纤","元","汤舜民","嫩，扶篙筋力小。恁待去征辽，没话说军期误却。","chinese-poetry",""
"随煞・奶奶得了些卖阵钱，哥哥占了些劳军钞。他向这海神庙多买好香烧，","元","汤舜民","但只愿一年一度征海岛。休忘了将军的旗纛，他是个玉门关旧日的莽班超。客窗值雪倚龙泉数声长叹息，游子去何期。添一岁长一分白发，治一经饱一世黄齑。风凛凛岁晚江空，雪漫漫天阔云低。对梅花叹人犹未归，观不足严凝景致。玉壶春滟滟，银海夜凄凄。","chinese-poetry",""
"尾声・调琴演楚骚，研朱点《周易》。风流似党进，终日醉如泥。磨龙香","元","汤舜民","拂花笺呵冻笔，挥写就乾坤清气，着人道老袁安犹自说兵机。","chinese-poetry",""
"耍孩儿・赤紧的教坊司独占了阳和地，越显得莺花艳美。真乃是紫微宫殿","元","汤舜民","乐星集，另巍巍创立个根基。方位里都按着郭景纯经天伟地阴阳诀，规矩上不离了鲁公输迈古超今造化机。昏昼里无休息，响玎玎斧斤电掣，闹垓垓锯铲星飞。","chinese-poetry",""
"六煞・上设着透风月玲珑八向窗，下布着滴星辰嵯峨百尺梯，俯雕栏目穷","元","汤舜民","天堑三千里。障风檐细粼粼檐牙高展文鸳翅，飞云栋碜可可檐角高舒恶兽尾。多形势，碧窗畔荡悠悠暮云朝雨，朱帘外滴溜溜北斗南箕。","chinese-poetry",""
"五煞・门对着李太白写新诗凤凰千尺台，地绕着张丽华洗残妆胭脂一派水，","元","汤舜民","敞南轩看不尽白云掩映钟山翠。三尺台包藏着屯莺聚燕闲入窟，十字街控带着踞虎盘龙旧帝基。柳影浓花阴密，过道儿紧栏着朱雀，招牌儿斜拂着乌衣。","chinese-poetry",""
"四煞・这壁厢酒肆里笙歌聒耳来，那壁厢厢渲房中麝兰扑鼻吹，隔离五云","元","汤舜民","宫阙无多地。鼓儿敲普冬冬响随仙仗迎□□，板儿撒礻乞剌剌声逐天风入凤墀。八音备：土匏革木，丝竹金石。","chinese-poetry",""
"三煞・豁达似彩霞观金碧妆，气概似紫云楼珠翠围，光明似辟寒台水晶宫","元","汤舜民","里秋无迹，虚敞似广寒上界清虚府，廊□□兜率西方极乐国。多华丽，潇洒似蓬莱岛琳宫绀宇，风流似昆仑山紫府瑶池。","chinese-poetry",""
"一煞・王孙每意悬悬怀揣着赏金，郎君每眼巴巴安排着庆赏囗，跳龙门题","元","汤舜民","雁塔悬羊头踏狗尾一个个皆随喜。扎礻覃的亚着肩叠着脊倾着囊倒着产大拚白雪银双镒，妆孤的争着头鼓着脑舒着眉睁着眼细看春风玉一围。权当个门山日，名扬北冀，声播南陲。","chinese-poetry",""
"赚煞・既悟死生机，例得清平分，真乃是羲皇上人。散诞似携家傍鹿门，","元","汤舜民","老生涯经卷炉薰。指乾坤，作幔为ブ，卧吸扶桑五花暾。等待着黄粱饭滚，碧桃春近，笑吹箫管上昆仑。送人应聘五彩云开丹凤楼，万雉城连白鹭洲。天堑望东流，天长地久，今古帝王州。","chinese-poetry",""
"赚煞・既奉紫泥宣，合拂斑衣袖，正桂子西风暮秋。整顿着千尺丝纶一寸","元","汤舜民","钩，笑谈间钓出鳌头。莫迟留，壮志应酬，不负平生经济手。稳情取金花玉酒，银章紫绶，教人道“凤凰台上凤凰游”。送友人观光其人姓刘弄柳拈花手倦抬，说雨谈云日倦开。须发已斑白，凤流顿改，懒过汝阳斋。","chinese-poetry",""
"赚煞・争奈世情别，幸遇知音在，同是天涯倦客。为爱皇都春正好，梦魂","元","汤舜民","儿长绕秦淮。何况近年来，十二天街，舞榭歌台一字摆。娇滴滴浓香艳色，花扑扑月宫仙界，真乃是胜刘郎前度到天台。戏贺友人新娶昔日东华听晓筹，今日西湖舣钓舟。书剑暂淹留，呼朋唤友，不减少年游。","chinese-poetry",""
"赚煞尾・金佩虎ひ香，宝带骊珠灿，西望阳关意懒。堪爱江花如送征鞍，","元","汤舜民","趁东风乱扑旗幡。寸心丹，绿鬓朱颜，他日麒麟作画看。向瓜洲上滩，近石城西岸，赋诗横槊度龙湾。","chinese-poetry",""
"南吕・一枝花春思","元","汤舜民","嫩寒生花底风，清影弄帘间月，乱红扑窗外雨，香絮滚树头雪，影物奇绝，谁不道富贵千金夜，我翻做凄凉三月节。怀故人万里离别，负东君一番艳冶。","chinese-poetry",""
"梁州・下几点梅子雨间一行情泪，荡几阵藕花凤助一口长吁。几般儿堪写","元","汤舜民","入伤心灵。金步摇花残蹀躞，玉搔头线脱珍珠；蔷薇露羞和腻粉，兰蕊膏倦揽琼酥。上妆楼一步一个趑趄，指长亭一望一个糊突。紫香囊徒效殷勤，白纨扇空题诗句，锦回文枉费工夫。咱两处旷夫，怨女。料应来昏配了姻缘薄，多间别，少完聚。抵多少夫在萧关妾在吴，凤只鸾孤。","chinese-poetry",""
"骂玉郎・也是我孜孜的撺断他学干禄，嗟行事，悔当初，多情却被列情误。","元","汤舜民","唤不应离恨天，填不满忧怨海，赶不上相思路。","chinese-poetry",""
"感皇恩・这些时鬼病揶揄，更那堪睡魔追逐。软兀刺弱身躯，颠不刺乔证","元","汤舜民","候，干支刺瘦肌肤。无半点欢娱分福，纯一味鳏寡孤独。叮咛话总虚词，断肠诗成故纸，平安信似休书。","chinese-poetry",""
"采茶歌・他指望八仙图，我贪爱七香车，犹恐怕黄金窑变了汉相如。蓍草","元","汤舜民","占来爻反覆，卦线儿磨得字模糊。","chinese-poetry",""
"尾声・虽忘了并头莲空房独守心常苦，也合想连理枝嫩绿成阴叶未枯。手","元","汤舜民","抵着牙儿自犹豫，几时得ゐ惶业足。多管是凄凉限促，不由人蘸绿亭前放声儿哭。客中奇遇寄情代友作风月长存一寸心，雨云又作三春梦；青鸟不传千里信，落花空恨五更风。想当日旅馆相逢，取次间谐鸾凤。实心儿担怕恐，瞒不过纱窗下半篝残夜孤灯，喜的是罗帕上数点芳春嫩红。","chinese-poetry",""
"尾声・一任他漫天巧结银河冻，半霎儿满地平铺素剪绒，则落得高卧先生","元","汤舜民","恣抟弄。向瀛洲海东，入蓬莱洞中，煞强似太岳祠中受恩宠。嘲素梅休言白玉堂，怎知黄金鼎？难栽玛瑙坡，宜插水晶瓶。索笑为生，冷淡偎村径，朝昏傍驿亭。常则是采薪夫觅觅寻寻，那里取惜花客潜潜等等。","chinese-poetry",""
"尾声・打不动裁冰剪雪林和靖，冲不过击玉敲金宋广平，纵泄漏春光也不","元","汤舜民","干净。趁风清月明，恐天寒地冷，则不如收拾横斜水边影。赠明时秀星靥靥花钿簇翠圆，黑вв云髻盘鸦小；金闪闪袜钩舒凤嘴，玉摇摇钗燕袅鸡翘。一撮儿娇娆，恰蓓蕾丁香萼，又葳蕤豆蔻梢。锦绣额赠新题走蚓惊蛇，丹青帧摸巧样回鸾舞鹤。","chinese-poetry",""
"尾声・锦窝巢云屏雾帐重围绕，花胡洞翠槛朱栏巧结缚，况值着媚景明时","元","汤舜民","畅欢乐。我将他风流窨约，行藏品藻，集主青楼卖弄到老。赠美人号展香绵杨铁笛为著此号芳姿腻腻娇，素质娟娟净。绸缪无限絮，继续有余情。天付聘婷，纯一味温柔性，纵丹青画不成。软耨耨堪宜梅雪同心，白霭霭不与梨花共影。","chinese-poetry",""
"梁州・价重如齐纨鲁缟，名高似蜀锦吴绫。惜花人故把杨花并。缠联月户，","元","汤舜民","缭绕云屏。昏迷客路，散漫邮亭。最关情眼底飘零，不由人掌上奇擎。飞晓日又不曾牵惹游丝，随暮雨又不曾沾粘落英，趁东风又不曾化作浮萍。几回，自省。过青春谁与怜薄命，空落得旧名姓。人都道十二瑶台夜不扃，逃下的飞琼。","chinese-poetry",""
"尾声・若能够半丝儿系足为媒聘，煞强似几缕同心结志诚。常记得雪虐风","元","汤舜民","陵夜初静，孤眠的惯经，知音的试听，有他呵便冻死了梅花愁甚么被窝儿冷。赠美人缘底事谪离方丈台，是谁人赚出桃源洞，何日里拜辞王母殿，甚风儿吹下广寒宫。蓦地相逢，眼眩乱魂飞动，方信道仙凡路可通。内家妆都猜是金屋婵娟，前生业却做了青楼爱宠。","chinese-poetry",""
"尾声・赋佳人的宋玉堪题咏，图仕女的崔徽枉费工。常记席上樽前那些陪","元","汤舜民","奉：喜孜孜捧着玉钟，娇滴滴擎着笑容，端的是压尽人间丽情钟。自省黑漫漫离恨天，白漭漭迷魂海，闹垓垓风月场，昏惨惨雨云台。天与安排，都变做莺花界，单捱着聪明的撞入来。枕畔言糊突了胸襟，花下酒消磨了气色。","chinese-poetry",""
"梁州・我待将玩江楼风流再整，谁敢把丽春园时价高抬？这几般儿症候年","元","汤舜民","年害。并头莲忙折，连理树勤栽；相思梦不觉，囫囵谜难猜。眼睛儿盼行云不离书斋，魂灵儿趁东风先到花街。知自知虚脾枉自温存，笑自笑讪脸偏禁打掴，怪自怪痴心不服烧埋。待开，怎开？我则索皂纱巾护了天灵盖，赤紧的做鸨儿不宽大。但有个权势的姨夫大块子扌只，便笑靥儿攒腮。","chinese-poetry",""
"尾声・妆孤的已受王魁戒，赡表的休夸双渐才，这两年达时务的玄机恰参","元","汤舜民","朱颜半衰，黑头渐白，犹兀自无倒断的着迷甚时改。赠人麒麟阁上臣，虎豹关中将，名高金殿客，贵压紫薇郎。玉立昂昂，捧日月光天象，保山河壮帝乡。紫金梁稳架沧溟，白玉柱高擎庙堂。","chinese-poetry",""
"梁州・醉仙桃九重春色，拂御炉两袖天香。风云豪气三千丈。咳唾落珠玑","元","汤舜民","颗颗，佩环摇金壁锵锵。奇略饱阴阳经诀，壮怀吞星斗文章。拥貔貅银锁光芒，动龙蛇赤羽飞扬。叱咤间净中原狐兔之尘，指顾里荡西戎犬羊之党，笑谈中定边陲蛮貊之邦。远方，近方。黄童白叟知名望，一人下万人上。铁券丹书姓字香，万代辉光。","chinese-poetry",""
"尾声・玉醍醐金叵罗肉台盘气氤氲香霭莲花帐，锦罘ぜ珠珞索翠氍毹光灿","元","汤舜民","烂春生柿蒂堂，曾受用风流黑头相。对槐阴昼长，趁荷香晚凉，一派笙歌洞天里响。同前意巍巍九鼎臣，落落三台位；飘飘七步才，密密五兵机。门第相辉，俯仰谐天意，经纶合圣规。书架插三万旧日牙签，武库列十二清霜协戟。","chinese-poetry",""
"梁州・翰墨夺人间锦乡，咳唾落天上珠玑。统雄藩肃镇西南裔。紫泥诏符","元","汤舜民","分铜虎，碧油幢纛散红嫠。金麒麟绣蒙锁甲，玉暾龙带束宫衣。八卦营细柳深迷，五方旗铁马骄嘶。喜的是沙漠空狐兔尘清，江海静鲸鲵浪息，宫殿高燕雀风微。授之以德，用之以礼。因此上太平天子无为治，咫尺间九重内。唤得春来草木知，万物熙熙。","chinese-poetry",""
"尾声・金瓯应已藏名讳，麟阁终当绘像仪。寄语公明董狐笔：比及待论功","元","汤舜民","赐邑，铭彝勒石，先筑沙堤四十里。子弟每心寄青楼爱人芳卿细细听，贱子明明道。雨云虽念想，风月不坚牢。月夜花朝，两地成耽阁，虚飘飘何日了。吐蛛丝锁不住蝶使蜂媒，衔燕泥对不就鸾窝凤巢。","chinese-poetry",""
"尾声・从今后休将锦字传青鸟，谩把纶竿钓巨鳌。不是我巧语花言厮推调，","元","汤舜民","恁如今模样正娇，年纪儿又小，则不如觅个知心俊孤老。劝妓女从良丽春园有世情，鸣珂巷无公论。爱村沙欺软弱，嫌文墨笑温纯。别是个家门，饱暖随时运，诙谐教子孙。伴风姨陪月姊甚日辞栅，觅花钱偿酒债何年证本？。","chinese-poetry",""
"梁州・妆镜里暗暗的添了白发，酒席上飘飘的过了青春。急回头已是三十","元","汤舜民","粉褪了杏肋桃脸，涎干了瓠齿樱唇，尘暗了锦筝银甲，香消了彩扇罗裙。恁待要片时间拔类超群，则除是三般儿结果收因。招一个莽庄家便是良人，嫁一个穷书生便是孺人，苫一个俊孤答便是夫人。小生，暗忖。如今的这女娘每一个个口顺心不顺，多诡诈少诚信。直待红鸾活现身，可不道好景因循。","chinese-poetry",""
"梁州・据标格是有那画阁兰堂的分福，论娇羞怎教他舞台歌榭里淹留。则","元","汤舜民","落得闲茶浪酒相迤逗。昨日逢故友柳边开宴，今日送行人花下停舟。这壁急攘攘莺招燕请，那厢闹烘烘蝶趁蜂逐。恰则待热心肠相和相酬，也合想业身躯无了无休。我劝你滑擦擦舍身崖想个逃生，昏惨惨迷魂洞寻个罢手，碜可可陷入坑觅个回头。二旬，左右。他则想春花秋月常依旧，试与恁细穷究。我则索先盖座春风燕子楼，省也么叶落归秋。","chinese-poetry",""
"尾声・谁不知苏卿已嫁双通叔，王氏偏怜秦少游，咱两个没添货的姻缘厮","元","汤舜民","成就。天长地久，鸾交凤友，再不教你鸣珂巷路儿上走。赠玉芝春休言雨露恩，不假阳和力。自天能长养，无地可栽培。素质香肌，正遇承平世。比春花别样奇。光腻腻出落着风流，清淡淡包含着旖旎。","chinese-poetry",""
"梁州・人都道秦弄玉生成标格，我猜是许飞琼托化的容仪。谁承望天风吹","元","汤舜民","落莺花地。承德墀无缘拜识，甘泉宫有句褒题。谢安石多曾称誉，夏黄公聊得充饥。向花神试问个真实，检春工自有个高低。风韵似软刺答石上猗兰，雅淡似矮婆娑朋中老桂，温柔似瘦伶仃雪里寒梅。有谁，认得。九茎三秀真祥瑞，相遇是何日？但能够分得微香到酒杯，不枉了玩赏忘归。","chinese-poetry",""
"尾声・既不能贮雕盘蒙锦帕擎将手掌轻怜惜，也消得依画阁近兰堂着个栏","元","汤舜民","干谨护持，春日春风莫虚费。你道是浮花浪蕊，他须是灵根异卉，恰不道一夜琼花落无迹。赠玉马杓堪嗟和氏冤，莫讶相如亻赞。既酬雍伯志，何虑范增嫌。想像观瞻，雀尾样其实欠，鸬鹚名空自慊。有十分资质温柔，无半点尘埃ネ染。","chinese-poetry",""
"尾声・好向他万花丛里为头儿占，休教人百味厨中信手儿拈，恁时节添不","元","汤舜民","上风流洗不了瑕玷。倾城的貌甜，连城的价添，稳情敢玩瓢戏的西施望风儿闪。莲卿王氏者，楼居潇洒。余颜之曰：楚馆凝眸，其所寄意无乃对景兴怀、欢情离思而已。因其请题，遂书此以赠焉碧玲珑透月窗，锦灿烂藏春帐；黑揩摸乌木几，金嵌镂紫檀床。一片风光，胜压莺花巷，名高烟月乡。绣ブ舒并宿鸳鸯，雕奁锁双飞凤凰。","chinese-poetry",""
"梁州・龙脑香生瑞霭，虾须帘卷斜阳。动芳情多为凭栏望。翠柳黄鹂个个，","元","汤舜民","青天白鹭行行；锦缆牙樯簇簇，金沙流水茫茫。但凝眸渐觉彷徨，忽萦怀又索包藏。锁魂桥芳草地几度离别，折柳亭拂尘会几场宴赏，落花天残灯夜几样思量。话长，意长。止不过弱红娇黛相偎傍，酝酿出雨云况。可知道宋玉当年为发扬，赋作《高唐》。","chinese-poetry",""
"尾声・婵娟不假铅华力，莹洁应夺造化机。相思病的郎君若医治，也不索","元","汤舜民","评诊脉息；更不须调和药石，但能够半点儿琼酥救了你。嘲妓名佛奴不参懵懂禅，先受荒淫戒。才离水月窟，又上雨云台。东去西来，还不了众生债。竟说甚空是空色是色，苫亻来呵四十八愿叮咛咒誓，巴镘呵五十三参容颜变改。","chinese-poetry",""
"尾声・张无尽气冲冲待打折了莺花寨，韩退之嗔忿忿敢掀翻烟月牌，赢得","元","汤舜民","虚名满沙界。风月所状责，教坊司断革，迭配与金山寺江中贩茶客。言志自怜王粲狂，莫怪陈登傲；不弹贡禹冠，谁赠吕虔刀。十载青袍，况值烟尘闹，事无成人半老。黄金台将丧斯文，白玉堂空怀故交。","chinese-poetry",""
"梁州・看鞍马上诸公衮衮，听刀戈下众口嗷嗷。因此上五云迷却长安道。","元","汤舜民","曳裾休叹，投笔空焦；题桥谩逞，击楫徒劳。直钩儿怎钓鲸鳌，闷弓儿难谢鹏雕。喜的是砚池内通流着千丈沧溟，诗卷里包藏着九重宣诏，书楼上接连着万里云霄。虽道是浅识，寡学。这几篇齐鲁论也不下于黄公略，捻吟髭自含笑。矫首中天日正高，豪气飘飘。","chinese-poetry",""
"尾声・闲拈斑管学张草，静对黄花诵楚骚。等待新雁儿来时问个音耗；若","元","汤舜民","说道董仲舒入朝，公孙弘见招，看平地风雷奋头角。赠人雍容黄阁姿，卓荦青云态。彷惶忧国志，慷慨济时才。奉诏西来，冲阐雾临边界，驾天风下凤台。正正旗堂堂阵蛇鸟争辉，辚辚车萧萧马风云动色。","chinese-poetry",""
"梁州・展其韬施其略孙吴是法，依于仁行于义周孔为怀。经纶迥出诸藩外。","元","汤舜民","八阵旗春营柳暗，七重围夜帐莲开。六钧弓晓星迸激，双龙剑秋水磨揩。转储胥周馈饷掌上裁划，抚疲赢得营逸阃外驱差。玉免毫挥翰墨学足三冬，紫鸾诰叙勋旧恩封三代，丹墀陛列斑资步近三台。伟哉，盛哉。况赖着巍巍圣德乾坤大，露布驰玉关外。倒挽银河下九垓，净洗氛埃。","chinese-poetry",""
"尾声・录丰功褒盛绩班班拟见铭钟鼐，著芳声垂后代历历终期绚竹帛。若","元","汤舜民","报道东阁门前不妨碍，借尺地寸阶，进一言半策，那时节吐气扬眉拜丰采。同前心怀雨露恩，气禀乾坤秀。读书尊孔孟，许国重伊周。得志之秋，文艺武皆穷究，正青春正黑头。孙吴略切切于心，齐鲁论孜孜在口。","chinese-poetry",""
"梁州・瞻日月抬头是凤阙，会风云闲步是龙楼。真乃是祖生鞭不落刘琨后。","元","汤舜民","千金买剑，五彩赞裘，七重围帐，半万戈矛。跨锦鞯丝辔骅骝，拥铁关金锁貔貅。论文时芸窗下摘句寻章，论武时柳营内调丝弄竹，消闲时花阴外打马藏阄。五行，本有。功名二字俱成就，能燮护会消受。一寸丹心答冕旒，愁甚么建节封侯。","chinese-poetry",""
"尾声・于亲已足平生志，许国应当少壮时，虽孝场忠但如是。抱金曳紫，","元","汤舜民","承恩奉旨，稳情取勋业班班照青史。云山图为储公子赋长歌《陟岵》诗，饱玩《闲居赋》。倦听花底莺，羞见树头乌。日月居诸，又觉春光暮，对云山强自娱。白云边盼不见白雁来宾，青山外等不至青鸾寄语。","chinese-poetry",""
"梁州・云去也山容妥贴，云来也山色模糊。真乃是一声杜宇不知处。青隐","元","汤舜民","隐浑疑太华，白漫漫错认蓬壶。黑黯黯难分吴越，绿迢迢不辩衡庐。云连山远近相逐，山连云上下相续。可知道陆士衡酝酿做文章，王摩诘收拾在肺腑，狄仁杰迤逗出嗟吁。老夫，道欤。既思亲便索寻亲去，愁险峻惮劳苦。却把云山写作图，于理何知。","chinese-poetry",""
"尾声・心头菽水何时足，眼底云山甚处无，寸草春晖自今古。但能够青山","元","汤舜民","共居，白云共锄，才与云山做得主。黄鹤楼峥嵘倚上流，突兀当雄镇。高明临大道，迢递接通津。从去了鹤山仙人，千载无音信，丹青再创新。架飞楹联走拱不下班亻垂，敞天窗赞藻井堪攀翼轸。","chinese-poetry",""
"尾声・汀花岸草春成阵，沙鸟风帆幕作群，我待要闲蹑金梯散孤闷。仰之","元","汤舜民","北辰，俯之大坤，气势高寒立不稳。梦游江山为友人赋蜀道难长怀李太白，庐山高每羡欧阳叔。江曲折多询郭景纯，海周遭曾问木玄虚。吠刚来混一皇舆，万里神游去，何须觅坦途，脚到时选胜寻幽，眼落处兴今慨古。","chinese-poetry",""
"梁州・图得些风月情长沾肺腑，赢得些是非尘不到襟裾。分明记得经行处。","元","汤舜民","蹑苍梧冲飞彩凤，扣扶桑撼动金乌，登雁宕惊潜木客，涉龙门啸起天吴。又不比悠悠泛一叶黄芦，飘飘跨两足青凫。散诞似李元贞松阴内干禄求名，逍遥似赵师雄梅花下开樽按舞，廓落似淳于棼槐柯上架室安居。遮莫五湖，四渎。钓竿直拂珊瑚树，天地阔渺无路。撞入仙翁白玉壶，知他是紫府也那清都。","chinese-poetry",""
"梁州・七窍达八荒广漠，一帘隔万里空虚。谁不知方寸地无多物。玄参黄","元","汤舜民","老，易论程朱。诗敲险怪，棋较赢输。不闻满耳喧呼，只宜竟日跏趺。恰枕肱悠悠梦绕华胥，不动脚默默神游洛浦，才合眼飘飘身在蓬壶。本无，间阻。山林城市俱同路，解到此中趣。便觉吾生百虑疏，遐迩何如。","chinese-poetry",""
"尾声・光风转蕙春生户，幽草生香月到除，不离蒲团三二步。休道星蹿月","元","汤舜民","窟，遮莫天关地轴，垂拱之间在环堵。赠儒医任先生归隐先生善写竹江湖老姓名，风月闲人物。文章新制作，礼乐旧规模。暮景桑榆，杏林好春无数，橘泉甘乐有余。一丝风曾钓鲸鳌，九转丹恰成龙虎。","chinese-poetry",""
"梁州・核老聃千言道德，问安期万劫荣枯。常则怕白云引入青山去。包含","元","汤舜民","丹篆，簸弄明珠。逍遥巾帻，懒散襟裾。虽不曾指南阳卖却茅庐，少不得傍东湖苫个屠苏。菊花枕满头香雾氤氲，梅花帐满鼻香风馥郁，芦花被满身香雪模糊。淡然，自足。可知道黄金不卖长门赋。将千亩渭川竹，写作江南烟雨图，畅不尘俗。","chinese-poetry",""
"梁州・横斗柄珠星灿灿，界勾陈银汉澄澄。恰行到梧桐金井潜身儿听。晃","元","汤舜民","绿窗十分月色，隔幽花一片琴声。明出落求鸾觅凤，暗包藏弄燕调莺。一字字冰雪之清，一句句云雨之情。卖弄他穷书生酸溜溜调美才高，迤逗的俊女流急穰穰宵奔夜行，辱末煞老丈人羞答答户闭门扃。那生，可称。一峥嵘便到文园令，富贵乃天命。长门赋黄金价不轻，可知道显姓扬名。","chinese-poetry",""
"尾声・既不着珠帘翠幕深遮闭，也消得绣槛雕栏谨护持，试与知音细论议。","元","汤舜民","恁待要笔尖上品题，眼皮上爱惜，则除是描入明窗画图里。赠草圣括造化攒成赤免毫，挽沧溟磨彻乌龙墨。灿日月光摇玉版笺，吐烟云香彻紫英石。四宝清奇，潇洒芸窗内，风流莲帐底。念孜孜八法八诀，意悬悬六书六体。","chinese-poetry",""
"梁州・指其掌画其腹云崩露垂，得之心应乎手电走风飞。天然一笔无穷意。","元","汤舜民","秋蛇春蚓，野鹜家鸡。跳龙卧虎，渴骥狰猊。有阴阳偃仰精微，无偏枯向背支离。乐毅论太名箴敷扬出忠烈之风，逍遥篇孤雁赋酝酿出神仙之气，曹娥碑告誓文摸临出孝弟之规。遮莫醒兮，醉兮。一挥一洒非游戏，干喜怒系明晦。可知道笔冢累累墨作池，名重京畿。","chinese-poetry",""
"梁州・愁甚么负郭田无二顷，喜的是依山屋有三间。一回头万事都疏懒。","元","汤舜民","绿蚁樽浇平磊块，紫鸾箫吹散愁烦。黄齑菜养成脾胃，青精饭驻定容颜。岸天风乌帽翻翻，拂埃尘布袖斑斑。比鹤上人不驭飙轮，比山中相不登仕牌，比壶内翁不炼金丹。得闲，且闲。多管是鹿门庞老为师范，摆脱了是非患。恰便似高枕着昆仑顶上看，人海波澜。","chinese-poetry",""
"尾声・落红阶砌胭脂烂，新绿门墙翡翠寒，安乐窝随缘度昏旦。伴几个知","元","汤舜民","交撒顽，寻一会淦樵调嗲，终日家龙凤团香免毫蘸。赠会稽吕周臣三千丈萧萧白发生，七十岁楚楚青衫旧。抱经纶无官朝北阙，买梨锄有子事西畴。气禀清修，玉耸双肩瘦，胸涵一镜秋。蹑天根深地脉秘诀深微，步诗坛入酒社精神抖搜。","chinese-poetry",""
"梁州・瞻胜迹蓬莱山不离眼底，避危途太行路长在心头。将古今吏稳都穷","元","汤舜民","慕谢安高迈，羡陶令归休，爱戴逵洒落，学贺老风流。文房艺苑偏游，药栏花径清幽。披览著种陵书半窗星斗光芒，张玩着辋川图四壁烟云驰骤，拨刺着峄阳琴一帘风雨飕飕。淡然，自守。全胜他归山指破麻袍袖，能燮护会消受。高卧元龙百尺楼，万事悠悠。","chinese-poetry",""
"尾声・恰能够天涯萍水同携手，谁承望江上莼鲈又买舟，少不的再叙离怀","元","汤舜民","那时候。连床秉烛，隔离唤酒，夜雨呼童剪春菲。赠钱塘镊者三万六千日有限期，一百二十行无休息。但识破毫厘千里谬，才知道四十九年非。这归去来兮，明是个安身计，人都道陶潜有见识。谁恋他花扑扑云路功名，他偏爱清淡淡仙家道理。","chinese-poetry",""
"梁州・看白支闲出岫频移净几，爱青山正当窗不卷疏帘。客房儿冷落似邯","元","汤舜民","郸店。心滴碎铜壶青漏，耳愁闻铁马虚檐。肠欲断阶前夜雨，梦初回屋角秋蟾。一片心远功名无甚沾粘，两只脚信行藏有甚拘钤。经了些摧舟楫走蛟鼍鲸窟波翻，行了些坏车轮被虎豹羊肠路险，过了些连云梯绝猿犹鸟道峰尖。静中，自检。事无成志不遂人情欠，休施逞且妆俭。但得个小小生涯足养廉，甘分鳞潜。","chinese-poetry",""
"梁州・品藻着世上色无瑕疵的雅淡，评论着天下花无褒贬的孤高。长记得","元","汤舜民","看花时有几样儿堪称道。露点滴珠融腻粉，烟朦胧翠护轻绡；风摇曳香飘麝脑，雪模糊玉压琼瑶。厌桃杏灼灼夭夭，伴松篁洒洒潇潇。何水曹一生心爱得绸缪，林和靖两句诗联得妙巧，宋广平八韵赋撰得风骚。想度，暗约。我猜似梨云一片连溟漠，指顾间自吟啸。但则觉花气氤氲袭毳袍，白茫茫万树千条。","chinese-poetry",""
"尾声・幽寻不索桃源洞，高卧何须太华峰。但得个留心诵周孔，研朱墨训","元","汤舜民","蒙，买犁锄务农，则消得赡老良田二三顷。桧轩为越中沙子正赋得指教三迁好住居，便栽培十丈深根蒂。能借取四时春造化，似生成一片翠屏帷。大刚是即景成规，直干攒楹密，横柯压栋齐。但将翰墨褒题，不假丹青绘饰。","chinese-poetry",""
"梁州・青郁郁柏叶松姿备体，浓馥馥芝香术气沾衣，更几般天然景趣谐人","元","汤舜民","风过处线篁嘹亮，月来时金碧光辉。檐露洒珠玑点滴，篆烟生紫黛霏微。虽无华丽芳菲，端实萧爽清奇。奢可效七松家绮幕围风，清末让五柳庄黄花绕篱，贵不幕三板堂画戟当扉。料伊，所为。单指着岁寒眼底为交契，况值太平世，一样肝肠似铁石，愁甚么雪虐霜欺。","chinese-poetry",""
"尾声・听琴鹤至分床宿，送果猿来借榻居，绝胜当年老巢父。怡然自娱，","元","汤舜民","恬然自足，再不从龙化甘雨。赠王观音奴出西方自在天，受南海无边愿。宫妆宜水月，香步绕金莲。体态婵娟，绿杨柳腰枝软，白鹦哥声调圆。结百千万种良因，示五十三参化显。","chinese-poetry",""
"梁州・苦海阔色空未脱，爱河深情欲相牵。今生不了前生愿。慈悲厚德，","元","汤舜民","救苦真言。枝头甘露，瓶里香泉。旃檀林夜月娟娟，雨花台苦恨绵绵。宰官身进宝归依，善男子赍金募缘，老门徒统镘参禅。上天，下天。龙华会里曾相见。叩庵门觅方便，指点其中意已穿，心绪悬悬。","chinese-poetry",""
"尾声・拟将樱络千金串，结就珍珠七宝钿，世世生生作姻眷。脱空心告免，","元","汤舜民","指山盟是谝，则不如剪发燃香意儿远。赠王善才手曾将千眼佛绿柳瓶，身曾侍七宝岩红莲座。目曾瞻普陀山金孔雀，心曾记南海岸玉鹦哥。为一念差伪，离水月观音阁，堕风尘锦绣窝。金刚刃怎割愁肠，甘露水难消业火。","chinese-poetry",""
"梁州・记五十三参坎坷，爱四十八愿奔波。舍身崖一片声名大。风魔了智","元","汤舜民","广，病愁煞维摩，痴迷了六祖，调笑煞弥陀。则为你送行云两点秋波，舞香风六幅春罗。至诚人但焚香有愿须酬，兹悲友既剪发随缘较可，薄情郎纵赍金没福难合。俺呵，敢么？多持七宝香璎珞，既相承怎空过。指点其中自忖度，于意云何？。","chinese-poetry",""
"梁州・飞南浦新愁冉冉，度东墙旧恨迢迢。锁朱楼不放春光晓。记崔生密","元","汤舜民","约，感苏子寂寥；任酸斋笑谑，怪杜牧粗豪。果无心不趁轻薄，若随风一任低高云呵您休得蔽蟾宫妒嫦娥夜色娟娟，云呵您休得横秦岭使退之忧心悄悄，云呵您自合下巫山感襄王魂梦飘飘。想着，念着。梨花枕上闲情绕，既徘徊莫萧索。一曲清歌驻碧霄，巧笔难描。","chinese-poetry",""
"尾声・云呵您片时聚散情虽少，几处飞来恨怎消，日幕江东信音到。休低","元","汤舜民","迷画桥，休深笼翠阁，则不如为雨为霖润枯槁。赠妓素兰散清风烟月中，逞素质风尘内，染一枝春色淡，攒两叶翠痕低。束具含犀，另一种风流意，比群芳分外奇。俏如荪名重秦楼，娇似芷声扬楚国。","chinese-poetry",""
"尾声・并头莲合欢草多清致，如意朵珊瑚枝有价值，瘦影清香足风味。海","元","汤舜民","棠娇莫比，芙蓉色怎及？雪窗下玲珑镜儿里。冬景题情一轮寒日沉，四野彤云布。九天飞碎玉，万里迸明珠。无语嗟吁，却早年华莫，那堪岁又徂。纵然有机杼千张，织不就离愁万缕。","chinese-poetry",""
"梁州第七・愁一阵一阵阵痴呆了心目，恨一番一番番瘦损了肌肤。大会垓","元","汤舜民","烦恼在眉尖上聚。锦帏罢设，绣榻慵铺；翠衾闲剩，鸳枕空虚。怪不得活计萧疏，可知道音信全无。这雪蓝桥路一霎儿迷漫，这风武陵溪一时儿冻住，这云楚阳台一会儿埋没。全不想旷夫，怨女。闲吟柳絮因风句。你便有一千树梅花香透骨，也梦不到罗浮。","chinese-poetry",""
"骂玉郎・孤眠展转伤情绪，捱玉漏，滴铜壶。花开不管流年度，共谁人拥","元","汤舜民","红炉，斟绿醑，歌《白苎》。","chinese-poetry",""
"感皇恩・冷落了金屋娇姝，寂寞了玉堂人物。这其间老了潘安，瘦了沈约，","元","汤舜民","病了相如。怕不待勉强须臾，将惜身躯。磕不破玉马杓，解不开愁布袋，摔不碎闷葫芦。","chinese-poetry",""
"采茶歌・几时得笑喧呼，醉模糊，只吃的满身花影倩人扶。同月淹留成间","元","汤舜民","阻，碧梧栖老凤凰雏。","chinese-poetry",""
"普天乐南・记当时同欢笑，携手向花间道。赏心时同饮香醪，踏青处共寻","元","汤舜民","芳草。见游蜂粉蝶都来绕，两点春山蛾眉扫。舞裙低杨仰纤腰，髻云堆金凤斜挑。把琵琶细拨，檀板轻敲。","chinese-poetry",""
"脱布衫带赤小梁州北・琵琶拨擅板轻敲，锦筝捣指法偏高。抚冰弦分轻清","元","汤舜民","重浊，和新词美音奇巧。你看他体态轻盈舞细腰，端的是丰韵娇娆；遏云声美透青霄，端的是多奇妙，真个是芙容面海棠娇。","chinese-poetry",""
"幺篇・焰腾腾烈火焚烧了袄庙，白茫茫浪淘天水淹了蓝桥，雾蒙蒙桃源洞","元","汤舜民","阻隔的来路迢遥。贾充宅添人巡捕，崔相府闭的坚牢，最苦是将他那楚馆和这阳台崩坏倒。","chinese-poetry",""
"老庄周一枕胡蝶梦・赚煞","元","史九散人","你与我只一片燕莺心，做半世胡蝶梦，扇粉翅殷勤建功，一指迷人大道中。不要你燕懒莺慵，不留停，岁月匆匆，都恋着柳绿花红春意浓，玳筵开一终。把布袍扇动，驾白云飞上建章宫。(下)(四仙女推庄生下涧科，下)。","chinese-poetry",""
"老庄周一枕胡蝶梦・端正好","元","史九散人","你做神仙不能勾，出家人尤虑无忧。跨黄鹤径上虚空走，我把那肚事都参透。","chinese-poetry",""
"老庄周一枕胡蝶梦・滚绣球","元","史九散人","你把莺莺并不题，燕燕更不瞅，蜜蜂儿置之脑后，却不道恋胡蝶一梦庄周。你有了桃共柳，更和这石与竹，做得个迎新忘旧。(生云)他四个不知那里去了，干小生甚事？(末唱)他每躲是非及早归休。是非只为多开口，烦恼皆因强出头，悔又何尤？。","chinese-poetry",""
"老庄周一枕胡蝶梦・梁州","元","史九散人","我这里小才思施强弄会，老精神燕约莺期。(末哭科)(生云)大人这等大家当，缘何发悲烦恼？(末云)买不的生死。(唱)我哭这光阴急急如流水，青春才至，白发相催。百年身命，六道轮回。疾箭般兔走乌飞，转回头虎倦龙疲。起初时闹垓垓蝶急蜂忙，浓闹里笑欣欣莺甜燕美，下场头冷清清财散人离。怎知，就里。本是个神仙老子非凡体，待得来玉不琢不成器。保养心猿意马肥，有甚驱驰！。","chinese-poetry",""
"老庄周一枕胡蝶梦・幺篇","元","史九散人","妙体态人多美，细腰肢舞更宜，多少人趋赴娇姿。他蜜又调成，花又得济。有礼数知王法，甜口儿不虚脾。因为我来于此，为谁人忙甚的？(又一女子把画上)(云)秦晋交欢皆为诈，荣华一笔都勾罢。龙争虎斗是非场，图成四幅丹青画。(生云)又教我戒甚么？(旦云)戒气。德重施仁唐虞治，谁强谁弱不都济。要入长生不死乡，休争三寸元阳气。(生云)敢问大姐甚么名字？(旦云)牡丹盈槛花开彻，两翅浓香惯风月。飞入君家梦里来，妾身本是花间蝶。(末云)先生作白胡蝶诗。(生云)银为须翅玉为衣，任意春风不解肥。桃李上林无分到，可怜只傍菜花飞。(末唱)。","chinese-poetry",""
"老庄周一枕胡蝶梦・骂玉郎","元","史九散人","东君不管人憔悴，那里也酒病赖花医，顽涎尚有何时退？不带酒，撒腻滞，佯推醉。","chinese-poetry",""
"老庄周一枕胡蝶梦・感皇恩","元","史九散人","你只管情荡心迷，废寝忘食。你只待弄轻盈，相嬉笑，放迷稀。贪恋着燕约莺期，蝶使蜂媒。只待要兴颠狂，花簇绕，酒淋漓。","chinese-poetry",""
"老庄周一枕胡蝶梦・采茶歌","元","史九散人","他怎么痛伤悲，怨别离？那里也有情何怕隔年期？海誓山盟君莫喜，你明日花残月缺悔时迟。","chinese-poetry",""
"老庄周一枕胡蝶梦・煞尾","元","史九散人","罢名缰收利锁，观两轮日月搬兴废。我与你拴意马系心猿，看一榻乾坤定是非。兴还浓，睡正美，猜呆禅，打哑谜。能参透，其中意，不贪财，不图利。作三生，过一世，惜花酒，恋财气。似残春，花乱飞，狂风飘，急雨催。尘中多，枝□稀，蜂倦游，蝶不戏。那时节，悔不及。直待的花残莺老春归，这的一枕胡蝶家万里。(下)。","chinese-poetry",""
"老庄周一枕胡蝶梦・正宫/端正好","元","史九散人","直向这采霞身，临凡世来追究，展双眸按落云头。到人间恰正黄昏后，大踏步冲鸳瓮。","chinese-poetry",""
"老庄周一枕胡蝶梦・驻马听","元","史九散人","美满团圆，几度通宵置酒筵。不见了蜂蝶莺燕，一春常费买花钱。二年未了悟真篇，半生好看羲皇传。不必言，将人门外疾推转。(末云)不必逼勒你。庄子休，你省悟了不曾？(生跪下，云)我省悟了也。(末云)你认的我是谁？(生云)你是太白金星。(末云)你虽认的我，你不知你是谁？(生云)我是大罗神仙，后升玉京上清南花至德真君。因我笑执宝盖幢幡仙女，贬在下方。(末云)你怎生再得到天上？(生云)告星君可怜，奏准玉帝，领我玉京上清牌来，我自然就到天上。(末向空中，云)众仙不来等甚？(金童、玉女幡盖赍玉京牌上)(生跪受科)(东华仙上，云)大罗仙，你今日正果朝元，再有凡心，罚往下方，永失仙道。你回宫依旧管事。(生谢太白金星，云)多谢上仙。(末唱)。","chinese-poetry",""
"老庄周一枕胡蝶梦・雁儿落","元","史九散人","那里取笙歌夜月筵，那里取桃李春风面。这的是浮生梦一场，世态云千变。","chinese-poetry",""
"老庄周一枕胡蝶梦・得胜令","元","史九散人","柳外绝人烟，花甲遇神仙。今日个跨凤游三岛，乘鸾上九天。驾个云轩，参拜在金阙辽阳殿。益寿千年，受东华五帝宣。","chinese-poetry",""
"布袋和尚忍字记・幺篇","元","郑延玉","正面上排祖宗，又不是安乐窝。割舍了我打会官司，唱叫扬疾，便待如何！(孛老云)兀那弟子孩儿，你敢打我不成？(正末云)我便打你呵，有甚么事？(唱)我这里便忍不住，气扑扑向前去将他扯捋，休、休、休，我则怕他衣衫襟边又印上一个。(云)既是你家祖坟，你可姓甚么？(孛老云)我姓刘。(正末云)你姓刘，可是那个刘家？(孛老云)我是刘均佐家。(正末家)是那个刘均佐家？(孛老云)被那胖和尚引去出家的刘均佐家。(正末背云)恰是我也。(回云)那刘均佐是你的谁？(孛老云)是我的祖公公哩。(正末云)你这坟前可怎生排着哩？(孛老云)这个位是俺祖公公刘均佐的虚冢儿。(正末云)这个位是谁？(孛老云)这是俺祖公公的兄弟刘均佑。(正末云)敢是那大雪里冻倒的刘均佑么？(孛老云)呀，你看这厮，怎生这般说？(正末云)这个是谁？(孛老云)是我的父亲。(正末云)可是那佛留么？(孛老云)可怎生唤俺父亲的小儿名？(正末云)这个位儿是谁？(孛老云)是我的姑娘。(正末云)可是僧奴那妮子么？(孛老云)你收着俺一家儿的胎发哩？(正末云)你认的你那祖公公刘均佐么？(孛老云)我不认的。(正末云)睁开你那眼，则我便是你祖公公刘均佐。(孛老云)我是你的祖爷爷哩！你怎生是我的祖公公？(正末云)我说的是，你便认我；我说的不是，你休认我。(孛老云)你试说我听咱。(正末云)当日是我生辰之日，被那个胖和尚在我手心里写个忍字，水洗不下，揩也揩不掉，印了一手巾忍字，我就跟他出家去了。我当初去时，留下一条手巾，上面都是忍字，可是有也是无？(孛老云)手巾便有，则怕不是。(正末云)你取那手巾我认。(孛老云)兀的不是手巾，你认。(正末认科，云)正是我的手巾，怕你不信呵。你看我手里的忍字，与这手巾上的可一般儿？(孛老云)正是我的祖公公。下次小的每，都来拜祖公公。(众拜科)祖公公，你可那里来？(正末云)你起来。(唱)。","chinese-poetry",""
"布袋和尚忍字记・赚煞","元","郑延玉","则这欠债的有百十家，上解有三十号，(带云)我为这钱呵，(唱)使的我身心碎了。将我这花圃楼台并画阁，我今盖一座看经修炼的团标。我也不怕有贼盗，提防着水火风涛。(带云)刘均佐，你自寻思波。(唱)我看着这转世浮财，则怕你守不到老。(做看忍字科)(唱)我将这忍字来觑了，谢吾师指教。(布袋云)只要你忍的。(正末云)师父，我忍者，我忍者。(唱)哦，原来俺这贪财人，心上有这杀人刀。(下)(布袋云)谁想刘均佐见了小境头，如今在家出家。等此人凡心去后，贫僧再来点化。(偈云)学道如担担上山，不思路远往难还。忽朝担子两头脱，一个闲人天地间。(下)(刘均佑云)那师父了也。俺哥哥在家出家，将家缘家计都交付与我，我须往这城里外索钱走一遭去。(下)。","chinese-poetry",""
"布袋和尚忍字记・南吕/一枝花","元","郑延玉","恰才那花溪飞燕莺，可又早莲浦观鹅鸭。不甫能菊天飞塞雁，可又早梅岭噪寒鸦。我想这四季韶华，拈指春回头夏，我将这利名心都毕罢。我如今硬顿开玉锁金枷，我可便牢拴定心猿意马。","chinese-poetry",""
"布袋和尚忍字记・梁州第七","元","郑延玉","每日家扫地焚香念佛，索强如恁买柴籴米当家。(带云)若不是俺师父呵，我刘均佐怎了也啊！(唱)谢诸尊菩萨摩诃萨，感吾师度脱，将俺这弟子来提拔。我如今不遭王法，不受刑罚。至如我指空说谎瞒咱，这一场了身脱命亏他。我、我、我，谢俺那雪山中无荣无辱的禅师，是、是、是，传授与我那莲台上无岸无边的佛法，来、来、来，我做了个草庵中无忧无虑的僧家。一回家火发，我可便按纳。心头万事无牵挂，数珠在手中掐。我这里静坐无言叹落花，独步烟霞。","chinese-poetry",""
"布袋和尚忍字记・菩萨梁州","元","郑延玉","两模两样鼻凹，一点一般画画。磕头连忙拜他，则被你跷蹊我也，救苦救难菩萨。些儿失事眼前差，先寻思撇掉了家私罢。待将爷娘匹配的妻儿嫁。便恩断义绝罢，虽然是忍心中自详察，(布袋云)刘均佐，休了妻，弃了子，跟我出家去。(正末云)他着我休了妻，弃了子出家去，(唱)我且着些个谎话儿瞒他。","chinese-poetry",""
"布袋和尚忍字记・黄钟尾","元","郑延玉","我说的是十年尘梦三生话，我啜的是两腋清风七盏茶。非自谈非自夸，我是这在城中第一家。我虽有钱呵(唱)一厘也不肯罚，一毫也不肯拔。我道吃了穷汉的酒，闲汉的茶。笑看钱奴忒养家，叹看钱奴忒没法。谢吾师度脱咱，我将家缘尽赍发，将妻儿配与他，谢兄弟肯留纳。我半那拨万论千这回罢，深山中将一个养家心来按捺，僧房中将一个修行心来自发。(布袋云)你念佛。(正末云)依着师父，每日则念南无阿弥陀佛。(唱)到大来无是无非快活杀。(下)(布袋云)谁想到刘均佐又见了一个境头，将家计都撇下，跟我往岳林寺出家去，那其间贫僧再传与他大乘佛法便了。(下)。","chinese-poetry",""
"布袋和尚忍字记・雁儿落","元","郑延玉","不由我不感伤，不由我添悲怆。咱须是美眷烟，争奈有这村和尚。","chinese-poetry",""
"布袋和尚忍字记・得胜令","元","郑延玉","他则待轮棒打鸳鸯，那里肯吹玉引鸾凰。(旦儿云)员外，则被你苦痛杀我也。(正末唱)你道是痛苦何时尽，我将你这恩情每日想。(印忍字旦儿手上科)(旦儿云)你看我手上印下个忍字也。(正末唱)我这里斟量，恰便似刀刃在心头上放。不由我参详，大嫂也，我是绝恩情的海上方。","chinese-poetry",""
"布袋和尚忍字记・迎仙客","元","郑延玉","我行来到坟地测，(云)怎生这等荒疏了？(唱)长出些棘针科。(云)去时节那得偌大树来？(唱)去时节这一颗松柏树儿高似我，至如今便长得疾，莫不是雨水多？我去则有三个月期过，可怎生长的有偌来大？。","chinese-poetry",""
"布袋和尚忍字记・满庭芳","元","郑延玉","您可便一齐的来拜我，则俺这亲亲眷眷，闹闹和和。你当房下辈儿谁年大？(孛老云)则我年长。(正末唱)他可便发若丝窝。(云)这个是谁？(孛老云)这个是俺外甥女儿哩。(正末唱)则这外甥女倒老如俺嬷嬷，(云)这个是谁？(孛老云)这个是重孙子哩。(正末唱)则我这重孙儿倒做得我哥哥。将此事都参破，人生几何，恰便似一枕梦南柯。","chinese-poetry",""
"布袋和尚忍字记・煞尾","元","郑延玉","不争俺这一回还了俗，却原来倒做了佛。想当初出家本为逃灾祸，又谁知在家也得成正果。(同下)。","chinese-poetry",""
"赚尾・洛阳花，宜城酒，那说与狂朋怪友。水远山长憔悴也，满青衫两泪","元","石子章","交流。唱道事到如今，收了孛篮罢了斗，那些儿自羞。二年三岁，不承望空溜溜了会眼儿休。","chinese-poetry",""
"越调・凭阑人","元","姚燧","博带峨冠年少郎，高髻云鬟窈窕娘。我文章你艳妆，你一斤咱十六两。马上墙头瞥见他，眼角眉尖拖逗咱。论文章他爱咱，睹妖娆咱爱他。织就回文停玉梭，独守银灯思念他。梦儿里休呵，觉来时愁越多。宫髻高盘铺绿云，仙袂轻飘兰麝薰。粉香罗帕新，未曾淹泪痕。羞对鸾台梳绿云，两叶春山眉黛颦。强将脂粉匀，几回填泪痕。寄与多情王子高，今夜佳期休误了。等夫人熟睡着，悄声儿窗外敲。两处相思无计留，君上孤舟妾倚楼。这些兰叶舟，怎装如许愁。寄征衣欲寄君衣君不还，不寄君衣君又寒。寄与不寄间，妾身千万难！。","chinese-poetry",""
"驻马听・心事匆匆，斜倚云屏愁万钟。襟怀冗冗，半欹鸳枕恨千重。金钗","元","姚燧","剪烛晓犹红，胆瓶盛水寒偏冻。冷清清，掩流苏帐暖和谁共？。","chinese-poetry",""
"得胜令・书信寄封封，烟水隔重重。夜月巴陵下，秋风渭水东。相逢，枕","元","姚燧","上欢娱梦。飘蓬，天涯怅望中。","chinese-poetry",""
"水仙子・朔风掀倒楚王宫，冻雨埋藏神女峰，雪雹打碎桃源洞。冷丁丁总","元","姚燧","是空，簌湘帘翠霭重重。写幽恨题残春扇，敲郁闷听绝暮钟，数归期曲损春葱。","chinese-poetry",""
"尾声・这冤仇怀恨千钧重，见时节心头气拥。想盼的我肠断眼睛儿穿，直","元","姚燧","掴的他腮颊脸儿肿！。","chinese-poetry",""
"南吕・一枝花远归","元","奥敦周卿","年深马骨高，尘惨貂裘敝。夜长鸳梦短，天阔雁书迟。急觅归期，不索寻名利。归心紧归去疾，恨不得凫断鞭梢，岂避千山万水！。","chinese-poetry",""
"梁州・龟卦何须再卜，料灯花已报先知。并程途不甫能来到家内，见庭闲","元","奥敦周卿","小院，门掩昏闺，碧纱窗悄，斑竹帘垂。将个栊门儿款款轻推，把一个可喜娘脸儿班回。急惊列半晌荒唐，慢朦腾十分认得，呆答孩似醉如痴！又嗔，又喜。共携素手归兰舍，半含笑半擎泪。些儿春情云雨罢，各诉别离。","chinese-poetry",""
"尾・蓝桥平地风浪险，祆庙腾空烈火炎。不由我意儿想，心儿思，口儿念。","元","奥敦周卿","央及煞玉纤纤，纤纤，不住的偷弹泪珠点。","chinese-poetry",""
"赚煞尾","元","杨景贤","填满起闷怀坑，担干起相思担。我按不住风流俏胆，连理枝头谁了砍？对菱花接上瑶簪，过得南山！则少个包髻团衫。俺爹便知道呵，也不妨，元定下的夫妻怎断？咱茶浓酒酣，趁着风轻云淡，省得着我倚门终日盼停骖。(下)。","chinese-poetry",""
"般涉调/耍孩儿","元","杨景贤","把衷情一一都说与恁，全在仗义师兄用心，家音是必莫埋沉。(行者云)你家在那里？(裴女唱)在黑风山西北跟寻，俺门前两行槐杨影，院后一丛桑柘阴。(行者云)你父亲如何？(裴女唱)俺家尊四海性无拘禁，有待传书之酒，有赠路费之金。","chinese-poetry",""
"煞","元","杨景贤","不知俺家告着他，他家告着俺？哥哥回去除了铁窨。(行者云)你父母好善么？(裴女唱)俺爷平生好善常存性，俺娘从小看经不出音。抬举得我如花锦，今日猪生狗活，兔扰狐侵。","chinese-poetry",""
"中吕/朝天子","元","杨景贤","老裴，听启，我一一言详细。朱家儿子是他的女婿，未能勾成佳配。一个为有家财，一个因无家计，被妖魔摄在洞里。(裴太公云)哥哥，你怎得知道？你问我，怎知，就里？且莫要左右打睃，则这一个手帕儿是何人的？。","chinese-poetry",""
"双调/雁儿落","元","杨景贤","你想像赋高唐，我云雨梦襄王。咱正是细棍逢粗棍，长枪对短枪。","chinese-poetry",""
"中吕・红绣鞋咏虼蚤","元","杨景贤","小则小偏能走跳，咬一口一似针挑，领儿上走到裤儿腰。眼睁睁拿不住，身材儿怎生捞？翻个筋斗不见了。","chinese-poetry",""
"中吕・普天乐嘲汤舜民戏妓","元","杨景贤","宁可效陶潜，休要学双渐。觑了你腰驼背曲，说甚么撒正庞甜。你拳如斩马刀，舌似吹毛剑，你将节风月须知权休念。三般儿惹得人嫌，间花头发，烧忽醮鼻，和粉髭髯。套数。","chinese-poetry",""
"梧叶儿・凄凄凉凉恹渐病，悠悠荡荡魂魄消，失溜疏刺金风送竹频摇。渐","元","杨景贤","渐的黄花瘦，看看的红叶老。题起来好心焦，恨则恨离多会少。","chinese-poetry",""
"二郎神幺篇・记伊家幸短，枉着人烦烦恼恼。怏怏归来入绣幕，想薄情镇","元","杨景贤","日魂消。乍离别难弃舍，索惹的恹恹瘦却。","chinese-poetry",""
"浪来里煞・情怀默默越焦躁，冷冷清清更漏迢，盈盈业眼不暂交。画烛荧","元","杨景贤","荧，他也学人那泪珠儿般落。畅道有几个铁马儿铎，琅琅的空聒噪，响珊珊梆梆的寒砧捣。呀呀的寒雁南飞，更和着那促织儿絮叨叨更无了。","chinese-poetry",""
"正宫・小梁州","元","曹德","侍马昂夫相公游柯山紫霞仙侣翠云裘，文彩风流。新诗题满凤凰楼，挥吟袖，来作烂柯游。","chinese-poetry",""
"中吕・喜春来和则明韵","元","曹德","骚坛坐遍诗魔退，步障行看肉阵迷。海棠开后燕飞回。喧暂息，爱月夜眠迟。春云巧似山翁帽，古柳横为独木桥。风微尘软落红飘，沙岸好，草色上罗袍。春来南国花如绣，雨过西湖水似油。小瀛洲外小红楼，人病酒，料自下帘钩。","chinese-poetry",""
"双调・沉醉东风隐居","元","曹德","鸱夷革屈沉了伍胥，江鱼腹葬送了三闾。数间谏时，独醒处，岂是遭诛被放招伏？一舸秋风去五湖，也博个名传万古。村居新分下庭前竹栽，旋ド得缸面茅柴。犯弹鸡，和根菜，小杯盘曾惯留客。活泼刺鲜鱼米换来，则除了茶都是买。茅舍宽如钓舟，老夫闲似沙鸥。江清白发明，霜早黄花瘦，但开樽沉醉方休。江糯吹香满穗秋，又打够重阳酿酒。枫林晚家家步锦，菊篱秋处处分金。羞将宝剑看，醉把瑶琴枕，没三杯著甚消任。若论到机深祸亦深，却不是渊明好饮。","chinese-poetry",""
"宋太祖龙虎风云会・赚煞","元","罗贯中","向边塞建功勋，赴京阙朝銮驾，直叩君王御塌。长朝殿太平筵宴罢，出宫庭拥大纛高牙。天街上摆头答，醉醺醺把金镫斜踏。稳坐逍遥玉骢马，马头前对挑着绛纱。纱笼内齐烧着银蜡，那其间任香风吹落帽檐花。(同下)。","chinese-poetry",""
"宋太祖龙虎风云会・南吕/一枝花","元","罗贯中","漫漫杀气飞，滚滚征尘罩。恹恹红日惨，隐隐阵云高。军布满荒郊，我命将凭《三略》，行兵按《六韬》。右白虎左按青龙，后玄武前依朱雀。","chinese-poetry",""
"宋太祖龙虎风云会・梁州第七","元","罗贯中","护中军七层剑戟，守先锋万队枪刀，五方旗四面相围绕。朱幡皂盖，黄钺白旌，箭攒雕羽；弓挂龙弥。滴溜溜号带齐飘，威凛凛挂甲披袍，扑咚咚鼓擂春雷，雄纠纠人披绣袄，不剌剌马顿绒绦。咆哮！战讨！马和人飞上红尘道。金镫稳，玉鞭袅，催动龙驹把辔摇，转过山腰。","chinese-poetry",""
"宋太祖龙虎风云会・隔尾","元","罗贯中","五更筹更听金鸡报，一部从休辞永夜劳。画角齐吹玉梅调。人休贪睡着，马须要喂饱，我且半倚帏屏盼天晓。(众下)。","chinese-poetry",""
"宋太祖龙虎风云会・菩萨梁州","元","罗贯中","你可也畅好是干乔，休施凶暴。休胡为乱作，(郑云)哥哥，我一发都杀了，恰不伶俐！(正末唱)则一句唬得我颤钦钦魄散魂消。不争这老鸦占了凤凰巢，却不道君子不夺人之好！把柴家今日都属赵，惹万代史官笑，笑俺欺负他寡妇孤儿老共小，强要了他周朝。","chinese-poetry",""
"宋太祖龙虎风云会・二煞","元","罗贯中","有那等顺天时、达天理，去邪归正皆疏放，有那等霸王业、抗王师耀武扬威尽灭亡。休掳掠民财，休伤残民命，休淫污民妻，休烧毁民房。恤军马施仁发政，广钱粮定赏行罚，保城池讨逆招降。沿路上安民挂榜，从赈济，任开仓。","chinese-poetry",""
"宋太祖龙虎风云会・尾","元","罗贯中","(指赵)你坐都堂朝廷政事休差错，(指石)你掌枢密大下兵机勿惮劳。(指苗)你掌司天，算星曜，(指李、楚)你做元戎，司斩斫，(指曹、潘)你统雄兵，做招讨，(指郑)你管亲军，守城廓，(指王)你统貔貅，驱将校。(指幼主)兄弟诵诗书，习礼乐，(指太后)娘娘居龙楼，住凤阁。不是我倚势夺权，使强欺弱。既然立草为标，必须坐朝问道。赏不间亲疏，罚须分善恶，有罪的加刑，有功的赠爵。不是我挟天子令诸侯篡宗庙，恐民心变了，把山河弃却，因此上权受取这-颗交天传国宝。(众并下)。","chinese-poetry",""
"宋太祖龙虎风云会・正宫/端正好","元","罗贯中","光射水晶宫，冷透鲛绡帐，夜深沉睡不稳龙床。离金门私出天街上，正瑞雪空中降。","chinese-poetry",""
"宋太祖龙虎风云会・滚绣球","元","罗贯中","既然主四海为一人，必须正三纲谨五常。寡人呵，幼年间广习枪棒，恨未曾登孔子门墙。《尚书》是几篇？(普云)《尚书》者上古《三坟》《五典》，洪荒莫考。夫子断自唐虞，以典、谟、训、诰、誓、命六体，皆尧、舜、汤、禹、文、武授受之心法。孔安国断为五十八篇，帝王治世之书也。(正末唱)毛诗共几章？(普云)夫诗者，古人吟咏性情之大节。有风、雅、颂三经，赋、比、兴三纬。诗有三千，夫子删为三百十一篇，善以为劝，恶以为戒。(正末云)《礼记》主意如何？(普云)夫《礼记》乃汉儒所撰述，杂录古礼之义。盖六经之用，礼实为先；治人事神，无非以礼。日用之间，不可斯须少者。(正末唱)讲《礼记》始知谦让。《春秋》主意如何？(普云)《春秋》以褒贬为辞，敦典庸礼，命德讨罪，世道之兴亡可鉴。(正末唱)论《春秋》可鉴兴亡。(普云)陛下法宗尧、舜、禹、汤、文、武，方为圣主。(正末唱)朕待学禹汤文武宗尧舜，(普云)臣有愧于古之贤相也。(正末唱)卿可继房杜萧曹立汉唐，燮理阴阳。","chinese-poetry",""
"宋太祖龙虎风云会・收尾","元","罗贯中","朕专待正衣冠，尊相貌，就凌烟图画功臣像，卿莫负勒金石，铭钟鼎，向青史标题姓字香。能用兵，善为将，有心机，有胆量。仰看天文算早象，俯察山川辨形状。作战先将九地量，决战须将五间防。昼战多将旗帜张，夜战频将火鼓扬。步战屯云护军帐，水战随风使帆桨。奇正相生兵最强，仁智兼行勇怎当！专听将军定四方，坐拟元戎取乱亡。飞奏边功进表章，齐和升平回帝乡。比及列土分茅拜卿相，光将这各部下军卒重重的赏！(众并下)。","chinese-poetry",""
"宋太祖龙虎风云会・落梅风","元","罗贯中","此一战功名重，这一场勋业稀，论英雄古今无对。笑谈间扫清吴越国，端的有三千丈五陵豪气。","chinese-poetry",""
"宋太祖龙虎风云会・沉醉东风","元","罗贯中","他那里桃花落蛮烟正起，荔枝熟瘴雨斜飞。茫茫水接天，隐隐山围地。路迢遥人马驱驰，斩将降兵何太疾？堪写入麒麟画里。","chinese-poetry",""
"宋太祖龙虎风云会・水仙子","元","罗贯中","乱石滩冲浪战舡内，连云栈思乡骏马嘶。凯歌声直透青云内，这功劳为第-，笑蜀工孟昶呆痴。他也合思先主三分业，想武侯八阵机，辱莫杀关羽张飞！。","chinese-poetry",""
"宋太祖龙虎风云会・雁儿落","元","罗贯中","恁则合山林中躲是非，谁教你朝省内图名利？都做了亡家败国臣，真乃是怕死贪生辈。(南唐相徐铉云)臣国主以小事大，犹子事父也。(普云)岂有父子为两家耶？(唱)。","chinese-poetry",""
"宋太祖龙虎风云会・得胜令","元","罗贯中","你则想花压帽檐低，不提防严地一声雷。送了你川广真梁栋，羞杀人江南两柱石！想前日相持，惊唬杀齐管仲、燕乐毅。(相云)臣等亡国臣，乞放骨骸于林下。(普唱)到今日休题，起来波汉张良、越范蠡。","chinese-poetry",""
"宋太祖龙虎风云会・折桂令","元","罗贯中","则见他曲躬躬拜舞丹墀，似这等纳土称臣，实指望荫子封妻。(四王云)臣等愚昧，不能守土安民，今荷洪恩，实同再造，愿闻其说。(普唱)你道是愿听纶音，愿闻圣谕，有甚难知？你等为骄奢破国，吾皇以勤俭开基。这的是天数轮回，造物盈亏。真龙出蛟蜃潜藏，大风起云雾齐飞。","chinese-poetry",""
"钱大尹智勘绯衣梦・赚煞","元","关汉卿","你可也莫因循，休迟慢，天色儿直然向晚。倚着那梧桐树睁睁凝望眼，你可便休迷了曲槛雕栏。那其间墙里无人看，墙外行人则要你厮顾盼。（李庆安云）小姐有顾盼之意，小生怎肯失了信也！（正旦唱）赴期的早些动惮，则我这呆心儿不惯。休着我倚着他这太湖石，（正旦云）庆安也，你是必早些儿来！（李庆安云）理会的。（正旦唱）身化做望夫山。（同梅香下）。","chinese-poetry",""
"钱大尹智勘绯衣梦・南吕/一枝花","元","关汉卿","去时节恰黄昏灯影中，看看的定夜钟声后。我可便本欲图两处喜，倒翻做满怀愁。心绪浇油，脚趔趄家前后，身倒在门左右。觉一阵地惨天愁，遍体上寒毛抖擞。","chinese-poetry",""
"钱大尹智勘绯衣梦・梁州","元","关汉卿","战速速肉如钩搭，森森的发似人揪。本待要铺谋定计风也不教透，送的我有家难奔，有事难收。脚下的鹅楣涩道，身倚定亮隔虬楼，我一片心搜寻遍四大神州。不中用野走娇羞！俺、俺、俺，本是那一对儿未成就交颈的鸳鸯，是、是、是，则为那软兀刺误事的那禽兽，天那！天那！闪的我嘴碌都恰便似跌了弹的斑鸠。我欲待问一个事头，昏天黑地，谁敢向花园里走？我从来又怯后。则为那无用的梅香无去就，送的我泼水难收。","chinese-poetry",""
"钱大尹智勘绯衣梦・四块玉","元","关汉卿","那风筝儿为记号，他可便依然有，咱两个相约在梧桐树边头。（带云）险不绊倒了我那！（唱）则我这绣鞋儿莫不跚着那青苔溜？这泥污了我这鞋底尖，红染了我这罗裤口，可怎生血浸湿我这白那个袜头？。","chinese-poetry",""
"钱大尹智勘绯衣梦・骂玉郎","元","关汉卿","这的也难同殴打相争斗，这的是人命事怎干休？怎当那绷扒吊拷难禁受。可若是取了招，审了囚，端的着谁人救？。","chinese-poetry",""
"钱大尹智勘绯衣梦・采茶歌","元","关汉卿","往常则为俺不成就，今日也祸临头，一重愁番做了两重愁。则俺那父母公婆记冤仇，则管里冤家相报可也几时休！。","chinese-poetry",""
"钱大尹智勘绯衣梦・尾声","元","关汉卿","这场人命则在这刀一口，量这个十四五的孩儿，嬷嬷也，他怎做的这一手？止不过伤了浮财，损了人口；若打这场官司再穷究，和父亲细谋，休惹那事头。（正旦云）常是庆安无话说，久后拿住杀人贼呵，（唱）我则怕屈坏了他平人，嬷嬷也，咱可敢倒罢手。（下）。","chinese-poetry",""
"钱大尹智勘绯衣梦・幺篇","元","关汉卿","他去那阁子里扳了窗棂，茶局子里摔碎了汤瓶。他直挺挺的眉剔竖，骨碌碌的眼圆睁，叫一声：白日里要见簸箕星！。","chinese-poetry",""
"钱大尹智勘绯衣梦・雁儿落","元","关汉卿","我则是为夫呵受苦辛，告尊父言婚聘；访贤达尽孝顺，不索你相盘问。","chinese-poetry",""
"钱大尹智勘绯衣梦・得胜令","元","关汉卿","您孩儿须告老尊亲：不索你记冤恨；我与那庆安言婚聘，合成了两对门。也是俺前生，赤紧的俺两个心先顺。告你个公公：你则是耽饶过俺老父亲！。","chinese-poetry",""
"双调・雁儿落过清江引碧玉箫美河南王","元","赵天锡","厌市朝车马多，羡凌烟阁功劳大。盖村居绿野堂，赛兰省红莲幕。浊酒一壶天地阔，世态都参阅。闷携藜杖行，醉向花阴卧，老官人闲快活。北镇沙陀，千里暮云合。南接黄河，一线衮金波。赛渊明五柳庄，胜尧夫安乐窝。红粉歌，笙箫齐和。他，访谢安在东山卧。秉乾坤秀气清，凛冰雪丹心正。奉朝中天子宣，领阃处将军令。战马远嘶边月冷，卷地旌旗影。风生虎帐寒，笔扫狼烟静，咫尺间领三公判内省。满腹才能，幕府夜谈兵。唾手功名，麟阁要图形。诸葛亮八阵图，周亚夫细柳营。羡此行，南蛮平定。听，和凯歌回敲金镫。","chinese-poetry",""
"状元堂陈母教子・幺篇","元","关汉卿","哎，儿也！则要你""金榜无名誓不归""，弟兄里丛中先觑着你。（正旦云）将酒来！（唱）我这里满满的捧着金杯，我与你专专的这庆喜，则要你夺的个状元归。（同二末、三末、旦儿下）。","chinese-poetry",""
"状元堂陈母教子・南吕/一枝花","元","关汉卿","为甚么儿孙每志气高？托赖着祖上阴功厚。一个曾前年登了虎榜，一个便去岁可兀的占了鳌头。俺家里富贵也双修，无福的难消受。俺可便钱财上不枉求，我觑着那珠翠金银，我可便浑如似参辰卯酉。","chinese-poetry",""
"状元堂陈母教子・梁州","元","关汉卿","我爱的是那《孝经》、《论语》得这《孟子》，我喜的是那《毛诗》、《礼记》、《春秋》。后园中有地栽松竹，有书堂书舍，书院书楼。则愿的子孙荣旺，门户清幽。俺家里实丕丕祖上遗留，既为官将他这富贵休愁。您、您、您，则频频的休离了那黄卷青灯，是、是、是，你可便稳拍拍明放着金章和那紫绶。呀、呀、呀，你可便用心机得峥嵘，你可也渐渐的稳情取个肥马轻裘。古人是有以显父母，身荣后，入八位，不生受。想当日常何荐马周，博一个今古名留。（正旦云）大哥门首觑者，看有甚么人来？（大末云）理会的。（报登科记的上，云）自家报登科记的便是。有陈三哥得了头名状元，陈妈妈家报喜走一遭去。可早来到门首也。有大哥在于门首。大哥支揖哩！（大末云）你是那里来的？（报登科云）有三哥得了头名状元，小人特来报喜。（大末云）你则在这里，我报复母亲知道。母亲，三兄弟得了头名状元也。（正旦云）是谁说来？（大末云）有报登科的在于门首。（正旦云）着他过来。（大末云）理会的。着你过去。（报登科见科，云）报的老母知道，有三哥得了头名状元，小人特来报喜。（正旦云）孩儿，与那报登科的五两银子。（大末云）您孩儿知道。二兄弟，俺得了官时，则与了报登科记的二两银子；三兄弟做了官，与他五两银子。（二末云）大哥，母亲偏向三兄弟也！（大末云）报登科记的，与你五两银子。（报登科云）多谢了，小人回去也。（下）（王拱辰跚马儿领祗候上，云）龙楼凤阁九重城，新筑沙堤宰相行。我贵我荣君莫羡，十年前是一书生。小官王拱辰是也，乃西川绵州人氏。幼习儒业，颇看诗书。自到帝都阙下，撺过文章卷子，当殿对策，日不移影，应对百篇，文如锦绣，字扫龙蛇，一举状元及第。借宰相头答，夸官三日。张千，摆开头答，慢慢的行。（正旦云）大哥、二哥，咱一同接孩儿去来。（唱）。","chinese-poetry",""
"状元堂陈母教子・红绣鞋","元","关汉卿","俺这里都是些紫绶金章官位，那里发付你个绿袍槐简的钟馗？哎！你一个探花郎，又比俺这状元低；俺这里笑吟吟的行酒令，稳拍拍的做着筵席，（云）你说波。（唱）可不道那埚儿发付你？（云）大哥，咱行一个酒令，一人要四句气概的诗，押着那""状元郎""三个字；有那""状元郎""的便饮酒，无那""状元郎""的罚凉水。教那厮把盏！先从大哥来把了盏，便问道：""吃酒的是谁？把盏的是谁？各自称呼着那官位者。吃了酒，着那厮拜！先从大哥来。（三末云）我理会的。（做递酒科，云）先从母亲来。（正旦云）先从大哥来。(三末递酒与大末科）（大末云）母亲，你孩儿吟诗也。诗曰：当今天子重贤良，四海无事罢刀枪。紫袍象简朝金阙，圣人敕赐状元郎。（三末云）住者！白马红缨麾盖下，紫袍金带气昂昂。月中失却攀蟾手，高枝留与状元郎。（大末做吃酒科，云）问将来！（三末云）吃酒的是谁？（大末云）是状元郎。我问你：把盏的是谁？（三末云）把盏的我是杨六郎。（三末做拜科）（做递酒与二末科）（二末云）母亲，您孩儿吟诗也。诗曰：一天星斗焕文章，战退群儒独占场。龙虎榜上标名姓，头名显我状元郎。（三末云）住者！时乖运蹇赴科场，命福高低不可量。八韵赋成及第本，今春必夺状元郎、（二末做吃酒科，云）问将来！（三末云）吃酒的是谁？（二末云）是状元郎。我问你，把盏的是谁？（三末云）我是酥麻糖。（做拜科）（递酒与王洪辰科）（王拱辰云）母亲、大舅、二舅，我吟诗也。诗曰：淋漓御酒污罗裳，宴罢琼林出未央。醉里忽闻人语闹，马头高喝状元郎。（三末云）住者！笔头刷刷三千字，胸次盘盘七步章。休笑绿袍官职小，才高压尽状元郎。（王拱辰饮酒科，云）问将来！（三末云）吃酒的是谁？（王洪辰云）是状元郎。那把盏的是谁？（三末云）把盏的是耍三郎。（做拜科）（与三旦递酒科）（三旦云）母亲，您媳妇吟诗也。诗曰：佳人贞烈守闺房，则为男儿不气长。国家若是开女选，今春必夺状元郎！（三末云）住者！磨穿铁砚汝非强，只可描鸾守绣房。燕鹊岂知雕鄂志，红裙休矢状元郎！（旦儿饮酒科，云）问将来！（三末云）吃酒的是谁？（旦儿云）我是状元郎。把盏的是谁；（三末云）把盏的是你的郎。（与正旦递酒科）（正旦云）这厮他到阙不沾新雨露，还家犹带旧风霜。绿抱槐简消不得，对人犹说状元郎。（三末云）住者！拜别请亲赴选场，绿袍羞见老尊堂。擎台执盏厅前跪，则这红尘埋没了状元郎。（正旦云）诗曰：黄金不惜焕文章，教子须教入庙堂。自古?。","chinese-poetry",""
"状元堂陈母教子・啄木鱼煞","元","关汉卿","咱人这青春有限不再来，金榜无名誓不归，得志也休把升迁看的容易。古人诗内，则你那文高休笑状元低。（同众下）。","chinese-poetry",""
"状元堂陈母教子・水仙子","元","关汉卿","学的他那有仁有义孝连天，使了我那无岸无边学课钱；甘心儿抬的我亲朝见，尚兀自我身躯儿有些困倦。把不住眼晕头旋，不觉的抬着兜轿，虽不曾跨着骏马宛，尚兀自报答不的我哺乳三年！（寇莱公云）贤母为陈良佐升迁官位，贪图财利，接受蜀锦，有犯王条，则合着有司定罪，你怎生自己责罚，打的金鱼坠地那？（正里云）大人不知，此于未曾治国，先受民财，辱没先祖，依法教训咱！（唱）。","chinese-poetry",""
"南吕・一枝花咏惜花春起早","元","高秀文","花间杜宇啼，柳外黄莺啭。银河青耿耿，玉露滴涓涓。潜入花园，露湿残妆面，风吹云髻偏。画阁内绣幕犹垂，锦堂上珠帘未卷。","chinese-poetry",""
"尾声・则为这惜花懒入秋千院，因早起空闲鸳枕眠，废寝忘餐把花恋。将","元","高秀文","花枝笑捻，斜插在鬓边，手执着菱花镜儿里显。","chinese-poetry",""
"离亭宴煞・醉时节独把青松靠，醒时节自取瑶琴操，操的是鹤鸣九皋。听","元","高秀文","水声观山色掀髯笑，也不指望归阆苑超蓬岛，直恁的清闲到老。皆说得利名轻，消磨得是非少。","chinese-poetry",""
"清江引・自他那枕边说别离，巧舌头甜如蜜。三春有归期，四月无消息，","元","刘伯亨","谎人情一星星不记得。","chinese-poetry",""
"沙子儿摊破清江引・可意的金钗，何曾簪云髻？可意的花钿，何曾贴翠眉？","元","刘伯亨","可意的纱衣，何曾傍香体？科场去几时，薄情间千里。他闪的我凄凉，我为他憔悴。强步上凉亭，晚风清似水。好景宜多欢会，藕花荡红香，荷叶摇青翠，故人他未来秋到矣！。","chinese-poetry",""
"农乐歌摊破雁儿落・皆是为功名，总是愁萦系。莺燕得交欢，鸾凤不相配。","元","刘伯亨","往来鱼雁多，展转音信稀。天涯人未来，江头马不嘶。含恨对秋光，洒泪流寒溪。凉凄凄潇潇风雨催，冷阴阴穰穰芦花底。看平原则见丹枫木叶飞，望长堤又见金井梧桐坠；看平原又见丹枫木叶飞，望长堤又见金井梧桐坠。闹啾啾蝉鸣紫桂阶，絮叨叨蛩唧黄花砌。呀，看芙蓉没况向南池，饮茱萸无分赏东篱。见如今老菊匆匆瘦，赤紧的新梅渐渐肥。刀尺临逼，正这头裁那头差了活计。针线拘系，缝半边忘半边，错了见识。","chinese-poetry",""
"南吕・金字经嵩南秋晚","元","卢挚","谢公东山卧，有时携妓游，老我嵩南画满楼。楼外头，乱峰云锦秋。谁为寿，绿鬟双玉舟。宿邯郸驿梦中邯郸道，又来走这遭，须不是山人索价高。时自嘲，虚名无处逃。谁惊觉，晓霜侵鬓毛。","chinese-poetry",""
"中吕・普天乐湘阳道中","元","卢挚","岳阳来，湘阳路。望炊烟田舍，掩映沟渠。山远近，云来去。溪上招提烟中树，看时见三两樵渔。凭谁画出，行人得句，不用前驱。","chinese-poetry",""
"商调・梧叶儿赠歌妓","元","卢挚","红绡皱，眉黛愁，明艳信清秋。文章守，令素侯，最风流，送花与疏斋病叟。席间戏作四章花间坐，竹外歌，颦翠黛转秋波。你自在空踌躇，我如何肯恁么，却又可信着他，没倒断痴心儿为我。低声语，娇唱歌，韵远更情多。筵席上，疑怪他，怎生呵，眼挫里频频地觑我。新来瘦，忒闷过，非酒病为诗魔。纤腰舞，皓齿歌，便俏些个，待有甚风流罪过。全不见白髭鬓，才四十整，有家珍无半点儿心肠硬。醇一味，庞道儿，□锦片也似好前程，到健如青春后生。邯郸道，不再游，豪气傲王侯。琴三弄，酒数瓯，醉时休，缄口抽头袖手。平安过，无事居，金紫待何如？低檐屋，粗布裾，黍禾熟，是我平生愿足。","chinese-poetry",""
"双调・殿前欢碧云深，碧云深处路难寻。数椽茅屋和云赁，","元","卫立中","小令云在松阴。挂云和八尺琴，卧苔石将云根枕，折梅蕊把云梢沁。云心无我，云我无心。懒云窝，懒云窝里客来多。客来时伴我闲些个，酒灶茶锅。且停杯听我歌，醒时节披衣坐，醉后也和衣卧。兴来时玉箫绿绮，问甚么天籁云和？。","chinese-poetry",""
"黄钟・昼夜乐春","元","赵显宏","游赏园林酒半酣，停骖，停骖看山市睛岚。飞白雪杨花乱糁，爱东君绕地里将诗探，听花间紫燕呢喃。景物堪，当了春衫，当了春衫。醉倒也应无憾。","chinese-poetry",""
"中吕・满庭芳渔","元","赵显宏","江天晚霞，舟横野渡，网晒汀沙。一家老幼无牵挂，恣意喧哗。新糯酒香橙藕芽，锦鳞鱼紫蟹红虾。杯盘罢，争些醉煞，和月宿芦花。樵腰间斧柯，观棋曾朽，修月曾磨。不将连理枝梢锉，无缺钢多。不饶过猿枝鹤窠，惯立尽石涧泥坡。还参破，名缰利锁，云外放怀歌。耕耕田看书，一川禾黍，四壁桑榆。庄家也有欢娱处，莫说其余。赛社处王留宰猪，劝农回牛表牵驴，还家去，蓬窗睡足，一品待何如？牧闲中放牛，天连野草，水接平芜。终朝饱玩江山秀，乐以忘忧。青箬笠西风渡口，绿蓑衣暮雨沧州。黄昏后，长笛在手，吹破楚天秋。","chinese-poetry",""
"双调・殿前欢闲居","元","赵显宏","去来兮，东林春尽蕨芽肥。回头那顾名和利，付与希夷。下长生不死棋，养三寸元阳气，落一觉浑沦睡。莺花过眼，鸥鹭忘机。去来兮，桃花流水鳜鱼肥。山蔬野菜偏滋味，旋泼新醅。胡寻些东与西，拼了个醒而醉，不管他天和地。盆干瓮竭，方许逃席。去来兮，生平志不尚轻肥。林泉疏散无拘系，茶药琴棋。听春深杜宇啼，瞻天表玄鹤唳，看沙暖鸳鸯睡。有诗有酒，无是无非。去来兮，楚天霜满蟹初肥。黄花似得渊明意，开遍东篱，笑山翁醉似泥，喜稚子诗能缀，爱仙果甜如蜜。烟萝路绕，车马声稀。题歌者楚云楚云闲，任他孤雁叫苍寒。去留舒卷无心惯，聚散之间。趁西风出远山，随急水流深涧，为暮雨迷霄汉。阳台事已，秦岭飞还。套数。","chinese-poetry",""
"梁州・见青奴亭然独立，使苍童抱过相从。同床共枕如鸾凤。赐夫人名号，","元","赵显宏","有君子家风。湘川后裔，渭水名宗。喜绸缪志节雍容，历风霜肌骨丰隆。一千般可意着人，一时间指空话空，一团儿剔透玲珑。心聪，性聪。知卿本是龙孙种，厮敬爱厮陪奉。睡彻东窗日影红，彼此西东。","chinese-poetry",""
"尾・凉侵肌体添情重，清透心脾引兴浓，只恐金风等闲动。那时节不中，","元","赵显宏","咱人心不同，且倒凤颠鸾再三宠。","chinese-poetry",""
"崔莺莺夜听琴(第二本)・幺篇","元","王实甫","那厮每风闻，胡云。道我""眉黛青颦，莲脸生春，恰便似倾国倾城的太真""；兀的不送了他三百僧人？半万贼军，半霎儿敢剪草除根？这厮每于家为国无忠信，恣情的掳掠人民，更将那天宫般盖造焚烧尽，则没那渚葛孔明，便待要博望烧屯。(夫人云)老身年六十岁，不为寿夭；奈孩儿年少，未得从夫，却如之奈何？(旦云)孩儿有一计，想来只是将我与贼汉为妻，庶可免一家儿性命。(夫人哭云)俺家无犯法之男，再婚之女，怎舍得你献与贼汉；却不辱没了俺家谱！(洁云)俺同到法堂上两廊下，问僧俗有高见者，俺一同商议个长便。(同到法堂科)(夫人云)小姐却是怎生？(旦云)不如将我与贼人，其便有五：。","chinese-poetry",""
"崔莺莺夜听琴(第二本)・嫌煞","元","王实甫","诸僧众各逃生，众家眷谁瞅问，这生不相识横枝儿着紧。非是书生多议论，也堤防着玉石俱焚，虽然是不关亲，可怜见命在逡巡，济不济权将秀才来尽。果若有出师表文，吓蛮书信，张生呵，则愿你笔尖儿横扫了五千人。(并下)。","chinese-poetry",""
"崔莺莺夜听琴(第二本)・叨叨令","元","王实甫","浮沙羹，宽片粉添些杂糁。酸黄齑。烂豆腐休调啖，万余斤黑面从教暗，我将这五千人做一顿馒头馅。是必休溪了也么哥！休误了也么哥！包残余肉把行盐蘸。","chinese-poetry",""
"崔莺莺夜听琴(第二本)・滚绣球","元","王实甫","我经文也不会谈，逃禅也懒去参；戒刀头近新米钢蘸，铁棒上无半星儿土渍尘缄。别的都僧个僧、俗不俗，女不女、男不男，则会斋的饱也则向那僧房中胡淹，那里怕焚烧了兜率伽蓝。则为那善文能武人千里，凭着这济困扶危书一缄，右勇无惭。(末云)他倘不放你过去如何？(惠云)他不放我呵，你放心！。","chinese-poetry",""
"崔莺莺夜听琴(第二本)・耍孩儿","元","王实甫","俺那里落红满地胭脂冷，休辜负了良辰美景。夫人遣妾莫消停，请先生勿得推称。俺那水谁备着鸳鸯夜月销金帐，孔雀春风软玉屏。乐奏合欢令，有风箫象板，锦瑟鸾笙。","chinese-poetry",""
"崔莺莺夜听琴(第二本)・收尾","元","王实甫","您与我助威风擂几声鼓，仗佛力呐一声喊。绣旗下遥见英雄俺，我教那半万贼唬破胆。(下)(末云)老夫人长老都放心，此书到日，必有佳音。咱""眼观旌节旗，耳听好消息。""你看""一对书札逡巡至，半万雄兵咫尺来。""(并下)。","chinese-poetry",""
"崔莺莺夜听琴(第二本)・朝天子","元","王实甫","休道这生，年纪儿后生，恰学害相思病。天生聪俊，打扮素净，奈夜夜成孤另。才子多情，佳人薄幸，兀的不担阁了人性命。(末云)你姐姐果有信行？(红唱)谁无一个信行，谁无一个志诚，你两个今夜亲折证。","chinese-poetry",""
"崔莺莺夜听琴(第二本)・三煞","元","王实甫","凭着你灭寇功，举将能，两般儿功效如红定。为甚俺莺娘心下十分顺，都则为君瑞胸中百万兵。越显得文风盛，受用是珠围翠绕，结果了黄卷青灯。","chinese-poetry",""
"崔莺莺夜听琴(第二本)・二煞","元","王实甫","夫人只一家，老兄无伴等，为嫌繁冗寻幽静。(末云)别有甚客人？(红唱)单请你个有恩有义闲中客，且回避了无是无非窗下僧。夫人的命，道是下莫教推托，和贱妾即便随行。","chinese-poetry",""
"崔莺莺夜听琴(第二本)・庆宣和","元","王实甫","门儿外，帘儿前，将小脚儿挪。我恰待目转秋波，谁想那识空便的灵心儿早瞧破。唬得我倒躲，倒躲。","chinese-poetry",""
"崔莺莺夜听琴(第二本)・雁儿落","元","王实甫","荆棘剌怎动挪！死没腾无回豁！措支剌不对答！软兀剌难存坐！。","chinese-poetry",""
"崔莺莺夜听琴(第二本)・殿前欢","元","王实甫","恰才个笑呵呵，都做了江州司马泪痕多。若不是一封书将半万贼兵破，俺一家儿怎得仔活。他不想结姻缘想甚么？到如今难着莫。老夫人谎到天来大；当日成也是你个母亲，今日败也是您个萧何。","chinese-poetry",""
"崔莺莺夜听琴(第二本)・离亭宴带歇指煞","元","王实甫","从今后玉容寂寞梨花朵，胭脂浅淡樱桃颗，这相思何时是可？昏邓邓黑海来深，白茫茫陆地来厚，碧悠悠青天来阔；太行山般高仰望，东洋海般深思渴。毒害的恁么。俺娘呵，将颤巍巍双头花蕊搓，香馥馥同心缕带割，长搀搀连理琼枝挫。白头娘不负荷，青春女成担搁，将俺那锦片也似前程蹬脱。俺娘把甜句儿落空了他，虚名儿误赚了我。(下)(末云)小生醉也，告退。夫人跟前，欲一言以尽意，未知可否？前者贼寇相迫，夫人所言，能退贼者，以莺莺妻之。小生挺身而出，作书与杜将军，庶几得免夫人之祸。今日命小生赴宴，将谓有喜庆之期；不知夫人何见，以兄妹之礼相待？小生非图哺啜而来，此事果若不谐，小生即当告退。(夫人云)先生纵有活我之恩，奈小姐先相国在日，曾许下老身侄儿郑恒。即日有书赴京唤去了，未见来。如若此子至，其事将如之何？莫若多以金帛相酬，先生拣豪门贵宅之女，别为之求，先生台意若何？(末云)既然夫人不与，小生何慕金帛之色？却不道""书中有女颜如玉？""则今日便索告刮。(夫人云)你且住者，今日有酒也。红娘扶将哥哥去书房中歇息。到明日咱别有话说。(下)(红扶末科)(末念)有分只熬萧寺夜，无缘难遇洞房春。(红云)张生，少吃一盏却不好：(末云)我吃甚么来！(末跪红科)小生为小姐，昼夜忘餐废寝，魂劳梦断，常忽忽如有所失。自寺中一见，隔墙酬和，迎风待月，受无限之苦楚。甫能得成就婚姻，夫人变了卦，使小生智竭思穷。此事几时是了！小娘子怎生可怜见小生，将此意申与小姐，知小生之心。就小娘子前解下腰间之带，寻个自尽。(末念)可怜刺股悬梁志。险作高乡背井魂。(红云)街上好贱柴，烧你个傻角。你休慌。妾当与君谋之。(末云)计将安在？小生当筑坛拜将。(红云)妾见先生有囊琴一张，必善于此。俺小姐深慕于琴。今夕妾与小姐同至花园内烧夜香，但听咳嗽为令，先生动操；看小姐听得时说甚么言语，却将先生之言达知。若有话说，明日妾来回报，道早晚怕夫人寻我，回去也。(下)。","chinese-poetry",""
"崔莺莺夜听琴(第二本)・小桃红","元","王实甫","人间看波，玉容深锁绣帏中，怕有人搬弄。想嫦娥，西没东生有谁共？怨天公，裴航不作游仙梦。这云似我罗帏数重，只恐怕嫦娥心动，因此上围住广寒宫。","chinese-poetry",""
"崔莺莺夜听琴(第二本)・尾","元","王实甫","则说道夫人时下有人唧哝，好共歹不着你落空。不问俺口不应的狠毒娘，怎肯着别离了志诚种？(并下)。","chinese-poetry",""
"崔莺莺夜听琴(第二本)・络丝娘煞尾","元","王实甫","不争惹恨牵情逗引，少不得废寝忘餐病症。","chinese-poetry",""
"双调・水仙子怨别离","元","王爱山","凤凰台上月儿弯，烛灭银河锦被寒。谩伤心空把佳期盼，知他是甚日远？悔当时不锁雕鞍。我则道别离时易，谁承望相见呵难！两泪阑干。凤凰台上月儿偏，和泪和愁闻杜鹃。恨平生不遂于飞愿，盼佳期天样远，月华凉风露涓涓。欹单枕难成梦，拥孤衾怎地眠？两泪涟涟。凤凰台上月儿斜，春恨春愁何日彻？桃花零落胭脂谢，倏忽地春去也，舞翩翩忙煞蜂蝶。人去了无消息，雁回时音信绝，感叹伤嗟。凤凰台上月儿低，香烬金炉空叹息。闷闷厌厌怎不添憔悴？夜迢迢更漏迟，冷清清独守香闺。急煎煎愁如醉，恨绵绵意似痴，泪眼愁眉。凤凰台上月儿高，何处何人品玉箫？眼睁睁盼不得他来到，陈抟也睡不着，空教人穰穰劳劳。银台上灯将灭，玉炉中香渐消，业眼难交。凤凰台上月儿孤，倒凤颠鸾谩叹吁。盼行云愁锁西楼暮，似阑干十二曲，雁来也还又无书。情脉脉空惆怅，意悬悬无是处，恨满天隅。凤凰台上月儿明，短叹长吁千万声。香闺寂寞人孤另，枕消香寒渐生，碧荧荧一点残灯。别离是寻常事，凄凉可惯经？冷冷清清。凤凰台上月儿昏，忽地风生一片云。淅零零夜雨更初尽，打梨花深闭门，冷清清没个温存。他去了无消息，枉教人空断魂，瘦脸啼痕。凤凰台上月儿沉，一样相思两处心。今宵愁恨更比昨宵甚，对孤灯无意寝，泪和愁付与瑶琴。离恨向弦中诉，凄凉在指下吟，少一个知音。凤凰台上月儿圆，月上纱窗人未眼。故人来人月皆如愿。月澄清人笑喧，诉别离在月下星前。人美满中秋月，月婵娟良夜天，人月团圆。","chinese-poetry",""
"赚尾・既把世情疏，感谢君恩厚，臣怕饮的是黄封御酒。竹杖芒鞋任意留，","元","不忽木","拣溪山好处追游。就着这晓云收，冷落了深秋，饮遍金山月满舟。那其间潮来的正悠，船开在当溜，卧吹箫管到扬州。","chinese-poetry",""
"萨真人夜断碧桃花・幺篇","元","无名氏","怎么的问着呵越不应？道着呵越不理？(带云)我如今猜着了也。(张道南云)你猜着甚么？(嬷嬷唱)你恋着雨爱云欢，海誓山盟，月约星期。他那里恼一会，叹一会，不知何意？我便是女杨修难猜哑谜。","chinese-poetry",""
"萨真人夜断碧桃花・赚煞尾","元","无名氏","从今后将红叶不题济，准备着青鸟先传信。(张道南云)小官焉敢负小娘子，但有负心，神明鉴察。(正旦唱)则要你说下言词有准，休着我为你个薄幸王魁告海神。(张道南云)小官见小娘子千娇百媚，早把俺那片魂灵儿勾引去了。(正旦唱)则你这俏心儿引惹了三魂，今日托终身，和你待燕尔新婚。(张道南云)此一宵欢爱，如锦鸳成对，似彩凤成双，岂不是一夜夫妻百夜恩？(正旦唱)休忘了一夜夫妻百夜恩，(张道南云)只愿小娘子早谐连理，共效于飞，以足生平之愿，(正旦唱)则要你日亲日近，俺可便相随相趁，(张道南云)小官感蒙小娘子厚情，我只愿学那张敞，断然不敢做王魁也。(正旦唱)哎，你个画眉人可休做了那负心人。(下)。","chinese-poetry",""
"萨真人夜断碧桃花・普天乐","元","无名氏","你莫不是断王事费精神？(张道南云)不是。(嬷嬷唱)莫不是因茶饭伤脾胃？(张道南云)也不是。(嬷嬷唱)莫不是风寒感冒，因病成疾？(张道南云)也不是。(嬷嬷唱)莫不是文章上若用心？(张道南云)也不是。(嬷嬷唱)莫不是鞍马上多劳力？(张道南云)这都不是。(做叹气科)(嬷嬷唱)哎，他那里无语无言只是长吁气，多敢怕等闲问泄漏了天机。他又不肯明明的说破，则这般恹恹的瘦损，好教我暗暗的猜疑。","chinese-poetry",""
"萨真人夜断碧桃花・满庭芳","元","无名氏","待招你个先生做女婿，他早是一言既出，你可休心下疑惑。(张道南云)他也识字么？(嬷嬷唱)那小姐诗书上索是攻习，(张道南云)可伶俐么？(嬷嬷唱)那小姐忒温柔俊雅忒伶俐，(张道南云)他伶俐杀也比不的孟光么？(嬷嬷唱)他比孟德耀还多艳质，则你这张京兆怎画蛾眉？真个是天缘对，你可便将息贵体，管教你运至遇良医。","chinese-poetry",""
"萨真人夜断碧桃花・煞尾","元","无名氏","向你个相公行且告别。(张道南云)嬷嬷。你这般惯做媒那？(嬷嬷唱)休道是我惯做媒，我说的这事和谐费了多少元阳气，则索先报与夫人相公喜。(下)。","chinese-poetry",""
"萨真人夜断碧桃花・正宫/端正好","元","无名氏","帅父将法力施，火将把神通显。这些时急急煎煎。向后园中到处搜寻遍，险闹了那一座森罗殿。","chinese-poetry",""
"萨真人夜断碧桃花・滚绣球","元","无名氏","他将山盟海誓言，向罗帏锦帐眠，(真人云)他这般病了，如何不怕死？(正旦唱)他可便惜花心死而无怨，(真人云)你是甚么时侯，向他跟前去？(正旦唱)止不过赴佳期月下星前。(真人云)你不去呵，也由得你。(正旦唱)他将我死命的留。我将他死命的缠，俺两个得成双称心满愿。(真人云)他后来告归养病，你不得和他同去，你可敢还思想着他么？(正旦唱)到如今愁和闷有万万千千。(真人云)你愁甚么？(正旦唱)我愁的是北邙衰草藏狐兔，恨的是西岭斜阳泣杜鹃，题起来雨泪涟涟。","chinese-poetry",""
"萨真人夜断碧桃花・随煞尾","元","无名氏","谢师父承正法常看诸处行方便，开阐教广与众生解倒悬。成就夫妻是夙缘，匹配鸾凰趁心愿。喜的是前度张郎正少年，早晚灾除病体痊，我也不爱他诗礼儒风祖代传，也不爱他簪笏荣名圣主宣，单则爱那惜玉怜香性儿软。(下)。","chinese-poetry",""
"萨真人夜断碧桃花・折桂令","元","无名氏","原来是有朋自远方来，你道是济济衣冠，楚楚人才。俺也只为情重如山，恩深似海，险害的你骨瘦如柴。再不索闹攘攘大惊小怪，这一场悄促促似鬼使神差。(张道南云)我几曾与你相见？你是这等说？(正旦唱)想着俺缱绻情怀，鱼水和谐。我为你曾下巫山，你为我误入天台。","chinese-poetry",""
"同乐院燕青博鱼・幺篇","元","李文蔚","你这个养汉精，假撇清。你道是没奸夫抵死来瞒定，恰才个谁推开这半破窗棂？(搽旦云)我支开亮窗，这里趁风歇凉来。(正末唱)谁揉的你这鬓角儿松？(搽旦云)我恰才呼猫，是花枝儿抓着来。(正末唱)谁捏的你这腮斗的儿青？(搽旦云)我恰才睡着了，是鬼捏青来。(正末唱)可也不须你折证，见放着一个不语先生。谁着这芭蕉叶纸扇翻合着酒？谁着这花梨花样磁钵倒暗着灯？这公事要辩个分明。(正末云)哥也，这等妇人要做甚么？与我杀了者。(燕大云)兄弟，我便要杀他，也没有刀那。(正末拔刀科，云)兀的不是刀？(燕大做杀搽旦科)(搽旦云)我那亲哥哥，如今天气热，你便杀了我，到那寒冬腊月里害脚冷，谁与你焐脚？(燕大云)兄弟，不争我杀坏了他，谁与我焐脚？我委实下不的手。(正末云)哥也，你杀不的，我替你杀。(搽旦叫科，云)有杀人贼也！(杨衙内领随从冲上，云)这厮无故杀人，令人！与我拿住这两个杀人的，都下在死囚牢里去者！(随从做拿住正末、燕大科)(搽旦云)好也，好也！如今都绑下在死囚牢里去了，看你可有本事再来杀我！(燕大云)兄弟也，似此可怎了！(正末云)哥，我恰才不说来，(唱)。","chinese-poetry",""
"同乐院燕青博鱼・尾声","元","李文蔚","你道是他打了我呵似房檐上揭瓦，不信道我打了他呵就着我这脖项上披枷。调动我这莽拳头，拓动我这长捎靶，我向那前街后巷便去爪寻他。(带云)若见了他呵，(唱)我一只手揪住那厮黄头发，一只手把腰脚牢掐，我可敢滴溜扑活撺那厮在马直下。(下)。","chinese-poetry",""
"同乐院燕青博鱼・赚煞尾","元","李文蔚","你看这鬏髻上扭的出那棘针油，面皮上刮的下那桃花粉，只这两棒儿管做了你个哥哥的祸根。穿着些素淡衣服越风韵，兀的不是天生成玉软香温。我见他扭回身，抖擞下精神，则被他那眼角眉尖断送了春。(正末做打耳喑科，云)哥也，可是这般。(燕大云)我知道了也。(正末唱)我恰才舌贴着你那耳轮，敢可也一言难尽，哎，哥也你是个好男儿休戴着这一顶屎头巾。(下)。","chinese-poetry",""
"同乐院燕青博鱼・滚绣球","元","李文蔚","俺这里将怪眼睁，(搽旦云)把脚抬的轻着些儿，不要走的响了着人听见，又捏舌也。(正末唱)他那里抬的脚步儿轻，他若是但回身，我在这背阴中掩映。(杨衙内扯搽旦科)(搽旦云)折了你那手爪子，走便走，这么扯扯拽拽的做甚么？(正末唱)则见他厮扯拽悄地前行。(杨衙内云)赤赤赤、(搽旦云)赤赤赤、(正末唱)那厮赤的唤了一声，那妮子赤的应了一声。早是这吃敲才胆硬，(搽旦云)咱来到这亭子上也，推开这门进来了。关上门，打开吊窗，把这芭蕉扇合着这酒，把这梨花样磁钵遮着暗灯。但有人说，你就打吊窗里跳出去，怕做甚么？咱两个自在吃几钟儿。(杨衙内云)好，好，我和你吃的醉了，方才有兴。(正末云)这厮亭子上去了也。(唱)我见他笑吟吟的推入门木呈，比及我唾润开窗纸偷晴觑，他也可背靠定球楼侧耳听，(搽旦云)我这般赤心的待你，只怕你忘了我好处，我要你说个誓来。(杨衙内云)我若负了你的心呵，灯草打折脚古拐，现报在你眼里。(正末唱)他说甚么海誓也山盟。","chinese-poetry",""
"同乐院燕青博鱼・煞尾","元","李文蔚","则你个纸做的瓶儿怎拔干的井，蜡打的锹儿怎撅的坑？你道他有体态，有聪明，知你的意，会你的情，有他时春自生，没他时坐不宁。怎知他欠本分，少至诚，忒淫滥苏小卿，不值钱王桂英。拿住奸夫你又杀不成，倒被他拖入囚牢死狗似撑。也不是我病僧劝患僧，有一日押向云阳市上行，只等的高叫开刀和那声，方才道悔不当初你可便恁时节省。(同燕大下)。","chinese-poetry",""
"同乐院燕青博鱼・沉醉东风","元","李文蔚","你去这白革坡潜踪蹑脚，(燕大云)兄弟也，你呢？(正末唱)我在这黄叶林屈脊低腰。我曲躬躬的向地皮上伏，立钦钦的把松枝来靠，直挺挺按定枷稍。我这里听沉了我时静悄悄，我则见火把和那灯笼可都去了。","chinese-poetry",""
"同乐院燕青博鱼・折桂令","元","李文蔚","我有甚犯法违条，只为那淫妇奸夫，险送了你个共乳同胞。你待要使用金银，打通关节，救拔囚牢，则俺燕青呵，须不是鹰心雁爪，早跳出虎穴狼巢。（燕二云）且喜兄弟今日逍遥无事了也。(正末唱）你说甚无事逍遥，争知我怒气难消。我若不杀的这两个无徒也，怎显的我半世英豪！。","chinese-poetry",""
"同乐院燕青博鱼・离亭宴歇指煞","元","李文蔚","半合儿歇息在牛王庙，一直的走到梁山泊。若见俺公明太保，还了俺这石榴色茜红巾，柳叶砌乌油甲，荷叶样烟毡帽，百炼钢打就的长朴刀，五色绒刺下的香绵袄。(带云)便是俺大哥也，(唱)一齐的去那皖子城中送老，上稍里不眠花，下场头少不的落一会草。","chinese-poetry",""
"赚尾・那回期，今番约，花木瓜儿看好。旧路高高筑起界墙，尽今生永不","元","王嘉甫","踏着。唱道言许心违，说的誓寻思畅好脱卯。待等些气高，难禁脚拗，不由人又走了两三遭。","chinese-poetry",""
"马丹阳度脱刘行首・一半儿","元","杨景贤","我则见柳垂绿线草铺茵，星撒残棋月挂轮，石亡鹿皮铺垫的稳。松下有白云，我且做一半儿朦胧一半儿盹。","chinese-poetry",""
"马丹阳度脱刘行首・赚煞","元","杨景贤","我着你托化在雨云乡，还宿债在莺花阵，休迷却前生道本。虽和那野草闲花作近邻，则你那主人公休离了玄门。你与我逞精神，送旧迎新，二十载还元见老君。欲要见五祖七真，先受些千随百顺，早则不冷清清和月伴荒坟。(下)。","chinese-poetry",""
"马丹阳度脱刘行首・正宫/端正好","元","杨景贤","下瑶台，离蓬岛，趁西风鹤翅飘摇。蓬头垢面无人晓，就里藏玄妙。","chinese-poetry",""
"马丹阳度脱刘行首・滚绣球","元","杨景贤","你不将那大道行，(旦云)大道上有人。(正末笑科)(唱)可怎生往小路上抄？(旦云)小路上幽静也。(正末云)呆贱人，你那小路上敢热闹也。(唱)到如今越不知个颠倒。(旦云)你指与我路咱。(正末唱)我若指与你呵，你便上青霄。(旦云)我如今东西南北不知往那里去。(正末唱)你如今东不知南不知，你北不着西不着，(旦云)你休误了我官身。(正末云)你道误了你官身呵。(唱)早；春了你在先躯壳。(旦云)休误了我庆重阳。(正末唱)你若是有俺那重阳呵，你便得逍遥。(旦云)你是个不着坟墓风魔汉。(正末唱)你道我不着坟墓风魔汉，小鬼头我寻你个未入玄门花月妖，(旦云)缠杀人也。(正末唱)我便缠杀人有甚蹊跷？。","chinese-poetry",""
"马丹阳度脱刘行首・叨叨令","元","杨景贤","你低声闹，高声闹，怎锁住心猿闹？(旦云)我如今花星照，福星照，正好受用哩。(正末唱)你道是花星照，福星照，怎不怕灾星照？(旦云)你放我去。我去的迟了，俺奶奶骂我。(正末唱)则听的虔婆教，五奴教，怎不受神仙教？(旦云)去的迟了，官人每怪我也。(正末唱)你只怕官人叫，令史叫，怎不怕阎王叫？(带云)刘行首。(唱)你今日可便省的也么哥，可便省，的也么哥，你会唱升严乐，太平乐，怎不唱逍遥乐？。","chinese-poetry",""
"马丹阳度脱刘行首・小梁州","元","杨景贤","你道祗候处官人每等待着，休辜负值千金一刻春宵。你向尊前席上逞妖娆，妆圈套，大古里色是杀人刀。","chinese-poetry",""
"马丹阳度脱刘行首・幺篇","元","杨景贤","争知苦口是良药，劝着你不采分毫，则恋那莺燕交。不想那林泉乐，争如你随着贫道，向溪上访渔樵。","chinese-poetry",""
"马丹阳度脱刘行首・煞尾","元","杨景贤","你不肯顶簪冠，披鹤氅，闲遥遥，稳拍拍，蓬莱方丈把玄机晓；则要你穿背子，戴冠梳，急煎煎，闹炒炒，柳陌花街将罪业招。跟着我骑白鹤，上青霄，跨青鸾，远市朝，引仙童，采药苗，伴仙翁，纵酒瓢。奉吾师法令，教下人间度艳娇。不回头不忖度，二十年都忘了。我着你做神仙倒撒拗，空着我驾一片祥云下蓬岛。(下)。","chinese-poetry",""
"马丹阳度脱刘行首・迎仙客","元","杨景贤","自哽咽，暗伤嗟，(云)贫道哭呵，不为别一件。(旦云)你为甚么？(正末指旦科)(唱)哭你那二十年道心在何处也？(云)你跟贫道出家去来。(旦云)我嫁了林员外也。(正末唱)你当日古墓里将祖师参，(旦云)今日嫁了林员外也。(正末唱)你今日向林员外将贫道撇。比着往日全别。(带云)我着你做神仙呵，(唱)怎倒惹的你愁眉结？。","chinese-poetry",""
"马丹阳度脱刘行首・普天乐","元","杨景贤","你恰便发凡心，施乖劣。(带云)你成道呵，(唱)比乘风的未似，比立雪的争些。三百年守在古坟，二十载还了烟月。师父当时分明说，若见我急早来者。(带云)我不度你呵，你嫁了林员外也。(唱)早则不敲番莺燕，分开翡翠，拆散蜂蝶。","chinese-poetry",""
"马丹阳度脱刘行首・耍孩儿","元","杨景贤","劝修行心念无明夜，呆弟子今朝省也。奉吾师法令到蓬莱，着我便提拔出你虎窟狼穴。休占风月门庭闹，莫厌蓬莱途路赊。回首是神仙阙，你将气心财性，权且离别。","chinese-poetry",""
"马丹阳度脱刘行首・三煞","元","杨景贤","为钱呵搬的人爷娘恩爱忘，夫妻情分绝，典房卖地将家私舍。形消骨化皆因此，家破人亡不为别。舍性命轻抛撇，则恋着星眸皓齿，杏脸莺舌。","chinese-poetry",""
"马丹阳度脱刘行首・二煞","元","杨景贤","将郎君脑盖敲，子弟每筋髓撅，怎当他转关儿有百计千谋设。逼得人剜墙钻窟将金资觅，仗剑提刀将财物劫。都积趱下来生业，跟着我，我着你化灾变福，改正除邪。","chinese-poetry",""
"马丹阳度脱刘行首・驻马听","元","杨景贤","水火相随，做出无穷造化机；坎离相继，烧开往日雨云期。灵台拂去是和非，丹田养就元阳气。存正理，何愁不到蓬瀛内？。","chinese-poetry",""
"马丹阳度脱刘行首・雁儿落","元","杨景贤","脱红裙着布衣，改云鬟为丫髻。发宁心养性功。罢妙舞轻歌艺。","chinese-poetry",""
"马丹阳度脱刘行首・水仙子","元","杨景贤","雨云乡打抄散燕莺期，风月所掀腾翡翠帏，烟花阵搅散了鸳鸯会。这清闲谁似你？任纷纷兔走乌飞。草庵内谈玄妙，蒲团上讲道德，万事休题。","chinese-poetry",""
"仙吕・一半儿题情","元","王和卿","鸦翎般水鬓似刀裁，小颗颗芙蓉花额儿窄，待不梳妆怕娘左猜。不免插金钗，一半儿松一半儿歪。书来和泪怕开缄，又不归来空再三，这样病儿谁惯耽？越恁瘦岩岩，一半儿增添一半儿减。将来书信手拈着，灯下姿姿观觑了，两三行字真带草。提起来越心焦，一半儿丝ㄎ一半儿烧！别来宽褪缕金衣，粉悴烟憔减玉肌，泪点儿只除衫袖知。盼佳期，一半儿才干一半儿湿。","chinese-poetry",""
"越调・天净沙咏秃","元","王和卿","笠儿深掩过双肩，头巾牢抹到眉边，款款的把笠檐儿试掀。连荒道一句：君子人不见头面！。","chinese-poetry",""
"幺篇・人已静，夜将阑，不承望今番又。大抵为人图甚么，况彼各青春年","元","王和卿","似恁的厮禁持，寻思来白了人头。","chinese-poetry",""
"雁过南楼煞・问着时节只办的摆手，骂着时节永不开口。我将你耳朵儿揪，","元","王和卿","你可也共谁人两个欢偶？我将你锦片也似前程，花朵儿身躯，遥望着梅梢上月牙儿咒！。","chinese-poetry",""
"南吕・一枝花为打球子作","元","王和卿","夭桃绽锦囊，嫩柳垂金线。梨花喷白雪，芳草绿铺茵。春日郊园，出凤城闲游玩。选高原胜地面，就华屋芳妍，将步リ家风习演。","chinese-poetry",""
"三煞・四周浓绿围屏甸，一簇深红罩短垣，习行打远乐霞川。据那义让廉","元","王和卿","和，有仁德高低无怨，要知左右识体面。担捧笼叫须奴趁圈，尽日连年。","chinese-poetry",""
"尾・畅道引臂员扇，棒过处飞星如箭，茂林中法头不善。指觑窝落在花柳","元","王和卿","场边，不吊上也无一步远。","chinese-poetry",""
"商调・梧叶儿春夜","元","吴西逸","评花担，折柳杯，诗酒醉淋漓。觅句鸾笺重，笼灯翠袖随。别院漏声迟，扶醉人销金帐里。春情香随梦，肌褪雪，锦字记离别。春去情难再，更长愁易结。花外月儿斜，淹粉泪微微睡些。京城访友桃凝露，杏倚云，花院望星辰。尘土东华梦，簪缨上苑春。趿履谒侯门，吟眼乱难寻故人。摩空赋，醉月觞，无地不疏狂。貂帽簪花重，鸳帏倚玉香。清楚绿鬟妆，扶我入温柔醉乡。","chinese-poetry",""
"越调・天净沙闲题","元","吴西逸","长江万里归帆，西风几度阳关，依旧红尘满眼。夕阳新雁，此情时拍阑干。楚云飞满长空，湘江不断流东，何事离多恨冗？夕阳低送，小楼数点残鸿。数声短笛沧州，半江远水孤舟，愁更浓如病酒。夕阳时候，断肠人倚西楼。江亭远树残霞，淡烟芳草平沙，绿柳阴中系马。夕阳西下，水村山郭人家。","chinese-poetry",""
"越调・柳营曲赏春","元","吴西逸","花艳冶，柳欹斜，粉墙低画楼人困也。庭院星列，罗绮云叠，簇簇闹蜂蝶。紫霞杯我辈豪侠，绿云鬟仕女奇绝。乌丝栏看醉草，红牙板唱声揭。别，同载七香车。避暑偶成共翠娥，酌金波，湖上晚风摇芰荷。丝管情多，帘幕凉过，暑气尽消磨。扇停风几缕柔歌，袜凌波一掬香罗。醉魂偏浩荡，诗兴费吟哦。睃，老子正婆娑。秋闺笼太纤，拜银蟾，恰团圆几时云又掩。尘淡妆奁，风透朱帘，无语望雕檐。博山炉香冷慵添。阳春曲唱和难タ。新凉开扇影，清恨蹙眉尖。嫌，何处可消淹？。","chinese-poetry",""
"双调・清江引秋居","元","吴西逸","白雁乱飞秋似雪，清露生凉夜。扫却石边云，醉踏松根月，星斗满天人睡也。春事桃花满溪春水深，鸾镜人孤甚。云屏掩梦寒，腕玉和愁枕，故人不来何处饮？。","chinese-poetry",""
"双调・寿阳曲四时","元","吴西逸","传心素，托简书，问春归欲归何处？送春词不题风共雨，止埋怨落花飞絮。贪新酿，趁晚凉，笑相呼凭肩歌唱。最多情女郎心外想，打鸳鸯采莲湖上。萦心事，惹恨词，更那堪动人秋思。画楼边几声新雁儿，不传书摆成个愁字。年华尽，腊味醇，睡不温晓寒成阵。折梅花不传心上人，村煞我陇头春信。咏所见人如玉，鬓似云，动春心半含娇俊。近装奁懒将花貌匀，旋窝儿粉香成晕。酒散旗亭散，歌韵歇，暖风轻柳摇台榭。杏花墙夕阳春去也，马蹄香宝鞍敲月。效香奁体惚蝉鬓，怯镜鸾，雁声寒不禁肠断。碧纱窗夜长鸳梦短，怕黄昏一灯相伴。","chinese-poetry",""
"双调・殿前欢","元","贯云石","畅幽哉，春风无处不楼台。一时怀抱俱无奈，总对天开。就渊明归去来，怕鹤怨山禽怪，问甚功名在？酸斋是我，我是酸斋。楚怀王，忠臣跳入汨罗江。《离骚》读罢空惆怅，日月同光。伤心来笑一场，笑你个三闾强，为甚不身心放？沧浪污你，你污沧浪。觉来评，求名求利不多争。西风吹起山林兴，便了余生。白云边创草亭，便留下寻芳径，消日月存天性。功名戏我，我戏功名。怕西风，晚来吹上广寒宫。玉台不放香奁梦，正要情浓。此时心造物同，听甚《霓裳》弄，酒后黄鹤送。山翁醉我，我醉山翁。怕相逢，怕相逢歌罢酒樽空。醉归来纵有阳台梦，云雨元踪。楼心月扇底风，情缘重，恨不似钗头凤。东阳瘦损，羞对青铜。怕秋来，怕秋来秋绪感秋怀。扫空阶落叶西风外，独立苍苔。看黄花谩自开，人安在？还不彻相思债。朝云暮雨，都变了梦里阳台。隔帘听，几番风送卖花声。夜来微雨天阶净，小院闲庭。轻寒翠袖生，穿芳径，十二阑干凭。杏花疏影，杨柳新晴。数归期，绿苔墙划损短金篦。裙刀儿刻得阑干碎，都为别离。西楼上雁过稀，无消息，空滴尽相思泪。山长水远，何日回归？夜啼乌，柳枝和月翠扶疏。绣鞋香染莓苔路，搔首踟蹰。灯残瘦影孤，花落流度度，春去佳期误。离鸾有恨，过雁无书。和阿里西瑛懒云窝懒云窝，阳台谁与送巫娥？蟾光一任来穿破，遁迹由他。蔽一天星斗多，分半榻蒲团坐，尽万里鹏程挫。向烟霞笑傲，任世事蹉跎。套数。","chinese-poetry",""
"双调・殿前欢","元","吴西逸","懒云窝，懒云堆里即无何。半间茅屋容高卧，往事南柯。红尘自网罗，白日闲酬和，青眼偏空阔。风波远我，我远风波。懒云仙，蓬莱深处恣高眠。笔床茶灶添香篆，尽意留连。闲吟白雪篇，静阅丹砂传，不羡青云选。林泉爱我，我爱林泉。懒云巢，碧天无际雁行高。玉箫鹤背青松道，乐笑游遨，溪翁解冷淡嘲，山鬼放揶揄笑，村妇唱糊涂调。风涛险我，我险风涛。懒云关，一泓流水绕弯环。半窗斜日留晴汉，鸟倦知还。高眠仿谢安，归计寻张翰，作赋思王粲。溪山恋我，我恋溪山。懒云翁，一襟风月笑谈中。生平傲杀繁华梦，已悟真空。茶香水玉钟，酒竭玻璃翁，云绕蓬莱洞。冥鸿笑我，我笑冥鸿。懒云凹，按行松菊讯桑麻。声名不在渊明下，冷淡生涯。味偏长凤髓茶，梦已随胡蝶化，身不入麒麟画。莺花厌我，我厌莺花。","chinese-poetry",""
"双调・殿前欢","元","刘时中","醉翁酡，醒来徐步杖藜拖。家童伴我池塘坐，鸥鹭清波。映水红莲五六科，秋光过，两句新题破。秋霜残菊，夜雨枯荷。醉颜酡，太翁庄上走如梭。门前几个官人坐，有虎皮驮驮。呼王留唤伴哥，无一个，空叫得喉咙破。人踏了瓜果，马践了田禾。道情醉颜酡，水边林下且婆娑。醉时拍手随腔和，一曲狂歌。除渔樵那两个，无灾祸，此一着谁参破？南柯梦绕，梦绕南柯。醉颜酡，前贤不醉我今何？古来已错今犹错，世事从他。楚三闾葬汨罗，名犹播，谁在高唐卧？巫娥梦我，我梦巫娥。醉颜酡，云娘行酒雪儿歌，醉时吟狂时舞醒时坐。不醉如何？得快活且快活。今日个，只得随缘过。恋眼前富贵，看门外风波。","chinese-poetry",""
"双调・雁儿落过得胜令春游","元","吴西逸","人衔白玉杯，马纵黄金辔。帘栊燕影闲，院落莺声碎。酒瓮浸玻璃，睡帐揭金泥。醉写评花句，梦随芳草池。别离，天远书难寄。芳菲，红残春又归。题情春闲芍药瓶，尘淡菱花镜。香消翡翠炉，扇冷犀红柄。终日倚山屏，无意理银筝。独坐愁偏甚，孤眠睡不成。长更，月冷鸳衾剩。愁凝，最无情窗下灯。叹世高阳酒更酡，栗里诗难和。风清弦管声，月淡珠玑唾。青镜苦消磨，白发尽婆娑。门外桑榆景，庭前荆棘科。蹉跎，白日空闲过。风波，浮生无奈何。春花闻杜鹃，秋月看归燕。人情薄似云，风景疾如箭，留下买花钱，趱入种桑园。茅苫三间厦，秧肥数顷田。床边，放一册冷淡渊明传。窗前，抄几联清新杜甫篇。","chinese-poetry",""
"北叨叨令","元","高明《蔡伯喈琵琶记》","闹炒炒街市上游人乱，(末白)你马惊了？(丑唱)乖头口抵死要回身转。(末白)怎的不勒过？(丑唱)战兢兢只怕缰绳断，(末白)为甚不打他？。","chinese-poetry",""
"南吕・一枝花隐居","元","胡用和","左右依两壁山，横竖盖三间屋。高低田五六亩，周围柳数十株。活计萧疏，偏容俺闲人物。两般儿亲自取：不用买江上风生，谁要请天边月出。","chinese-poetry",""
"梁州第七・兴到也吟诗数首，懒来时静坐观书。消闲几个知心侣：负薪樵","元","胡用和","子，执钓渔夫，烹茶石鼎，沽酒葫芦。崎岖山几里平途，萧疏景无半点尘俗。染秋光红叶黄花，铺月色清风翠竹，起风声老树苍梧。有如，画图。闲中自有闲中趣，看乌兔自来去，百岁光阴迅指无，甲子须臾。","chinese-poetry",""
"尾声・矮窗低屋随缘度，土炕蒲团乐有余，散诞逍遥少荣辱。嗟吁叹吁，","元","胡用和","心足意足，伴着这松竹梅花做宾主。","chinese-poetry",""
"十一煞・景阳台名尚存，周处台姓且香，拜郊台古迹钟山上。乌龙潭雨至","元","胡用和","风雷起，白鹭洲潮回烟水茫，雨花台曾有天花降。跃马涧烟笼曙色，钓鱼台月漾波光。","chinese-poetry",""
"十煞・南北乾道桥，东西锦绣乡，四时歌管长春巷。峥嵘高阁侵云表，奇","元","胡用和","观层楼接上苍，清溪阁烟波荡，忠勤楼风云福地，尊经阁诗礼文场。","chinese-poetry",""
"九煞・朝天宫道友多，天界寺僧众广，天禧寺古塔霞光放。三山香火年年","元","胡用和","盛，十庙英灵世世昌，宝宁寺一境多幽况，鸡鸣山烟笼佛寺，神乐观云拥仙乡。","chinese-poetry",""
"七煞・山围龙虎国，城连锦绣乡，四时美景宜欢赏。春风桃李参差吐，夏","元","胡用和","日榴花取次芳，秋天菊绽冬梅放。歌岁稔风调雨顺，庆丰年国泰民康。","chinese-poetry",""
"六煞・到春来观音寺赏牡丹，拥翠园玩海棠，逍遥西圃名园广。怕花残朝","元","胡用和","朝携妓歌《金缕》，恐春去日日邀朋饮玉浆，有百千处堪游赏。泛轻舟桃叶渡观山玩水，跨蹇驴杏花庄拾翠寻芳。","chinese-poetry",""
"五煞・到夏来清凉寺暑气无，赏心亭夏日长，石头城烟雨风生浪。秦淮河","元","胡用和","急水龙舟渡，马公洞薰风菡萏香，翠微亭绿阴深处炎威爽。仪凤楼满窗江月，建龙关四壁山光。","chinese-poetry",""
"四煞・到秋来玄武湖碧水澄，青龙山翠色苍，携壶策杖登高赏。崇因寺内","元","胡用和","芙蓉绽，普照庵中桂子香，家家庭院秋砧响。水波涛江横白露，雁初飞菊吐新黄。","chinese-poetry",""
"三煞・到冬来助江天雪正飞，撼楼台风力狂，喜的是红炉画阁羊羔酿。霎","元","胡用和","时间银砌就钱婆岭，顷刻处玉妆成石子岗。动弦管声嘹亮，庆太平有象，贺丰稔时光。","chinese-poetry",""
"二煞・遗图古迹多，今朝事业昌，太平风景真佳况。诗人有意题难足，胜","元","胡用和","境无穷咏未详。曾到处闲中想，莺花世界，诗酒排场。","chinese-poetry",""
"一煞・陈钧佐才俊高，藏彦弘笔力强，缪唐臣慢调偏宜唱。章浩德能吟翰","元","胡用和","苑清诗句，谷子敬惯捏梨园新乐章，陈清简善画真容像，卢仲敬品玉箫寰中第一，冷起敬操瑶琴世上无双。","chinese-poetry",""
"商角调・黄莺儿","元","庾吉甫","怀古，怀古，废兴两字，干弋疑虑戈几度？问当时富贵谁家？陈宫后主。","chinese-poetry",""
"尾・一线寄乌衣，二水分白鹭。台上凤凰游，井口胭脂污。想玉树后庭花，","元","庾吉甫","好金陵建康府。怀古，怀古，物换千年，星移几度。想当时帝子元婴，阎公都督。","chinese-poetry",""
"尾・孤塔插晴空，高阁临江渚。栋飞南浦云，帘卷西山雨。观胜概，壮江","元","庾吉甫","山，叹鸣銮，罢歌舞。别况无语，无语，闷人怕到，江天日暮。大都来一种相思，柔肠万缕。","chinese-poetry",""
"随煞・起一阵菊花风，下几点芭蕉雨。风送得菊花香，雨打得芭蕉絮。芭","元","庾吉甫","焦雨敌庭梧，菊花风战槛竹。","chinese-poetry",""
"尾声・本待要弃舍了你个冤家，别寻一个玉人儿成配偶。你道是强似你那","元","庾吉甫","模样儿的呵，说道我也不能够。我道来胜似你心肠儿的呵，到处里有。","chinese-poetry",""
"关云长千里独行・正宫/端正好","元","无名氏","我则怕他用心机，敢可兀的铺谋定计。我想这曹操是那智足奸雄，信着俺小叔莽戆多英勇。(带云)主公，哎！(唱)你则合操士马教三军明堤备破曹兵，则怕他排队伍暗伏兵，则要你得胜也把他这干戈来定。","chinese-poetry",""
"关云长千里独行・尾声","元","无名氏","今日个救出我这乱军中，不枉了结义在桃园内。救了俺这姊妹残生顷刻，俺便似太山般一家儿倚靠着你。从今后照顾您这亲戚，则今后信音稀，要见他容易，则除是一枕南柯梦儿里。谁想我与玄德公厮离，俺可也是关着前世，玄德公也正是要便宜翻做落便宜。(同下)。","chinese-poetry",""
"关云长千里独行・南吕/一枝花","元","无名氏","今日个难除我腹内忧，怎解我眉间皱。我可也心怀家国恨，则我这眉锁他这个庙堂愁。我可便有信难投，眼睁睁无人救，今日个这凄凉何日休。(小旦云>当日都是三叔叔张飞的不是了也。(正旦唱)你当日逞英雄与曹操做敌头，则被他倒空营俺着他机彀。","chinese-poetry",""
"关云长千里独行・梁州","元","无名氏","则俺这姊妹淹留在许昌，则被那兄弟每失散在徐州。(小旦云)姐姐，俺想玄德公何日相见也？(正旦唱)我想这英雄玄德仁慈厚，他端的忠直慷慨，壮志难酬，豁达大度，纳谏如流。我这里扑簌簌泪满星眸，俺可便看他何日乐矣忘忧。我、我、我折倒的骨捱捱身似柴蓬，是、是、是俺可也病恹恹黄干黑瘦，呀、呀、呀俺可便每口家绿惨红愁。怎生做个解忧？半生勤苦干生受。俺叔叔花也成蜜也就，可便地久天长怎了救？(小旦云)姐姐省烦恼。俺好歹有一日见玄德公也。(正旦唱)好教我无了无休。(正旦云)妹子，俺这里闲攀着话，看有甚么人来。(关末上，云)欢来不似今朝，喜来那逢今日。关羽也，我恰才本无酒，我听的那厮说我哥哥兄弟在古城，我故意推醉。来到这宅中，有俺嫂嫂逐日烦恼，他则说俺哥哥兄弟不见，每日思念。谁想哥哥兄弟，如今见在古城。我如今到于嫂嫂宅中，我且不说哥哥兄弟还有哩，我则推醉，看他说甚么。报复去，道有关羽在于门首。(报复科)(正旦云)呀，既然二叔叔来了也，叔叔请坐。(关末推醉科，云)嫂嫂，关羽不必坐。好酒也，我醉了也。(正旦云)妹子，你看俺二叔叔好快活也。(关末云)我怎么不快活？我如今封官为寿亭侯，每日筵宴管待，正好受用也。(正旦云)叔叔你的是也。(唱)。","chinese-poetry",""
"关云长千里独行・菩萨梁州","元","无名氏","今日个你建节来封侯，登时间忘旧。知书的小叔，你可便枉看了些《左传》《春秋》。我这里听言说罢泪交流，弟兄今日难相守，甚日个得完就。准想你结义宾朋不到头，则他这岁月淹留。(关末云)我将这条凳椅桌都打碎了，幔帐纱橱都扯掉了。(正旦云)叔叔烦恼了也。妹子，咱与叔叔陪话去来。(唱)。","chinese-poetry",""
"关云长千里独行・骂玉郎","元","无名氏","则我这心中负屈应难受，不由我便扑簌簌泪交的流，我见他扑登忿怒难收救。他那里踢翻椅桌，攫了幔幕，紧揎起那征袍袖。","chinese-poetry",""
"关云长千里独行・采茶歌","元","无名氏","叔叔你早则么皱着眉头，休记冤仇，叔叔你与我停嗔息怒。寿亭侯，则你那失散了的哥哥不知道无共有，方信道知心的这相识可也到头休。(云)妹妹，俺跪着。二叔叔，可怜见俺姊妹二人。(正旦、小旦都跪科)(关末云)嫂嫂请起。你休烦恼，你欢喜咱。(二旦云)我有甚么欢喜？(关末云)嫂嫂，你不知俺哥哥兄弟，见在古城有哩。(正旦云)叔权，谁那般道？(关末云)嫂嫂，今日曹丞相请我赴宴。有一个张虎来说，我哥哥兄弟杀退了他，哥哥兄弟如今见在古城。我故意推醉，我特来报与嫂嫂知道。(二旦云)是真个？(关末云)是真个。我将曹丞相赐与我的金银和这寿亭侯牌印，我都锁在宜阳宅。不分星夜，便出许都。(正旦云)是真个？惭愧也。叔叔，则今日收拾行李，便索长行。(唱)。","chinese-poetry",""
"关云长千里独行・红绣鞋","元","无名氏","曹孟德能施谋略，则要你个关云长牢把鞍桥，咱可便嘴尾相衔紧随着，暗暗的便埋着军将，明明的列着枪刀，可休似徐州城失散了。(云)叔叔，小心在意者。(关末云)嫂嫂放心，我自知道。(曹末上见住)(做下马科，云)寿亭侯兄弟也，怎生不辞而去？(关末云)丞相勿罪，我不下马来也。(许褚云)呀，可早一条计也。(曹末云)将酒来。(许褚做斟酒科)(曹末递酒科，云)云长，既然你要去也，你下马来满饮一杯。(正旦云)叔叔，你休下马去。(关末云)嫂嫂，他与咱送路，他有甚么歹意？(正旦唱)。","chinese-poetry",""
"关云长千里独行・朝天子","元","无名氏","我这里望着，定睛的觑了，曹丞相百万军都来到。据着他兴心主意不相饶，折算你谁知道。我见他厚礼卑辞，亲捧香醪，这里面安排下斩人刀。叔叔你喑约，则依着你嫂嫂，则怕他酒里面藏有机妙。","chinese-poetry",""
"关云长千里独行・幺篇","元","无名氏","又不向盘内取，则向刀刃上挑。险些儿惊杀许褚，荒杀曹公，唬杀张辽。他每都，紧赶着，奸雄曹操。我问你那锦征袍要也那不要？。","chinese-poetry",""
"关云长千里独行・殿前欢","元","无名氏","若不是这汉云长，则为俺这家属不得已可便诈投降。(刘末云)他受他封官来。(正旦唱)寿亭侯官职无心望，甚的他快乐的这心肠。(云)那一日与曹操饮酒，听的说主公与小叔叔在此，收拾便行。(咀)他封金印出许都，(带云)曹操赶至灞陵桥，三计要拿云长，二叔叔致怒。(唱)险唬杀那曹丞相，锦征袍便斜挑在他刀尖上。(带云)若不是二叔叔，俺三房头家小，都落在曹营。(唱)怎能勾那弟兄每完聚，也不能勾今日得这还乡。","chinese-poetry",""
"中吕・普天乐春日多雨","元","王仲元","无一日惠风和，常四野彤云布，那里肯妆金点翠，只待要迸玉筛珠。这其间湖景阴，恰便似江天暮，冷清清孤山路，六桥迷雪压模糊。瞥见游春杜甫，只疑是寻梅浩然，莫不是相访林逋。赠美人柳眉新，桃腮嫩，酥凝琼腻，花艳芳温。歌声消天下愁，舞袖散人间闷。举止温柔娇风韵，司空见也索销魂。兰姿蕙魄，瑶花玉蕊，误染风尘。旅况树杈丫，藤缠挂，冲烟塞雁，接翅昏鸦。展江乡水墨图，列湖口潇湘画。过浦穿溪沿江汊，问孤航夜泊谁家。无聊倦客，伤心逆旅，恨满天涯。离情淹蓝桥，烧袄庙，镜鸾肠断，瑟凤魂销。玉容残倦艳妆，云髻乱慵梳掠。闷倚危阑闲凝眺，对斜阳分外无聊。秦川路远，阳台雨歇，楚岫云高。离恨拥鸳衾，歌珊枕，扫窗风竹，捣月寒砧，思量心别恨填，欢喜梦离愁禁。主意抛迟亏人甚，薄情郎何处留心。君怀幸短，盟山路险，誓海波深。相思泪盈波，眉愁锁，消香减腻，病鬼愁魔。炉烟飘怨气浮，襟袖湿啼痕污。无限凄凉来著抹，瘦身躯怎生存活。相思未脱，他愁为我，我病因他。离情远山攒，乌云乱，分钗破鉴，单枕孤鸾。芳心被闷织罗，病躯教愁羁绊。惹肚牵肠相穿贯，上心来痛似锥剜。归期限满，难凭后约，孤负前欢。题情柳青严，冤家椠，情传眼角，恨寄眉尖。拖逗入烦恼乡，积攒下相思欠。交下情疏恩情俭，欲阑珊却又拘钤。常寻我喜，稀行你怪，频去娘嫌。戒多婪，绝余滥，携云自欢，握雨独惭。莺花寨我纳降，是非海谁著淹。多少惺惺遭坑陷，咱图甚染绿挪蓝？樽前扮蠢，花间塑坌，席上妆憨。妓家海棠枝，蔷薇刺，约回舞燕，抓住游丝。有赢钞烟月牌，无赔钞莺花市，买雨赊云无签次，干遇仙枉废神思。如无钞使，休凭浪子，强做勤儿。间阻痛伤嗟，遭磨灭，调筝弦断，拢鬓簪折。难攀如镜里花，易见似波中月。变尽欢娱成吴越，眼睁睁咫尺离别。啼残杜宇，辞巢燕子，惊梦蝴蝶。","chinese-poetry",""
"迎仙客・都不念奴娇望远行，忘了初相见在武陵溪。骂玉郎有上梢没末尾，","元","王仲元","瘦削了柳丝玉芙蓉花面皮。这翠眉儿挛刺，捱这等相思会。","chinese-poetry",""
"红绣鞋・上小楼凭阑人立，青山口日上平西。子听得乔木楂鹊踏枝叫声疾，","元","王仲元","莫不倘秀才馀音至？夜行船阮郎归，原来是牧羊关乌夜啼。","chinese-poetry",""
"普天乐・空闲了愿成双，鸳鸯儿被。搅筝琶断毁，碧玉箫尘迷。四块玉簪","元","王仲元","折，一锭银瓶坠。叹姻缘节节高天际，这淹证候越随煞愁的。想两相思病体，把红芍药枉吃，有圣药王难医。","chinese-poetry",""
"醉春风・何日愿成双，几时能够端正好？只除是忆王孙合小桃红，怎消得","元","王仲元","这恼，恼，恼。直吃得沉醉东风，武陵溪畔，后庭花落。","chinese-poetry",""
"迎仙客・樱桃般点绛唇，杨柳般翠裙腰。红绣鞋轻移莲步小，柳眉颦一半","元","王仲元","儿娇。端的有络丝娘的妖娆，似一朵红芍药。","chinese-poetry",""
"红绣鞋・上平西看看日落，念奴娇梦断魂劳。鹊踏枝黄昏里哨遍林梢，双","元","王仲元","雁儿呀呀叫。牧羊关外野猿号，怨别离难睡着。","chinese-poetry",""
"石榴花・绿窗人去闷难煞，哭皇天和泪洒芭蕉。人月圆最好，愁杀我也凤","元","王仲元","友鸾交。两相思真病难医疗，只除倘秀才赴蓝桥。","chinese-poetry",""
"普天乐・卖花声，还惊觉。把一朵雪里梅，生扭的粉碎烟焦。骂玉郎，伤","元","王仲元","怀抱，几时捱得金鸡叫。凭阑人恨杀才敲，一枝花瘦了。穿窗月底，虞美人难熬。","chinese-poetry",""
"尾・醉扶归入画堂，轻移步步娇。阮郎归一去无音耗，空踏遍台前寄生草。道情","元","王仲元","引的是白鹿玄鹤，向云水乡那答儿不到？药篮儿肩上斜挑，上云梯，穿石凳，猛然凝眺。不觉地老天高，正宜咱孟嘉落帽。","chinese-poetry",""
"迎仙客・见一座小道庵，盖的来一个茅，舍俗出家远市朝。俺那里水烟深，","元","王仲元","山势高，四壁周遭，不许些红尘到。","chinese-poetry",""
"满庭芳・您道是为官是好，光阴断送，催逼了些宰相臣僚。细思量君起早","元","王仲元","时臣起早，俺也曾子细评跋。譬似去丹墀内穿靴着袍，怎如俺草庵中丫髻环绦？标写在凌烟阁，便做到太师太傅太保，难免折腰劳。","chinese-poetry",""
"耍孩儿・俺那里香风不动松花老，比您那帝辇京师较好。每日看神仙神女","元","王仲元","住仙庄，俺吃的是仙酒仙桃。俺那里风花雪月人长久，春夏秋冬草不雕。观着星曜，清闲落魄，快活逍遥。","chinese-poetry",""
"玉箫女两世姻缘・幺篇","元","乔吉","俺娘休想投窄寨，常则待拽大举。恰便是老妖精曾吵闹了蟠桃宴，凭着那巧舌头敢聒噪了森罗殿，拖着条黄桑棒直轮磨到悲田院。藕池中锯折并头莲，泥窝里掏杀双飞燕。","chinese-poetry",""
"玉箫女两世姻缘・赚煞","元","乔吉","眼见的天阔雁书迟，赤紧的日近长安远，则怕我受官诰的缘薄分浅，则愿的一举成名在日边。(带云)你寄音书呵，(唱)休爱惜象管鸾笺。(末云)大姐，屈着指头儿数，不出三年，我便来也。(正旦唱)则愿的早三年，人月团圆，休教妾常倚东风泣断弦。你休恋京师帝辇，别求夫人宅眷，把咱好姻缘翻做了恶姻缘。(下)。","chinese-poetry",""
"玉箫女两世姻缘・梧叶儿","元","乔吉","火燎也似身躯热，锥剜也似额角疼，即渐里瘦子身形。这几日茶饭上不待吃，睡卧又不甚宁。(卜儿云)我请医者看看你这脉息，知他是甚么症候。(正旦唱)若将这脉来凭，多管是废寝忘餐病症。(卜儿云)梅香，好生伏事您姐姐，我下边看些汤药来。(虚下)(梅香云)姐姐，你怎么这等想俺姐夫？(正旦云)我实瞒不的你，据着他那人物才学，如何教我不想也！(唱)。","chinese-poetry",""
"玉箫女两世姻缘・高过随调煞","元","乔吉","心事人拔下短筹，有情人太薄幸。他说道三年来，刊如今五载不回程，好教咱上天远，入地近，泼残生恰便似风内灯。(带云)小二哥，(唱)比及你见俺那亏心的短命，则我这一灵儿先《出洛阳城。(做死科，下)。","chinese-poetry",""
"玉箫女两世姻缘・小桃红","元","乔吉","玉箫吹彻碧桃花，端的足一刻千金价。(末偷视科)(正旦唱)他背影卫斜将眼稍抹，唬的我脸烘霞。(张延赏云！再满斟酒者。(旦把盏科，唱)俺上人酒杯嫌杀春风凹。(末低云)小娘子多大年纪？曾许配与谁？(正旦低唱)俺新年十八，未曾招嫁。(末云)小娘子是他亲生女儿么？(正旦唱)俺主人培养出牡丹芽。","chinese-poetry",""
"玉箫女两世姻缘・收尾","元","乔吉","从来秀才每个个色胆天来大，险把我小胆儿文材唬杀。(张延赏云)若不看着故人分上，我必杀汝以雪吾之耻。(正旦唱)息怒波文火性卓王孙，(末云)待我奏过朝廷，那时不道和你干休了哩。(领众下)(正旦唱)噤声波强风情汉司马。(下)(张延赏云)请的好客，请的好客，兀的不气杀我也！我想他此一去，必然面奏朝廷。你去的，我也去的，大家奏，大家奏。(下)。","chinese-poetry",""
"玉箫女两世姻缘・沉醉东风","元","乔吉","玉箫习学就诗山曲海，生长在柳陌花街。燕莺集每日忙，鸳鸯社逐朝赛。(驾云)你可怎么入的驸马家里？(正旦唱)俺那老虔婆见钱多卖，一札脚王侯宰相宅，谁敢道半米儿山河易改！(驾云)玉箫，你认的那韦皋么？(正旦云)妾曾会过，见时尚自认的。(驾云)你向班部中试认者。(旦起认末科)(唱)。","chinese-poetry",""
"玉箫女两世姻缘・水仙子","元","乔吉","这公曾绝缨会上戏裙钗，(末云)我在那里来？(正旦唱)也曾细柳营中大会垓。(末云)我却怎生闹起来？(正旦唱)你将个相公宅看觑似莺花寨。(末云)是他先怒了我来。(正旦唱)你道是他不该，便活佛也恼下下莲台。(末云)我是大元帅，他如何便敢欺我？(正旦唱)也是俺官官相为，你可甚贤贤易色，(末云)我是好意求亲，他怎敢恁的！(正旦唱)因此上不远千里而来。","chinese-poetry",""
"玉箫女两世姻缘・雁儿落","元","乔吉","都一般胭脂桃杏腮，都一般金粉芙蓉额。都一般为云为雨情，都一般倾国倾城态。","chinese-poetry",""
"玉箫女两世姻缘・折桂令","元","乔吉","儿的不桃源洞枯树花开，他是那八辅官员，生的来一品人材。(卜儿云)孩儿，你这等年貌不齐，何不别求佳婿？(正旦唱)他也年未衰残，圣恩匹配，相守头白。(张延赏云)我是贵戚宰相之家，为女求配，必得少年佳客，为何嫁此老夫？(正旦唱)遮莫你广成子吹箫凤台，姜太公流水天台，情愿琴瑟和谐，连理双栽，生则同衾，死则同埋。","chinese-poetry",""
"玉箫女两世姻缘・落梅风","元","乔吉","可知、可知卖弄那金花诰，(扯张科，云)过来，过来。(唱)休触抹着玉镜台。秀才价做的来整盐黄菜，温太真更做道情性乖，怎敢向晋明行人惊小怪。","chinese-poetry",""
"玉箫女两世姻缘・络丝娘煞尾","元","乔吉","不争你大闹四川性窄，翻招了个笑坦东床贵客！。","chinese-poetry",""
"赚煞・惜花心，今番煞，恨不到调羹鼎鼐。此日梅花溪上客，胜当年刘阮","元","朱庭玉","天台。劝酒留情，故意地教人强艳侧。酒休剩饮，花须少戴，也教人道洛阳来。","chinese-poetry",""
"赚煞・有人来，知端的，谁似你个薄情下得？长醉青楼眠翠馆，镇追陪越","元","朱庭玉","艳吴姬。唱道暮乐朝欢，须有更阑管弦息。酒醒梦回，香消灯暗，甚不听晓风残月子规啼。","chinese-poetry",""
"后庭花煞・不留心名利场，且潜身安乐窝。一度兴一度废，一尺水一丈波。","元","朱庭玉","住挣罗，随时达变，得磨陀处且磨陀。贫乐功名不可图，贫困不能移。世态如云，转首千般易。谋心不遂心，处意难如意。阴公造物人莫知，穷通皆命也，岂在人为！。","chinese-poetry",""
"后庭花煞・虽无禄万钟，宁忧家四壁。但且箪瓢饮，徒夸列鼎食。闭柴扉，","元","朱庭玉","固穷甘分，乐夫天命复奚疑。雪景磨空生粉云，蔽日见彤霞。透骨侵肌，忽尔风飘飒。酸寒若箭穿，酽冷如刀刮。裁冰剪水都半霎，乾坤一玉壶，表里无瑕。","chinese-poetry",""
"随煞・设酒筵连夜饮，会诗题分字押。扫竹叶聊酬兴，刳橙穰深蘸甲。论","元","朱庭玉","奢华，围炉同话，此风流不羡党侯家。闺思钩闲垂绣箔，门掩静香阶。憔悴年来，更比年时セ。伤春心未灰，感旧情无奈。多应浪游年少客，千金将笑买，柳陌花街。","chinese-poetry",""
"后庭花煞・愁人倦听，杜鹃声更哀。不去向他根底，偏来近奴空侧，诉离","元","朱庭玉","把似唤将春去，争如撺顿取那人来。","chinese-poetry",""
"南吕・一枝花女怨","元","朱庭玉","慵铺翡翠鬟，懒晕胭脂颊。寸心开愁万缕，恨千叠。独对西风，倦把黄花折。幽庭闲步蹀，红叶飞来，就我将相思字写。","chinese-poetry",""
"赚煞尾・听南楼禁鼓敲三歇，拥被和衣强睡些。业眼朦胧暂交睫。唱道欲","元","朱庭玉","睡还惊，蓦闻门外帘儿揭。俺唤则他来到出门接，原是风度竹筠筛翠叶。","chinese-poetry",""
"三煞・选甚乍使钱无名气，学做人初出帐的乔相识。折莫不发镘有魂灵曾","元","朱庭玉","做伴惯经笼的旧子弟。一个个都教成圆备，里外中间都是他周全方便，须对付出个省钱的应奉的双生更欢喜，也不教恶了冯魁。","chinese-poetry",""
"尾・知勤儿每高低眉睫看头势，觑子弟每颜色精神善取觅。怎恁地伊家快","元","朱庭玉","做美，扌闰就的姨夫每厮和会。端的俺许你，许你一片心过从着四下里。归隐紫塞冒风沙，谩区区两鬓生华。归来好向林泉下。买牛卖剑，求田问舍，学圃耘瓜。","chinese-poetry",""
"尾・尘事远狂交疏人情寡，终朝把草堂门亚。引睡翻书卧吟棍，觉来时性","元","朱庭玉","静神澄兴雅。唱道想半纸功名，到头身与祸孰多？青史凌烟姓名挂，也则是渔樵一场话。咏梅客里过黄钟，阿谁道冷落穷冬？玉壶怪得冰澌冻。云低四野，霜摧万木，雪老千蜂。","chinese-poetry",""
"随煞・不管愁人停骄马，粉墙外似隔天涯。分明望见他，困立在垂丝海棠","元","朱庭玉","思忆楼阁倚睛空，晚登临离恨偏供。寒砧捣处秋声动，露荷敛翠，风蒲减绿，霜叶添红。","chinese-poetry",""
"尾・谁敢向他娘行闲唧哝，情性儿点水滴冻。喑气吞声，形容憔悴，病体","元","朱庭玉","龙钟。唱道咫尺是初冬，有人来新得纸断肠封。方表道和他家受懊躬，越添得俺相想担儿重。送别游宦又驱驰，意徘徊执手临岐。欲留难恋应无计。昨宵好梦，今朝幽怨，何日归期。","chinese-poetry",""
"摧拍子带赚煞・未饮离杯心如醉，须信道送君千里，怨怨哀哀，凄凄苦苦","元","朱庭玉","啼啼。唱道分破鸾钗，丁宁嘱付好将息。不枉了男儿堕志气，消得英雄眼中泪。","chinese-poetry",""
"尾・叹此愁，能几许？看看更有伤心处，梅子黄时断肠雨。莲船","元","朱庭玉","炽日人皆可畏，火云削出奇峰样。梅雨凌晨乍晴时，堪游水国江乡。挈艳妆，轻摇彩棹，缓拨兰舟，稳载清波漾。正是蕖花开也，荷张翠盖，莲竖红幢。系兰舟聊复舣沙汀，停彩棹须臾歇横塘。低奏笙篁，浅酌芳醪，恣情共赏。","chinese-poetry",""
"双调・夜行船春晓","元","朱庭玉","晓角梅花三弄曲，勾引起禁钟楼鼓。曙色将分，漏声才息，残月已沉江渚。","chinese-poetry",""
"离亭煞・伤春欲待留春住，留春不住随春去。凭谁寄与，问春归去归何处？","元","朱庭玉","只见覆莓苔糁落花，衬榆英铺香絮，又见潋滟池塘涨绿。纵不为五更风，管多因半夜雨。秋夜秋夜谁家砧杵声？不管有人愁听。倦客伤心，披衣独步，踏遍绿苔幽径。","chinese-poetry",""
"离亭煞・怯单衣渐觉西风劲，想多情不念东阳病。对景动羁怀，添客恨增","元","朱庭玉","归兴。近玉阑，临金井，早是离人闷哽。桂子散清香，梧桐弄碎影。悔悟无限莺花慵管领，恐似沈郎多病。宋玉伤哉，安仁老矣，衰鬓怕临明镜。","chinese-poetry",""
"离亭煞・早收心拘束定疏狂性，倒大来耳根清净，头轻眼明。跳出面糊盆，","元","朱庭玉","迷魂寨，玻璃井。折莫恁漫天张网罗，遍地剜坑阱，莫想他自家夜行，被你甜句儿啜来奸，虚脾儿赚得省。","chinese-poetry",""
"离亭带歇指煞・休违了剪发燃香咒，莫忘了并枕同衾褥。再休眉期眼约闲","元","朱庭玉","<辶它>逗，娘间阻人调斗，枉教咱千生万受。长办着惜花心，空闲了画眉手。痴迷既不知心，便不知音，既知音岂不知心？文君有意，司马调琴。想从初，思已往，怨而今。","chinese-poetry",""
"离亭宴带歇指煞・情知的不是娘拘禁，度量来非为人谗谮。再审小冤家，","元","朱庭玉","不道人图甚。饥不タ进饮食，卧不能安床枕。岂止道忘餐废寝，鬓发已成潘，形骸俏如沈。","chinese-poetry",""
"晋陶母剪发待宾・赚煞","元","秦简夫","不为一纸傲书迟，二怕你交朋怨，则我这老益壮贫而益坚。我甘分饥寒守自然，(云)那冷时节熬的旧颜欹，(唱)这饥时节是我忍过的心闲。哎，儿也，你曾看这《鲁论篇》？(陶云)孩儿也曾读来，不知是那一篇？(旦云)""齐景公有马千驷""。(唱)""民无德而称焉""。都是些有德行颜渊、闵子骞。你与我书读那万卷，愁甚么户封八县！(云)咱要发迹呵，也至容易。(唱)你再上那六经中苦志二三年。(旦下)(陶云)母亲言语，不敢不依。将着这五贯钱，去那韩夫人家，赎那信字，走一遭去。(下)。","chinese-poetry",""
"晋陶母剪发待宾・正宫/端正好","元","秦简夫","甘守分半生贫，则为我有孟母三迁志，我当了二十年无倚靠的家私。我几曾买卖临街市？我如今顾不的人轻视。","chinese-poetry",""
"晋陶母剪发待宾・滚绣球","元","秦简夫","你道是一点墨半张纸，不中吃不中使，(云)俺典了信字，管待秀才。(唱)又则道俺咬文嚼字。(韩夫人云)量这个信字，打甚么不紧？(旦唱)都是那十数画儿有这信字。为臣的作个重臣，为子的作个诤子，为吏的情取个素身行止，借人钱财主每休想道推辞。(云)姐姐，咱这妇道人家，有这个信字呵，(唱)则被这亲男儿敬重做贤达妇，(云)男子汉有这个信字呵，(唱)交朋友皆呼信有之，你可休看觑因而！(韩夫人云)婆婆，我有心看上你那秀才，肯与我做个女婿，我陪奁房断送，我女孩儿与他为妻。你意下如何？(旦云)我这里卖头发来？说亲来？下次使不的个媒人说不的！(韩夫人云)我许这亲事早哩。(旦唱)。","chinese-poetry",""
"晋陶母剪发待宾・尾声","元","秦简夫","等俺孩儿若受了千钟禄三品职，成就了高堂大厦英杰子。你儿那时节五花诰驷马车，做一个大院深宅媳妇儿。更有乡邻不轻视，车马迎门不造次，百味珍羞拣口儿，喝婢呼奴换套儿，富贵荣华有人使，儿女团圆做了亲事。恁时节永远姻亲，方显的我慎终始。(下)。","chinese-poetry",""
"晋陶母剪发待宾・迎仙客","元","秦简夫","我与你准备下酒食，我着你便待相识。(云)你道我那里得钱物来买？(唱)这的是人头上钱，若还容易得，请客呵，岂不闻打迭起酸寒？不是我便夸富贵，问甚么请来那是谁？岂不闻四海皆兄弟！(陶云)母亲，安排下一个人的茶饭，如今又走将两个人来，可怎了？(旦唱)。","chinese-poetry",""
"晋陶母剪发待宾・幺篇","元","秦简夫","着人道娘教子，我为你后人说：陵母伏剑，陶母邀宾，孟母三移。则为这一个字，五贯钱，别寻生意，我则怕人无信而不立！。","chinese-poetry",""
"晋陶母剪发待宾・耍孩儿","元","秦简夫","这的是为头儿两眼忄西惶泪，第一声长吁叹息。起初时今夜魂梦惊，破题儿不展愁眉。比及你夺皇家富贵他人聚，今日个白尾贫寒亲子离。常记着""礼之用和为贵""，到那里则要你折腰叉手，休学那苫眼铺眉！。","chinese-poetry",""
"晋陶母剪发待宾・二煞","元","秦简夫","我如今近五旬，你方才整二十，儿行千里母也行千里。凤凰池不到你娘心先到，龙虎榜文齐只怕你福不齐。问甚么及第不及第？及第呵你休昂昂而已，不及第呵你可休怏怏而归！。","chinese-poetry",""
"晋陶母剪发待宾・折桂令","元","秦简夫","岂不闻""求忠臣于孝子之门""？我教训他攻书，将傍的成人。(范云)据老母三从四德俱全。(旦唱)老身虽无那九烈三贞，受了那十年五载，万苦千辛。我做个穷汉妇甘贫受窘，孩儿把圣人书温故知新。俺孩儿志气凌云，演武习文。","chinese-poetry",""
"晋陶母剪发待宾・雁儿落","元","秦简夫","你道我养儿的有气分，赤紧的养女的先随顺。陪奁房成断送，则今日成秦晋。","chinese-poetry",""
"晋陶母剪发待宾・得胜令","元","秦简夫","方信道天于重贤臣。(范云)小官就主张成此亲事。(旦唱)这的是贱媳妇贵媒人。俺孩儿得志在长朝殿，不强如守田家老瓦盆。成就了婚姻，儿共女心先顺。改换了家门，这的是文章可立身！(范云)今日是吉日良辰，小官作媒，将韩夫人女儿就今日过门，成此百年姻眷。也显的陶士行志苦心坚，韩夫人不失前言。一家儿荣华富贵，新状元夫妇团圆。(旦唱)。","chinese-poetry",""
"中吕・满庭芳相思","元","丘士元","愁山闷海，沉吟暗想，积渐难睚。冷清清无语人何在？瘦损形骸。愁怕到黄昏在侧，最苦是兜上心来。咱无奈，相思痛哉！独自静书斋。","chinese-poetry",""
"中吕・普天乐秋夜感怀","元","丘士元","月空圆，人何在？寒蛩切切，塞雁哀哀。菊渐衰，荷钱败。叶落西风雕阑外，断人肠如此安排。秋云万里，满天离恨，伴我愁怀。","chinese-poetry",""
"双调・清江引秋夜","元","丘士元","夜阑梦回人静悄，不住的寒蛩叫，细雨洒芭蕉。铁马檐前闹，长吁几声儿得到晓？。","chinese-poetry",""
"双调・落梅风江上闻笛","元","丘士元","江天晚，起暮云，恰才的夜凉人静。风送玉箫三四声，使离人凭阑愁听。秋夜梦回清秋夜，鸳梦回，闹寒蛩絮人心碎。长吁几声人万里，病形骸越添憔悴。","chinese-poetry",""
"般涉调・哨遍","元","马致远","半世逢场作戏，险些儿误了终焉计。白发劝东篱，西村最好幽栖，老正宜。茅庐竹径，药井蔬畦，自减风云气。嚼蜡光阴无味，旁观世态，静掩柴扉。虽无诸葛卧龙冈，原有严陵钓鱼矶，成趣南园，对榻青山，绕门绿水。","chinese-poetry",""
"般涉调・哨遍","元","杨立斋","张五牛、商正叔编《双渐小卿》，赵真卿善歌，立斋见杨玉娥唱其曲，因作〔鹧鸪天〕及〔哨遍〕以咏之。","chinese-poetry",""
"哨遍・世事抟沙嚼蜡，等闲荣辱休惊讶。日月不饶咱，晓窗前拂净菱花，","元","杨立斋","试觑咱。虽是闲愁无种，闲闷无芽，子敢衡种出星星发。知进退宜休罢，便今日苏秦六国，明日早贾宜长沙。不如买牛学种洛阳田，抱瓮自浇邵平瓜。向甚云栈挥鞭，沧海撑舟，斗牛泛槎。","chinese-poetry",""
"耍孩儿・对江山满目真堪画，休把这媚景良辰作塌。清风明月不拈钱，闻","元","杨立斋","未老只合欢洽。问甚往来燕子春秋社，说怎末辛苦蜂儿早晚衙。休呆发，便得征西车马，争如杜曲桑麻。","chinese-poetry",""
"南吕・金字经","元","无名氏","学仙须学做天仙，修炼金丹性命全。全，羲皇画卦先。先天К，明师的诀传。金丹大药不难求，家家有种可自修。修，休离丹灶头。无中有，坎离颠倒收。金丹妙道大神功，降收白虎摄赤龙。龙，烹煎玉鼎中。须臾用，阴阳造化工。黍珠饵罢罢雍雍，精调火候十月功。功，胎仙灵变通。婴儿踊，万真朝绛宫。慧光明彻本来宗，无边法界一性通。通，禅心空不空。如来共，老君儒化同。修真祖性复全真，自在逍遥物外人。人，无贪无恚嗔。长生事，杏花枝上春。善功八百行三千，四海遨游度有缘。缘，九重丹诏宣。乘鸾鹤，班行列御前。见闻知觉总休题，悟得真空及第归。归，勘破造化机。非难易，永劫天地齐。天机泄漏勉诸公，不是寻常乾慧通。通，扫除皈正宗。勤修奉，化行仙圣风。","chinese-poetry",""
"中吕・红绣鞋","元","贯云石","东村醉西村依旧，今日醒来日扶头，直吃得海枯石烂恁时休！将屠龙剑，钓鳌钩，遇知音都去做酒。返旧约十年心事，动新愁半夜相思，常记得小窗人静夜深时。正西风闲时水，秋兴浅不禁诗，凋零了红叶儿。雪香兰高侵云鬓，玉灵芝斜捧乌云，轮靥里包藏著些粉霜痕。耳垂儿冰雪捏，小孔儿里都是玉酥湮，只被这业环儿把他拖逗损。挨着靠着云窗同坐，偎着抱着月枕双歌，听着数着愁着怕着早四更过。四更过情未足，情未足夜如梭，天哪，更闰一更儿妨什么！。","chinese-poetry",""
"中吕・红绣鞋","元","无名氏","手腕儿白似鹅翅，指头儿嫩似葱枝，玉抬盘捧定水晶卮。话儿甜来尽让，意儿勤不推辞，把一个贾长沙险醉死。","chinese-poetry",""
"中吕・醉高歌过红绣鞋","元","贯云石","看别人鞍马上胡颜，叹自己如尘世污眼。英雄谁识男儿汉，岂肯向人行诉难？阳气盛冰消北岸，暮云遮日落西山，四时天气尚轮还。秦甘罗疾发禄，姜吕望晚登坛，迟和疾时运里趱。","chinese-poetry",""
"中吕・醉高歌过喜春来题情","元","贯云石","自然体态温柔，可意庞儿奈羞。看时节偷眼将人溜，送与人些风流证候。蜂媒蝶使空迤逗，燕子莺儿不自由。恰便似一枝红杏出墙头，不能够折入手，空教人风雨替花羞。","chinese-poetry",""
"越调・凭阑人题情","元","贯云石","花债萦牵酒病魔，谁唱相思肠断歌？旧愁没奈何，更添新恨多。昨日欢娱今日别，满腹离愁何处说？一声长叹嗟，凭阑人去也。冷落桃花扇影歌，羞对青铜扫翠蛾。风流情减多，未知是若何？情泪新痕压旧痕，心事相关谁共论？黄昏深闭门，被儿独自温。懒对菱花不欲拈，愁理晨妆不甚タ。玉纤春笋尖，倦将脂粉添。红叶传情着意拈，书遍相思苦未タ。诉愁斑管尖，旋将心事添。梦里相逢情倍加，梦断香闺愁恨多。梦他憔悴他，争如休梦他。","chinese-poetry",""
"双调・水仙子田家","元","贯云石","绿阴茅屋两三间，院后溪流门外山，山桃野杏开无限。怕春光虚过眼，得浮生半日清闲。邀邻翁为伴，使家僮过盏，直吃的老瓦盆干。满林红叶乱翩翩，醉尽秋霜锦树残，苍苔静拂题诗看。酒微温石鼎寒，瓦杯深洗尽愁烦。衣宽解，事不关，直吃的老瓦盆干。田翁无梦到长安，婢织奴耕尽我闲，蚕收稻熟今秋办。可无饥不受寒，乐丰年畅饮开颜。唤稚子ド新酿，靠篷窗对客弹，直吃的老瓦盆干。布袍草履耐风寒，茅舍疏斋三两间，荣华富贵皆虚幻。觑功名如等闲，任逍遥绿水青山。寻几个知心伴，酿村醪饮数碗，直吃的老瓦盆干。","chinese-poetry",""
"赚煞・捱的到天明，却有谁亻秋问？咋夜和衣睡把罗裙皱损。一面残妆空","元","贯云石","泪痕，日高也深院无人。掩重门，烦恼向谁论？独对菱花整乱云。恰待向瘦庞儿上傅粉，欲梳妆却心困，气长吁呵的镜儿昏。","chinese-poetry",""
"南吕・一枝花离闷","元","贯云石","柳垂翡翠条，花落胭脂瓣。绿窗绒缕淡，粉脸泪珠弹，洒竹成斑。宝钏松冰腕，蛾眉淡远山。常言道好事多悭，陡恁的千难万难。","chinese-poetry",""
"梁州・卜龟卦铜腥玉笋，盼鸿书目断云山。别离情绪谁曾惯！这些时银筝","元","贯云石","懒按，锦瑟慵弹，玉箫倦品，宝鉴羞观。病恹恹瘦损容颜，闷昏昏多少愁烦。花钿坠懒贴香腮，衫袖湿镇淹泪眼，玉簪斜倦整云鬟。近间，坐间。用工夫修下封鸳鸯缄，无处倩鱼雁。有万种凄凉不可堪，何日回还？。","chinese-poetry",""
"骂玉郎・杨花满院东风散，恰才这微雨过燕莺闲，罗帏寂寞空长叹。春色","元","贯云石","昏，情意懒，芳心惮。","chinese-poetry",""
"感皇恩・呀！则我这春意阑珊，莺老花残。一帘风，三月雨，五更寒。闪","元","贯云石","的我鸾孤凤单，枕剩衾寒。梨花院，采茶歌，凭阑干。","chinese-poetry",""
"尾声・半帘红日愁天晚，一盏孤灯照夜阑，全不似当时旧风范。绣床又倦","元","贯云石","攀，梳妆又意懒，瘦怯怯裙腰儿旋旋的趱。","chinese-poetry",""
"尾・玉人别后空相忆，古犹今之视昔。暮雨楚台云，桃花洞天水。佳偶","元","贯云石","国色天香，冰肌玉骨。燕语莺吟，鸾歌凤舞，夜月春风，朝云暮雨。美眷爱，俏伴侣。叶落归秋，花生满路。","chinese-poetry",""
"小桃红・志诚惠性压其余，无半米儿亏人处。觅便寻芳厮照觑。要欢娱，","元","贯云石","看时相见偷圆聚。知心可腹，牵肠割肚，不枉了用工夫。","chinese-poetry",""
"殿前欢・赛唐虞，大元至大古今无。架海梁对着檠天柱，玉带金符。庆风","元","贯云石","云会龙虎，万户侯千钟录，播四海光千古。三阳交泰，五谷时熟。","chinese-poetry",""
"鸳鸯煞・梅花枝上春光露，椒盘杯里香风度。帐设鲛绡，帘卷虾须。唱道","元","贯云石","天赐长生，人皆赞祝。道德巍巍，众臣等蒙恩露。拜舞嵩呼，万万岁当今圣明主。","chinese-poetry",""
"卖花声煞・簌朱帘猛然离了绣幌，携手相将入洞房。欲诉相思晓鸡唱，好","元","贯云石","梦惊回泪万行，都滴在枕头儿上。","chinese-poetry",""
"梁州・叹落落情怀不已，恨匆匆岁月何之。拥并也似一片闲愁，撺掇出伤","元","贯云石","心故事。往常时花笺写恨，红叶题诗，都做了风中飞絮，水上浮萍。痛煞煞玉连环掂的瑕疵，碜可可锦回文揉的参差。瘦廉纤对妆奁金粉慵施，愁荏苒绣房中拈针慵使，病恹渐锦筝ㄐ雁柱慵支。念兹，对此。匆匆岁月三之二，恰初三，早初四。呖呖风前孤雁儿，感起我一弄儿嗟咨。","chinese-poetry",""
"黄钟尾声・雁儿，你写西风曲似苍颉字，对南浦愁如宋玉词。恰春归，早","元","贯云石","秋至，多寒温，少传示。恼人肠，聒人耳，碎人心，堕人志。雁儿，直被你撺掇出无限相思，偏怎生不寄俺有情分故人书半纸。","chinese-poetry",""
"小张屠焚儿救母・仙吕/端正好","元","无名氏","我则待积阴功，他则待贪财物。咱两个利名心水火不同炉，全不肯施财周济贫民苦，无半点儿慈悲处。","chinese-poetry",""
"小张屠焚儿救母・幺篇","元","无名氏","一来是神明鉴戒，二来是天公眷爱。你孩儿为报娘恩，感动神灵，为母伤怀。你家私日日增，岁岁长，无灾无害，你一家儿否极生泰。(外旦云)哥，你与张屠几年朋友？。","chinese-poetry",""
"小张屠焚儿救母・寨儿令","元","无名氏","我心恍惚，面没罗。是谁人撒然惊觉我。则见圣像严恶，鬼似喽罗，排列的闹呵呵。穿红的圣体忙挪，穿青的子细评跋，穿绿的亲定夺。似白日里无差讹，元来是一枕梦南柯。","chinese-poetry",""
"小张屠焚儿救母・尾","元","无名氏","两行清泪星眸中堕，我这九曲柔肠刀割。弃了个小冤家凄凉杀他，存得个老尊堂快活杀我。","chinese-poetry",""
"小张屠焚儿救母・迎仙客","元","无名氏","出神州十字街，下东岳摄魂台，奉圣帝速风早到来。积善的遇着祯祥，作恶的生下患害。哭的那厮急煎煎抹泪揉腮。张屠笑吟吟，醉里乾坤大。(外旦上，开)老身是王员外的母亲，有孩儿。吾儿每年三月二十八日，去大安神州做一遭买卖。有人来说，不见孙子神珠玉颗。我想王员外买卖上多有不合神道，折我这孙子。好去张婆婆问个信去。(下)。","chinese-poetry",""
"小张屠焚儿救母・满庭芳","元","无名氏","俺两个深交数载，你张屠吃的前合后偃，东倒四歪。我惯曾出外偏怜客，违不过昆仲情怀。你孩儿便似病海中救出你母灾，我便是火坑中救出你儿来。他那里两手忙加额，我担着天来大利害，元来是天地巧安排。","chinese-poetry",""
"小张屠焚儿救母・普天乐","元","无名氏","问从初，添惊怪，他道我头似土块，身似泥胎。支更在金殿中，听在这事在衙门外。牌面上书神字催香赛，拂西风满面尘埃。也不是张千李牌，也不跟州官县宰，这一场恰便似鬼使神差。","chinese-poetry",""
"小张屠焚儿救母・朝天子","元","无名氏","你那厮最歹，直恁爱财，恰待快阎王怪。你那厮损人安己惹下祸灾，(云)说与你王员外。再休放来生债。啼哭的摘胆剜心，伤情无奈，他道除死无大灾。炳灵公圣裁，小龙王性乖，无半时摔破了你天灵盖。","chinese-poetry",""
"小张屠焚儿救母・耍孩儿","元","无名氏","你孩儿孝廉仁义阴功大，一炷香名扬四海。忠心报母世间希，美名儿动省惊台。孝顺名标入千秋万古忠良传，与媳妇儿立一面九烈三贞贤孝牌。孝名儿人都爱，姓王的祸因恶积，姓张的福已成胎。","chinese-poetry",""
"小张屠焚儿救母・二煞","元","无名氏","张家则待要称千秋万古名，王家则待要利增百倍财，见如今鬼神嫌街坊怪。王家是非海内忧愁深，张家安乐窝中且快哉。到二母直拜，张婆婆道与张屠，少饮无名之酒，王婆婆说与王员外，再休贪不义之财。","chinese-poetry",""
"小张屠焚儿救母・煞","元","无名氏","那爷爷曾抚的社稷安，补圆天地窄。穿一领紫罗袍，手秉着白象简，腰系着黄金带。那爷爷睁双怪眼乌云黑，两鬓银丝雪练白。那爷爷威风整神通大，断阴司能驱鬼使，判南衙不爱民财。","chinese-poetry",""
"小张屠焚儿救母・尾声","元","无名氏","由你香焚满斗香，财排万斗财，归家还舍沿离寨，这早晚十谒朱门九不开。一负人烟大，止不过前山后岭，休猜做大院深宅。","chinese-poetry",""
"小张屠焚儿救母・煞尾","元","无名氏","要寻处无处寻，见来时难见来。你道收藏幼子无妨碍，恰便似拾得孩儿落得摔。","chinese-poetry",""
"小张屠焚儿救母・雁儿落","元","无名氏","听说罢唬了魂，说得我半晌如痴挣。母亲暗藏着腹内忧，打迭起心头闷。","chinese-poetry",""
"小张屠焚儿救母・水仙子","元","无名氏","莫谩天地莫谩神，远在儿孙近在身。焚儿救母行忠信，报爷娘养育恩，劝人间爷子恩情。为父的行忠孝，为子的行孝顺，传与你万古留名。","chinese-poetry",""
"中吕・山坡羊","元","陈草庵","伏低伏弱，装呆装落，是非犹自来着莫。任从他，待如何？天公尚有妨农过，蚕怕雨寒苗怕火。阴，也是错；晴，也是错。身无所干，心无所患，一生不到风波岸。禄休干，贵休攀，功名纵得皆虚幻，浮世落花空过眼。官，也梦间；私，也梦间。林泉高攀，齑盐贫过，官囚身虑皆参破。富如何？贵如何？闲中自有闲中乐，天地一壶宽又阔！东，也在我；西，也在我。青霄有路，黄金无数，劝君万事从宽恕。富之余，贵也余，望将后代儿孙护，富贵不依公道取。儿，也受苦；孙，也受苦。繁华般弄，豪杰陪奉，一杯未尽笙歌送。恰成功，早无踪，似昨宵一枕南柯梦，人世枉将花月宠。春，也是空；秋，也是空。有钱有物，无忧无虑，赏心乐事休辜负。百年虚，七旬疏，饶君更比石崇富，合眼一朝天数足。金，也换主；银，也换主。风波实怕，唇舌休挂，鹤长凫短天生下。劝渔家，共樵家，从今莫讲贤愚话，得道多助失道寡。贤，也在他；愚，也在他。阴随阴报，阳随阳报，不以其道成家道。枉劬劳，不坚牢，钱财人口皆凶兆，一旦祸生福怎消？人，也散了；财，也散了。须教人倦，须教人怨，临危不与人方便。吃腥膻，着新鲜，一朝报应天公变，行止不依他在先。饥，也怨天；寒，也怨天。休争闲气，休生不义，终身孝悌心休退。去他疑，俺人非，得官休倚官之势，家富莫骄贫莫耻。天，也顺你；人，也顺你。官资新受，功名将就，折腰为在儿曹彀。赋归休，便抽头，黄花恰正开时候，篱下自教巾漉酒。功，也罢手；名，也罢手。三闾当日，一身辞世，此心倒大无萦系。氵屈其泥，啜其ㄤ，何须自苦风波际，泉下子房和范蠡。清，也笑你；醒，也笑你。争夸聪慧，争夸手艺，乾坤一浑清浊气。察其实，不能知，时间难辨鱼龙辈，只到禹门三月里。龙，也认得；鱼，也认得。生涯虽旧，衣食足够，区区自要寻生受。一身忧，一心愁，身心常在他人彀，天道若能随分守。身，也自由；心，也自由。天于人乐，天于人祸，不知此个心何若？叹萧何，反调唆，未央宫罹惹韩侯过，千古史书难改抹。成，也是他；败，也是他。晨鸡初叫，昏鸦争噪，那个不去红尘闹？路迢遥，水迢迢，功名尽在长安道，今日少年明日老。山，依旧好；人，憔悴了。愁眉紧皱，仙方可救，刘伶对面亲传授。满怀忧，一时愁，锦封未拆香先透，物换不如人世有。朝，也媚酒；昏，也媚酒。风流人坐，玻璃盏大，采莲学舞新曲破。饮时歌，醉时魔，眼前多少秋毫末，人世是非将就我。高，也亦可；低，也亦可。新修宅院，多开门面，要图久远儿孙佃。恣专权，横堆钱，更临危不与人方便，一日过深业贯满。天，也降愆；人，也做冤。江山如画，茅檐低厦，妇蚕缫、婢织红、奴耕稼。务桑麻，捕鱼虾，渔樵见了无别话，三国鼎分牛继马。兴，休羡他；亡，休羡他。风波时候，休教遥受，少年场上堪驰聚。酒盈瓯，锦缠头，休令人老花残候，花退落红人皓首。花，也自羞；人，也自羞。渊明图醉，陈抟贪睡，此时人不解当时意。志相违，事难随，不由他醉了ぴ睡，今日世途非向日。贤，谁问你？愚，谁问你？花开花谢，灯明灯灭，百年梦觉庄周蝶。兴时节，快活些，明朝绿鬓添霜雪，石氏邓通今谩说。人，不见也；钱，不见也。尧民堪讶，朱陈婚嫁，柴门斜塔葫芦架。沸池蛙，噪林鸦，牧笛声里牛羊下，茅舍竹篱三两家。民，田种多；官，差税寡。红尘千丈，风波一样，利名人一似风魔障。恰余杭，又敦煌，云南蜀海黄茅瘴，暮宿晓行一世妆。钱，金数两；名，纸半张。尘心撇下，虚名不挂，种园桑枣团茅厦。笑喧哗，醉麻查，闷来闲访渔樵话，高卧绿阴清味雅。栽，三径花；看，一段瓜。","chinese-poetry",""
"越调・小桃红临川八景东城早春","元","盍西村","暮云楼阁画桥东，渐觉花心动。兰麝香中看鸾凤，笑融融，半醒不醉相陪奉。佳宾兴浓，主人情重，合和《小桃红》。西园秋暮玉簪金菊露凝秋，酿出西园秀。烟柳新来为谁瘦？畅风流，醉归不记黄昏后。小糟细酒，锦堂晴昼，拚却再扶头。江岸水灯万家灯火闹春桥，十里光相照。舞凤翔鸾势绝妙，可怜宵，波间涌出蓬莱岛。香烟乱飘，笙歌喧闹，飞上玉楼腰。金堤风柳落花飞絮舞晴沙，不似都门下。暮折朝攀梦中怕，最堪夸，牧童渔叟偏宜夏。清风睡煞，淡烟难画，掩映两三家。客船晚烟绿云冉冉锁清湾，香彻东西岸。官课今年九分办，厮迫攀，渡头买得新鱼雁。杯盘不干，欢欣无限，忘了大家难。戍楼残霞戍楼残照断霞红，只有青山送。梨叶新来带霜重，望归鸿，归鸿也被西风弄。闲愁万种，旧游云梦，回首月明中。市桥月色玉龙高卧一天秋，宝镜青光透。星斗阑干雨晴后，绿悠悠，软风吹动玻璃皱。烟波顺流，乾坤如昼，半夜有行舟。莲塘雨声忽闻疏雨打新荷，有梦都惊破。头上闲云片时过，泛清波，兰舟饱载风流货。诸般小可，齐声高和，唱彻《采莲歌》。杂咏市朝名利少相关，成败经来惯。莫道无人识真赝，这其间，急流勇退谁能辨？一双俊眼，一条好汉，不见富春山。古今荣辱转头空，都是相般弄。我道虚名不中用，劝英雄，眼前祸患休多种。秦宫汉冢，乌江云梦，依旧起秋风。杏花开候不曾晴，败尽游人兴。红雪飞来满芳径，问春莺，春莺无语风方定。小蛮有情，夜凉人静，唱彻醉翁亭。海棠开过到蔷薇，春色无多味。争奈新来越憔悴，教他谁，小环也似知人意。疏帘卷起，重门不闭，要看燕双飞。淡烟微雨锁横塘，且看无风浪。一叶轻舟任飘荡，芰荷香，渔歌虽美休高唱。些儿晚凉，金沙滩上，多有睡鸳鸯。绿杨堤畔蓼花洲，可爱溪山秀。烟水茫茫晚凉后，捕鱼舟，冲开万顷玻璃皱。乱云不收，残霞妆就，一片洞庭秋。晚来群雀噪茅檐，渐渐云收敛。但觉新凉入藤簟，喜幽潜，佳人学得皆勤俭。闲情幽怨，新愁旧恨，不许上眉尖。淡黄杨柳月中疏，今古横塘路。为问萧郎在何处，近来书，一帆又下潇湘去。试问别后，软绡红泪，多似露荷珠。","chinese-poetry",""
"中吕・喜春来秦定三年丙寅岁除夜，玉山舟中赋","元","张雨","江梅的的依茅舍，石濑溅溅漱玉沙，瓦瓯篷底送年华。问暮鸦，何处阿戎家？。","chinese-poetry",""
"双调・殿前欢杨廉夫席上有赠","元","张雨","小吴娃，玉盘仙掌载春霞。后堂绛帐重帘下，谁理琵琶？香山处士家，玉局仙人画，一刻春无价。老夫醉也，乌帽琼华。","chinese-poetry",""
"双调・水仙子","元","张可久","翰林风月进多才，满袖春风下玉阶。执金鞭跨马离朝外，插金花坠帽歪，气昂昂胸卷江淮。昨日在十年窗下，今日在三公位排，读书人真实高哉。石崇犹自恨无钱，彭祖焚香愿万年。唐明皇犹道无家眷，刘伶道天生酒量浅，陈抟昼夜无眠。秦始皇囗招人怨，遭王巢道何曾有罪愆，都瞒不了惨惨青天。","chinese-poetry",""
"双调・水仙子","元","张雨","归来重整旧生涯，潇洒柴桑处士家。草庵儿不用高和大，会清标岂在繁华？纸糊窗，柏木榻。挂一幅单条画，供一枝得意花，自烧香童子煎茶。","chinese-poetry",""
"鲠直张千替杀妻・幺篇","元","无名氏","嫂嫂道瓦罐终须不离井边，你未醉后人在言。你气的我手儿脚儿滴修都速战。莫动，不，嫂嫂和俺哥哥是几年夫妻？(旦云)二十年夫妻。又不想同衾结发，情深义重，夫乃妇之天。","chinese-poetry",""
"鲠直张千替杀妻・尾声","元","无名氏","我这一腔铁石心，不比你趁浪风尘怨。我虽是无歹心胡做，若这句我这句话合该一千，须我不得将闲话儿展。嫂嫂，你着马先行。我空说在骏马之前。嫂嫂将着紫藤鞭，催动缰辕，赚的回你家解了我冤。你倚仗着有金有钱，欺负俺哥哥无亲无眷，不曾见浪包娄养汉倒陪钱。","chinese-poetry",""
"鲠直张千替杀妻・正宫/端正好","元","无名氏","撇罢了腹中愁。则今打迭起心头闷，嫂嫂也从今后休恋别人。(旦云了)若是俺哥哥一一从头问，看我数说你一会无淹润。","chinese-poetry",""
"鲠直张千替杀妻・滚绣球","元","无名氏","酒行了十数巡，连饮了八九尊，(旦教劝员外酒科)嫂嫂，你看俺哥哥不抬头呵，又兼那身困，则为你吓杀我也七世魔君。早则阳台有故人，罗帏中会雨云，不如背地里暗传芳信。(外唱曲科)哎！你个楚襄王，百忙里唱甚末白雪阳春？(外醉睡科)我这酒肠宽宋玉才挪动脚，(末辞科，旦拦住科)被你这色胆如巫蛾，你则末拦住了门？唬的我无处藏身。","chinese-poetry",""
"鲠直张千替杀妻・叨叨令","元","无名氏","俺哥哥汤风犯雪金兰分，你兄弟酒里淘真性。我则理会得哥哥赍发张屠闲。我那里重色轻君子，那里有海棠娇江梅韵。(末持刀揪旦科)(旦云)却怎生杀我？(末云)我剪背杀你。大古里孟姜女不杀了要怎末哥？孟姜女不杀了要怎末哥？一朝马死黄金尽。","chinese-poetry",""
"鲠直张千替杀妻・朝天子","元","无名氏","母亲呵寿高，您儿呵不肖，不想咱人死呵天知道。母亲啼天哭地泪流交，您儿不曾将山海恩临报。我这里苦痛哮啕，捶胸高叫，母亲你指望养儿来防备老。(母亲云了)不争你儿不招，把哥哥送了，枉惹得普天下英雄笑。","chinese-poetry",""
"鲠直张千替杀妻・满庭芳","元","无名氏","杀人贼我招，相公把干连人放了，犯法的难饶。俺哥哥山海也似恩未报，怎肯道善与人交。那婆娘罪恶到，官人上难学，空养着家中俏。我根前欲待私情暗约，那婆娘笑里暗藏刀。","chinese-poetry",""
"鲠直张千替杀妻・耍孩儿","元","无名氏","我往常时看别人笞杖徒流绞，今日个轮到我绷扒吊拷。指望咱弟兄情，如陈雷胶漆有谁学，登时间瓦解冰消。当初一年结义知心友，谁想咱半路里番腾做刎颈交？泪不住腮边落，眼见的一刀两段，知他是今日明朝？。","chinese-poetry",""
"鲠直张千替杀妻・三煞","元","无名氏","母亲第一来残疾多，第二来年纪老。常有些不快长安乐，怕有些时截取匹整布绢，无钱时打我条孝系腰。泪不住行行落，哀哀父母，生我劬劳。","chinese-poetry",""
"鲠直张千替杀妻・四煞","元","无名氏","哥哥，咱为兄弟非关今世亲，皆因前缘前世报。怎着我一心想哥哥思念伏侍到老，谁想半路里这妇人把哥哥折算了。不由心焦躁，因此上着命身亡，便死呵并无悔懊。","chinese-poetry",""
"鲠直张千替杀妻・夜行船","元","无名氏","哥哥慈悲，盛把兄弟相周急。如今谢哥哥将来的酒和食，这的长离饭永别杯，碜可可我尝酒味。","chinese-poetry",""
"鲠直张千替杀妻・雁儿落","元","无名氏","哥哥，万剐我不后悔，这里便死呵无招对。常学着仗义心，四海皆兄弟。","chinese-poetry",""
"鲠直张千替杀妻・得胜令","元","无名氏","我死呵记相识，你从今好将息。与我干取些穷活计，休惹人闲是非。你非。你再休贪杯，见放着傍州例。你若求妻，(云)常言道丑妇家中宝，休贪他人才精精细细，伶伶俐俐，能言快语，不中。(外云了)娶一个端方稳重的。","chinese-poetry",""
"鲠直张千替杀妻・落梅风","元","无名氏","脑背后，高声叫起，唬的我魂离体，死无葬身之地。母亲道认义来的哥哥有债回的礼，母亲也早难道养军千日。","chinese-poetry",""
"鲠直张千替杀妻・折桂令","元","无名氏","哎，母亲！早则无指望绿鬓斑衣，母亲那里有九病十残，腰屈头低。告哥哥且慢休摧，省可里后推前推。半霎儿午时三刻，弟兄子母别离，哭哭啼啼，切切悲悲。百忙里地惨天昏，雾锁云迷。","chinese-poetry",""
"鲠直张千替杀妻・水仙子","元","无名氏","一灵儿相伴着野云飞，则听得脑背后何人高叫起，是哥哥共母亲傍边立。我问你怎生来到这里，险送了家有贤妻。杀嫂索偿命，宜镌刎颈碑，我将好名儿万古标题。","chinese-poetry",""
"南吕・一枝花秋夜闻筝","元","班惟志","透疏帘风摇杨柳阴，泻长空月转梧桐影。冷雕盘香销金兽火，咽铜龙漏滴玉壶冰。何处银筝？声嘹呖云霄应，逐轻风过短棂。耳才闻天上《仙韶》，身疑在人间胜境。","chinese-poetry",""
"梁州・恰便似溅石窟寒泉乱涌，集瑶台鸾凤和鸣，走金盘乱撒骊珠迸。嘶","元","班惟志","风骏偃，潜沼鱼惊。天边雁落，树梢云停。早则是字样分明，更那堪音律关情！凄凉比汉昭君塞上琵琶，清韵如王子乔风前玉笙，修扬似张君瑞月下琴声。再听，愈惊。叮咛一曲《阳关令》，感离愁，动别兴。万事萦怀百样增，一洗尘清。","chinese-poetry",""
"尾・他那里轻笼纤指冰弦应，俺这里谩写花笺锦字迎，越感起文园少年病。","元","班惟志","是谁家玉卿，只恁般可憎，唤的人一枕胡蝶梦儿醒！。","chinese-poetry",""
"尾声・准备着花烛洞房春，安排下夜月笙歌笑，那时节喜喜欢欢宴乐。地","元","赵彦晖","久天长成配偶，一世儿永远坚牢。画堂高怕是么暮暮朝朝，则学那连理树、合欢带、比翼鸟。宝炉香渐烧，银台灯高照，成就了碧桃花下凤鸾交。","chinese-poetry",""
"南吕・一枝花嘲僧","元","赵彦晖","七宝罗汉身，八难观音像。玉楼巢翡翠，谁教你金殿锁鸳鸯？箫寺里蝶乱蜂狂，玉溪馆青楼巷，缘得五台山傅粉郎。小和尚久等莺娘，老亚仙风魔了志广。","chinese-poetry",""
"梁州・常则是金斗郡双生和小卿，几曾见丽春园苏氏和都刚？被个老妖精","元","赵彦晖","狐媚了唐三藏。一个供佛的柳翠，伴着个好色东堂。钟楼鼓阁，便做了待月西厢。丑禅师宠定个天香，笑吟吟携手相将。风帏中路柳参禅，鸳帐底烟花听讲，看门儿亏杀金刚。暗想，这场。出家儿招揽乔公状，你也不是清静僧，真乃是莽和尚。当了袈裟做一场，岂怕人声扬？。","chinese-poetry",""
"尾・十年功业难修养，取得个年老妖精复落娼，卧兔当来受灾障，常把三","元","赵彦晖","门紧关上。那妮子僧房中叫，反教你削了发的耆卿后院里攘。","chinese-poetry",""
"尾・那其间亲和疏自有知音鉴，好共歹从教晓事的谈，锦信也似前程怎摇","元","赵彦晖","你早自信咱咱，咱咱，那从小的争锋按下的胆。","chinese-poetry",""
"仙吕・一半儿","元","无名氏","佳人才子共双双，纨扇轻摇玉体凉，荷钱贴水满池塘。拭罗裳，一半儿斜披一半儿敞。南楼昨夜雁声悲，良夜迢迢玉漏迟，花梧树底叶成堆。被风吹，一半儿沾泥一半儿飞。见佳人缟素一身穿，阁着泪汪汪在坟墓前，哭着痛人天。一只手匙撩一半儿蹇。","chinese-poetry",""
"仙吕・一半儿","元","周文质","多承苏氏肯怜才，终是双生不在囗。羞禁奶娘掩面色，耍开怀，一半儿殃及一半儿买。写愁词赋自伤悲，传恨琵琶人共知。司马哭痛如商妇泣，泪沾衣，一半儿才干一半儿湿。","chinese-poetry",""
"仙吕・一半儿","元","宋方壶","别时容易见时难，玉减香消衣带宽。夜深绣户犹未拴，待他还，一半儿微开一半儿关。","chinese-poetry",""
"中吕・红绣鞋阅世","元","宋方壶","短命的偏逢薄幸，老成的偏遇真成，无情的休想遇多情。懵懂的怜瞌睡，鹘伶的惜惺惺，若要轻别人还自轻。客况雨潇潇一帘风劲，昏惨惨半点灯明，地炉无火拨残星。薄设设衾剩铁，孤另另枕如冰，我却是怎支吾今夜冷？。","chinese-poetry",""
"中吕・山坡羊道情","元","宋方壶","布袍粗袜，山间林下，功名二字皆勾罢。醉联麻，醒烹茶，竹风松月浑无价，绿绮纹楸时聚话。官，谁问他；民，谁问他！青山相待，白去相爱，梦不到紫罗袍共黄金带。一茅斋，野花开，管甚谁家兴废谁成败？陋巷箪瓢亦乐哉！贫，气不改；达，志不改。","chinese-poetry",""
"商调・梧叶儿怀古","元","宋方壶","黄州地，赤壁矶，衰草接天涯。周公瑾，曹孟德，果何为？都打入渔樵话里。","chinese-poetry",""
"双调・雁儿落过得胜令闲居","元","宋方壶","功名梦不成，富贵心勾罢。青山绿水间，茅舍疏篱下。广种邵平瓜，细焙玉川茶，遍插渊明柳，多栽潘令花。清佳，寻方外清幽话；欢恰，与亲朋闲戏耍。套数。","chinese-poetry",""
"古水仙子・他、他、他，觑绝罢两泪倾，便有那九江水如何洗得清？当初","元","宋方壶","指雁为羹，充饥画饼，道无情却有情。我、我、我，暗暗的仔细评论，俏苏卿摔碎粉面筝，村冯魁硬对菱花镜，则俺狠毒娘有甚前程！。","chinese-poetry",""
"尾・闲时节不离了花香柳影清阴里睡，闷时节则就日暖风和叶底下依，不","元","宋方壶","想瘦躯老人根前逞精细。且休说香罗袖里，桃花扇底，则怕露冷天寒恁时节悔。妓女自生在柳陌中，长立在花街内。打熬成风月胆，断送了雨云期。只为二字衣食，卖笑为活计。每日都准备，准备下些送旧迎新，安排下过从的见识。","chinese-poetry",""
"梁州・有一等强风情迷魂子弟，初出帐笋嫩勤儿。起初儿待要成欢会。教","元","宋方壶","那厮一合儿昏撒，半霎儿著迷。典房卖舍，弃子休妻。逐朝价密约幽期，每日价弄盏传杯。一更里酒酽花浓，半夜里如鱼似水，呀！五更头财散人离。你东，我西。一番价有钞一番睡，旋打算旋伶利。将取孛兰数取梨，有甚希奇？。","chinese-poetry",""
"尾・有钱每日同欢会，无钱的郎君好厮离，绿豆皮儿你请退！打发了这壁，","元","宋方壶","安排下那壁，七八下里郎君都应付得喜。","chinese-poetry",""
"尾・眼睁睁怎忍分飞去，痛杀我也吹箫伴侣！不付能恰住了送行客一帆风，","元","宋方壶","又添起助离愁半江雨。踏青蝶使双双，蜂媒对对。燕语关关，莺声呖呖。仕女把芳寻，丫鬟将翠拾。节序宜，景物奇。丽日迟迟，和风习习。","chinese-poetry",""
"小桃红・雕阑花簇绣屏围，四季春为贵。万紫千红引人意，啭黄鹂，鸳鸯","元","宋方壶","如锦池塘睡。玩不尽山水无穷景致，更那堪花下杜鹃啼。","chinese-poetry",""
"尾声・庆风调雨顺升平日，保一统江山社稷。托赖着千千载仁主圣明朝，","元","宋方壶","齐仰贺万万岁吾皇大明国。","chinese-poetry",""
"离亭带歇指煞・休违了剪发拈香咒，莫忘了并枕同衾褥。再休眉期眼约闲","元","李茂之","迤逗，娘间阻人调斗，枉教咱千生万受。常办着惜花心，空闲了画眉手。得又何如，失又何如，奈浮生迅景飞投。些儿富贵，多少风波。漫□谋，空驰聘，枉张罗。","chinese-poetry",""
"离亭宴带歇指煞・闲来膝上横琴坐，醉时节林下和衣卧。唱得快活，乐天","元","李茂之","知命随缘过。为伴侣唯三个，明月清风共我。再不把利名侵，且须将是非躲。扌颠竹分茶，摘叶拈花，圈儿中稍自矜夸。画眉打眼，料嘴敲牙。要罚馒只除是瓮生根，盆生蔓，甑生芽。","chinese-poetry",""
"离亭宴带歇拍煞・把条款别体倒违礼煞，寨儿中、监狱儿内、禁牢儿里下，","元","李茂之","则恁傍人每鉴咱。吃不过姐姐焦、娘娘哝、婆婆骂，欲待要离恁那壳中应难罢，只除是天摧地塌。最难禁碎揪ㄎ、胡腐掐、零碎抹，又没耕种千家生马，寻取个回头儿调发。不使钱恁娘嗔，使了钱俺那耶打。","chinese-poetry",""
"越调・小桃红消遣","元","爱山","一溪流水水溪云，雨霁山光润，野鸟山花破愁闷。乐闲身，拖条藜杖家家问。问谁家有酒，见青帘高挂，高挂在杨柳岸杏花村。世间惟有酒忘忧，酒况谁参透？酒解愁肠破亻孱亻愁。到心头，三杯涤尽胸中垢和颜润色，延年益寿，一醉解千愁。","chinese-poetry",""
"元和令・自从绝雁书，几度结龟卦。翠眉长是锁离愁，玉容憔悴煞。自元","元","白朴","宵等待过重阳，甚犹然不到家。","chinese-poetry",""
"小石调・恼煞人","元","白朴","又是红轮西坠，残霞照万顷银波。江上晚景寒烟，雾蒙蒙、风细细，阻隔离人箫索。","chinese-poetry",""
"幺篇・故人杳杳，长江风送，听胡笳沥沥声韵聒。一轮皓月朗，几处鸣榔，","元","白朴","时复唱和渔歌。转无那，沙汀蓼岸，一点渔灯相照，寂寞古渡停画舸。双生无语泪珠落，呼仆隶指泼水手，在意扶柁。","chinese-poetry",""
"幺篇・不觉的冰澌结，彤云布，朔风凛冽。乱扑吟窗，谢女堪题，柳絮飞","元","白朴","玉砌。长郊万里，粉污遥山千叠。去路赊，渔叟散，披蓑去，江上清绝。幽悄闲庭院，舞榭歌楼酒力怯，人在水晶宫阙。","chinese-poetry",""
"幺篇・岁华如流水，消磨尽，自古豪杰，盖世功名总是空，方信花开易谢，","元","白朴","始知人生多别。忆故园，漫叹嗟，旧游池铺，番做了孤踪兔穴。休痴休呆，蜗角蝇头，名亲共利切。富贵似花上蝶，春宵梦说。","chinese-poetry",""
"双调・殿前欢大都西山","元","唐毅夫","冷云间，夕阳楼外数峰闲，等闲不许俗人看。雨髻烟鬟，倚西风十二阑。休长叹，不多时暮霭风吹散。西山看我，我看西山。套数。","chinese-poetry",""
"南吕・一枝花怨雪","元","唐毅夫","不呈六出祥，岂应三白瑞。易添身上冷，能使腹中肌。有甚稀奇，无主向沿街坠，不着人到处飞。暗敲窗有影无形，偷入户潜踪蹑迹。","chinese-poetry",""
"梁州・才苫上茅庵草舍，又钻入破壁疏篱。似杨花滚滚轻狂势。你几曾见","元","唐毅夫","贵公子锦ブ绣褥？你多曾伴老渔翁箬笠蓑衣？为飘风胡做胡为，怕腾云相趁相随。只着你冻的个孟浩然挣挣痴痴，只着你逼的个林和靖钦钦历历。只着你阻的个韩退之哭哭啼啼。更长，漏迟。被窝中无半点儿阳和气，恼人眠，搅人睡。你那冷燥皮肤似铁石，着我怎敢相偎。","chinese-poetry",""
"尾・一冬酒债因他累，千里关山被你迷。似这等浪蕊闲花，也不是久长计。","元","唐毅夫","尽飘零数日，扫除做一堆，我将你温不热薄情化做了水。","chinese-poetry",""
"包待制三勘蝴蝶梦・赚煞","元","关汉卿","为甚我教你看诗书、习经史？俺待学孟母三移教子。不能勾金榜上分明题姓氏，则落得犯由牌书写名儿。想当时，也是不得已为之。便做道审得情真，奏过圣旨，只不过是一人处死；须断不了王家宗祀，那里便灭门绝户了俺一家儿？（同下）。","chinese-poetry",""
"包待制三勘蝴蝶梦・南吕/一枝花","元","关汉卿","解到这无人情御史台，元来是有官法开封府。把三个未发迹小秀士，生扭做吃勘问死囚徒。空教我意下踌躇，把不定心惊惧，赤紧的贼儿胆底虚。教我把罪犯私下招承，不比那小去处官司孔目。","chinese-poetry",""
"包待制三勘蝴蝶梦・梁州第七","元","关汉卿","这开封府王条清正，不比那中牟县官吏糊涂。扑咚咚阶下升衙鼓，唬的我手忙脚乱，使不得胆大心粗；惊的我魂飞魄丧，走的我力尽筋舒。这公事不比寻俗，就中间担负公徒。嗨、嗨、嗨，一壁厢老夫主在地停尸；更、更、更，赤紧地子母每坐牢系狱；呀、呀、呀，眼见的弟兄每受刃遭诛。早是怕怖，我向这屏墙边侧耳偷睛觑：谁曾见这官府？则今日当厅定祸福，谁实谁虚？。","chinese-poetry",""
"包待制三勘蝴蝶梦・隔尾","元","关汉卿","俺孩儿犯着徒流绞斩萧何律，枉读了恭俭温良孔圣书。拷打的浑身上怎生觑！打的来伤筋动骨，更疼似悬头刺股。他每爷饭娘羹，何曾受这般苦！。","chinese-poetry",""
"包待制三勘蝴蝶梦・菩萨梁州","元","关汉卿","大哥罪犯遭诛，二哥死生别路，三哥身归地府，干闪下我这老孽身躯！大哥孝顺识亲疏，二哥留下着当门户，第三个哥哥休言语，你偿命正合去。常言道""三人同行小的苦""，再不须大叫高呼。","chinese-poetry",""
"包待制三勘蝴蝶梦・黄钟尾","元","关汉卿","包龙图往常断事曾着数，今日为官忒慕古。枉教你坐黄堂、带虎符，受荣华、请俸禄。俺孩儿好冤屈，不睹事下牢狱。割舍了待泼做：告都堂、诉省部；撅皇城、打怨鼓；见銮舆、便唐突。呆老婆唱今古，又无人肯做主，则不如觅死处，眼不见鳏寡孤独；也强如没归着，痛煞煞、哭啼啼、活受苦！（下）。","chinese-poetry",""
"包待制三勘蝴蝶梦・正宫/端正好","元","关汉卿","遥望着死囚牢，恰离了悲田院，谁敢道半步俄延！排门儿叫化都寻遍，讨了些泼剩饭和杂面。","chinese-poetry",""
"包待制三勘蝴蝶梦・滚绣球","元","关汉卿","俺孩儿本思量做状元，坐琴堂、请俸钱。谁曾遭这般刑宪，又不曾犯""五刑之属三千""。我不肯吃、不肯穿，烧地卧、炙地眠，谁曾受这般贫贱！正按着陈婆婆古语常言，他须""不求金玉重重贵，却甚儿孙个个贤""，受煞熬煎。","chinese-poetry",""
"包待制三勘蝴蝶梦・叨叨令","元","关汉卿","叫化的些残汤剩饭，那里有重罗面！你不想堂食玉酒琼林宴，想当初长枷钉出中牟县，却不道布衣走上黄金殿。兀的不苦杀人也么哥！兀的不苦杀人也么哥！告你个提牢押狱行方便。","chinese-poetry",""
"包待制三勘蝴蝶梦・幺篇","元","关汉卿","你本待冤报冤，倒做了颠倒颠。岂不闻杀人偿命，罪而当刑，死而无怨。（做看王三科，唱）若是我两三番将他留恋，教人道后尧婆两头三面。（王大、王二云）母亲，我怎舍得兄弟也！（正旦云）大哥、二哥家去来，休烦恼者！（唱）。","chinese-poetry",""
"包待制三勘蝴蝶梦・尾煞","元","关汉卿","做爷的不曾烧一陌纸钱，做儿的又当了罪愆，爷和儿要见何时见？若要再相逢一面，则除是梦儿中咱子母团圆。（王大、王二随下）（王三云）张千哥哥，我大哥、二哥都那里去了？（张千云）老爷的言语，你大哥、二哥都饶了，着养活你母亲去；只着你替葛彪偿命。（王三云）饶了我两个哥哥，着我偿命去，把这两面枷我都带上。只是我明日怎么样死？（张千云）把你盆吊死，三十板高墙丢过去。（王三云）哥哥，你丢我时放仔细些，我肚子上有个疖子哩！（张千云）你性命也不保，还管你甚么疖子！（王三唱）。","chinese-poetry",""
"包待制三勘蝴蝶梦・端正好","元","关汉卿","腹揽五车书，（张千云）你怎么唱起来？（王三云）是曲尾。（唱）都是些《礼记》和《周易》。眼睁睁死限相随，指望待为官为相身荣贵，今日个毕罢了名和利。","chinese-poetry",""
"包待制三勘蝴蝶梦・夜行船","元","关汉卿","慌急列教咱观了面色，血模糊污尽尸骸。我与你慌解下麻绳，急松开衣带，您疾忙向前来扶策。","chinese-poetry",""
"包待制三勘蝴蝶梦・殿前欢","元","关汉卿","孩儿，你也合把眼睁开，却把谁家尸首与我背将来？也不是提鱼穿柳欢心大，也不是鬼使神差。虽然道死是他命该，你为甚无妨碍？（王三云）孩儿知道没事，是包爷爷吩咐教我背出来的。（正旦唱）常言道""老实的终须在""！把错抬的尸首，你与我土内藏埋。","chinese-poetry",""
"包待制三勘蝴蝶梦・水仙子","元","关汉卿","九重天飞下纸赦书来，您三下里休将招状责，一齐的望阙疾参拜。愿的圣明君千万载，更胜如枯树花开。捱了些脓血债，受彻了牢狱灾，今日个苦尽甘来。","chinese-poetry",""
"包待制三勘蝴蝶梦・鸳鸯煞","元","关汉卿","不甫能黑漫漫填满这沉冤海，昏腾腾打出了迷魂寨；愿待制位列三公，日转千阶。畅道娘加做贤德夫人，儿加做中牟县宰，赦得俺一家儿今后都安泰。且休提这恩德无涯，单则是子母团圆，大古里彩！。","chinese-poetry",""
"随何赚风魔蒯通・赚煞尾","元","无名氏","我如今跳出是非场，抹下了这功劳簿。只待要修仙辟谷，倒是俺散袒逍遥一愿足。再休提玉带金鱼，细踌躇、究竟何如，只俺可不诫前车与后车。眼见的三齐王受屈，因此上子房公归去，一任那太平天子百灵扶。(下)。","chinese-poetry",""
"随何赚风魔蒯通・幺篇","元","无名氏","那一个霸越的有计策，一个兴汉的好事绩。他为甚么远着红尘，守着青山，挨着黄齑。也只是养道德，躲是非，别无主意。(带云)我今日劝你，也不为别来。(唱)我则怕你祸临头急难涌退。(韩信云)蒯彻，我此去料无甚事，你但放心者。(正末云)元帅，不是我蒯彻阻当你，千万不可去。若不听蒯彻之言，我家有老母，即日须当拜辞元帅，回家侍养母亲去也。(韩信云)蒯彻，你放心。我见了圣人，不久也就回来，你怎便要辞了我去？(正末云)既然如此，你主意要去。令人与我将的那纸钱水饭过来。(卒子云)理会的。(卒子拿纸钱水饭当面前祭科)(正末唱)。","chinese-poetry",""
"随何赚风魔蒯通・朝天子","元","无名氏","我说知就里。想蒯彻也无他意，趁着你在日浇奠理当宜，若死了空迎祭。(云)元帅，你比那两个人如何？(韩信云)可是那两个人？(正末唱)我想那雍齿合诛，丁公无罪。汉萧何忒下的，救他出井底，倒将他斩讫。那的也须放着傍州例。(韩信云)蒯彻，你且回去。某只明日领了数百个军卒，入朝见圣人去来。(正末云)元帅，你若到其间，休说我蒯文通不劝你来。(唱)。","chinese-poetry",""
"随何赚风魔蒯通・耍孩儿","元","无名氏","今日个萧何反问施谋智，黑洞洞不知一个的实。若将军一脚到京畿，但踏着消息儿你可也便身亏。他安排着香饵把鳌龟钓，准备着窝弓将虎豹射。咱人泰极多生否，(韩信云)圣人要游云梦山去，宣某为留守哩。(正末唱)再休想吉祥如意，多管是你恶限临逼。","chinese-poetry",""
"随何赚风魔蒯通・煞尾","元","无名氏","我如今、我如今难劝你、难劝你，再休想驱兵领将元戎职，少不的做个背井离乡横死鬼。(下)。","chinese-poetry",""
"随何赚风魔蒯通・收尾","元","无名氏","想着他开疆展土将君王佐，这的是收园结果。当日个未央宫枉图了他，今日个汉萧何又觑着我。(下)。","chinese-poetry",""
"随何赚风魔蒯通・驻马听","元","无名氏","那张良治国安邦。扶的汉主登基霸主亡。韩信他驱兵领将。直会的真龙出世假龙藏。杀得个满身鲜血卧沙场，才博的这一方金印来收掌。你、你、你，今日也理当，怕不做凤凰飞在梧桐上。(萧相云)想当初主公起兵汉中，多亏了众位功臣，也不专靠那韩信一人之力。(正末云)我想楚汉争锋，鸿沟为界。那时节俺韩元帅投楚则楚胜，投汉则汉胜。天下之势，决于一人。我因此屡屡劝韩元帅留下项王，决个鼎足三分之计。怎当他不信忠言，致令身遭白刃。屈死了盖世英雄，岂不可惜！丞相，只你当初也曾保举他来，成也是你，败也是你。我蒯彻做不得反面的人，惟有一死，可报韩元帅于地下。(做跳科)(萧相云)令人，且与我挡住者。(樊哙云)蒯文通，韩信说是你搬调他来，你正是个通同谋反的人，当得认罪。(萧相云)樊将军，你说的是。想他在韩信手下为辩士。正是他心腹之人。律法有云：""一人造反，九族全诛""，何况他是通同谋反的。今日便将他油锅烹了，也不为枉。(正末云)丞相，我想汉王在南郑之时，雄兵骁将，莫知其数，然没一个能敌项王者。后来得了韩信，筑起三丈高台，拜他为帅，杀得项王不渡乌江，自刎而死。如今天下太平，更要韩信做甚么？斩便斩了，不为妨害。且韩信负着十罪，丞相可也得知么？(樊哙云)你说屈杀了韩信，可又有十罪？休说十罪，则一桩罪过，也就该死无葬身之地。(萧相云)蒯文通，既是韩信有十罪，你对着这众巨宰根前，试说一遍咱。(正末云)一不合明修栈道，暗度陈仓；二不合击杀章邯等三秦王，取了关中之地；三不合涉西河，虏魏王豹；四不合渡井陉，杀陈馀并赵王歇；五不合擒夏悦，斩张仝；六不合袭破齐历下军，击走田横；七不合夜堰淮河，斩周兰龙且二大将；八不合广武山小会垓；九不合九里山十面埋伏；十不合追项王阴陵道上，逼他乌江自刎。这的便是韩信十罪。(萧相叹介云)此十件乃是韩信之功，怎么倒是罪来？(正末云)丞相，韩信不只十罪，更有三愚。(萧相云)又有那三愚？(正末云)韩信收燕赵破三齐，有精兵四十万，恁时不反，如今乃反，是一愚也。汉王驾出城皋，韩信在修武，统大将二百余员，雄兵八十万，恁时不反，如今乃反，是二愚也。韩信九里山前大会垓，兵权百万，皆归掌握，恁时不反，如今乃反。是三愚也。韩信负着十罪，又有此三愚，岂不自取其祸？今日油烹蒯彻，正所谓兔死狐悲，芝焚蕙叹。请丞相自思之。(萧相同众悲科)(樊哙云)这一会儿连我也伤感起来了。(正末唱)。","chinese-poetry",""
"随何赚风魔蒯通・雁儿落","元","无名氏","笑杀我蒯文通舌辨强，怎出的你萧丞相机谋广。要诛的便着刀下诛，要向的便把心儿向。","chinese-poetry",""
"随何赚风魔蒯通・得胜令","元","无名氏","呀，畅好是没算计的汉贤良，左使着这一片狠心肠。早知道屈死了韩元帅，何不还留他楚霸王。图甚么风光，待气昂昂端坐在中军帐；只不如守着农庄，倒也稳拍拍常为田舍郎。","chinese-poetry",""
"随何赚风魔蒯通・鸳鸯煞","元","无名氏","若是汉天子早把书明降，韩元帅免受人诬罔。可不的带砺河山，盟言无恙。我蒯彻也妆甚么风魔，使甚么伎俩。(还冠带科，唱)这冠带呵添不得我荣光！(还黄金科唱)这金呵铸不得他黄金像！只要你个萧丞相自去思量，怎生的屈杀了什大功臣被万民讲！。","chinese-poetry",""
"梁州・叹落落情怀不己，恨匆匆岁月何之。拥并也似一片闲愁撺掇出伤心","元","詹时雨","故事。往常时花笺写恨，红叶题诗，都做了风中飞絮，水上浮萍。痛杀杀玉连环掂的瑕疵。碜可可锦回纹揉的参差。瘦廉纤对妆奁金粉慵施，愁荏苒秀房中拈针慵使，病淹渐锦筝挡金柱慵支。念兹。对此，匆匆岁月三之二，恰初三早初四。呖呖风前孤雁儿，感起我一弄嗟咨。","chinese-poetry",""
"尾声・雁儿你写西风曲似苍颉字，对南浦愁如宋玉词。恰春归，早秋至，","元","詹时雨","多寒温，少传示；恼人肠，聒人耳，碎人心，堕人志。雁儿则被你撺掇出无限相思，偏怎生不寄俺有情分故人书半纸。","chinese-poetry",""
"般涉调・哨遍新建构栏教坊求赞","元","詹时雨","圣遍飞龙当日，火精焰焰光天德。三尺剑一戎衣，笑谈间平吞了万里华夷。二气里，八荒跻寿。四海涵春，出雍熙治。都会金陵佳丽，鲁麟呈瑞，周凤来仪。天香荡漾酒旗风，甘露调和落花泥。拽塌了旌旗，打灭了烽尘，销溶了剑戟。","chinese-poetry",""
"中吕・朝天子赴约","元","刘庭信","夜深深静悄，明朗朗月高，小书院无人到。书生今夜且休睡着，有句话低低道：半扇儿窗棂，不须轻敲，我来时将花树儿摇。你可便记着，便休要忘了。影儿动咱来到。","chinese-poetry",""
"双调・雁儿落过得胜令","元","无名氏","想赴蟠桃玳瑁筵，休享御酒琼林宴。息争名夺利心，发养性修真愿。争如纸被裹云眠，茶药倚炉煎。看峻岭衔花鹿，使巅峰献果猿。朝元，在金阙寥阳殿。安然，蓬莱洞里仙。为浮生两鬓白，观镜里朱颜迈。忙辞了白象简，紧纳了金鱼带。绿柳倚门栽，金菊映篱开。爱的是流水清如玉，那里想侯门深似海。幽哉，袖拂白云外。彭泽，清闲归去来。光阴似流水，日月搬昏昼。尘俗一笔勾，世事都参透。睡来时高枕一无忧，闷来时拄杖半过头。饥来时一钵千家饭，闲来时孤身万里游。盈眸，阆苑风光秀。抬头，蓬莱景物幽。荣华似风内灯，富贵如槐安梦。恰六朝贺太平，十二国干戈动。人海混鱼龙，浮世隐英雄。收楚韩元帅，兴周的姜太公。功名，到底成何用？悉是：南柯一梦中！。","chinese-poetry",""
"双调・雁儿落过得胜令","元","刘庭信","懒栽番岳花，学种樊迟稼。心闲梦寝安，志满忧愁大。无福享荣华，有分受贫乏。燕度春秋社，蜂喧早晚衙。茶瓜，林下渔樵话。桑麻，山中宰相家。下一局不死棋，论一着长生计。服一丸延寿丹，养一口元阳气。看一片岭云飞，听一会野猿啼。化一钵千家饭，穿一领百衲衣。枕一块顽石，落一觉安然睡。对一派清溪，悟一生玄妙理。套数。","chinese-poetry",""
"正宫・端正好金钱问卜","元","刘庭信","香尘暗翠帏屏，花露冷鲛绡帐，闷恹恹画阁兰堂。愁云怨雨风流况，都蹙在眉尖上。","chinese-poetry",""
"滚绣球・启绿窗离了绣房，博山炉把香来拈上，办着片志诚心祷告穹苍，","元","刘庭信","低低的念了一会，深深的拜了四方。转秋波又则怕外人偷望，则为咱正青春未配鸾凰。甚时得遇乘鸾客？何日相逢傅粉郎？审问个行藏。","chinese-poetry",""
"幺篇・卦爻儿端的无虚诳，莫不是会双星日吉时良？这的是好事成从天降，","元","刘庭信","佳期准望，何必再斟量？。","chinese-poetry",""
"南吕・一枝花秋景怨别","元","刘庭信","金风送晚凉，玉露消残暑，素蟾光皎洁，丹桂影扶疏。鬼病揶揄，空把光阴负，暮秋深天气肃，寒浸罗襦，一阵阵相思透骨。","chinese-poetry",""
"梁州・凄凉境一遭儿摆布，相思阵十面埋伏。那些儿感起我这伤情处。乱","元","刘庭信","纷纷残花病菊，滴溜溜败叶凋梧。疏刺刺风摇翠竹，淅零零雨洒荒芜。意痴痴感叹嗟吁，冷清清一弄儿萧疏。怕的是枯荷缺处添黄，衰柳凋时减绿，丹枫老也涂朱。对对，付付。支吾过白日离愁去，淹的早碧天暮。咚的黄昏一声鼓，好教我魂魄全无。","chinese-poetry",""
"骂玉郎・愁来愁到无穷处，割不断愁肠肚。撇下这病身躯，割舍了魂灵向","元","刘庭信","梦里寻他去。梦和魂休间阻，魂和梦却对付，天也与人一个囫囵的做。","chinese-poetry",""
"采茶歌・雁儿，往常时趁程途，盼江湖，且是的悲悲切切语喧呼。今夜毛","元","刘庭信","团为甚不言语，知他你那答儿里错下了断肠书。","chinese-poetry",""
"尾声・惊回残梦添凄楚，无奈秋声最狠毒。风声忧，雨声怒，角声哀，鼓","元","刘庭信","声助。一声听，一声数，一声愁，一声苦。投至的风声宁，雨声住，角声绝，鼓声足。又被这一声钟撞我一口长吁，则我这泪点儿更多如窗外雨。咏别凤台宝鉴分，锦瑟冰弦断。丹青歌扇歇，金缕舞衣宽。娇凤雏鸾，愁与闷难思算，闷和愁几样般。百千张锦纸花笺，一万枝霜毫象管。","chinese-poetry",""
"骂玉郎・兰堂失却风流伴，倦刺绣懒描鸾，金钗不整乌云乱。情深似刀刃","元","刘庭信","愁来似乱箭攒，人去似风筝断。","chinese-poetry",""
"感皇恩・口则说应举求官，多因是买笑追欢。从今后鸳梦儿再休完，鱼书","元","刘庭信","儿都休寄，龟卦儿也休钻。离愁万般，心绪多端。芳草迷烟树，落花催雨点，香絮滚风团。","chinese-poetry",""
"尾声・蝇头风月如堆卵，鸡肋恩情似滚丸。枕上余香被窝中春暖，有人知","元","刘庭信","无人管。往常时信音通直恁情欢，到如今鸾信少雁书稀鸳梦短。春日送别丝丝杨柳风，点点梨花雨。寸随花瓣落，风趁柳条疏。春事成虚，无奈春归去。春归何太速？试问东君：谁肯与莺花做主？。","chinese-poetry",""
"梁州・锦机摇残红扑簌，翠屏开嫩绿模糊。茸茸芳草长亭路，乱纷纷花飞","元","刘庭信","园圃。冷清清春老郊墟，恨绵绵伤春感叹，泪涟涟对景踌蹰。不由人不感叹嗟吁，三般儿巧笔堪图。你看那蜂与蝶趁趁逐逐，花共柳攒攒簇簇，燕和莺唤唤呼呼。鹧鸪，杜宇。替离人细把柔肠诉，愁和泪一时住。不由我相思泪如雨，怎教宁耐须臾？。","chinese-poetry",""
"骂玉郎・叫一声才郎身去心休去，不由我愁似铁、泪如珠，樽前无计留君","元","刘庭信","魂飞在离恨途，身落在寂寞所，情递在相思铺。","chinese-poetry",""
"感皇恩・呀，则愁你途路崎岖，鞍马上劳碌。柳呵都做了断肠枝，酒呵难","元","刘庭信","道是忘忧物？人呵怎减的护身符？早知你抛掷咱应举，我不合惯纵的你读书。伤情处，我命薄，你心毒！。","chinese-poetry",""
"采茶歌・觑不的献勤的仆、势情的奴，声声催道误了程途。一个大厮把的","元","刘庭信","忙牵金勒马，这一个悄声儿回转画轮车。","chinese-poetry",""
"隔尾・江湖中须要寻一个新船儿渡，宿卧处多将些厚褥子儿铺。起时节迟","元","刘庭信","些儿起，住时节早些儿住。茶饭上无人将你顾觑，睡卧处无人将你盖覆，你是必早寻一个着实店房里宿。","chinese-poetry",""
"红绣鞋・歌扇掩胭脂红褪，舞衣飘兰麝香温，冰丝细织帕罗新。翠裙鹦鹉","元","刘庭信","绿，绣带凤凰纹，玉铺胡蝶粉。","chinese-poetry",""
"普天乐・一见了引人魂，再见了消人闷。急追陪金杯错落，莫辜负翠袖殷","元","刘庭信","觑一觑万种娇，笑一笑千金俊，手撒红牙流歌韵，坠梁尘遏住行云。肠断也苏州刺史，心坚也薄东倦客，情迷也洛浦行人。","chinese-poetry",""
"耍孩儿・玳筵开一派笙歌引，簇拥着一个娉婷玉人。舞纤腰憔瘦不胜春，","元","刘庭信","美孜孜笑脸温存。也宜教画栏干遮护着琼花蕊，锦帐幕周围着玉树春。酒捧着金波酝，受用杀银筝象板，风流杀翠袖红裙。","chinese-poetry",""
"驻马听・寂寂瑶阶，春日阑珊景物乖。困人天色，不堪梳洗傍妆台。梨花","元","刘庭信","寂寞玉容衰，海常零落胭脂败。自裁划，今春更比前春煞。","chinese-poetry",""
"得胜令・灵鹊儿噪庭槐，车马过长街。准备着月下星前拜，安排着春衫和","元","刘庭信","泪揩。打叠起愁怀，怕不待宁心耐，闷晶月难捱，我则怕青春不再来。","chinese-poetry",""
"折桂令・将一块望夫石雾锁云霾，到如今燕侣莺俦，枉惹的蝶笑蜂猜。几","元","刘庭信","时能够单凤成双、锦鸳作对、鱼水和谐？盼佳期今春左侧，海棠开不见他回来。想俺那多才，柳陌花街，莫不是谢馆秦楼？多应在走马章台！。","chinese-poetry",""
"尾声・来时节吃我一会闲顿摔，我可便不比其他性格。那其间信人搬弄的","元","刘庭信","耳朵儿来揪，把俺那薄幸的娇才面皮上掴。","chinese-poetry",""
"双调・夜行船青楼咏妓","元","刘庭信","新梦青楼一操琴，是知音果爱知音。笺锦香寒，帕罗粉渗，遥受了些妆孤处眼余眉甚。","chinese-poetry",""
"幺篇・腰瘦刚争不姓沈，被闲愁恼至如今。只为那镜约钗期，翻做了花毒","元","刘庭信","酒鸩，揣上一个罪名儿雨囚云禁。","chinese-poetry",""
"薛仁贵荣归故里・仙吕/端正好","元","张国宾","你如今离了村庄，别了乡党，拜辞了年老爹娘。(薛仁贵云)您孩儿此去，定要赤心报国，展土开疆，博个封侯拜将而回。父亲放心者。(正末唱)你待要，忘生舍死在这沙场上。则你那雄赳赳气昂昂，身凛凛貌堂堂。知甚日得还乡？哎！儿也，休教您这两口儿斜倚定门儿望。(同卜儿下)(旦儿云)大哥，妾身在家，情愿替你侍养公婆，你放心的自去。妾身送你出这柴门外也。(薛仁贵云)大嫂，堂上无人，你自回去，侍奉公婆，不必送我。(拜别科)(薛仁贵诗云)我今日远去投军，惟愿你孝顺双亲。(先下)(旦做悲科，诗云)虽然是芳年连理，为功名只得离分。(下)。","chinese-poetry",""
"薛仁贵荣归故里・赚煞尾","元","张国宾","也不负了你血染战袍红，镫藏着征靴绿，那一枝方天戟超今越古。看这赖功贼容颜如粪土，出辕门豕窜狼逋。怎知你喜都都，后拥前呼，那里也一将功成万骨枯。(薛仁贵云)量小将有甚功劳，感蒙监军大人这般抬举。(正末唱)则为你外疆展土，拿云握雾，托赖着圣明天子百灵扶。(下)。","chinese-poetry",""
"薛仁贵荣归故里・幺篇","元","张国宾","则见他怕撇撇开圣旨，早唬的来黄甘甘改了面色。(张士贵云)令人两边摆着，休着那老的上前来。(卜儿哭科)(正末云)儿也。(唱)则见他恶哏哏的公吏两边排，则除是南海救苦难观自在。(张士贵云)打开那老的，休着他劫夺了。(正末唱)唬的我磕头也那礼拜。(带云)大人。(唱)你饶过俺孩儿一命不强似把万僧斋？。","chinese-poetry",""
"薛仁贵荣归故里・浪里来煞","元","张国宾","把孩儿扑碌碌推出门，(张士贵云)抢出去杀坏了罢。(正末唱)眼睁睁的要杀坏，空教我心劳意攘怎支划？(张士贵云)执缚定着，休走这厮也。(正末唱)我只见麻绳背绑教他难挣坐，养谁来把孩儿耽待？哎哟！儿也，咱要相逢，则除是九重天将这一纸赦书来。(正末同卜儿下)。","chinese-poetry",""
"薛仁贵荣归故里・满庭芳","元","张国宾","怎敢道是推东主西？我则怕言无关典，话不投机。(薛仁贵云)你可是土居也？可是寄居？当着甚么差徭？(正末唱)孩儿每在龙门镇民户当夫役。(薛仁贵云)您成群打伙，在这里做甚么哩？(正末唱)今日正百五寒食，上坟的都是同乡共里，吃酒用瓦钵和这磁杯。怕官人待要来敛科税，我去村头行报知。官人也你但道的我便依随。","chinese-poetry",""
"薛仁贵荣归故里・耍孩儿","元","张国宾","则你那老爹娘受苦你身荣贵，全改换了个雄躯壮体。比那时将息的可便越丰肥，长出些苫辱的髭髟。","chinese-poetry",""
"薛仁贵荣归故里・煞尾","元","张国宾","他从黄昏哭到明，早辰间哭到黑，哭你个离乡背井薛仁贵。(云)则你那一双父母，朝暮倚着柴门，望那驴哥儿。知道几时回来，兀的不艰难杀了也。(唱)可怜见你那年老的爹娘盼望杀你。(天旦同下)。","chinese-poetry",""
"薛仁贵荣归故里・殿前欢","元","张国宾","俺孩儿便得来家，你看他参随人马甚头踏？(薛仁贵云)您孩儿不觉的去了十年光景也。(正末唱)这十年光景成虚话，可是真假。疑怪这灵鹊儿噪晚衙。喜蛛儿在檐前挂，魂梦儿撇不下。我数日前笃速速眼跳，昨夜里便急爆灯花。","chinese-poetry",""
"薛仁贵荣归故里・折桂令","元","张国宾","定道是俺家门则有这媳妇儿贤达，谁知你又被皇恩赐与娇娃。一个是勇烈之夫，一个是糟糠之妇，一个是宰相之家。那一个知礼数，好生谦洽；这一个忒温泉，并没参差。您两个堪羡堪夸，无衅无瑕。这一个村庄妇，曾举案齐眉；那一个官宦女，似锦上添花。","chinese-poetry",""
"双调・殿前欢秋日湖上","元","张可久","倚吟篷，障西风十里锦芙蓉。照沧浪似入桃源桐，欠个渔翁。冰泉泻翠筒，玉液浮银瓮，罗袖擎金凤。团香弄粉，泛绿依红。次酸斋韵二首钓鱼台，十年不上野鸥猜。白云来往青山在，对酒开怀。欠伊周济世才，犯刘阮贪杯戒，还李杜吟诗债。酸斋笑我，我笑酸斋。唤归来，西湖山上野猿哀。二十年多少风流怪，花落花开。望云霄拜将台，袖星斗安邦策，破烟月迷魂寨。酸斋笑我，我笑酸斋。离思二首夜啼乌，柳枝和月翠扶疏。绣鞋香染莓苔露，搔首踟蹰。灯残瘦影孤，花落流年度，春去佳期误。离鸾有恨，过雁无书。月笼沙，十年心事付琵琶。相思懒看帏屏画，人在天涯。春残豆蔻花，情寄鸳鸯帕，香冷荼コ架。旧游台榭，晓梦窗纱。西湖晚晴总宜船，绿情红意雨余天。盈盈皓月明如练，棹举冰田。神仙太乙莲，图画崔徽面，才思班姬扇。新诗象管，古调冰弦。客中二首望长安，前程渺渺鬓斑斑。南来北往随征雁，行路艰难。青泥小剑关，红叶湓江岸，白草连云栈。功名半纸，风雪千山。锦缠头，粉筝低按舞《凉州》。佳人一去春残后，香冷云兜。晴山翠黛愁，绿水罗裙皱，细柳宫腰瘦。梨花暮雨，燕子空楼。","chinese-poetry",""
"双调・清江引秋思","元","张可久","自从玉关人去也，寂寞银屏夜。风寒白藕花，露冷青桐叶，雁儿未来书再写。幽居红尘是非不到我，茅屋秋风破。山村小过活，老砚闲工课，疏篱外玉梅三四朵。桐柏山中松风小楼香缥缈，一曲寻仙操。秋风玉兔寒，野树金猿啸，白云半天山月小。湖山避暑好山尽将图画写，诗会白云社。桃笙卷浪花，茶乳翻冰叶，荷香月明人散也。春思二首杜鹃几声烟树暖，风雨相撺断。梨花月未圆，柳絮春将半，夜长可怜归梦短。绣针懒拈闲素手，倦枕金钗溜。莺啼绿柳春，燕舞红帘昼，东风院落人病酒。九日湖上西风又吹湖上柳，画舫携红袖。鸥眠野水闲，蝶舞秋花瘦，风流醉翁不在酒。山居春枕门前好山云占了，尽日无人到。松风响翠涛，槲叶烧丹灶，先生醉眠春自老。春晚二首黄昏闭门谁笑语，燕子飞不去。珠帘溅雨花，翠坞埋烟树，酒醒五更闻杜宇。离愁困人帘未卷，上下飞双燕。孤云带雨痕，暗水流花片，湖边日长春去远。湖上晚望东西往来船斗蚁，拍手胡姬醉。歌声落照边，塔影孤云际，荷风夜凉天似水。秋怀西风信来家万里，问我归期未？雁啼红叶天，人醉黄花地，芭蕉雨声秋梦里。","chinese-poetry",""
"中吕・朝天子山中杂书三首","元","张可久","罢手，去休，已落在渊明后。百年心事付沙鸥，更谁是忘机友。洞口渔舟，桥边村酒，这清闲何处有？树头，锦鸠，花外啼春昼。夜长，未央，盼杀鸡三唱。东华听漏满靴霜，却笑渊明强。月朗禅床，风清鹤帐，梦不到名利场。草堂，暗香，春已到梅梢上。醉馀，草书，李愿盘谷序。青山一片范宽图，怪我来何暮？鹤骨清癯，蜗壳蘧庐，得安闲心自足。蹇驴，和酒壶，风雪梅花路。野景亭瓜田邵平，草堂杜陵，五柳庄彭泽令。牵牛篱落掩柴荆，犬吠林塘静。树顶蟾明，水面风生，听渔歌三四声。小亭，野景，动著我莼鲈兴。酸斋席上听胡琴玉鞭，翠钿，记马上昭君面。一梭银线解冰泉，碎拆骊珠串。雁舞秋烟，莺啼春院，伤心塞草边。醉仙，彩笺，写万里关山怨。春思见他，问咱，怎忘了当初话？东风残梦小窗纱，月冷秋千架。自把琵琶，灯前弹罢，春深不到家。五花，骏马，何处垂杨下。梅友元帅席上老夫，病余，尚草《长门赋》。阿莲娇吻贯骊珠，试听《莺啼序》。玉露冰壶，香风琼树，醉归来不用扶。小奴，按舞，看了梅花去。","chinese-poetry",""
"中吕・红绣鞋次韵","元","张可久","剑击西风鬼啸，琴弹夜月猿号，半醉渊明可人招。南来山隐隐，东去浪淘淘，浙江归路杳。春日湖上二首百五日清明节假，两三攒绿暗人家，客子飘零尚天涯。春风轻柳絮，夜雨瘦梨花，绿杨阴谁系马？绿树当门酒肆，红妆映水鬟儿，眼底殷勤座间诗。尘埃三五字，杨柳万千丝，记年时曾到此。春夜燕子来时酒病，牡丹开处诗情，庭院黄昏雨初晴。镜心闲挂月，筝手碎弹冰，樽前春夜永。湖上无是无非心事，不寒不暖花时，妆点西湖似西施。控青丝玉面马，歌《金缕》粉团儿，信人生行乐耳。圣水寺山亭佛国清凉境界，壶天金碧楼台，照眼西山画屏开。海云推月上，江水带潮来，醉嫌天地窄。越山即事山拥玉皇香案，烟笼翠羽仙鬟，两袖天风倚高寒。鹤归苍树杪，犬吠白云间，蓬莱迷望眼。天台瀑布寺绝顶峰攒雪剑，悬崖水挂冰帘，倚树哀猿弄云尖。血华啼杜字，阴洞吼飞廉，比人心山未险。次归去来韵东舍西邻酒债，春花秋月诗才，两字功名困尘埃。青山依旧好，黄菊近新栽，没商量归去来。洞庭道中二首白鹭荒堤老葑，黄云远水长空，百尺蒲帆饱西风。酒旗花影里，钓艇树阴中，好山千万重。逐名利长安日下，望乡关倦客天涯，孤雁南来倍思家。乱山云掩翠，老树雪生花，冻吟诗骑瘦马。天台桐柏山中谈世事渔樵闲问，洗征尘麋鹿相亲，步入蓬莱误寻真。竹声摇翠雨，山影护苍云，神仙深处隐。雪芳亭金错落樽前酒令，玉娉婷乐府新声，夜深花睡嫩寒生。一围云锦树，四面雪芳亭，月斜时人未醒。春晚圆旧梦衾闲锦绣，按新声弦断箜篌，满襟离思倦登楼。花寒鹦鹉病，春去杜鹃愁，倚栏人困酒。岁暮二首金莲步苍苔小径，玉钩垂翠竹闲亭，物换星移暗伤情。游鱼翻冻影，啼鸟泛春声，落梅香暮景。竞酒争花公事，吟风弄月神思，好春能有几何时？玲珑心似锦，积渐鬓成丝，落一张闲故纸。山中黄叶青烟丹灶，曲阑明月诗巢，绿波亭下小红桥。老梅盘鹤膝，新柳舞蛮腰，嫩茶舒凤爪。鉴湖落叶山容消瘦，题诗人物风流，一片闲云驻行舟。月寒清镜晓，花淡碧壶秋，谪仙同载酒。三衢山中白酒黄柑山郡，短衣瘦马诗人，袖手观棋度青春。仙桥藏老树，石笋瘗苍云，松花飘瑞粉。","chinese-poetry",""
"双调・沉醉东风钓台","元","张可久","貂裘敝谁怜倦客，锦笺寒难写秋怀。野水边，闲云外，尽教他鸥鹭惊猜。溪上良田得数顷来，也敢上严陵钓台。湖上垂杨柳无人自舞，提葫芦有意相呼。酒醒时，花深处，插花枝满头归去。莫惜千金倒玉壶，春已近梨花暮雨。元夜明月无心紫箫，夕阳何处蓝桥？蕙帐寒，梅花落，故人稀渐疏谈笑。看见鹅黄上柳条，等闲放元宵过了。幽居二首脚到处青山绿水，兴来时白酒黄鸡。远是非，绝名利，腹便便午窗酣睡。鹦鹉杯中昼日迟，到强似麒麟画里。笑白发犹缠利锁，喜红尘不到渔蓑。八咏诗，三闾些，收拾下晚春工课。茅舍疏篱小过活，有情分沙鸥伴我。","chinese-poetry",""
"中吕・迎仙客感旧","元","张可久","鹦鹉洲，凤凰楼，十年故人怀旧游。杜陵花，陶令酒，酒病花愁，不觉的今春瘦。湖上送别钓锦鳞，棹红云，西湖画船三月春。正思家，还送人，绿满前村，烟雨江南恨。春日湖上二首雨亦奇，锦成围，笙歌满城莺燕飞。紫霞杯，金缕衣，倒著接篱，湖上山翁醉。舞绛纱，扣红牙，耳边玉人催人马。雪儿歌，苏小家，月淡梨花，醉倚秋千架。春晚看牡丹，倚阑干，宿酒乍醒欹髻鬟。燕初忙，莺正懒，帘卷轻寒，玉手调筝雁。秋夜雨乍晴，月笼明，秋香院落砧杵鸣。二三更，千万声，捣碎离情，不管愁人听。黄桂近玉阶，映瑶台，婆娑小丛岩畔栽。雁初飞，花正开，金粟如来，望月佳人拜。","chinese-poetry",""
"越调・凭阑人湖上二首","元","张可久","远水晴天明落霞，古岸渔村横钓槎。翠帘沽酒家，画桥吹柳花。二客同游过虎溪，一径无尘穿翠微。寸心流水知，小窗明月归。春夜灯下愁春愁未醒，枕上吟诗吟未成。杏花残月明，竹根流水声。春思三首莺羽金衣舒晚风，燕嘴香泥沾乱红。翠帘花影重，玉人春睡浓。春柳长亭倾酒樽，秋菊东篱洒泪痕。思君不见君，倚门空闭门。帘外轻寒归燕忙，桥下残红流水香。游人窥粉墙，玉骢嘶绿杨。","chinese-poetry",""
"中吕・山坡羊春日二首","元","张可久","芙蓉春帐，葡萄新酿，一声《金缕》樽前唱。锦生香，翠成行，醒来犹问春无恙，花边醉来能几场？妆，黄四娘。狂，白侍郎。西湖沉醉，东风得意，玉骢骤响黄金辔。赏春归，看花回，宝香已暖鸳鸯被，萝绕绿窗初睡起。痴，人未知。噫，春去矣。雪夜扁舟乘兴，读书相映，不如高卧柴门静。唾壶冰，短檠灯，隔窗孤月悬秋镜，长笛不知何处声？惊，人睡醒。清，梅弄影。别怀梨花都谢，春衫初卸，绿阴空锁闲台榭。远山叠，暮云遮，青青杨柳连官舍。此景此情难弃舍，车，且慢些。别，人去也。","chinese-poetry",""
"南吕・四块玉闲居","元","张可久","胜事添，殿尘减，玉洞仙书带云缄，金华羽士登门探。酒一坛，药几篮，经半龛。春情酒易阑，愁难解，杏脸香销玉妆台，柳腰宽褪罗裙带。春已归，花又开，人未来。乐闲远是非，寻潇洒，地暖江南燕宜家，人闲水北春无价。一品茶，五色瓜，四季花。","chinese-poetry",""
"中吕・喜春来鉴湖春日","元","张可久","雁啼秋水移冰柱，蚁泛春波倒玉壶，绿杨花谢燕将雏。人笑语，游遍贺家湖。金华客舍落红小雨苍苔径，飞絮东风细柳营，可怜客里过清明。不待听，昨夜杜鹃声。永康驿中荷盘敲雨珠千颗，山背披云玉一蓑，半篇诗景费吟哦。芳草坡，松外采茶歌。春夜收云敛雨销金帐，望月瞻星傅粉郎，欢天喜地小红娘。来要赏，花影过东墙。","chinese-poetry",""
"南吕・骂玉郎过感皇恩采茶歌为酸斋解嘲","元","张可久","君王曾赐琼林宴，三斗始朝天，文章懒入编修院。红锦笺，白苎篇，黄柑传。学会神仙，参透诗禅。厌尘嚣，绝名利，近林泉。天台洞口，地肺山前。学炼丹，同货墨，共谈玄。兴飘然，酒家眠。洞花溪鸟结姻缘，被我瞒他四十年，海天秋月一般圆。杨驹儿墓园莓苔生满苍云径，人去小红亭，题情犹是酸斋赠。我把那诗韵赓，书画评，栏干凭。茶灶尘凝，墨水冰生。掩幽扃，悬瘦影，伴孤灯。琴已亡伯牙，酒不到刘伶。策短藤，乘暮景，放吟情。写新声，寄春莺。明年来此赏清明，窗掩梨花庭院静，小楼风雨共谁听？。","chinese-poetry",""
"双调・水仙子访梅孤山","元","张可久","苍苔封了岁寒枝，翠袖闲来日暮时，黄昏说尽平生事。西湖林处士，想当年鹤骨松姿。花下孤山寺，水边新月儿，慰我相思。湖上晚归二首桃花马上石榴裙，竹叶樽前玉树春，荔枝香里江梅韵。风流比太真，索新词缠住诗人。醉眼空银汉，歌声度锦云，凉月黄昏。佳人微醉脱金钗，恶客佯狂饮绣鞋，小鬟催去褰罗带。花寒月满街，荡湖光影转楼台。未了鸳鸯债，枉教鸥鹭猜，明日重来。清明小集红香缭绕柳围花，翠袖殷勤酒当茶，游春三月清明假。香尘随去马，小帘栊绿水人家。弹仙吕六幺遍，笑女童双髻丫，纤手琵琶。苏堤晚兴翠帘堤上小肩舆，乌帽风前醉老夫，浸冰壶云锦高低树。笑王维作画图，步凌波红粉相扶。罗裙酒污，兰舟棹举，月上西湖。湖上小隐二首自由湖上水云身，烂漫花前莺燕春，萧疏命里功名分。乐琴书桑苎村，掩柴门长日无人。蕉叶权歌扇，榴花当舞裙，一笑开樽。梦随流水过前滩，喜共闲云归故山，倚筇和靖坟前看。把梅花多处拣，盖深深茅屋三间。歌白石烂，赋行路难，紧闭柴关。春行即事绿笺香露洒蕉花，翠线晴风绽柳芽，游人三月湖山下。六桥边争系马，江南第一所繁华。金碧王维画，管弦苏小家，酒船回落日归鸦。孤山宴集长桥卧柳枕苍烟，远水揉蓝洗暮天，画图千古西施面。相逢越少年，问孤山何处逋仙？吾与二三子，来游六一泉，载酒梅边。","chinese-poetry",""
"双调・折桂令湖上寒食","元","张可久","雨霏霏店舍无烟，榆荚飞钱，柳线搓绵。绿水人家，残花院落，美女秋千。沽酒春衣自典，思家客子谁怜？第一桥边，恋住流莺，不信啼鹃。湖上道院鹤飞来一缕青霞，笑富贵飞蚊，名利争蜗。古砚玄香，名琴绿绮，土釜黄芽。双井先春采茶，孤山带月锄花。童子谁家？贪看西湖，懒诵南华。酒边即事莺莺燕燕相亲，幸有名园，著我闲身。竹点诗痕，花消酒困，柳拂歌尘。锦帐里团香弄粉，画楼前访雨寻云。不负青春，谁共佳人，相约黄昏？避暑醉题俯沧波楼观烟霞，胜览方舆，独占繁华。彩舰轻帘，银鞍骏马，翠袖娇娃。十里香风酒家，一川凉雨荷花。醉墨涂鸦，题遍红楼，倒裹乌纱。","chinese-poetry",""
"中吕・满庭芳湖景","元","张可久","丝竹管弦，花围富贵，柳阵婵娟。绿阴红影藏莺燕，醉客金鞭。锦步障长安上苑，玉浮图极乐西天。一步一个屏风面，孤山寺前，无数采莲船。","chinese-poetry",""
"中吕・普天乐重过西湖","元","张可久","画图中，红尘外，妆台玉钗，芳径罗鞋。金瓶带酒携，纨扇和诗卖。一枕清风扁舟快，碧桃香两岸花开。刘郎再来，西施好客，东阁怜才。暮春即事老梅边，孤山下，晴桥くぐ，小舫琵琶。春残杜宇声，香冷荼コ架。淡抹浓妆山如画，酒旗儿三两人家。斜阳落霞，娇云嫩水，剩柳残花。","chinese-poetry",""
"双调・清江引独酌","元","张可久","玉笛一声天地愁，便觉梅花瘦。寒流清浅时，明月黄昏后，独醉一樽桑落酒。夜景醺醺绮罗欢笑彻，檀板歌声歇。宝鼎串香绝，银烛灯花谢，玳筵前酒阑人散也。情描金翠钿侵鬓贴，满口儿喷兰麝。檀板撒红牙，皓齿歌白雪，定不定百般娇又怯。","chinese-poetry",""
"越调・小桃红湖亭秋夜","元","张可久","锦鸳偷占藕花汀，花影涵秋镜。人倚阑干叹孤另，掩围屏，伤心眼见秋成病。月明吊影，风清遣兴，玉手寄银筝。","chinese-poetry",""
"中吕・朝天子湖上","元","张可久","瘿杯，玉醅，梦冷芦花被。风清月白总相宜，乐在其中矣。寿过颜回，饱似伯夷，闲如越范蠡。问谁，是非，且向西湖醉。","chinese-poetry",""
"双调・沉醉东风湖上晚眺","元","张可久","林君复先生故居，苏子瞻学士西湖。六月天，孤山路，载笙歌画船无数。万顷玻璃浸玉壶，夕阳外荷花带雨。晚春席上客坐松根看水，鹤来庭下观棋。小砚香，残红坠，竹珊珊野亭交翠。相伴闲云出岫迟，题诗在呼猿洞里。","chinese-poetry",""
"越调・天净沙孤山雪夜","元","张可久","淡妆人在罗浮，黄昏月上西湖，翠袖翩翩起舞。倚阑索句，雪中树老山孤。湖上送别红蕉隐隐窗纱，朱帘小小人家，绿柳匆匆去马。断桥西下，满湖烟雨愁花。重游感旧迷香小洞维舟，题红老叶沉沟，濯锦寒花对酒。六桥依旧，游人两鬓经秋。晚步吟诗人老天涯，闭门春在谁家？破帽深衣瘦马。晚来堪画，小桥风雪梅花。忆西湖灯寒夜雪孤篷，山空晓雾疏钟，花暖春风瘦筇。六桥香梦，景题留与吟翁。","chinese-poetry",""
"正宫・小梁州春游晚归","元","张可久","玉壶春水浸晴霞，景物奢华。彩船歌管间琵琶，青旗挂，沽酒是谁家？。","chinese-poetry",""
"南吕・金字经湖上小隐","元","张可久","老翁婆娑处，清风安乐窝，十二阑干锦绣坡。多，好山横翠蛾，兰舟过，月明闻棹歌。采莲女小玉移莲棹，阿琼横玉箫，贪看荷花过断桥。摇，柳枝学弄瓢。人争笑，翠丝抓凤翘。秋望白发三千丈，画楼十二阑，鸥鹭翩翩逐往还。山，淡云秋树间。芦花岸，钓船沙上滩。湖堤春日院宇绿杨树，酒旗红杏村，一片棠梨苏小坟。春，水边多丽人。莺花阵，玉骢嘶锦云。","chinese-poetry",""
"中吕・普天乐赠白玉梅","元","张可久","谪仙名，乐天姓。缁尘不染，玉骨长清。西楼羌管声，东阁新诗兴。艳紫妖红尘俗病，论风流让与琼琼。孤山旧盟，黄昏月明，夜雪初晴。别怀二首故人疏，忧心悄。愁云淡淡，远水迢迢。一声白雁寒，几点青山小。满目凄凉谁知道？赋情词写遍芭蕉。明月洞箫，夕阳细草，沙渚残潮。梦初回，愁难禁。青楼痛饮，彩扇新吟。金莲小步移，玉藕香腮枕。惜雨怜云别图甚？五百年一对知音。别离动心，分明为您，憔悴如今。客怀楚山云，湘江岸。霜添白发，日减朱颜。秋风马耳寒，夜雪貂裘绽。万里南归孤飞雁，动离情故国乡关。闲身易懒，休官怕晚，倦羽知还。收心二首姓名香，行为俏。花花草草，暮暮朝朝。关心三月春，开口千金笑。惜玉怜香何时了，彩云空声断鸾箫。朱颜易老，青山自好，白发难饶。旧行头，家常扮。鸳鸯被冷，燕子楼拴。偷将心事传，掇了梯儿看。系柳监花乔公案，关防的不似今番。姨夫暗攒，行院斗侃，子弟先<走山>。秋怀为谁忙？莫非命。西风驿马，落月书灯。青天蜀道难，红叶吴江冷。两字功名频看镜，不饶人白发星星。钓鱼子陵，思莼季鹰，笑我飘零。道情北邙烟，西州泪。先朝故家，破冢残碑。樽前有限杯，门外无常鬼。未冷鸳帏合欢被，画楼前玉碎花飞。悔之晚矣，蒲团纸被，归去来兮。渡扬子江凤鸾吟，鱼龙竞。舟移古渡，潮打空城。清风江上筝，明月波心镜。未尽诗人登临兴，写新声寄与卿卿。金山雪晴，玉杯露冷，银海花生。","chinese-poetry",""
"越调・小桃红淮安道中","元","张可久","一篙新水绿于蓝，柳岸渔灯暗。桥畔寻诗驻时暂，散晴岚，依微半幅云烟淡。杨花乱糁，扁舟初缆，风景似江南。秋宵有怀满庭落叶响哀蝉，秋入生绡扇。池上芙蓉锦成片，雨余天，倚阑中欠如花面。诗题翠笺，香销金串，罗帐又孤眠。游仙梦白云堆里听松风，一枕游仙梦。相伴琼姬玉华洞，锦重重，觉来香露冷衣重。长桥彩虹，空台丹凤，花影月明中。春思燕南雁北几相思，无限相思事。两袖啼痕粉香渍，牡丹时，日长不见音书至。东墙柳丝，知人独自，憔悴舞腰枝。秋感锦书红泪两三行，血点花梢上。小字平安寄无恙，雁成双，玉奴更上西楼望。月明绣窗，灯昏罗帐，今夜梦才郎。寄春谷王千户紫箫声冷彩云空，十载扬州梦。一点红香锦胡同，倚东风，娇花宠柳春权重。鞭催玉骢，酒携金凤，半醉月明中。春深一汀烟柳索春饶，添得杨花闹。盼煞归舟木兰棹，水迢迢，画楼明月空相照。今番瘦了，多情知道，宽尽翠裙腰。秋江晚兴锦鸳凉羽翠莲香，船舣秋江上。别后佳人想无恙，暮云长，雁归曾倚西楼望。红衫旧腔，花钿新样，封寄柳枝娘。","chinese-poetry",""
"越调・天净沙马谦斋园亭","元","张可久","簪缨席上团栾，杖藜松下盘桓，喷玉西风脆管。雪芳亭畔，秋香一树金丸。雪中酬王一山瑶园树老琼枝，玉奴酒捧金卮，十二阑干倚徙。探梅人至，灞桥诗等多时。春情一言半语恩情，三番两次丁宁，万劫千生誓盟。柳衰花病，春风何处莺莺？明月楼上有赠意中千里婵娟，楼头几度团圆？灯下些儿空便。柳惊花颤，何时长在樽前？由德清道院来杭丹炉好养朱砂，洞门长掩青霞，又上西湖去马。放心不下，桃源亭上梅花。寒夜书事月移影落冰池，烟消香护帘长，枕上佳人未知，雪篝重被，小梅招得春归。桃源洞苍云朵朵奇峰，翠蓬隐隐仙宫，醉眼帘花几重？小桃溪洞，刘郎不信秋风。春晚翠帘不卷钩闲，华堂长见门关，血指频将泪弹。玉人愁惯，杏花楼上春残。秋感翠萍波底游鱼，碧悟井上啼乌，独立西风院宇。相思何处？芭蕉一卷愁书。","chinese-poetry",""
"越调・凭阑人暮春即事二首","元","张可久","万朵青山生暮云，数点红香留晚春。凭阑愁玉人，对花宽翠裙。小玉阑干月半掐，嫩绿池塘春几家。鸟啼芳树丫，燕衔黄柳花。江楼即事一曲琵琶江上舟，十二阑干天外楼。粉香蝶也愁，玉容花见羞。八咏楼上酬正则李侯烂醉东君三月时，细和休文八韵诗。舞裙催《柘枝》，曲阑摇柳丝。秋思和吴克斋一寸冰蟾明翠廊，万里青天书雁行。碧梧敲晚凉，玉人烧夜香。和白玉真人宝剑英雄血已干，玉府神仙心自闲。炼霞成大丹，袖云归故山。玉手携香罗帕干，粉面粘花妆镜寒。对楼千万山，倚云十二鬟。湖上醉余二首明月中流歌扣舷，柔雪双娃同采莲。小词玉翼蝉，醉书金粉笺。屏外氤氲兰麝飘，帘底星松鹦鹉娇。暖香绣玉腰，小花金步摇。席上分题妆淡亭亭堆髻螺，歌缓盈盈停眼波。念奴留意多，使君如醉何？晚晴小景金羽翩翩柳外莺，玉手纤纤膝上筝。晚风花雨晴，小楼山月明。","chinese-poetry",""
"仙吕・一半儿秋日宫词","元","张可久","花边娇月静妆楼，叶底沧波冷翠沟，池上好风闲御舟。可怜秋，一半儿芙蓉一半儿柳。梅边枝横翠竹暮寒生，花淡纱窗残月明，人倚画楼羌笛声。恼诗情，一半儿清香一半儿影。情数层秋树隔雕檐，万朵晴云拥玉蟾，几缕夜香穿绣帘。等潜潜，一半儿门开一半儿掩。野桥酬耿子春海棠香雨污吟袍，薜荔空墙闲酒瓢，杨柳晓风凉野桥。放诗豪，一半儿行书一半儿草。赏牡丹锦裙吹上翠云枝，绿酒争传白玉卮，皓齿慢歌金缕词。牡丹时，一半儿姚黄一半儿紫。苍崖禅师退隐柳梢香露点荷衣，树杪斜阳明翠微，竹外浅沙涵钓矶。乐忘归，一半儿青山一半儿水。","chinese-poetry",""
"正宫・小梁州春夜","元","张可久","玉箫吹断凤钗分，瘦损真真。小词空制锦回文，孤眠恨，翠被宝香温。","chinese-poetry",""
"南吕・金字经偕叶云中山行","元","张可久","万里封侯贵，一场春梦中，破帽青鞋策短筇。逢，南山采药翁。桃花洞，白云千万重。访吾丘道士细草眠白兔，小花啼翠禽，且听松风坐绿阴。寻，洞天深又深。游仙枕，顿消名利心。青霞洞赵肃斋索赋酒后诗情放，水边归路差，何处青霞仙子家？沙，翠苔横古槎。竹阴下，小鱼争柳花。寿彦远卢使君胜境藏仙洞，浩歌来醉乡，菡萏花开十里塘。香，户家白玉堂。仙人仗，凤头萱草黄。湖上寒食火冷尝仙饭，酒香撒鬼钱，细雨家家杨柳烟。园，断桥西堍边。秋千倦，玉人争画船。环绿亭上水冷溪鱼贵，酒香霜蟹肥，环绿亭深掩翠微。梅，落花浮玉杯。山翁醉，笑随明月归。开玄道院翠崦仙云暗，素琴冰涧长，画永人闲白玉堂。尝，煮茶春水香。玄泉上，鹤飞松露凉。佛会万寿月面拂，十方云会僧。宝殿香风秋树鸣。青，莲花池上生。灵上顶，半空玉磬声。王国用胡琴雨漱窗前竹，涧流冰上泉，一线清风动二弦。联，小山秋水篇。昭君怨，塞云黄暮天。题扇玉手银筝柱，翠涛金屈卮，正是鱼肥蟹健时。诗，醉题秋扇儿。黄华字，乱风摇柳丝。次韵出岫白云笑，入山明月愁，两字功名四十秋。羞，死封不义侯。村学究，且读书青海头。情云雨山头暗，女牛天上期，宝鼎香寒玉漏迟。推，角门花影移。鸳鸯会，莫教明月知。","chinese-poetry",""
"双调・水仙子维扬遇雪","元","张可久","芦汀渐渐蟹行沙，梅月昏昏鹤到家，梨云冉冉蝶初化。透朱帘敲翠瓦，莫吹箫不必烹茶。玉蓑衣人堪画，金盘露酒旋打，预赏琼花。道院即事炉中真贡长黄芽，亭上仙桃绽碧花，吟边苦茗延清话。玄玄仙子家，小舟横浅水平沙。芳草眠驯兔，绿杨啼乳鸦，门掩青霞。","chinese-poetry",""
"双调・折桂令小金山","元","张可久","拂阑干仙袂飘飘，堂占波心，缆解松腰。露满螺杯，风香翠袖，月冷鸾箫。比江上金山小小，望天边银海迢迢。醉倚红桥，休说江南，西子妖娆。小崆峒燕集小崆峒庭院深深，老鹤长鸣，鹦鹉能吟。帘外荷香，楼前柳影，井上桐阴。七宝树天风古林，六铢衣水月观音。座列琼簪，酒进金波，曲奏瑶琴。秋思写新诗红叶胭脂，数字归鸿，一扇凉ざ。远水空奁，残荷老翠，倦柳荒丝。瘦嘴鼻羞看镜子，病腰肢宽褪裙儿。间别多时，不似今年，又害相思。","chinese-poetry",""
"越调・寨儿令忆别","元","张可久","花见羞，泪凝眸，别时语言不应口。柳下秦讴，马上吴钩，何处寄风流？五湖范蠡渔舟，西风季子貂裘。青鸾迟远信，白雁报新秋。愁，懒上小红楼。","chinese-poetry",""
"双调・殿前欢春游","元","张可久","上花台，落红沾满绿罗鞋。谁家庭院秋千外，兰麝裙钗。我闲将笑口开，也待了芳春债，何处把新诗卖。无情蝶怨，不饮莺猜。湖上夜游湖，翠屏飞上玉蟾蜍。粉墙犹记题诗处，树影扶疏。写新诗作画图，雪老西泠渡，花谢孤山路。林逋领鹤，潘苑骑驴。","chinese-poetry",""
"双调・清江引碧山丹房早起","元","张可久","翠蓬一壶天地小，又是邯郸道。寻真客到来，梦短人惊觉，泠泠玉笙松月晓。张子坚运判席上三首功名壮年今皓首，拣得溪山秀。清霜紫蟹肥，细雨黄花瘦，床头一壶新糯酒。去来去来归去来，菊老青松在。生前酒一杯，死后名千载，淮阴侯不如彭泽宰。云岩隐居安乐窝，尽把陶诗和。村醪蜜样甜，山栗拳来大，梅窗一炉松叶火。","chinese-poetry",""
"越调・小桃红湖上和刘时中二首","元","张可久","一声娇燕绿杨枝，满眼寻芳事。塔影雷峰水边寺，夕阳时，画船无数围花市。三弦玉指，双钩草字，题赠粉团儿。棹歌惊起锦鸳鸯，开宴新亭上。诗有新题酒无量，醉何妨？长吟笑倚阑干望。西湖夜凉，吴姬低唱，画舫宿荷香。","chinese-poetry",""
"中吕・朝天子道院中碧桃","元","张可久","翠蛾恨谁？青鸾信迟，题诗记清明日。泪弹红雨笑邻姬，同立苍苔地。萼绿仙人，玄都观里，怪刘郎不记得。今春又归，花能几回？且自吹笙醉。访九皋使君槿篱，傍水，楼与青山对。一庭香雪糁荼コ，松下溪童睡。净地留题，柴门还闭，笼开鹤自飞。看梅，未回，多管向西湖醉。春思菱花破两边，瑶琴断四弦，恩又翻成怨。黄云孤雁褪花钿，羞掩双鸾扇。归燕年年，离恨绵绵，又西湖拜扫天。寺前，上船，试照我伤春面。","chinese-poetry",""
"中吕・红绣鞋题惠山寺","元","张可久","舌底朝朝茶味，眼前处处诗题，旧刻漫漶看新碑。林莺传梵语，岩翠点禅衣，石龙喷净水。蔡行甫郊居白露离离香稻，清风小小团茅，蔡仙家只隔宋姑桥。篱边一水绕，门外两山高，庭前双桧老。集庆方丈月桂峰前方丈，云松径里禅房，玉瓯水乳洗诗肠。莲花香世界，贝叶古文章，秋堂听夜讲。","chinese-poetry",""
"双调・沉醉东风秋夜旅思","元","张可久","二十五点秋更鼓声，千三百里水馆邮程。青山去路长，红树西风冷。百年人半纸虚名，得似璩源阁上僧，午睡足梅窗日影。气球元气初包混沌，皮囊自喜囫囵。闲田地著此身，绝世虑萦方寸。圆满也不也烦人，一脚腾空上紫云，强似向红尘乱滚。琼珠台琪树暖青山鹧鸪，石床平红锦氍毹。云间萼绿华，梅下蓬莱屦。倚高寒满身香露，相伴仙人倒玉壶，月明夜瑶琴一曲。","chinese-poetry",""
"中吕・迎仙客春思","元","张可久","鱼尾钗，凤头鞋，花边美人安在哉？烟冷宝炉香，尘昏玉镜台。燕子归来，月淡朱帘外。括山道中云冉冉，草纤纤，谁家隐居山半掩？水烟寒，溪路险。半幅青帘，五里桃花店。","chinese-poetry",""
"双调・落梅风客金陵","元","张可久","台城路，故国都，湿胭脂井痕香污。后庭不知谁是主？乱蛩吟野花玉树。春日宫词催筝雁，舞镜鸾，惜春归蝶狂蜂乱。阿金自调银字管，按霓裳牡丹花畔。碧云峰书堂依松涧，结草庐，读书声翠微深处。人间自晴还自雨，恋青山白云不去。","chinese-poetry",""
"中吕・山坡羊酒友","元","张可久","刘伶不戒，灵均休怪，沿村沽酒寻常债。看梅开，过桥来，青旗正在疏篱外，醉和古人安在哉。窄，不够酾。哎，我再买。客高邮危台凝伫，苍苍烟树，夕阳曾送龙舟去。映菰芦，捕鱼图，一竿风旆桥西路，人物风流闻上古。儒，秦太虚；湖，明月珠。","chinese-poetry",""
"南吕・金字经春怀","元","张可久","瘦影孤鸾鉴，怨声阿鹊盐，病起离人愁转添。嫌，燕归双入帘。朱门掩，夜香不喜拈。梅边雪冷松边路，月寒湖上村，缥缈梨花入梦云。巡，小檐芳树春。江梅信，翠禽啼向人。石门洞天锦树开图障，翠峰堆发鬟，屋老苍云暗紫坛。闲，玉龙耕破山。白石烂，半岩秋雨寒。仙居白日孤峰上，紫云双涧边，饥有松花渴有泉。仙，抱琴岩下眠。蟠桃宴，鹤来骑上天。别怀海树离怀近，月英眉黛愁，《金缕》一声双玉舟。留，共登思远楼。重阳后，菊花风雨秋。","chinese-poetry",""
"南吕・金字经刘氏瑞莲","元","张可久","种带瑶池露，藕香玉井湫，曾向苕溪溪上游。愁，结花成并头。何时又，共登仙叶舟。观泉靖节黄花径，子猷苍太亭，千涧飞来六月冰。清，素琴无意听。阑干静，白云钟一声。观猎雪点苍鹰俊，玉花骢马骄，广利将军猎近郊。袍，织成金翠毛。随军乐，绣旗双皂雕。","chinese-poetry",""
"越调・天净沙荷边宿鹭","元","张可久","幽禽瘦耸双肩，晚花香褪妆钿，月淡烟寒水浅。远江如练。梦归西塞山前。怀古疏翁命赋翠芳园老树寒鸦，朱雀桥野草闲花，乌江岸将军战马。百年之下，画图留落谁家？。","chinese-poetry",""
"双调・清江引张子坚席上","元","张可久","云林隐居人未知，且把柴门闭。诗床竹雨凉，茶鼎松风细，游仙梦成莺唤起。湖上去年香梅花带雪，赛到孤山社。酒从村店赊，船问邻僧借，梅花又开忙去也。春晚平安信来刚半纸，几对鸳鸯字。花开望远行，玉减伤春事，东风草堂飞燕子。","chinese-poetry",""
"越调・凭阑人众远楼上","元","张可久","画栋飞飞帘外云，仙袂飘飘天上人。钩船归水村，雁行出海门。白云炼师山居丹气溶溶生紫烟，石齿冷冷呜玉泉。住山不记年，看云即是仙。天台山中双阑琼台囗乱峰，千树琪花香晚风。白头云外翁，紫潭波底龙。海囗道院雨后松云生紫岩，花外茶烟生翠岚。袖诗出道庵，探梅来水南。","chinese-poetry",""
"南吕・骂玉郎带感皇恩采茶歌富山元宵赏灯","元","张可久","朱衣锦带黄金镫，前后羽林兵。当空皓月悬秋镜，兰麝馨。箫鼓鸣，天街净。灯界珠绳，春蔼花屏。御辇上翠逍遥，宫林传金错落，歌女□玉娉婷。赏良夜好景，听乐府新声。庆元正，□队伍，乐升平。待天明，未收灯，宝筝前殿引长生。铁瓮千年富山城，西台一点老人星。","chinese-poetry",""
"・倚西风目断行云，懒唱大江东去。借中郎爨尾冰弦，记老杜曾游此处。别高沙诸友用鹦鹉曲韵","元","张可久","幺相从一月秦邮住，笑我是不耕种村父。话醒吟酒不成欢，灯下怯云羞雨。","chinese-poetry",""
"中吕・普天乐别情","元","张可久","一点志诚心，百步裴回意，花迎笑眼，柳妒愁眉。亲传旖旎词，自首风流罪。把似当初休相识，今日倒省得别离。天知地知，前程万里，两下分飞。","chinese-poetry",""
"中吕・朝天子筝手爱卿","元","张可久","丹山凤鸣，黄云雁影，笙歌罢帘帏静。纤纤香玉扣红冰，一曲《伊州令》。院体琼琼，秋水盈盈，不由人不爱卿。有情，月明，酬我西湖兴。水晶斗杯小奴，捧出，照见纤纤玉。一方寒碧碾冰壶，印万斛葡萄绿。米老斟量，谪仙襟度，子不容范亚父。醉余，唤取，萧宾客题诗去。读永嘉孝女丁氏卢氏传为赋丁氏捕鱼，卢娘跨虎，千古伤心处。事亲尽孝死何如？庙貌临江渚。男子狂图，不养父母，反不如之二女。掩书，叹吁，归守先人墓。题马昂夫《扣舷余韵》卷首酒边，扣舷，一曲《凉州遍》。洞箫吹月镜中天，似写黄冈怨。自贬坡仙，风流不浅，鹤飞来又几年。题花锦笺，采莲画船，归赛西湖愿。","chinese-poetry",""
"南吕・四块玉客中九日","元","张可久","落帽风，登高酒，人远天涯碧云秋，雨荒篱下黄花瘦。愁又愁，楼上楼，九月九。","chinese-poetry",""
"越调・天净沙书所见","元","张可久","窥帘囗语喧阗，避人体态婵娟，门外金铃吠犬。谁家宅院？杏花墙里秋千。松阳道中松阳道上敲吟，柳阴树下披襟，独鹤归来夜深。梦回仙枕，清溪道士相寻。","chinese-poetry",""
"中吕・迎仙客湖上","元","张可久","镜出匣，玉无瑕，春风画图十万家。吃剌剌辗香车，慢腾腾骑俊马。一片飞花，减动西风价。歌姬程心玉有帘卷新凉之语遂足成之窈窕娘，淡梳妆，夫容鬓边茉莉香。翠荷觞，锦荔浆。帘卷新凉，人醉西楼上。","chinese-poetry",""
"双调・清江引张子坚运判席上","元","张可久","仙人掌心青数朵，山小乾坤大。不知明月来，且向日云卧，陈抟枕头闲伴我。飘飘落梅风正冷，缓步苍苔径。一溪流水声，半夜扁舟兴，月明草堂人未醒。秋风满园三径花，买得闲无价。从前险处行，梦里说着怕，连云栈高骑瘦马。酒边题扇华堂舞ブ画展，两行如花面。鹅黄淡舞裙，蝶粉香歌扇，闲ㄐ玉筝罗袖卷。昭君怨花间梦乘白玉辇，上马精神倦。哀弹夜月情，别泪春风面，雁归不知多近远。过刘山西风小亭黄叶多，鹤领神仙过。云来绿树平，水迸青山破，天然图画添上我。松江海印精舍道人不眠中夜起，小立莓苔地。九枝灯上花，四塔庭前桧，梅窗月明清似水。永嘉泛湖秋云锦香招画船，一步一个描金扇。花前北海樽，湖上西施面，登楼有谁思惠远？次必庵赵万户韵岩扃带云长是掩，不许猿鹤占。《黄庭》尽日观，白发无心染，研朱又将《周易》点。老王将军纶巾紫髯风满把，老向辕门下。霜明宝剑花，尘暗银鞍帕，江边草青闲战马。春情园林且休题杜宇，未了吟春句。残花酒醒时，芳草人归处，东风小楼听夜雨。","chinese-poetry",""
"南吕・金字经乐闲","元","张可久","百年浑似醉，满怀都是春，高卧东山一片云。嗔，是非拂面尘。消磨尽，古今无限人。范蠡黄金像，谪仙白玉杯，不若渊明解印归。谁，似他能见机？醺醺醉，免人谈是非。春闺粉淡孤鸾镜，梦回双凤台，满院东风花正开。猜，玉奴何处来？阑干外，插花寻玉钗。梅友元帅席上粉筝才ㄐ罢，锦笺初展开，小小机关走智儿猜。挨，小桃花下来。堪人爱，翠云簪玉钗。","chinese-poetry",""
"商调・梧叶儿次韵","元","张可久","鸳鸯浦，鹦鹉洲，竹叶小渔舟。烟中树，山外楼，水边鸥，扇面儿潇湘暮秋。","chinese-poetry",""
"越调・小桃红别澉川杨安抚","元","张可久","晚风吹上海云腥，山色秋偏净。了得相思去年病，不堪听，樽前一曲《阳关令》。斜阳恁明，寒波如镜，分照别离情。","chinese-poetry",""
"越调・凭阑人江夜","元","张可久","江水澄澄江月明，江上何人ㄐ玉筝？隔江和泪听，满江长叹声。","chinese-poetry",""
"双调・落梅风秋思","元","张可久","怀桃叶，忆柳枝，仲宣楼杜陵诗思。白云中两三个新雁儿，写相思不成愁字。","chinese-poetry",""
"正宫・端正好渔乐","元","张可久","钓艇小苫寒波，蓑笠软遮凤雨，打鱼人活计萧疏。侬家鹦鹉洲边住，对江景真堪趣。","chinese-poetry",""
"尾声・樵夫别我山中去，我离樵夫水上居。来日相逢共一处，旋取香醪旋","元","张可久","打鱼。散诞消遥看古书，问甚么谁是谁非？俺两个慢慢的数。","chinese-poetry",""
"尾声・喜携仗自耕耘，欢自己忘忧会，玩赏东篱足矣。采菊浮杯稳坐榻，","元","张可久","对南山山色稀奇。看山巍山色相催，山色悠悠能有几？逍遥度日，优游卒岁，乐天之命复奚疑。","chinese-poetry",""
"南吕・一枝花湖上归","元","张可久","长天落彩霞，远水涵秋镜。花如人面红，山似佛头青。生色围屏，翠冷松云径，嫣然眉黛横。但携将旖旎浓香，何必赋横斜瘦影。","chinese-poetry",""
"梁州・挽玉手留连锦英，据胡床指点银瓶。素娥不嫁伤孤另。想当年小小，","元","张可久","问何处卿卿？东坡才调，西子娉婷。总相谊千古留名，吾二人此地私行。六一泉亭上诗成，三五夜花前月明，十四弦指下风生。可憎，有情。捧红牙合和《伊州令》。万籁寂，四山静。幽咽泉流水下声，鹤怨猿惊。","chinese-poetry",""
"尾・岩阿禅窟鸣金磬，波底龙宫漾水精。夜气清，酒力醒，宝篆销，玉漏","元","张可久","笑归来仿佛二更，煞强似踏雪寻梅灞桥冷。春景滚香绵柳絮轻，飘白雪梨花淡。怨东风墙杏色，醉晓日海棠酣。景物偏堪，车马游人览，赏清明三月三。绿苔撒点点青钱，碧草铺茸茸翠毯。","chinese-poetry",""
"尾声・紫霜毫入砚深深蘸，吟几首莺花诗满函。一望红稀绿阴暗，正游人","元","张可久","不甘。奈仆童执骖，不由咱倦把骄骢辔头儿揽。夏景蔷薇满院香，菡萏双池锦。海榴浓喷火，萱草淡堆金。暑气难禁，天地炎蒸甚，闲行近绿阴。纳清风台榭开怀，傍流水亭轩赏心。","chinese-poetry",""
"尾声・倾残竹叶千樽饮，摘下枇杷一树金，深喜娇娥见咱恁。纱橱用心，","元","张可久","安排下簟枕，专等归来醉时寝。秋景金风凋杨柳衰，玉露养芙蓉艳。竹轻摇苍凤尾，松密映老龙潜。残暑淹淹，爽气被楼台占，称情怀景色添。火龙鳞红叶萧萧，金兽眼黄花冉冉。","chinese-poetry",""
"尾声・赏心乐事休教欠，饮兴吟怀似要添，醉倒樽前任君僭。将咱指点，","元","张可久","便嫌，胜似你红尘路儿险。冬景青山失翠微，白玉无瑕玷。梨花和雨舞，柳絮带风ㄎ。拨粉堆盐，祥瑞天无欠，丰年气象添。乱飘湿僧舍茶烟，密洒透歌楼酒帘。","chinese-poetry",""
"梁州第七・金盏酒羊羔满泛，红炉中兽炭频添。兰堂画阁多妆点。锦茵绣","元","张可久","榻，翠幕毡帘。鸾箫谩品，鼍鼓轻掂。唱清音余韵淹淹，捧红牙玉指纤纤。绮罗间盏到休推，宝鸭内香残再拈，玉壶中酒尽重添。况兼，兴タ。金波潋滟霞光闪，接入手不辞厌。为爱琼瑶尽意瞻，赏玩休嫌。","chinese-poetry",""
"尾声・玄冥不出权独占，青女三白势转严，酩酊甘心醉躯欠。见冰锥满檐，","元","张可久","琼珠满帘，全不把尘埃半星儿染。牵挂莺穿残杨柳枝，虫蠹损蔷薇刺。蝶扌扇干芍药粉，蜂蹙断海棠丝。又近花时，白日伤心事，清宵有梦思。间阻了洛浦神仙，没乱杀苏州刺史。","chinese-poetry",""
"梁州第七・俏姻缘别来久矣，巧魂灵梦寝求之。一春多少伤心事，著情疼","元","张可久","热，痛口嗟咨。往来迢递，终始参差。一简书写就了情词，三般儿寄与娇姿。麝脐薰五花瓣翠羽香钿，猫眼嵌双转轴乌金戒指，獭髓调百和香紫蜡胭脂。念兹，在兹。和愁和泪频传示，更嘱咐两三次。诉不尽心间无限思，倒羞了燕子莺儿。","chinese-poetry",""
"尾声・无心学写钟王字，遣兴闲观李杜诗，风月关情随人志。酒不到半卮，","元","张可久","饭不到半匙，瘦损了青春少年子。","chinese-poetry",""
"迎仙客・兽炉香篆息，鸾镜暗尘迷，绣床几番和闷倚。玉腕消金钏松，钗","元","张可久","横环翠委。屈指归期，不觉的粉脸流红泪。","chinese-poetry",""
"红绣鞋・花飞尽空闲鸳砌，日初长静掩朱扉，系垂杨何处玉骢嘶？落谁家","元","张可久","风月馆？知那里燕莺期？话叮咛不记得。","chinese-poetry",""
"耍孩儿・自别来无一纸真消息，日近长安那里？倚危楼险化做望夫石，暮","元","张可久","云烟树凄迷。把春心几度凭归雁，劳望眼终朝怨落晖。到此际愁无寐，昏秋水揉红泪眼，淡青山蹙损了蛾眉。","chinese-poetry",""
"一煞・想当初教吹箫月下欢，笑藏阄花底杯。到如今花月成淹滞，月团圆","元","张可久","紧把浮云闭，花烂熳频遭骤雨催。落花残月应何济？花须开谢，月有盈亏。","chinese-poetry",""
"耍孩儿・只见他手持刀器将咱觑，唬得我战扑速魂归地府。登时间满地血","元","姚守中","模糊，碎分张骨肉皮肤。尖刀儿割下薄刀儿切，官秤称来私秤上估。应捕人在傍边觑，张弹压先抬了膊项，李弓兵强要了胸脯。","chinese-poetry",""
"东堂老劝破家子弟・赚煞","元","秦简夫","你将这连天的宅憎嫌小，负郭的田还不好。一张纸从头儿卖了。不知久后栖身何处着，只守着那奈风霜破顶的砖窑。哎！儿也，心下自量度，则你这夜夜朝朝，可甚的买卖归来汗未消。出脱了些奇珍异宝，花费了些精银响钞。哎！儿也，怎生把邓通钱，刚博得一个乞化的许由瓢？(下)。","chinese-poetry",""
"东堂老劝破家子弟・滚绣球","元","秦简夫","休言家未破，破家的人未生；休言家未兴，兴家的人未成；古人言一星星显证。(带云)那为父母的，(唱)恨不得儿共女辈辈峥嵘。只要那家道兴，钱物增，一年年越昌越盛。(带云)怎知道生下儿女呵，(唱)偏生的天作对不称人情。他将那城中宅子庄前地，都做厂风卫扬花水上萍。哎！可惜也锦片的这前程！。","chinese-poetry",""
"东堂老劝破家子弟・三煞","元","秦简夫","你便似搅绝黑海那些饥寒的病，也则是赢得青楼薄幸名。(柳隆卿云)我可呢？(正末唱)你是那无字儿的空瓶。（胡子传云）我可呢？（正末唱）你是个脱皮儿裹剂。(柳隆卿云)我两个人物也不丑。(正末唱)怕不道是外面温和，则你那彻底儿严凝。(柳隆重卿云)你这老头儿不要琐碎，你只是把眼儿撑着，看我这架子衣服如何？(正末唱)我觑不的你衤肖宽也那褶下，肚叠胸高，鸭步鹅行。出门来呵怕不道桃花扇影；你回窑去勿、勿、勿，少不得风雪酷寒亭。(柳隆卿云)甚么风雪酷寒亭？我则理会得闲骑宝马闲踢蹬哩？。","chinese-poetry",""
"东堂老劝破家子弟・二煞","元","秦简夫","你道是闲骑宝马踢蹬，(带云)你两个到得家中，算一算帐:你得了多少？我得了多少？(唱)你只做得个旋扑苍蝇旋放生。(扬州奴云)叔叔，您孩儿有那施舍的心，礼让的意，江湖的量，慷慨的志，也不低哩。(正末唱)你有那施舍的心呵讪笑得鲁肃，你有那慷慨的志呵降伏得刘毅，你有那礼让的意呵赛过得鲍叔，你有那江湖的量呵欺压得陈登。(扬州奴云)您孩儿平昔也曾赍发与人，做偌多的好事哩。(正末唱)你赍发呵与那个陷本的商贾，你赍发呵与那受困的官员，你赍发与那个薄落的书生。兀的不扬名显姓。光日月动朝廷！。","chinese-poetry",""
"东堂老劝破家子弟・满庭芳","元","秦简夫","你醒也波高阳哎酒徒，担着这两篮儿白菜，你可觅了他这儿贯的青蚨？(带云)扬州奴。你今日觅了多少钱？(扬州奴云)是一贯本钱．卖了一日，又觅了一贯。(正末唱)你就着这五百钱，买些杂面你便还窑上去。那油盐酱旋买也可足零沽？(扬州奴云)甚么肚肠，又敢吃油盐酱哩？(正末唱)哎！儿也，就着这卖不了残剩的菜蔬，(扬州奴云)吃了就伤本钱，着些凉水儿洒洒，还要卖哩。(正末唱)则你那五脏神也不到今日开屠。(云)扬州奴，你只买些烧羊吃波？(扬州奴云)我不敢吃。(正末云)你买些鱼吃？(扬州奴云)叔叔，有多少本钱，又敢买鱼吃？(正末云)你买些肉吃？(扬州奴云)也都不敢买吃。(正末云)你都不敢买吃，你可吃些甚么？(扬州奴云)叔权，我买将那仓小米儿来，又不敢舂，恐怕折耗了。只拣那卖不去的菜叶儿，将来煨熟了，又不要蘸盐搠酱，只吃一碗淡粥。(正末云)婆婆，我问扬州奴买些鱼吃，他道我不敢吃。我道你买些肉吃，他道我不敢吃。我道你都不敢吃，你吃些甚么？他道我吃淡粥。我道，你吃得淡粥么？他道，我吃得。(唱)婆婆呵，这嘶便早识的些前路，想着他那破瓦窑中受苦。(带云)正是：""不受苦中苦，难为人上人""。(唱)哎！儿也，这的是你须下死上夫。","chinese-poetry",""
"东堂老劝破家子弟・尾煞","元","秦简夫","这业海足无边无岸的愁。那穷坑是不仔不济的苦。这业海打一千个家阿扑逃不去，那穷坑你便旋十万个翻身、急切里也跳不出。(同卜儿下)(扬州奴云)大嫂，俺回去来。天那！兀的不穷杀我也！(同旦下)(小末尼上，云)自家李小哥，父亲着我去请赵小哥坐席，可早来到城南破窑，不免叫他一声：赵小哥！(扬州奴同旦上，见科，云)小大哥。你来怎么？(小末云)小哥，父亲的言语，着我来，明日请坐席哩。(扬州奴云)既然叔叔请吃酒，俺两口儿便来也。(小未尼云)小哥，是必早些儿来波。(下)(扬州奴云)大嫂，他那里请俺吃酒？明白羞我哩。却是叔叔请，不好不去。到得那里，不要闲了，你便与他扫田刮地，我便担水运浆天那！兀的不穷杀我也！(同下)。","chinese-poetry",""
"东堂老劝破家子弟・沉醉东风","元","秦简夫","我着你做商贾身里出身，谁着你恋花柳人不成人。我只待倾心，吐胆教，(扬州奴背科，云)嗨！对着这众人，则管花白我。早知道，不来也罢。(正末唱)你可为甚么切齿嚼牙恨？这是你白做的来有家难奔。(扬州奴做探手科，云)羞杀我也！(正末唱)为甚么只古里裸袖揎拳无事哏？(带云)孩儿也，你那般慌怎么？(唱)我只着你受尽了的饥寒敢可也还上的本。","chinese-poetry",""
"东堂老劝破家子弟・雁儿落","元","秦简夫","岂不闻远亲呵不似我近邻，我怎敢做的个有口偏无信。今门便一桩桩待送还，你可也一件件都收尽。","chinese-poetry",""
"东堂老劝破家子弟・殿前欢","元","秦简夫","俺孩儿甫能勾得成人，你又待教他一年春尽一年春。他上那丽春园纳了那颗争锋印，你休闹波完体将军！你便说天花信口喷，他如今有时运。怎肯不惺惺再打入迷魂阵。我劝你两个风流子弟，呵也别寻一个合死的郎君。","chinese-poetry",""
"李太白贬夜郎・尾","元","王伯成","那是安禄山义子台怒，则是杨贵妃贼儿胆底虚。似这般忒自由，没拘束，猛轩腾，但发路。交近南蛮，至北隅，接西边，去东鲁。一年多，半载馀，那里景凄凉，地凄楚。弹袖垂肩仕女图，似秋草人情日日疏，待寄萧娘一纸书，地北天南雁亦无。忽地兴兵起士卒，大势长驱入帝都。一战功成四海枯，得手如还入宫宁。一就无毒不丈夫，玉殿珠楼尽交付。抵多少烛灭烟销帝业亏，十万用江山共宝物，和那花朵儿浑家做不得主。(下)。","chinese-poetry",""
"李太白贬夜郎・正宫/端正好","元","王伯成","满长安，花无数、霎时间暮景桑榆。偏得你罪乡是闭塞定贤门路，偏俺不合蹄樽中物。","chinese-poetry",""
"李太白贬夜郎・滚绣球","元","王伯成","禁庭中受用处，止不过皓齿歌，细腰舞，闹炒炒物知其数，这其间众公卿似有如无。奏梨园乐章曲，按广寒羽衣谱，一声声不叶音律，倒不如小槽边酒滴真珠。你那里四时开宴充肥鹿，我这里万里摇船捉醉鱼，胸卷江湖。","chinese-poetry",""
"李太白贬夜郎・叨叨令","元","王伯成","凤城有似溪桥路，落红乱点莎茵绿。淡烟深锁垂杨树，因此上玉骢错认西湖路。委实勒不住也末哥，委实勒不住也末哥，便似跳龙门及第思乡去。(等云了)(末饮酒科)(驾赐衣服了)。","chinese-poetry",""
"李太白贬夜郎・喜春来","元","王伯成","又不是风流天宝新人物，则是个落托长安旧酒徒。怎消得明圣主，赐一领溅酒护身符。","chinese-poetry",""
"李太白贬夜郎・四煞","元","王伯成","想着刘伶数尺坟头上，谁恋架上三封天子书？那酒更压着救旱恩泽，洗沁甘露，止渴青梅，灌顶醍醐。怕我先尝后买，散打零兜，高价宽沽。月明江浦，春醉酒口漉。","chinese-poetry",""
"李太白贬夜郎・三煞","元","王伯成","人古里家不和邻里欺，人贫贱也亲子离，不求金玉重重贵。你惟情之外别无想，除睡人间总不知，谎得米无把臂！不曾三年乳哺，一划合肥。(外末共旦云了)(末做指禄山云了)。","chinese-poetry",""
"李太白贬夜郎・迎仙客","元","王伯成","比及沾雨露，恨不得吐虹霓，沧海倒倾和月吸。向翠红乡，图画里。不设着舞筵席，枉辜负了迟日江山丽。","chinese-poetry",""
"李太白贬夜郎・满庭芳","元","王伯成","你心知腹知，宫中子母，村里夫妻，觑得俺唐明皇颠倒如儿戏。我不来这其间敢锦被堆、堆，得了儿不语一官半职，做了个六证三媒，枉了闲啕气。又道我虎吓你酒食，怕误了你爱月夜眠迟。(正末做出殿科)(外扯住了)(外将荔枝上了)(外央正末吃科)(末取物签科)(云)我本待签一个来，却签著你两个。","chinese-poetry",""
"李太白贬夜郎・哨遍","元","王伯成","两叶眉儿频击蹙，锁青岚一带骊山翠。香霭暗宫围，则是子孙司里酒病花医。则为个肥肌体，把锦帏绣幄幔幕垂帘，做了张盖世界的鸳鸯被。这张纸于官不利，作云屏斜掩，雾帐低垂。那里是遮藏丑事护身符，则是张发露私情乐章集。看你执盏殷勤，捧砚驱驰，脱靴面皮。","chinese-poetry",""
"李太白贬夜郎・耍孩儿","元","王伯成","一头离了莺花地，直赴俺蓬莱宴会。碧桃间拂面风吹，浩歌声聒耳如雷。平驱风月妆诗兴，倒卷江湖此酒杯。偃仰在银河内，折末冠簪颠倒，衫袖淋漓。","chinese-poetry",""
"李太白贬夜郎・二煞","元","王伯成","拈起纸笔，标是实，教千年万古传刁：世。看了书中有女颜如玉，路上行人口胜碑。儿曹辈，悔之晚矣，归去来兮。","chinese-poetry",""
"李太白贬夜郎・驻马听","元","王伯成","想着天子三宣，翠袖双扶不上船。不如素娥捧劝，巨瓯一饮倒垂莲。为杨妃昧龙庭大乃妇之天，钓风波门似钩和线。虽然在海角边，举头日近长安远。","chinese-poetry",""
"李太白贬夜郎・沉醉东风","元","王伯成","恰离厂天子金鸾殿前，又来到农家鹦鹉洲边。白休官，从遭贬，早递流了水地三千。待教我蓑等纶竿守自然，我比姜太公多来近远。","chinese-poetry",""
"李太白贬夜郎・殿前欢","元","王伯成","酒如川，鹭鸥长聚武陵原。鸳鸯不锁黄金殿，绿蓑衣带雨和烟。酒里坐酒坦眠，红蓼岸黄芦堰，更压着金马门琼林宴。岸边学渊明种柳，水面学太乙浮莲。","chinese-poetry",""
"李太白贬夜郎・折桂令","元","王伯成","一时间趁篷箔顺水推船，不比西出阳关，北侍居延。几时得为爱青山，住东风懒着吟鞭。流落似守泪罗独醒屈原，飘零似浮泛槎没兴张骞。纳了一纸氏黄宣，撇下满门良贱。对十五婵娟，怎不凄然。他每向水底天心，两下里团圆。","chinese-poetry",""
"李太白贬夜郎・夜行船","元","王伯成","画戟门开见队仙，听龙神细说根元。向人鬼中间，轮回世面，又转生一遍。","chinese-poetry",""
"鲁大夫秋胡戏妻・赚煞","元","石君宝","似这等天阔雁书稀，人远龙荒近，教我阁着泪对别酒一樽，遥望见客舍青青柳色新，第一程水馆山村。(云)秋胡。(秋胡云)有。(正旦唱)早不由人，和他身上关亲，(云)我想夜来过门，今日当军去。(唱)却正是-夜夫妻百夜恩。破题儿劳他梦魂，赤紧的禁咱愁恨，则索安排下和泪待黄昏。(同媒婆下)。","chinese-poetry",""
"鲁大夫秋胡戏妻・正官/端正好","元","石君宝","想着俺只一夜短恩情，空叹了千万声长吁气，枉教人道村里夫妻。撇下个寿高娘，又被着疾病缠身体，他每日家则是卧枕着床睡。(云)有人道：梅英也，请一个太医看治你那奶奶。--你可怕不说的是也。(唱)。","chinese-poetry",""
"鲁大夫秋胡戏妻・滚绣球","元","石君宝","怕不待要请太医看脉息，着甚么做药钱调治？赤紧的当村里都是些打当的牙槌。我这几日告天地，愿他的子母每早些儿欢会。常言道，媳妇是壁上泥皮。则愿的白头娘早晚迟疾可：(带云)天呵，(唱)则俺那青春子，何年可便甚日回？信断音稀！(见卜儿科，云)奶奶，吃些粥儿波。(卜儿云)媳妇儿，可则一件，虽然秋胡不在家，你是个年小的女娘家，你可梳一梳头，等那货郎儿过来，你买些胭脂粉搽搽脸，你也打扮打扮；似这般蓬头垢面，着人笑你也。(正旦唱)。","chinese-poetry",""
"鲁大夫秋胡戏妻・叨叨令","元","石君宝","你道是鸾凰则许鸾凰配，鸳鸯则许鸳鸯对，庄家做尽庄家势。(鼓乐响，正旦做怒科，云)你等还不去呵，(唱)留着你那村里鼓儿则向村里擂。(李云)小娘子，你靠前来，似我这般有铜钱的，村里再没两个。(正旦唱)其实我便觑不上也波哥，其实我便觑不上也波哥。我道你有铜钱，则不如抱著铜钱睡！。","chinese-poetry",""
"鲁大夫秋胡戏妻・煞尾","元","石君宝","爹爹也，怎使这洞房花烛拖刀计？(李云)我这模样可也不丑。(正旦唱)我则骂你闹市云阳吃剑贼，牛表牛筋是你亲戚，大户乡头是你相识。哎！不晓事庄家甚官位？这时分俺男儿在那里？他或是皂盖雕轮绣幕围，玉辔金鞍骏马骑，两行公人排列齐，水罐银盆摆的直，斗来大黄金肘后随，箔来大元戎帅字旗。回想他亲娘今年七十岁，早来到土长根生旧乡地，恁时节母子夫妻得完备。我说你个驴马村夫为仇气，那一个日头儿知他是近的谁？狼虎般公人每拿下伊，(带云)他道谁迤逗俺浑家来？谁欺负俺母亲来？(做推李倒科，唱)我可也不道轻轻的便素放了你。(同卜儿下)。","chinese-poetry",""
"鲁大夫秋胡戏妻・普天乐","元","石君宝","放下我这采桑篮，我拣着这鲜桑树。只见那浓阴冉冉，翠锦哎模糊。冲开他这叶底烟，荡散了些梢头露。(做采桑科，唱)我本是摘茧缫丝庄家妇，倒做了个拈花弄柳的人物。我只怕淹的蚕饥，那里管采的叶败，攀的枝枯？。","chinese-poetry",""
"鲁大夫秋胡戏妻・满庭芳","元","石君宝","我慌还一个庄家万福。(秋胡云)不敢，小娘子。(正旦唱)他不是闲游的浪子，多敢是一个取应的名儒。我见他便躬着身，插着手，陪言语。你既读那孔圣之书，(秋胡云)小娘子，有凉浆儿，觅些与小生吃波。(正旦唱)我是个采桑养蚕妇女，休猜做锄田送饭村姑。(秋胡云)这里也无人，小娘子，你近前来，我与你做个女婿，怕做甚么？(正旦怒科，唱)他酩子里丢抹娘一句，怎人模人样，做出这等不君子，待何如？。","chinese-poetry",""
"鲁大夫秋胡戏妻・二煞","元","石君宝","俺那牛屋里怎成得美眷姻？鸦窠里怎生着鸾凤雏？蚕茧纸难写姻缘簿，短桑科长不出连枝树，沤麻坑养不活比目鱼，辘轴上也打不出那连环玉。似你这伤风败俗，怕不的地灭天诛！。","chinese-poetry",""
"鲁大夫秋胡戏妻・三煞","元","石君宝","你瞅我一瞅，黥了你那额颅；扯我一扯，削了你那手足；你汤我一汤，拷了你那腰截骨；掐我一掐，我着你三千里外该流递；搂我一搂，我着你十字阶头便上木驴。哎，吃万剐的遭刑律。我又不曾掀了你家坟墓，我又不曾杀了你家眷属！(秋胡云)这婆娘好无礼也！你不肯便罢了，怎么这般骂我？(正旦提桑篮科，唱)。","chinese-poetry",""
"鲁大夫秋胡戏妻・尾煞","元","石君宝","这厮睁着眼，觑我骂那死尸；腆着脸，着我咒他上祖。谁着你桑园里戏弄人家良人妇！便跳出你那七代先灵，也做不的主！(下)。","chinese-poetry",""
"鲁大夫秋胡戏妻・折桂令","元","石君宝","呀，原来是你曾参衣锦也还乡。(做出门叫秋胡科，云)秋胡，你来！(秋胡云)梅英，你唤我做甚么？(正旦云)你曾逗人家女人来么？(秋胡背云)我决撒了也，则除是这般。梅英，我几曾逗人来。(正旦唱)谁着你戏弄人家妻儿，迤逗人家婆娘？据着你那愚滥荒唐，你怎消的那乌靴象简，紫绶金章？你博的个享富贵朝中栋梁，(带云)我怎生养活你母亲？十年光景也！(唱)你可不辱没杀受贫穷堂上糟糠！我捱尽凄凉，熬尽情肠，怎知道为一夜的情肠，却教我受了那半世儿凄凉！。","chinese-poetry",""
"鲁大夫秋胡戏妻・殿前欢","元","石君宝","你只待金殿里锁鸳鸯，我将那好花输与你个富家郎。耽着饥每日在长街上，乞些儿剩饭凉浆，你与我休离纸半张！(秋胡云)你怎么问我讨休书来？(正旦唱)早插个明白状，也留与傍人做个话儿讲，道""女慕贞洁，男效才良。","chinese-poetry",""
"鲁大夫秋胡戏妻・雁儿落","元","石君宝","谁将这五花官浩汤？谁将这霞帔金冠望？(带云)便有呵。(唱)我也则牢收箱柜，怎敢便穿在咱身躯上？。","chinese-poetry",""
"鲁大夫秋胡戏妻・得胜令","元","石君宝","呀，又则怕风动满园香。(李大户同罗、搽旦、杂当上，李云)他受了我红定，倒被他抢白一场，难道便罢了？我如今带领了许多狼仆抢亲去也。(罗、搽旦云)今日是个好日辰，我和你抢他娘去！(做见科，云)兀的不是我女儿梅英！(正旦唱)走将来雪上更加霜。早足俺这钓鳌客咱不认，哎，你个使牛郎休更想！(秋胡喝云)兀那厮！你来我家里做甚么？(李惊云)呀！元来他做了官，不是军了也。我闻知你衣锦荣归，特来贺喜。(罗、搽旦云)呸！这等你说他死了也。(李云)他不死倒是我死。(秋胡云)元来那厮假捏流言，夺人妻女。左右，与我拿下，送到钜野县去，问他一个重重罪名。(祗从做缚科)(李云)这也不是我的主意，就是你的岳翁岳母，欠了我四十石粮食，将他女儿转卖与我的。(秋胡云)这等一发可恶，明明是广放私债，逼勒卖女了。左右，你去与县官说知，着重责四十板，枷号三个月，罚谷一千石。备济饥民，毋得轻纵者。(祗从云)理会的。(李云)一心妄想洞房春，谁料金榜擂槌有正身。(罗、搽旦云)我们也没嘴脸在这里，不如只做送李大户到县去，暗地溜了。(诗云)如今且学乌龟法，只是缩了头来不见人。(同下)(卜儿云)媳妇儿，你若不肯认我孩儿呵，我寻个死处！(正旦唱)吓的我慌忙，则这小鹿儿小心头撞。有的来商也波量，(云)奶奶我认了秋胡也。(卜儿云)媳妇儿，你认了秋胡，我也不寻死了。(正旦云)罢、罢、罢！(唱)则是俺那婆娘家不气长！。","chinese-poetry",""
"鲁大夫秋胡戏妻・鸳鸯煞","元","石君宝","若不为慈亲年老谁供养。争些个夫妻恩断无敢望。从今后卸下荆钗，改换梳妆，畅道百岁荣华，两人共享。非是我假乖张，做出这乔模样，也则要整顿我妻纲。不比那秦氏罗敷，单说得他一会儿夫婿的谎。","chinese-poetry",""
"尾・谩伤嗟，空劳力，欲说谁明此理？千尺丝纶直下垂，一波动万波相随。","元","吕侍中","唱道难晓幽微，且恁陶陶度浮世。水寒烟冷，小鱼儿难钓，满船空载月明归。","chinese-poetry",""
"南吕・金字经常氏称心","元","刘时中","少年情缘浅，老来欢爱深，费尽长门买赋金。酒满斟，醉来花下吟。缠头锦，愿得常称心。","chinese-poetry",""
"中吕・朝天子邸万户席上","元","刘时中","柳营，月明，听传过将军令。高楼鼓角戒严更，卧护得边声静。横槊吟情，投壶歌兴，有前人旧典型。战争，惯经，草木也知名姓。《虎韬》，《豹韬》，一览胸中了。时时拂拭旧弓刀，却恨封侯早。夜月饶歌，春风牙纛，看团花锦战袍。鬓毛，未雕，谁便道冯唐老？同文子方、邓永年泛洞庭湖，宿凤凰台下月明，浪平，看远岸秋沙净。轻舟漾漾水澄澄，天水明如镜。范蠡归舟，张骞游兴，在渔歌三四声。耳清，体轻，漫不省乾坤剩。舞者，唱者，满酌金荷叶。珠围翠绕尽豪奢，银烛消残夜。玉箸冰丝，金盘凉蔗，把平生幽愤写。笑些，俏些，赛一道鸳鸯社。有钱，有权，把断风流选。朝来街子几人传，书记还平善。兔走如棱，乌飞如箭，早秋霜两鬓边。暮年，可怜，乞食在歌姬院。耍些，笑些，休放琼花谢。春风无与比奇绝，照眼明香雪。琪树瑶林，寒光相射，争教人容易舍。醉也，去也，更得得捱今夜。饯别，去也，泪滴满金蕉叶。西风锦树老了胡蝶，满眼黄花谢。今日离筵，明朝客舍，把骊驹莫放彻。醉者，饱者，免孤负重阳节。粉光，雪香，是水月观音像。三生梦绕锦鸳鸯，一味风流况。坐上闲情，樽前清唱，是司空也断肠。月凉，夜长，心事满流苏帐。近来，越呆，能捻帮穷□怪。从人ㄋ噪放狂乖，不似今番煞。海样情缘，天来欢爱，罄山赀不当灾。好杯，放开，大打算风魔债。愿天，可怜，乞个身长健。花开似锦酒如川，日日西湖宴。杨柳宫眉，桃花人面，是平生未了缘。过船，醉眠，还不迭风流愿。画船，绮筵，红翠乡中宴。荷花人面两婵娟，花不如人面。锦绣千堆，繁华一片，是西湖六月天。扣舷，采莲，怕什么鸳鸯见。瘿瓢，带糟，将瓮里浮蛆舀。氲氲双颊绛云潮，春色添多少。稚子牵衣，山妻迎笑，急投床脚健倒。醉了，睡好，醉乡大人间小。","chinese-poetry",""
"中吕・满庭芳自悟","元","刘时中","花愁色胆，其中识破，就里曾参。雨云情到底皆虚泛，可暂休贪。撮艳处从今怕揽，闹篮中情愿妆憨。这其间实心谈，一任傍人笑俺，再不将风月话儿谈。狂踪怪胆，索一奉十，暮四朝三。喜孜孜笑脸儿将人赚，就里虚耽。白茫茫蓝桥水淹，黑洞洞袄庙云缄。赤紧地他愚滥，情疏意淡，再不将风月担儿担。","chinese-poetry",""
"中吕・山坡羊与邸明谷孤山游饮","元","刘时中","诗狂悲壮，杯深豪放，恍然醉眼千峰上。意悠扬，气轩昂，天风鹤背三千丈，浮生大都空自忙。功，也是谎；名，也是谎。燕城述怀云山有意，轩裳无计，被西风吹断功名泪。去来兮，便休提，青山尽解招人醉，得失到头皆物理。得，他命里；失，咱命里。西湖醉歌，次郭振卿韵朝朝琼树，家家朱户，骄嘶过沽酒楼前路。贵何如？贱何如？六桥都是经行处，花落水流深院宇。闲，天定许；忙，人自取。怀长沙，次郭振卿韵西楼高处，东城佳处，梦魂长绕湘南路。锦鳞无，塞鸿疏，大都来只为虚名误，老未得闲心更苦。杯，谁共举？花，谁共主？怀武昌，次郭振卿韵烟波渔父，扁舟归去，移定鹦鹉洲边住。任狂疏，恣痴愚，到头也有安排处，青箬绿蓑为伴侣。闲，也自取；忙，也自取。侍牧庵先生西湖夜饮微风不定，幽香成径，红云十里波千顷。绮罗馨，管弦清，兰舟直入空明镜，碧天夜凉秋月冷。天，湖外影；湖，天上景。","chinese-poetry",""
"越调・寨儿令","元","周文质","分凤鞋，剖鸾钗，薄情自来年少客。义断恩乖，雨冷云埋，痴意尚怜才。风不定花落闲阶，云不蔽月满楼台。燕归也人未归，雁来也信悭来。才，不得休约到海棠开。弹玉指，觑腰枝，想前生欠他憔悴死。锦帐琴瑟，罗帕胭脂，则落的害相思。曾约在桃李开时，到今日杨柳垂丝。假题情绝句诗，虚写恨断肠词，嗤！都扯作纸条儿。鸾枕孤，凤衾余，愁心碎时窗外雨。漏断铜壶，香冷金炉，宝帐暗流苏。情不已心在天隅，魂欲离梦不华胥。西风征雁远，湘水锦鳞无，吁！谁寄断肠书？蟾影边，凤台前，箫声为谁天外远？欹枕情牵，倚槛无言，血泪洒寒烟。自薄情别后经年，想嫦娥不念孤眠。葡萄架梧桐井，杨柳院海棠轩。天！陡恁月儿圆。斟玉波，对金荷，新来自觉酒尚可。带解金罗，胥淡双蛾，月枕共谁歌？从别后必定心薄，待归来说甚愁多。枕边憔悴我，灯下可憎他。睃，腰柳瘦因何？莺燕友，凤鸾俦，尽今生猛可里不到头。被底温柔，枕上风流，一笔尽都勾。明知道泼水难收，争忍说和味合休。沈腰偏着丑，潘貌不藏羞。愁，人问瘦因由。挑短檠，倚云屏，伤心伴人清瘦影。薄酒初醒，好梦难成，斜月为谁明？闷恹恹听彻残更，意迟迟盼杀多情。西风穿户冷，檐马隔帘鸣，叮，疑是佩环声。踏草茵，步苔痕，忆宫妆懒观蝶翅粉。桃脸香新，柳黛愁颦，谁道不消魂！海棠台榭清晨，梨花院落黄昏。卷帘邀皓月，把酒问东君。春，偏恼少年人。清景幽，水痕收，潇潇几株霜后柳。往日追游，此际还羞，新恨上眉头。丹枫不返金沟，碧云深锁朱楼。风凉梧翠减，露冷菊音浮。秋，妆占许多愁。彻骨杓，满怀学，只因爱钱心辨不得歹共好。杨柳妖娆，兰蕙丰标，禁不过烂银锹。旧人物不采分毫，新女婿直恁风骚。攀不得龙虎榜，品不得凤鸾箫。猫，不信不敛儿哮。","chinese-poetry",""
"越调・寨儿令","元","鲜于必仁","汉子陵，晋渊明，二人到今香汗青。钓叟谁称？农父谁名？去就一般轻。五柳庄月朗风清，七里滩浪稳潮平。折腰时心已愧，伸脚处梦先惊。听，千万古圣贤评。","chinese-poetry",""
"越调・寨儿令","元","刘时中","夜已阑，灯将灭，纱窗外昏擦刺月儿斜。越求和越把个身子儿趄。耳轮儿做死的扯。吃敲才胼定也，子怕你悔去也。","chinese-poetry",""
"双调・折桂令农","元","刘时中","想田家作苦区区，有斗酒豚蹄，畅饮歌呼。瓦钵瓷瓯，村箫社鼓，落得妆愚。吾将种牵衣自舞，妇秦人击缶相娱。儿女供厨，仆妾扶舆，无是无非，不乐何如？渔鳜鱼肥流水桃花，山雨溪风，漠漠平沙。箬笠蓑衣，笔床茶灶，小作生涯。樵青采芳洲蓼牙，渔童薪别浦兼葭。小小渔船，泛宅浮家，一舸鸱夷，万顷烟霞。樵正山寒黄独无苗，听斤斧丁丁，空谷潇潇。有涧底荆薪，淮南丛桂，吾意椹樵。赤脚婢香粳旋捣，长须奴野菜时挑。云暗山腰，水Ё溪桥，日暮归来，酒满山瓢。牧被野猿山鸟相留，药解延年，草解忘忧。土木形骸，烟霞活计，麋鹿交游。闷来访箕山许由，闲时寻崧顶丹丘。莫莫休休，荡荡悠悠，挈子携妻，老隐南州。疏斋同赋木犀似娟娟日暮娥皇，翠袖天寒，静倚修篁。怅望夫君，低回掩抑，淡尽啼妆。贴体衫儿淡黄，掩胸诃子金装。高洁幽芳，一片秋光，满地清香。同文子方饮南城即事锁烟霞曲径萦回，梦不到人间，舞榭歌台。铅鼎丹砂，玄霜玉杵，钟乳金钗。记画烛清樽夜来，映梨花淡月闲斋。翠壁丹崖，流水桃源，古木天台。送王叔能赴湘南廉使正黄尘赤日长途，便雷奋天池，教雨随车。把世外炎氛，人间热恼，一洗无余。展洙泗千年画图，纳潇湘一道冰壶。报政何如？风动三湘，霜满重湖。喜潇湘一派澄清，觉松柏坚贞，兰蕙芳馨。田里歌谣，官曹整暇，牒诉轻平。快野寺寻春酒醒，喜邮亭问俗诗成。传语湘灵，又只恐东风，吹上瑶京。闲居自适饷春睛小小蓝舆，聊唤茅柴，试买溪鱼。村北村南，山花山鸟，尽意相娱。与农父忘形尔汝，醉归来不记谁扶。早赋归欤，却恨红尘，不到吾庐。张肖斋总管席间小亭轩客散留髡，添酒回灯，草草盘飧。问甚花落花开，春来春去，覆雨翻云。莫孤负田家瓦盆，且留边茅舍洼樽。选甚清浑，论甚朝昏，擗掉会闲里光阴，醉里乾坤。再过村肆酒家无双丫十八鬟儿，春日当垆，袅袅腰肢。徙倚心招，依稀眉语，记得前时。探锦囊都无酒赀，恨邮亭不售新诗。可惜胭脂，转首空枝，千里关山，一段相思。","chinese-poetry",""
"双调・雁儿落过得胜令送别","元","刘时中","和风闹燕莺，丽日明桃杏。长江一线平，暮雨千山静。载酒送君行，折柳系离情。梦里思梁苑，花时别渭城。长亭，咫尺人孤另；愁听，阳关第四声。东山仰谢安，秋水思张翰。长沙屈贾谊，落日悲王粲。坐上酒初残，灯下剑空弹。马援标铜柱，班超指玉关。遥看，明月钱塘岸；云间，山头更有山。题和靖墓西湖避世乖，东阁偿诗债。遨游天地间，放浪江湖外。读易坐书斋，策杖步苍苔。酒饮方拚醉，诗成且放杯。渐渐梅开，独立黄昏待。暗暗香来，清闲处土宅。套数。","chinese-poetry",""
"正宫・端正好上高监司","元","刘时中","众生灵遭磨障，正值着时岁饥荒。谢恩光，拯济皆无恙，编做本词儿唱。","chinese-poetry",""
"滚绣球・去年时正插秧，天反常，那里取若时雨降？旱魃生四野灾伤。谷","元","刘时中","不登，麦不长，因此万民失望，一日日物价高涨。十分料钞加三倒，一斗粗粮折四量，煞是凄凉。","chinese-poetry",""
"滚绣球・偷宰了些阔角牛，盗斫了些大叶桑。遭时疫无棺活葬，贱卖了些","元","刘时中","家业田庄。嫡亲儿共女，等闲参与商。痛分离是何情况！乳哺儿没人要撇入长江。那里取厨中剩饭杯中酒，看了些河里孩儿岸上娘，不由我不哽咽悲伤！。","chinese-poetry",""
"滚绣球・江乡相，有义仓，积年系税户掌。借贷数补答得十分停当，都侵","元","刘时中","用过将官府行唐。那近日劝粜到江乡，按户口给月粮。富户都用钱买放，无实惠尽是虚桩。充饥画饼诚堪笑，印信凭由却是谎，快活了些社长知房。","chinese-poetry",""
"叨叨令・有钱的贩米谷置田庄添生放，无钱的少过活分骨肉无承望；有钱","元","刘时中","的纳宠妾买人口偏兴旺，无钱的受饥馁填沟壑遭灾障。小民好苦也么哥！小民好苦也么哥！便秋收鬻妻卖子家私丧。","chinese-poetry",""
"三煞・这相公爱民忧国无偏党，发政施仁有激昂。恤老怜贫，视民如子，","元","刘时中","起死回生，扶弱摧强。万万人感恩知德，刻骨铭心，恨不得展草垂缰。覆盆之下，同受太阳光。","chinese-poetry",""
"滚绣球・库藏中钞本多，贴库每弊怎除？纵关防任谁不顾，坏钞法恣意强","元","刘时中","都是无廉耻卖买人，有过犯驵侩徒，倚仗着几文钱百般胡做，将官府觑得如无。则这素无行止乔男女，都整扮衣冠学士夫，一个个胆大心粗。","chinese-poetry",""
"滚绣球・三二百锭费本钱，七八下里去干取，诈捏作曾编卷假如名目，偷","元","刘时中","俸钱表里相符。这一个图小倒，那一个苟俸禄，把官钱视同已物，更狠如盗跖之徒。官攒库子均摊着要，弓手门军那一个无，试说这厮每贪污。","chinese-poetry",""
"滚绣球・且说一季中事例钱，开作时各自与，库子每随高低预先除去，军","元","刘时中","百户十锭无虚。攒司五万拿，官人六六除，四牌头每一名是两封足数，更有合干人把门军弓手殊途。那里取官民两便通行法，赤紧地贿赂单宜左道术，于汝安乎？。","chinese-poetry",""
"滚绣球・一任你叫得昏，等到午，佯呆着不瞅不觑，他却整块价卷在包袱。","元","刘时中","着纤如晃库门，兴贩的论百价数，都是真扬州武昌客旅，窝藏着家里安居。排的文语呼为绣，假钞公然唤做殊，这等儿三七价明估。","chinese-poetry",""
"滚绣球・赴解时弊更多，作下人就做夫，检块数几曾详数，止不过得南新","元","刘时中","吏贴相符。那问他料不齐、数不足？连柜子一时扛去，怎教人心悦诚服？自古道人存政举思他前辈，到今日法出奸生笑煞老夫，公道也私乎？。","chinese-poetry",""
"小梁州・这厮每玩法欺公胆气粗，恰便似饿虎当途。二十五等则例尽皆无，","元","刘时中","难着目，他道陪钞待何如。","chinese-poetry",""
"耍孩儿十三煞・天开地辟由盘古，人物才分下土。传之三代币方行，有刀","元","刘时中","圭泉布从初。九府圜法俱周制，三品堆金乃汉图，止不过作贸易通财物。这的是黎民命脉，朝世权术。","chinese-poetry",""
"梁州・丝缕细织造的匀如江纸，粉糨轻出制的腻似鹅脂，温柔玉玺无瑕疵，","元","刘时中","恰便似半江秋水，一片冰丝。还房可恰，尺素宽虞，并无些俗叶繁枝，翻腾的花样宜时。两壁厢是那花开仙五字的诗章，中间是宴蟠桃十长生故事，四周围那缠枝莲八不犯的花儿。拜而，受之。看成做护身符的意思绶文字，谁敢道待的其须。争奈我书房无个顿放处，兀的不费煞我这神思。","chinese-poetry",""
"隔尾・待书册中放呵倘或间沾污了非轻视，待帽盒里收呵若有些疏虞甚意","元","刘时中","儿，待合包里藏呵有那等俏相识开口着我怎推辞。我则索长近长亲着皮肉。一家，无二，只除是护枕放呵又怕那揲被铺床小小妮子，觑的来因而。","chinese-poetry",""
"尾声・成就了洞房中夜月花朝事，受用些绿窗前茶余饭饱时。共宾朋厮陪","元","刘时中","侍，和鸾凤效琴瑟。读一会诗章，讲一会文字。掀腾开旧箧笥，物见主信有之。我见俺一针捻一丝，一针针不造次，一针针那真至。想俺那不容易的恩情怎敢道待的轻视，先选下个不空忘的日子，后择你个不失脱的口词。这手帕则好遮笼纱帽，抚拭瑶琴，花前换盏，袖内藏香，直等的称了愿随了心恁时节使。","chinese-poetry",""
"驻马听・玉鬣银蹄，再谁想三月襄阳绿草齐。雕鞍金辔，再谁收一鞭行色","元","刘时中","夕阳低。花间不听紫骝嘶，帐前空叹乌骓逝。命乖我自知，眼见的千金骏骨无人贵。","chinese-poetry",""
"得胜令・谁念我当日跳檀溪，救先主出重围？谁念我单刀会随着关羽？谁","元","刘时中","念我美良川扶持敬德？若论着今日，索输与这驴群队！果必有征敌，这驴每怎用的？。","chinese-poetry",""
"折桂令・致令得官府闻知，验数目存留，分官品高低。准备着竹杖芒鞋，","元","刘时中","免不得奔走驱驰。再不敢鞭骏骑向街头闹起，则索扭蛮腰将足下殃及。为此辈无知，将我连累，把我埋没在蓬蒿，失陷污泥。","chinese-poetry",""
"尾・有一等逞雄心屠户贪微利，咽馋涎豪客思佳味。一地把性命亏图，百","元","刘时中","般地将刑法陵迟。唱道任意欺公，全无道理。从今去谁买谁骑？眼见得无客贩无人喂。便休说站驿难为，则怕你东讨西征那时节悔！。","chinese-poetry",""
"谢金莲诗酒红梨花・南吕/一枝花","元","张寿卿","花梢月正高，院宇人初静。为怜才子约，嫌煞月儿明。俺忍怕耽惊，俏俏的穿芳径。怕人来更犬惊，花阴里蹑足行行，柳影中潜身等等。","chinese-poetry",""
"谢金莲诗酒红梨花・梁州第七","元","张寿卿","不离了这花阴柳影，也强如绣帏中冷冷清清。想才郎没半米儿尘俗性。他比着那谢东山后嗣，杜工部门生，潘安仁颜貌，曹子建才能，他生的才貌相应。虽不设海誓山盟，他、他、他，端的有千种风情，俺、俺、俺，办着个十分志诚，敢、敢、敢，成合了一世的前程。对着这良宵，媚景。玉纤重把罗衣整，露湿的绣鞋儿冷。绕遍园池过小亭，怎敢稍停？。","chinese-poetry",""
"谢金莲诗酒红梨花・隔尾","元","张寿卿","我为甚商抄过绿径慌忙迸，我则怕迟到蓝桥淹了尾生。则这窃玉偷香的急心性。冷落了那画屏，香消了宝鼎，这其间倚定鸳鸯枕头儿等。(梅香云)姐姐，可早来到也。俺和你过去。(赵汝州慌迎科，云)小娘子来了也。(正旦云)秀才，妾身无甚么礼物，则这一樽酒一瓶花儿，朵与你回礼。(赵汝州云)小娘子，小生久等多时了也。(正旦云)梅香，你先回去。则怕夫人问着，你可支吾咱。(梅香云)理会得，我先回去也。(下)(正旦云)秀才，你认的这瓶花么？(赵汝州云)小娘子，这瓶花是甚么花？(正旦云)你试猜咱。(赵汝州云)敢是海棠花么？(正旦唱)。","chinese-poetry",""
"谢金莲诗酒红梨花・四块玉","元","张寿卿","我剔的这灯焰儿光，那的这花瓶儿正。我对着这烛底花前说叮咛，则愿的灯休灭花休谢人休另。这知音人存着志诚，似花枝常在瓶，似灯儿分外明。","chinese-poetry",""
"谢金莲诗酒红梨花・感皇恩","元","张寿卿","嬷嬷也老不以筋力为能，咱须是负屈高声。俺赏的这上阳花，饮的这长寿酒，烧的这短檠灯。正是银河耿耿，玉器泠泠，对着那一轮月，千里风，满大星。","chinese-poetry",""
"谢金莲诗酒红梨花・采茶歌","元","张寿卿","俺从那期程，伴着这书生，直吃的碧桃花下月三更。你个嬷嬷夫人心休硬，便有合该罪犯俺招承。","chinese-poetry",""
"谢金莲诗酒红梨花・一煞","元","张寿卿","你休愁我衾寒枕剩人孤另，我则怕你酒醒灯昏梦不成，佳期漏泄无干净。慌出兰堂，四下眶天如悬镜。夜气扑人冷，一片闲云近玉绳，空余着银汉澄澄。","chinese-poetry",""
"谢金莲诗酒红梨花・尾煞","元","张寿卿","我把一枝翠柳将身映，(赵汝州云)小娘子，你可仔细走。(正旦唱)这里不比十二瑶台独自行。曲栏傍月光净，粉墙边晚风劲。(云)呀，兀的不有人来也。(唱)只听的扑簌簌鞋底鸣，唬的我颤兢兢手脚冷。俺只索止安身躯注着眼睛，(带云)原来不是人呵。(唱)可正是云破月来花弄影。(下)。","chinese-poetry",""
"谢金莲诗酒红梨花・迎仙客","元","张寿卿","唬的我湘娥般洒泪痕，你休节外把咱嗔，虚心儿告他折了你甚本？也则为揉损了青枝，唬的我慌搓玉笋。你那里便至本从根，哎，这叶儿又不曾传芳信。","chinese-poetry",""
"谢金莲诗酒红梨花・红绣鞋","元","张寿卿","堪笑春风几阵，一帘红雨纷纷，飘香流水绕孤村。亲引上俺天台路，得见恁武陵人，哎，你一个阮郎直恁般狠。","chinese-poetry",""
"谢金莲诗酒红梨花・幺篇","元","张寿卿","足律律起阵旋风，刮起那黄登登几缕尘。正是那个婆娘，缠俺孩儿，狠毒冤魂。向这里，又将待，要咱亲近，拚的打您娘五千桃棍。(赵汝州云)三婆，你不说，我那里知道。兀的不唬杀我也。(赵汝州做扯住旦科)(正旦云)我回去也。(赵汝州云)这花园不干净，得你在这里伴我一伴也好。(正旦云)可不误了我卖花。(唱)。","chinese-poetry",""
"谢金莲诗酒红梨花・煞尾","元","张寿卿","俺孩儿一年来不得托生，秀才也你三更里撞着鬼魂。俺孩儿三年光。景无人问。(带云)哎，且喜波。(唱)可早有替代你的生天路儿稳。(下)(赵汝州云)三婆去了也。可怎生不见张千来？(张干上，云)我往书房中看秀才去。(见科)(赵汝州云)张千，相公在那里？(张千云)相公下乡劝农去了。(赵汝州云)相公曾分付你甚么来？(张干云)相公去时，分付我来，说公事忙，有好几时未得回哩。留下物件，着我交付与你。是花银两锭，春衣一套，全副鞍马一匹。(赵汝州云)既有此物，张千，多多的拜上您相公，则今日我就上朝取应去也。(张千云)相公还有分付，说秀才去的迟，便等相公回来，与你面别。(赵汝州云)我只是不等他了。(诗云)我不别仁兄不为过，只为后花园里难存坐。万一红梨花下那人来，可不与李家孩儿凑两个。(张于随下)。","chinese-poetry",""
"谢金莲诗酒红梨花・沉醉东风","元","张寿卿","想着他风流少年，曾和俺在月下花前。虽不曾共绣衾，虽不得同罗荐，也两个诗酒留连。今日个将小扇轻纨出画筵，可知是非吾所愿。(张千云)相公分付，好生打扇哩。(正旦云)这扇呵，(唱)。","chinese-poetry",""
"谢金莲诗酒红梨花・雁儿落","元","张寿卿","堪宜桂影圆，可爱丹青面。清风随手生，皓月当胸现。","chinese-poetry",""
"双调・清江引梦回昼长帘半卷，门掩荼コ院。蛛丝挂柳棉，燕嘴粘花片，","元","钱霖","啼莺一声春去远。高歌一壶新酿酒，睡足蜂衙后。去深鹤梦寒，石老松花瘦，不如五株门外柳。春归牡丹花下土，唱彻莺啼序。戴胜雨余桑，谢豹烟中树，人困昼长深院宇。恩情已随纨扇歇，攒到愁时节。梧桐一叶秋，砧杵千家月，多的是几声儿檐外铁。套数。","chinese-poetry",""
"般涉调・哨遍试把贤愚穷究，看钱奴自古呼铜臭。徇已苦贪求，待不教泉","元","钱霖","货周流。忍包羞，油铛插手，血海舒拳，肯落他人后？晓夜寻思机彀，缘情钩距，巧取旁搜。蝇头场上苦驱驰，马足尘中厮追逐。积攒下无厌就，舍死忘生，出乖弄丑。","chinese-poetry",""
"耍孩儿・安贫知足神明佑，好聚敛多招悔尤。王戎遗下旧牙筹，夜连明计","元","钱霖","算无休。不思日月搬乌兔，只与儿孙作马牛。添消瘦，不调ブ鼎，恣逞戈矛。","chinese-poetry",""
"十煞・渐消磨双脸春，已雕飕两鬓秋，终朝不乐眉长皱。恨不得柜头钱五","元","钱霖","分息招人借，架上阜一周年不放赎。狠毒性如狼狗，把平人骨肉，做自己膏油。","chinese-poetry",""
"鸳鸯歇指煞・前程只有前程路，儿孙自有儿孙福。没来由谩苦，千丈剑门","元","秦竹村","关，一线连云栈，万里凌霄渡。争一阶官职高，攒几贯家私富。手搭在心头窨附：二顷负郭田，对山三架屋，绕院千竿竹。充饥煮蕨薇，遇冷添细纟由絮，便是我生平所欲。世事尽无休，人生要知足。","chinese-poetry",""
"后庭花煞・无心绣作，空闲却金剪刀。眉蹙吴山翠，眼横秋水娇。正心焦，","元","王修甫","梅香低报，报道晚妆楼外月儿高。","chinese-poetry",""
"小桃红・半帘花影也扶疏，冷落了迎风户。噪晚寒蝉断肠处，谩惆躇，西","元","王修甫","风夜送帘纤雨。清灯一点，知人潇洒，相伴影儿孤。","chinese-poetry",""
"眉儿弯煞・难由绪，没是处，吃紧有统镘的姨夫。果必是个风流俊人物，","元","王修甫","又不敢道间阻，间阻，免得那些月底星前悄受苦。","chinese-poetry",""
"驻马听・日月如飞，急急光阴如逝水；去年今日，看看故友眼前稀。想藏","元","范康","阄打马都成非，思包商吟咏成何济，何所宜，都不如保全一点元阳气。","chinese-poetry",""
"沉醉东风・从教师诗书颇习，参释道性命根基。杏林中作生涯，橘井内为","元","范康","活计。炼玄元象帝幽微。有一日三岛十洲将名姓题，抵多少一官半职。","chinese-poetry",""
"得胜令・呀！我如今参透静中奇，识破动中机。人我山为平地，是非海波","元","范康","浪息。莫待要呆痴，将意马心猿系。休纵放奔驰，现一轮皓月辉。","chinese-poetry",""
"折桂令・现一轮皓月光辉，朗朗圆明，无缺无亏，恰一气才分，二仪初判，","元","范康","早三姓支离。生共死有几人悟得，死与生何处归依。奥妙玄微，不索猜疑。若吞却一粒金丹，怕甚么六道轮回。","chinese-poetry",""
"离亭宴煞・诵《南华》讲《道德》，谈《周易》见天心，察地利明人事，","元","范康","须持心炼已。分宾主，定浮沉；辨疏亲，识老嫩；通造化，别真伪。晓屯蒙否泰交，知消长盈虚意。甚的是先天至极？打破了太虚空，便是那出世超凡大道理。","chinese-poetry",""
"陶学士醉写风光好・赚煞","元","戴善甫","几时捱得酒筵阑，官员散，恨不得目下天昏日晚。唬的那舞女歌儿似受战汗，难施逞乐艺熟闲。(韩熙载云)弱兰，则要你小心在意者。(正旦唱)这其间，春意相关，放着满眼芳菲纵心儿拣。争奈这寻芳人意懒，嬉游的心慢。哎！不是个惜花人休想肯凭栏。(众随下)。","chinese-poetry",""
"陶学士醉写风光好・梁州第七","元","戴善甫","他则是惯受用玉堂金马，不思量月户云窗。则他那古忄敞心甚的唤做鸣珂巷，空那般衣冠济济，状貌堂堂。却为甚偏嫌俺妓女，怕见婆娘？莫不他净了身不辨阴阳？人道这秀才每都不荒唐，偏怎那洞庭湖柳毅传书，谢家庄崔护觅浆，贾充宅韩寿偷香。想我那往常，伎俩，播弄的子弟如翻掌。这个铁卧单我怎窝藏？我自寻思出这个风流俏智量，须要今夜成双。","chinese-poetry",""
"陶学士醉写风光好・隔尾","元","戴善甫","我则道他喜居苦志颜回巷，却元来爱近多情宋玉墙。这搭儿厮叙的言问那停当。想昨日在坐上，那些儿势况，苫眼铺眉尽都是谎。","chinese-poetry",""
"陶学士醉写风光好・三煞","元","戴善甫","贱妾煞是展污了个经天纬地真英俊，为国于民大宰臣。(陶谷云)酒后疏狂，惹此一场是非。(正旦唱)贱妾煞不识高低，不知远近，不辨贤愚，不别清浑。这的是天注定的是非，天指引的前程。天匹配的婚姻，咱兀的教太守主婚。(陶谷云)可着谁做媒人？(正旦唱)则这〔风光好〕是媒人。","chinese-poetry",""
"陶学士醉写风光好・二煞","元","戴善甫","此别后我专想着你玉堂金马怀离恨，谁再与野草闲花作近邻。(陶谷云)我今别处寻个前程，便来取你。(正旦唱)我等你那取我的轩车，赠咱的官品。我也待显耀乡间，改换我这家门。学士怎肯似那等穷酸饿醋，得一个及第成名，却又早负德辜恩。则要你言而有信，休担阁了少年人。","chinese-poetry",""
"陶学士醉写风光好・煞尾","元","戴善甫","公堂上坐着相公，阶直下列着武士。我这里尽场分说心间事，拚两个双棒儿阶前觅一个死。(做撞阶科)(钱王云)住、住、住！秦弱兰留性命，逗你耍哩。(陶谷云)姐姐，间别无恙。则被你想杀我也。(钱王云)秦弱兰，陶学士为你回不的汴京。你两口儿且在我杭州居住。等我朝京，见了大宋主人。奏过还着陶学士复旧职。那其间驷马轩车，五花官诰，都是你的。(正旦拜科，云)多谢了大王。(钱王云)古人有言：""乐莫乐兮新相知，悲莫悲兮生别离。""今日你两个夫妻会合，便当杀羊宰马，做个庆喜筵席。(词云)当日个有意江南降李主，故书隐语显文章。岂谓彼中有识者，独眠孤馆早参详。故教此女来狐媚，恼乱春风学士肠。驿亭巧把姻缘结，新词留下好风光。此心愧报难回汴，只得潜身且寄杭。专待君恩重召取，那其间同驾香车入画堂。半世孤高占仕路，一天风月动词场。若道钟情非我辈，因何千载说高唐。","chinese-poetry",""
"陶学士醉写风光好・正宫/端正好","元","戴善甫","总然你富才华，高名分，谁不爱翠袖红裙。你看这般东风桃李香成阵，犹兀自难遣东君恨。","chinese-poetry",""
"陶学士醉写风光好・滚绣球","元","戴善甫","人都道秀才每村，不会将女色亲。他每则是识廉耻正心不肯，但出语也做的个郎君。假若是夸谈俺好妇人，则着些俗言语便不真。他每用文章也道的来淹润，则着两句诗说尽精神。裙拖六幅湘江水，髻挽巫山一段云，休道不消魂。","chinese-poetry",""
"陶学士醉写风光好・叨叨令","元","戴善甫","学士写时节有些腔儿韵，妾身讴时节有些词儿顺。(陶谷云)不知是何等无知之人，做下此等语句？(正旦唱)做时节难诉千般恨，写时节则是三更尽。(旦拜陶科，唱)学士你记得也么哥，你记得也么哥，(出词科，唱)兀的是亲笔写了牢收顿。(陶谷怒云)这个泼烟花赃诬人。我那里与你会面来？(正旦云)妾身不敢。昨夜蒙大人错爱。(唱)。","chinese-poetry",""
"陶学士醉写风光好・黄钟煞","元","戴善甫","你可休""一春鱼雁无音信""，却教我""千里关山劳梦魂。""我和你两情调两意肯，这谐合有气分。我觑了暗地哂，全不见没事狠，绸缪处直恁亲，临相别也怀恨。若还家独门身，被儿底少温存，怕不想旧日人，要圆成要寻问，则这续断鸾胶语句儿真，便是我锦片前程敢可也盼的准。(下)。","chinese-poetry",""
"陶学士醉写风光好・迎仙客","元","戴善甫","我心恐恐入内门，战兢兢步阶址，这里错行了眼前轻是死。如今我也上丹墀，朝帝子。我暗暗地冷笑孜孜，兀良抵多少长亭畔迎宣使。(做见科，云)大王叩头。(钱王云)你是秦弱兰，当初怎生认的陆学士来？(正旦云)大王听妾身慢说一遍。(唱)。","chinese-poetry",""
"陶学士醉写风光好・幺篇","元","戴善甫","他生的端严相貌，尊崇举上。几曾见这般眼暗头昏，地惨天愁，抹泪揉眵。觑绝时，这君子，其实不是，却怎生没半星儿相似。","chinese-poetry",""
"陶学士醉写风光好・哨遍","元","戴善甫","对着这千乘当今帝子，等教我一星星数说你乔行止。我为你截日离了官司，再不当火院家私，便弄针黹。每日价胭憔粉悴，玉减香消，专等你那音书至，今日全无一字。都泪淹破腮颊，病瘦损腰肢。则这腕儿上慢松子的金钏是相知，身儿上宽绰了罗衣是正明师。你这般背约违期，负德辜恩，怎生意思？。","chinese-poetry",""
"陶学士醉写风光好・耍孩儿","元","戴善甫","枉了我一年独守冰霜志，指望你封妻荫子。我并不想东风卖笑倚门时，毕罗了采笔题诗。再不向泥金扇底歌新曲，日玉堂前舞柘枝。我自离了莺花市，无半星儿点污，一打儿瑕疵。","chinese-poetry",""
"神奴儿大闹开封府・赚煞尾","元","无名氏","你常存着见官的心，准备着告人的意。则你那状本儿如瓶注水，俺亲弟兄看成做了五眼鸡。(搽旦云)俺若欺负你，头上有天哩。(正末唱)你也须索念着好门风祖亡留遗，今日为他谁觅闹寻非，却不道湛湛青天不可欺。你就那般瞒心昧已，就这般生忿忤逆，(云)人间私语，天闻若雷，休言不报也。(唱)敢只争来早与来迟。(作气死下)。","chinese-poetry",""
"神奴儿大闹开封府・梁州第七","元","无名氏","你莫不大街上逢着甚么驴马？你莫不小巷里撞着甚么车乘？则我这好言好语无心听。我将你来厮将厮领，同坐同行。眼睛儿般照觑，气命儿般看承。他行坐里陪着一个笑脸儿相迎，待飞腾则恨我肋下没稍翎。教我便来来去去脚似撺梭，我可便笃笃末末身如这翻饼，哎哟天那！好教我便慌慌速速手似捞铃。(云)想必哥哥等不得，回家去了。我且到家中看咱。(大旦上，云)院公你来了也。(正末慌科)(唱)则听的，叫咱一声。水浇般不由我浑身冷，我待悔来教我悔不定。(大旦云)神奴孩儿在那里？(正末唱)告嫂嫂休忙且暂停，(大旦云，做哭科)(正末唱)省可里两泪如倾。","chinese-poetry",""
"神奴儿大闹开封府・四块玉","元","无名氏","一壁厢说与厢长，一壁厢报与坊正，恨不的翻过那物穰人稠卧牛城，(做叫云)街衢巷陌，张三李四，赵大王二。(唱)你若见的可便也合通个名姓。不见了小舍人，可教俺也便待怎生？(带云)两房头则觑着哥哥一个哩。(唱)呆老子也我只索与他偿命。","chinese-poetry",""
"神奴儿大闹开封府・黄钟尾","元","无名氏","我这里潜踪蹑足临芳径，我与你破步撩衣近小亭。见孩儿，世不曾，不由我，不悲哽，天色寒，风力冷，夜迢迢，星耿耿，忽的阴，忽的晴。我则道神奴儿在曲槛闲行，(带云)兀的不是哥哥来了也。(唱)哎！却原来是云破月来花弄影。(同下)。","chinese-poetry",""
"神奴儿大闹开封府・红绣鞋","元","无名氏","你也不索硬打挣去街坊上幺喝，神奴儿死尸骸只在这水沟里埋伏，(搽旦做慌科，云)谁和你说在水沟里埋着？如今在那里？在那里？(正末唱)孩儿也向那梦儿里依本画葫芦。他为甚的便慌笃速，一句句紧支吾？您正是贼儿胆底虚。","chinese-poetry",""
"神奴儿大闹开封府・迎仙客","元","无名氏","又不曾下甚雨水，因甚这般湿泥淤？(搽旦云)是泼下的恶水。(正末唱)你道是水沙儿谁人糁上土？(搽旦云)见这块儿凹，扫了些粪草土儿填上，又洒了些水儿。俺家的勾当，要你管着我？(正末唱)这石板为甚撅开？(搽旦云)天睛开水道，下雨不足弯泥。我开沟来，开沟来！(正末唱)这水路因何当住？(搽旦云)雨下的紧了，怎么不漫出水来？神奴儿在那里？你自寻么？(正末唱)不索你便将我来催促，我与你便慢慢寻将去。","chinese-poetry",""
"神奴儿大闹开封府・幺篇","元","无名氏","做儿的不是义儿，做母的也不是义母。想着他咽苦吐甘，偎干就湿，怎生抬举。休说道十月怀耽，长立成卜，且则说三年乳哺，怎下的生割断他那子母每肠肚？。","chinese-poetry",""
"神奴儿大闹开封府・耍孩儿","元","无名氏","你可甚平生正直无私曲？我道您纯面搅则是一盆糊。若无钱怎挝得你这登闻鼓？便做道受官厅党太尉能察雁，那里也昌平县狄梁公敢断虎。一个个都吞声儿就牢狱，一任俺冤仇似海，怎当的官法如垆。","chinese-poetry",""
"神奴儿大闹开封府・煞尾","元","无名氏","凭着我纸儿上写着这一一的犯由，怀儿里揣着这重重的痛苦。只待他包龙图来到南衙府，拚的个接马头一气儿叫道有二千声屈。(下)(大旦云)天那，着谁人与我做主也？(下)(外郎云)李二，你是个原告，出去随衙听候。(李德义云)理会的。(同搽旦下)(外郎云)张千，你伏侍我一日，辛苦了，不曾吃饭。张千，你自吃饭去。如今新官下马，我待接新官去也。(下)(孤云)你看么，断事一日，饭也不曾吃。外郎和张千都去了，着一个抬抬这卓子也好。罢、罢、罢，我自家端着这卓子罢，(做掇卓科，下)。","chinese-poetry",""
"神奴儿大闹开封府・雁儿落","元","无名氏","你莫不是李员外娶的后婚？(大旦云)俺是绾角儿夫妻，持过公婆孝服，埋殡夫主，每自的浇茶奠酒上坟哩。我家是敕赐义门李氏，怎敢辱抹家门？大人可怜见。(正末唱)他道是绾角儿成秦晋。他去那公婆行持孝服，他将亲夫主才埋殡。","chinese-poetry",""
"神奴儿大闹开封府・得胜令","元","无名氏","每日价浇茶奠酒上新坟，怎肯贪图淫欲辱家门。你道他所算了孩儿命，我道来须是他嫡母亲。想着他生身，他曾受十月怀耽孕，抬举得成人，他也曾有三年乳哺恩。","chinese-poetry",""
"神奴儿大闹开封府・沉醉东风","元","无名氏","他去那原告人十分觑问，眼见的那被告人九分关亲。他将李阿陈相哀悯，他去那李二行百般的施仇恨，料应来必有个缘因。我见他两次三番如丧神，早难道肋底下插柴自稳。","chinese-poetry",""
"王月英元夜留鞋记・赚煞尾","元","无名氏","只几句断肠词，写不尽中心意，全靠你梅香说知。我比待月莺莺不姓崔，休教咱罗帏中魂梦先飞。莫延迟，你与我疾去忙归，(梅香云)姐姐，也还要选个好日期才是。(正旦唱)拣甚么良辰并吉日。则愿他停眠少睡，早早的成双作对，趁着那梅梢月转画楼西。(下)。","chinese-poetry",""
"王月英元夜留鞋记・正宫/端正好","元","无名氏","车马践尘埃，罗绮笼烟霭，灯球儿月下高抬。这回偿了鸳鸯债，则愿的今朝赛。","chinese-poetry",""
"王月英元夜留鞋记・滚绣球","元","无名氏","天澄澄恰二更，人纷纷闹九垓，(云)不知今夜怎生这等耳热眼跳也。(唱)敢是母亲行有些嗔责，(梅香云)奶奶着俺们看罢灯早回去哩。(正旦唱)则教我看灯罢早早回来。你看那月轮呵光满天。灯轮呵红满街，沸春风管弦一派，趁游人拥出蓬莱。莫不是六鳌海上扶山了？莫不是双凤云中驾辇来？直恁的人马相挨。","chinese-poetry",""
"王月英元夜留鞋记・叨叨令","元","无名氏","背着这闹火火亲身自向莲台拜，只见他静悄悄月明千里人何在？(做见科，唱)元来个困腾腾和衣倒在窗儿外，(云)哦，我猜着他了。(唱)莫不为步迟迟更深等的无聊赖？早些儿觉来也波哥，早些儿觉来也波哥，我只索向前去推整他头巾带。(梅香云)这厮敢睡着了，待我叫他。(做叫不醒科，云)这等好睡！姐姐，待我推醒他。(做推不醒科)(正旦唱)。","chinese-poetry",""
"王月英元夜留鞋记・煞尾","元","无名氏","本待要秦楼夜访金钗客，倒教我楚馆尘昏五镜台。则被伊家厮定害，醉眼蒙胧唤不开，一枕南柯懒觉来。遗下香罗和绣鞋，再约佳期又一载。月转西楼怎停待，角奏梅花不宁奈，空抱愁怀归去来。(带云)哎，秀才，秀才。(唱)你若要人月团圆鸾凤谐，那其间还把那三万贯胭脂再来买。(同梅香下)(郭华醒，云)不觉的睡着了也。(做闻科，云)怎生一阵麝兰香，是那里吹来的？呀！我这怀中是甚么东西？(做见手帕、鞋儿科，云)原来是一个香罗帕，包着一只绣鞋儿。嗨！这鞋儿正是小娘子穿的！他必定到此处来，见我醉了睡着了，他害羞不肯叫我，故留绣鞋为记。小娘子，你有如此下顾小生之心，我倒有怠慢姐姐之意。这多是小生缘薄分浅，不能成其美事，岂不恨杀我也！(做看鞋科，云)我看了这一只绣鞋儿，端端正正，窄窄弓弓；这个香罗帕儿香香喷喷，细细腻腻的。物在人何在？天阿！我费了多少心情，才能勾今夜小娘子来此寺中，相约一会。谁想小生贪了几杯儿酒，睡着了！正是好事多磨，要我这性命何用？我就将这香罗帕儿咽入腹中，便死了也表小生为小娘子这点微情。(诗云)苦为烧香断了头，姻缘到手却干休。拚向牡丹花下死，纵教做鬼也风流。(做咽汗巾噎倒科)(净扮和尚上，诗云)我做和尚年幼，生来不断酒肉。施主请我看经，单把女娘一溜。小僧是这相国寺殿主。时遇元宵节令，大开山门，游人玩赏。这早晚更深夜静，长老分付着载巡视殿宇两廊灯烛香火，来到这观音殿内。(做绊倒科，云)呀，怎生有个人睡在地下？我试看咱。(做举灯看科，云)原来是个秀才。秀才起来，天色将明了，你起来家去罢。呀，可怎生唤不醒也？我再看咱。(做惊科，云)呀，这秀才原来死了！(做手摸科，云)怎生一只绣鞋在他怀内？敢是这秀才死了还不死哩。等我扶起他来，送出山门去，省的连累我。(做扶科)(丑扮琴童慌上，云)自家琴童的便是。俺主人相国寺看灯去了，一夜不见回家，我索寻去咱。(做入寺见科，问云)和尚，难道俺主人吃的这等醉哩！(和尚云)醉倒是活的，不知你家秀才怎生死在这里？(琴童做惊科，云)俺主人死了？(做摸身上科，云)俺主人怀中现有一只绣鞋。我想来，俺主人在你寺里做的事，你必然知情。你如今将俺主人摆布死了，故意将这绣鞋揣在怀里。正是你图财致命，便待干罢！我将这尸首亭在观音殿内，明有清官，我和你见官去来！(拖和尚下)(外扮伽蓝同净鬼力上，云)人间私语，天闻若雷。暗室亏心，神目如电。小圣相国寺伽蓝，奉观音法旨，分付小圣，因为秀才郭华与王月英本有前生夙分，如今。","chinese-poetry",""
"王月英元夜留鞋记・迎仙客","元","无名氏","我须是王月英，又不是泼烟花，又不是风尘卖酒家。有甚么败了风化，有甚么差了礼法。公然便把人勾拿？哥哥也，你休将这女孩儿相惊唬。(张千云)王月英，快跟我去来。(正旦云)哎呀，可着谁救我也！(同张千下)(包待制上，云)着张千勾王月英去了，这早晚怎生还不见来？(张千拿正旦入，跪科，云)禀爷，这就是不见了绣鞋儿的王月英。(包待制云)你便是王月英么？(正旦云)妾身是王月英。(包待制云)你多大年纪？曾有婚配来么？(正旦云)告爷爷可怜见，试听我王月英说一遍咱。(唱)。","chinese-poetry",""
"王月英元夜留鞋记・红绣鞋","元","无名氏","俺年纪小未曾招嫁，(包待制云)你在那里住坐？(正旦唱)从小里长在京华，(包待制云)你家做甚营生买卖？(正旦唱)祖辈儿卖脂粉作生涯。(包待制云)你有兄弟也无？(正旦唱)叹只身无兄弟，(包待制云)你有父亲么？(正旦唱)更老亲早亡化，(包待制云)你是何门户？(正旦唱)本是个守农庄百姓家。(包待制云)你既是个女子，怎生不守闺门之训，这绣鞋儿却揣在郭华怀中？有何理论，从实招来，休讨打吃。(正旦唱)。","chinese-poetry",""
"王月英元夜留鞋记・驻马听","元","无名氏","有口难言，月里嫦娥爱少年。恩多成怨，你莫是酒中得道遇神仙？抵多少笙歌引至画堂前，鸳鸯深锁黄金殿。空教我恨绵绵，当初悔不休相见。","chinese-poetry",""
"鲁智深喜赏黄花峪・尾声","元","无名氏","你告俺哥哥宋公明，(庆甫云)他是哥哥的谁？(正末唱)他是我亲兄长，(庆甫云)哥哥姓甚名谁？(正末唱)则我是病关索一身姓杨。(庆甫云)你生牢记者。(正末唱)着我心中自暗想，(庆甫云)若不是哥哥呵，那的那性命来。(正末唱)俺端的志气昂昂，(庆甫云)多谢了哥哥。(正末唱)我从来本高强。不是我说短论长，他若欺负你来梁山告俺宋江。(庆甫云)则怕又撞见他怎了也？(正末唱)那厮更十分不良，将平人屈漾，(庆甫云)则怕宋江哥哥不肯与我作主末？(正末云)投到你去呵。(唱)我与你待先说话衷肠。(庆甫云)大嫂，俺休往大路上去，咱往小路上去，则怕撞见蔡衙内，怎了？(旦云)你也说的是。则怕撞见那贼汉，强夺的我去了，不能与你相见。我这里有个枣木梳儿，与你做信物，久以后见了这梳儿，便和见我一般。(庆甫云)我收了这梳儿，久以后见了这梳儿，便是信物。俺休离了。大嫂，俺走、走、走。(下)(店小二云)走将这几个人来，酒也卖不成，整嚷了这一日。收了铺儿，往钟鼓司学行金斗去来。(下)(刘庆甫同旦做慌上，云)走、走、走。(蔡做冲上，栏住科)好也，那里去？打的我好也。我将他浑家驼在马上，我拐他去十八层水南寨里去也。走、走、走。(下)(庆甫云)天也，谁想正撞着蔡衙内，将我浑家夺在马上去了。我别处告，近不的他，直往梁山上告宋江哥哥走一遭去。大嫂，则被你疼杀我也。(下)。","chinese-poetry",""
"鲁智深喜赏黄花峪・南吕/一枝花","元","无名氏","俺哥哥传将令三四番，可怎生无一个承头的？这一个燕青将面劈，那一个杨志头低。那里也大胆姜维，问着呵一个个缄口无人言对，你可便怕相持对垒。(云)似恁的呵。(唱)你可便枉住在梁山，兀的不辱没杀俺哥哥保义。","chinese-poetry",""
"鲁智深喜赏黄花峪・正宫/端正好","元","无名氏","绕村坊，寻门户，一径的打探个实虚。恰便似竹林寺有影无寻处，我问那蔡衙内在何方住？。","chinese-poetry",""
"鲁智深喜赏黄花峪・滚绣球","元","无名氏","希壤忽浓泥义滑，失流疏刺水渲的渠，赤留出律惊起些野鸭鸥鹭，我这里急煎煎整顿了衣服。急周各支荡散了枪竿篓，急彪各邦踏折了剑菖蒲，见一道小路儿荒疏。","chinese-poetry",""
"鲁智深喜赏黄花峪・古水仙子","元","无名氏","那那女艳羞，你拆散了他鸾交和凤友。待飞来难飞，待走来怎走？身躯似不缆舟，炎腾腾水上浇油。一只手便把衣领揪，一只手捂住衣和袖，滴溜扑摔翻一个肉春牛。","chinese-poetry",""
"刘千病打独角牛・正宫/端正好","元","无名氏","我来到这泰安州，我可便不住您兀那招商店，那厮便紧和我钉钉胶粘。把一池绿水可也浑都占，可怎生不放俺这傍人僭？(独角牛云)那一个好汉，敢出来与我独角牛擂三台？(正末唱)。","chinese-poetry",""
"刘千病打独角牛・滚绣球","元","无名氏","他将那名姓呼，志气来口店，他在那露台上光闪，果然是名不虚传。他可也忒自专，说大言，自夸轻健，可是他空说在骏马之前。我打这厮东头不说可在这西头说，我打这厮上口不口店下口口店，无耻无廉。","chinese-poetry",""
"刘千病打独角牛・夜行船","元","无名氏","独角牛肥膜相搏呵，吁，他则落的一声喘，可是他空说在骏马之前。他则待举意儿赢，他其心儿不善，可是他捉住鼓自开一遍。","chinese-poetry",""
"洞庭湖柳毅传书・仙吕/端正好","元","尚仲贤","我则为空负了雨云期，却离了沧波会，这一场抵多少水尽鹅飞。早是我受不过狠毒的儿夫气，更那堪不可公婆意。","chinese-poetry",""
"洞庭湖柳毅传书・幺篇","元","尚仲贤","则俺那卫近沙浦有庙宇，到庙前将定金钗股，香案边击响金橙树，觑水中闪出金沙路，走将那巡海的夜叉来，敢背将你个寄信的先生去。(柳毅云)既如此，我与你做个传书使者。但你异日归于洞庭，是必休避我也。(正旦云)岂但不避，大恩人便是我亲戚一般哩。(唱)。","chinese-poetry",""
"洞庭湖柳毅传书・赚煞","元","尚仲贤","俺为县么懒上凤凰台，羞对鸳鸯浦？则为那霹雳火无情的丈夫。是则是海藏龙宫曾共逐，世不曾似水如鱼，谩踌躇。影只形孤。只我这泪点儿多如那落花雨，多谢你有心肠的足，可着我便乘龙归去。(做拜科)(唱)全在这寄双亲和泪一封书。(下)(柳毅云)知他是神是鬼，且将这书直至洞庭湖庙前走一遭去。(诗云)泾河岸偶遇三娘，诉离愁雨泪行行。如今去洞庭湖上．将此书寄与龙王。(下)。","chinese-poetry",""
"洞庭湖柳毅传书・收尾","元","尚仲贤","则他走金蛇电影内将神威弄。你觑那霸桥北泾河岸东，俺只见淹淹的血水泻做江湖，和着这滚滚的尸骸炼做丘冢。(下)。","chinese-poetry",""
"洞庭湖柳毅传书・梧叶儿","元","尚仲贤","我这些掩着袂忙趋进，改愁颜做喜欣，(做拜谢科)(唱)施礼罢叙寒温。你水路上风波恶，旱路上程限紧。似这等受辛勤，你索是远路风尘的故人。","chinese-poetry",""
"洞庭湖柳毅传书・浪里来煞","元","尚仲贤","这薄礼呵请先生休见阻，送行者宁无赆。则为你假乖张不就我这门亲，害的来两下里憔悴损。我则索向龙宫纳闷，怎禁他水村山馆自黄昏。(下)。","chinese-poetry",""
"洞庭湖柳毅传书・驻马听","元","尚仲贤","高点起画烛荧煌，我则道为雨为云会洞房。细听的仙音嘹亮，我几番的和愁和闷到华堂。离了那平胡十里芰荷香，谁想他禹门三月桃花浪。(带云)柳毅也，我想你怎生认的我来？(唱)情惨伤，则教你热心肠看不破这勾当。","chinese-poetry",""
"洞庭湖柳毅传书・雁儿落","元","尚仲贤","则为你恩人不敢忘，幸得我贱妾犹无恙，因此上冒卢家住范阳，特故的嫁柳氏来淮上。","chinese-poetry",""
"洞庭湖柳毅传书・得胜令","元","尚仲贤","呀，管教你共醉紫霞觞，并绾紫游缰。(柳毅云)你如今既到人间，怎生还去得你处？(正旦指天云)疾，柳官人你觑者。(唱)岂不见天际秋虹起，(带云)婆婆，请就登桥。(唱)少甚么蓝桥饮玉浆，(做扶母科)(唱)扶着你萱堂，但觉的两耳畔波涛响，早过了扶桑，猛闻的洞庭湖橘柚香。","chinese-poetry",""
"洞庭湖柳毅传书・鸳鸯尾煞","元","尚仲贤","我向洞庭湖躲过愁风浪，才能勾绮罗从遇着呆张敞。则落的浪蘸蛟绡，云锁霓裳。昨日呵亏你那有信行的先生，今日呵稳做了无反覆的新郎。向画阁兰堂，描写在流苏帐。说不尽星斗文章，都裁做风流话儿讲。","chinese-poetry",""
"幺篇・旖旎金钗客，相莲花阵侧。难娱一笑拚千金，买、买、买。珊枕浓","元","荆干臣","欢，绮窗幽梦，锦堂深爱。","chinese-poetry",""
"喜春来・茶不茶饭不饭恹恹害，死不死活不活强强捱，相思何日得明白。","元","荆干臣","愁似海，烦恼早安排。","chinese-poetry",""
"卖花声煞・俺疑他指不过走智儿猜，他只俺除将罢字儿揣，厮等待心肠各","元","荆干臣","宁奈。女貌郎才怎难摘？志诚心看谁去败。","chinese-poetry",""
"双调・折桂令席上偶谈蜀汉事，因赋短柱体","元","虞集","鸾舆三顾茅庐，汉祚难扶，日暮桑榆。深渡南泸，长驱西蜀，力拒东吴。美乎周瑜妙术，悲夫关羽云殂。天数盈虚，造物乘除。问汝何如，早赋归欤。","chinese-poetry",""
"西华山陈抟高卧・赚煞","元","马致远","治世圣人生，指日乾坤定。(赵云)天下果有平定之时，那时节拜请先生下山，共享太平之福。(正末唱)何须把山野陈抟拜请。(指郑科，唱)若久后休忘了这青眼相看旧弟兄，不索重酬劳卖卦先生。从今后罢刀兵，四海澄清，且放闲人看太平。我又不似出师的孔明、休官的陶令，则待学那钓鱼台下老严陵。(并下)。","chinese-poetry",""
"西华山陈抟高卧・南吕/一枝花","元","马致远","我往常读书求进身，学剑随时混；文能匡社稷，武可定乾坤。豪气凌云，似莘野商伊尹，佐成汤救万民；扫荡了海内烽尘，早扶策沟中愁困。","chinese-poetry",""
"西华山陈抟高卧・梁州第七","元","马致远","从逢着那买卦的潜龙帝王，饶了个算命的开国功臣，便即时拂袖归山隐。全不管人间甲子，单则守洞里庚申。降伏尽婴儿姹女，将炼成丹汞黄银。思飘飘出世离群，乐陶陶礼圣参真。想他那乱扰扰红尘内争利的愚人，更和那闹攘攘黄阁上为官的贵人，争如这闲摇摇华山中得道的仙人。一身驾云，九垓八表神游尽，觑浮世暗中哂。坐看蟠桃几度春，岁月常新。","chinese-poetry",""
"西华山陈抟高卧・隔尾","元","马致远","则与这高山流水同风韵，抵多少野草闲花作近邻，满地白云扫不尽。你与我紧关上洞门，休放个客人，我待静倚蒲团自在盹。","chinese-poetry",""
"西华山陈抟高卧・菩萨梁州","元","马致远","特遣天臣，把贤良访问；当今至尊，重酬劳卖卦山人。虽然是前言不忘是君恩，争奈我烟霞不忆风雷信，琴鹤自有林泉分。想名利有时尽，乞的田园自在身，我怎肯再入红尘。","chinese-poetry",""
"西华山陈抟高卧・正宫/端正好","元","马致远","下云台，来朝会，不听的华山里鹤唳猿啼。道人非为苍生起，只是报圣主招贤意。","chinese-poetry",""
"西华山陈抟高卧・滚绣球","元","马致远","俺便是那闲云自在飞，心情与世违。可又不贪名利，怎生来教天子闻知？是未发迹，卦铺里，那时节相识，曾算是他南面登基。(使臣上，云)陈先生恭喜，官里赐来衣冠道号，望阙谢恩。(正末拜谢科，唱)因此上将龙庭御宝皇宣诏，赐与我鹤氅金冠碧玉圭，道号希夷。","chinese-poetry",""
"西华山陈抟高卧・叨叨令","元","马致远","向那华山中已觅终焉计，怎生都堂内才看旁州例。议公事枉损了元阳气，理朝纲怕搅了安眠睡。贫道做不的官也么哥，做不的官也么哥！不要紫罗袍，只乞黄绸被。","chinese-poetry",""
"西华山陈抟高卧・三煞","元","马致远","身安静宇蝉初蜕，梦绕南华蝶正飞。卧一榻清风，看一轮明月，盖一片白云，枕一块顽石。直睡的陵迁谷变，石烂松枯，斗转星移。长则是抱元守一，穷妙理造玄机。","chinese-poetry",""
"西华山陈抟高卧・煞尾","元","马致远","俺那里云间太华烟霞细，鼎内还丹日月迟；山上高眠梦寐稀，殿下朝元剑佩齐；玉阙仙阶我曾履，王母蟠桃我曾吃，欲醉不醉酒数杯，上天下天鹤一只；有客相逢问浮世，无事登临叹落辉；危坐谈玄讲《道德》，静室焚香诵《秋水》；滴露研朱点《周易》，散诞逍遥不拘系。赴召离山到朝里，央及陈抟受宣敕。送上都堂入八位，掌管台衡总百揆。御史台纲索省会，六部当该各详细；攘攘垓垓不伶俐，是是非非无尽期。好教我战战兢兢睡不美。(下)。","chinese-poetry",""
"西华山陈抟高卧・驻马听","元","马致远","白酒樽旁，闲慰眼金钗十二行；误了我清风岭上，不翻身恶睡一千场。您则待泛桃花到处觅刘郎，我委实画蛾眉不会学张敞。没好酌量，出家儿怎受闲魔障。","chinese-poetry",""
"西华山陈抟高卧・沉醉东风","元","马致远","这茶呵采的是一旗半枪，来从五岭三湘。泛一瓯瑞雪香，生两腋松风响，润不得七碗枯肠。辜负一醉无忧老杜康，谁信您卢仝健忘。(云)您每各自安置，我待睡也。(做睡，色旦扯末科，云)俺每都陪先生，怎敢舍的先生孤孤忄西忄西、凄凄冷冷的。(正末唱)。","chinese-poetry",""
"西华山陈抟高卧・水仙子","元","马致远","我恰才神游八表放金光，礼拜三清朝玉皇。不争你拽双环呀的门关上，缠杀我也瞎大王，惊的那下三山鹤梦翱翔。俺只待丹鼎内降龙虎，谁教咱锦巢边宿凤凰，枉羞杀金殿鸳鸯。","chinese-poetry",""
"西华山陈抟高卧・离亭宴带歇指煞","元","马致远","把投林高鸟西风里放，也强如衔茶野兔深宫里养。你待要加官赐赏，教俺头顶紫金冠，手执碧玉简，身着白鹤氅。昔年旧草庵，今日新方丈。贫道呵，除睡外别无伎俩。本不是贪名利世间人，则一个乐琴书林下客，绝宠辱山中相。推开名利关，摘脱英雄网，高打起南山吊窗。常则是烟雨外种莲花，云台上看仙掌。(并下)。","chinese-poetry",""
"折桂令・问苏卿","元","王晔","俏排场惯战曾经，自古惺惺，爱惜惺惺。燕友莺朋，花阴柳影，海誓山盟。哪一个坚心志诚？哪一个薄幸杂情？则问苏卿，是爱冯魁，是爱双生？答平生恨落风尘，虚度年化，减尽精神。月枕云窗，锦衾绣褥，柳户花门。一个将百十引江茶问肯，一个将数十联诗句求亲。心事纷纭：待嫁了茶商，怕误了诗人。","chinese-poetry",""
"水仙子・","元","王晔","驳明明的退佃丽春园，暗暗的开除了双解元。惨可可说下神仙愿，却原来都是骗。再谁听甜句儿留连。同他行坐，和他过遣，怎做的误走上茶船。招书生俊俏却无钱，茶客村虔倒有缘。孔方兄教得俺心窑变，胡芦提过遣，如今是走上茶船。拜辞了呆黄肇，上复那双解元，休怪俺不赴临川。","chinese-poetry",""
"折桂令・问双渐","元","王晔","小苏卿窑变了心肠，改抹了姻缘，倒换排场。强拆鸳鸯，轻分莺燕，失配鸾凰。实丕丕兜笼富商，虚飘飘蹬脱了才郎。你试思量，不害相思，也受凄凉。","chinese-poetry",""
"水仙子・答","元","王晔","风流双渐惯轮铡，澜浪苏卿能跳塔。小机关背地里商量下，把俺做皮灯笼看待咱，从来道水性难拿。从他走过，由他演撒，终只是个路柳墙花。","chinese-poetry",""
"折桂令・问苏妈妈","元","王晔","苏婆婆常只是熬煎，临逼得孩儿，一谜地胡扇。使会虚脾，著些甜唾，引起顽涎。用力的从教气喘，著昏的一任头旋。只为贪钱，将个婵娟，卖上茶船。","chinese-poetry",""
"驻马听・春意犹昏，杨柳青牵绵正滚；香腮微印，海棠横界线留痕。目前","元","王晔","春暖物华新，意中人远天涯近。怨未伸，枝头春色三色褪。","chinese-poetry",""
"得胜令・愁戚戚萧索对清晨，情默默冷落坐黄昏。悄促促翠掩合欢帐，湿","元","王晔","津津红绡拭泪巾。清黯黯销魂，烟淡淡草际遥天尽。昏惨惨伤神，夜迢迢花残过雨频。","chinese-poetry",""
"水仙子・气吁鸾影宝奁昏，愁蹙蛾眉翠黛颦。情随雁足青霄近，倚朱扉欲","元","王晔","断魂。能消得几个青春？恰透风光一阵。春来度尽花容数本，春先去人瘦三分。","chinese-poetry",""
"折桂令・春先去人瘦三分。妆减了半面风流，衣松了一捻精神。步红尘愁","元","王晔","践红芳，上绣榻怕拈绣贴，倚朱扉愁盼朱轮。海棠困琴闲玉轸，石榴皱睡损罗裙。愁思昏昏，人事纷纷；眼底卿卿，心上人人。","chinese-poetry",""
"尾声・来明跪膝儿在床前问，将那厮谎舌头裙刀儿碎刎。先将他抛闪去的","元","王晔","罪名儿一件件招，后把受用过凄凉一星星证了本。","chinese-poetry",""
"萧淑兰情寄菩萨蛮・赚煞","元","贾仲明","秀才每难托志诚心，好吃开荒剑，一条担两下里脱尖。有多少胡讲歪谈信口口店，乔文物拘耻拘廉。我看你瘦恹恹眼札眉苫，多敢是家菜不甜野菜甜。你也消不得俺娇滴滴桃腮杏脸，香馥馥玉温花艳，则好去破窑中风雪断齑盐。(下)。","chinese-poetry",""
"萧淑兰情寄菩萨蛮・小桃红","元","贾仲明","你九经三史煞曾谙，习典故观《通鉴》。课赋吟涛有风范，更非凡，临帖写字知个浓淡。把今古博览，将前人比勘，那一事不详参？(云)先生九经皆通，无书不读，岂不晓三纲五常之理？圣人言：""男子三十而娶。""又云：""不孝有三，无后为大。""何不求一门亲事，老身当为月老，聘结良姻。先生尊意如何？(张世英云)嬷嬷言之甚善。但小生在此处馆，惟知守严父之训，读圣人之书，岂有求亲之念哉？(嬷嬷唱)。","chinese-poetry",""
"萧淑兰情寄菩萨蛮・收尾","元","贾仲明","请学士忍耐权时暂，何必恁高声怒喊。自待教兄嫂逼临了他，着主人公葬送了俺。(下)(张世英云)谁想有此事，小生必当退步。恐萧公知此，难以分辩。只除如此，且往西兴朋友家住数日。在此壁间留诗一首，使萧公知之，好往西兴来接我也。(做写科)(诗云)感公清盼寄余生，三载交游两月情。别去难言心下事，月明酒醒在西兴。琴书衣衾，我皆不动，只是单身去咱。(下)(萧公让上，云)今日无甚事，书房中望云杰闲话片时。(做到科，云)怎生不见云杰？必是望朋友去了。(做见壁诗科，惊云)此诗必有缘故，莫非俺家孩儿每侍奉不周，故使如此？琴剑铺陈，皆不曾动。他往西兴去，准在朋友家停住，可也容易，我修一简帖，遣一仆到西兴去请他。若不如此，云杰平日与人寡合，怎肯自回？(做写书科，云)书已写就了也，便令人早接去。(诗云)与云杰交情非薄，详诗意有何不乐？遣使者直至西兴，请回来便知下落。(下)。","chinese-poetry",""
"萧淑兰情寄菩萨蛮・落梅风","元","贾仲明","离魂魄，似失心，思昏沉闷围愁浸。白日里忘餐夜废寝，自寻思不知因甚。","chinese-poetry",""
"萧淑兰情寄菩萨蛮・折桂令","元","贾仲明","至如今茶不茶饭不饭心内阴阴，有时节透顶炎炎，有时节彻骨森森，头眩旋旋，眼昏暗暗，身倦沉沉。一会家发增寒脾神凛凛，一会家添潮热冷汗淋淋。病来时难灸难针，心疼时难忍难禁，人问时难诉难分，茶饭上不想不寻。","chinese-poetry",""
"萧淑兰情寄菩萨蛮・庆宣和","元","贾仲明","信步谩将花径临，掩映着柳影花阴。害的我瘦骨岩岩死临侵，端的是为您，为您。(张世英推旦科，云)您休推睡里梦里。(下，正旦惊醒科，唱)。","chinese-poetry",""
"萧淑兰情寄菩萨蛮・殿前欢","元","贾仲明","这生好不知音，虚度了春宵一刻价千金，空闲了琐窗朱户鸳鸯枕，翡翠罗衾。早则么韩吏部李翰林，一任教他恁。谁想你睡梦里也将人冷侵，待古里掂折了玉簪，摔碎了瑶琴。","chinese-poetry",""
"萧淑兰情寄菩萨蛮・雁儿落","元","贾仲明","把西兴路黄犬寻，南浦道青驾任。信手的联成肠断词，抵多少织就回文锦。","chinese-poetry",""
"萧淑兰情寄菩萨蛮・得胜令","元","贾仲明","早难道诗对会家吟，他全没些惜花心。点勾般圈红问，描朱似刷画儿临。表数句佳音，字字胭脂渗，书两字泥金，行行血泪浸。","chinese-poetry",""
"萧淑兰情寄菩萨蛮・水仙子","元","贾仲明","酒斟着鹦鹉杯，光映着玛瑙盘。茶烹着丹凤髓，香浮着碧玉碗。开银屏金孔雀绿嫩红娇，隐锦褥绣芙蓉枝繁叶乱。嵌玲珑香球挂金缕，团梅红罗鲛绡帐舞凤飞鸾。是、是、是，东邻女曾窥宋玉垣，喜、喜、喜，果相逢翡翠银花幔，早、早、早，同心带扣双挽结交欢。","chinese-poetry",""
"萧淑兰情寄菩萨蛮・古寨儿令","元","贾仲明","我这里偷看，不由人心欢，没褒弹，忒丰韵，表正形端。趁着这风和月圆春夜暖，逢天喜值红鸾，配宿缘成仙伴。","chinese-poetry",""
"萧淑兰情寄菩萨蛮・尾声","元","贾仲明","锦片前程今美满，舞菱花一对青鸾，早不入凤台闲玉管。","chinese-poetry",""
"中吕・红绣鞋竹衫儿","元","乔吉","并刀剪龙须为寸，玉丝穿龟背成文，襟袖清凉不沾尘。汗香晴带雨，肩瘦冷搜云，是玲珑剔透人。浃背全无暑汗，曲肱时印新瘢，衬荷花落魄壮怀宽。挹风香双袖细，披野色一襟团，满身儿窥豹管。书所见脸儿嫩难藏酒晕，扇儿薄不隔歌尘，佯整金钗暗窥人。凉风醒醉眼，明月破诗魂，料今宵怎睡得稳。泊皋亭山下石骨瘦金珠窟嵌，树身驰璎珞褴衤参，秋影秋声绕蓬龛。青山黄鹤楼，白水黑龙潭，野猿啼碎胆。","chinese-poetry",""
"商调・梧叶儿出金陵","元","乔吉","尘暗埋金地，云寒树玉宫，归去也老仙翁。东北朝宗水，西南解愠风，船急似飞龙，到铁瓮城边喜落篷。","chinese-poetry",""
"越调・天净沙即事","元","乔吉","笔尖扫尽痴云，歌声唤醒芳春，花担安排酒樽。海棠风信，明朝陌上吹尘。一从鞍马西东，几番衾枕朦胧，薄幸虽来梦中。争如无梦，那时真个相逢。隔窗谁爱听琴？倚帘人是知音，一句话当时至今。今番推甚，酬劳凤枕鸳衾。莺莺燕燕春春，花花柳柳真真，事事风风韵韵。娇娇嫩嫩，停停当当人人。","chinese-poetry",""
"双调・殿前欢里西瑛号懒云窝自叙有作奉和","元","乔吉","懒云窝，石床苔翠暖相和。不施霖雨为良佐，遁迹岩阿。林泉梦引台，风月诗分破，富贵沾讠宛。歌残楚些，闲损巫娥。懒云窝，云边日月尽如梭。槐根梦觉兴亡破，依旧南柯。休听宁戚歌，学会陈抟卧，不管伯夷饿。无何浩饮，浩饮无何。懒云窝，静看松影挂长萝。半间僧舍平分破，尘虑消磨。听不厌隐士歌，梦不喜高轩过，聘不起东山卧。疏慵在我，奔竞从他。懒云窝，懒云窝里避风波。无荣无辱无灾祸，尽我婆娑。闲讴乐道歌，打会清闲坐，放浪形骸卧。人多笑我，我笑人多。懒云窝，云窝客至欲如何？懒云窝里和云卧，打会磨跎。想人生待怎么，贵比我争些大，富比我争些个。呵呵笑我，我笑呵呵。懒神仙，懒窝中打坐几多年。梦魂不到青云殿，酒兴诗颠。轻便如宰相权，冷淡如名贤传，自在如彭泽县。苍天负我，我负苍天。登凤凰台凤凰台，金龙玉虎帝王宅，猿鹤只欠山人债，千古兴怀。梧桐枯凤不来，风雷死龙何在？林泉老猿休怪。锁魂楚甸，洗恨秦淮。登江山第一楼拍阑干，雾花吹鬓海风寒。浩歌惊得浮云散，细数青山。指蓬莱一望间，纱巾岸。鹤背骑来惯，举头长啸，直上天坛。","chinese-poetry",""
"双调・卖花声悟世","元","乔吉","肝肠百炼炉间铁，富贵三更枕上蝶，功名两字酒中蛇。尖风薄雪，残杯冷炙，掩清灯竹篱茅舍。太平吴氏楼会集桃花扇底窥春笑，杨柳帘前按舞娇，海棠梦里醉魂销。香团娇小，歌头水调，断肠也五陵年少。香云帘幕风流燕，花月楼台富贵仙，新调骏马紫藤鞭。能歌小妾，轻罗团扇，醉归来牡丹亭院。香茶细研片脑梅花粉，新剥珍珠豆蔻仁，依方修合凤团春。醉魂清爽，舌尖香嫩，这孩儿那些风韵。","chinese-poetry",""
"赚煞・我是个锻炼成的铁连环，不比您捻合就的泥圈套。挣么快的锋芒怎","元","乔吉","敢犯着，小厮扑如何敢和我换交？伏唇枪舌剑吹毛，不是我骋粗豪。强霸着月夜花朝，围你在垓心里怎地逃？若不纳降旗受缚，肯舒心伏弱，敢教点钢锹劈碎纸糊锹。睡鞋儿双凤衔花宫样弯，窄玉圈金三寸悭。绿窗静翠帘闲，似锦鸳日晚，并宿向雕阑。","chinese-poetry",""
"南吕・一枝花合筝","元","乔吉","酒酣春色浓，帘卷花阴静。佳人娇和曲，豪客醉弹筝。心与手调停，敛袂待弦初定，雁行斜江月影。挡银甲指拨轻清，按金缕歌喉数声。","chinese-poetry",""
"尾・煞强如泣琵琶泪湿青衫上冷，仿佛似鹦鹉声讹锦罩内听，洗得平生耳","元","乔吉","根净。风流这生，乞戏可憎，我便有陶学士的鼻凹也下不得饼。私情云髻金雀翘，山隐青鸾鉴，藕丝轻织粉，湘水细揉蓝。性子儿岩嵌，小可底难摇撼，起初儿着莫咱，假撇清面北眉南，实怕亻替红愁绿惨。","chinese-poetry",""
"尾・从今将凤凰巢鸳鸯殿遮笼教暗，将金缝锁玉连环对勘的严，锦片也似","元","乔吉","前程做的来不愚滥。非是咱不甘，不是你不堪，只被这受惊怕的恩情都吓破我胆。杂情粉云香脸试搽，翠烟腻眉学画，红酥润冰笋手，乌金渍玉粳牙，鬓拢宫鸦。改样儿新鞋袜，挑粉垢修指甲。收拾得所事儿温柔，妆点得诸余里颗恰。","chinese-poetry",""
"骂玉郎・但些儿头疼眼热我早心惊呀，着疼热只除咱，寻方里药占龟卦。","元","乔吉","直到吃得粥食，离了卧榻，恰撇得心儿下。","chinese-poetry",""
"感皇恩・看承似美玉无瑕，谁敢帮野草闲花。曹大家卖杏虎，裴小蛮学撒","元","乔吉","撇，温太真索妆虾。丽春园扎撒，鸣珂巷南衙，现而今如嚼蜡，似咬瓦，若抟沙。","chinese-poetry",""
"采茶歌・喜时节脸烘霞，笑时节眼生花，一霎时一天风雪冷鼻凹。本待做","元","乔吉","曲吕木头车儿随性打，原来是滑出律水晶球子怎生拿。","chinese-poetry",""
"一枝花・忙拈鹊画弓，急取雕翎箭，端直了燕尾钅比，搭上虎筋弦，秋月","元","乔吉","弓圆，箭发如飞电，觑高低无侧偏，正中宾鸿，落在蒹葭不见。","chinese-poetry",""
"得胜令・我是个为客秀才家，你是个未嫁女娇娃，不是将海鹤儿相埋怨，","元","乔吉","休把这纸鹞儿厮调发。若是真么，回与我句实成的话。天那，送了人呵不是耍。","chinese-poetry",""
"沉醉东风・风铃响猛猜做佩环，柳烟颦只疑是眉攒。想犀梳似新月牙，忆","元","乔吉","宫额似芙蓉瓣，见桃花呵似见他容颜，觑得越女吴姬匹似闲，厌听那银筝象板。","chinese-poetry",""
"包待制智赚灰栏记・赚煞","元","李行甫","且休问你真实，休问咱虚谎，现放着剃胎头收生的老娘，则问他谁是亲娘，谁是继养？(搽旦云)我是孩儿的亲亲的亲娘，这孩儿是我的的亲亲的亲儿，是娘的心肝，娘的肚子，娘的脚后跟，那一个不知道的！(正旦唱)怎瞒得过看生见长的街坊。(搽旦云)你合毒药，谋死员外，也是我脏埋你的？(正旦云)这毒药呵，(唱)你平日里预收藏，暗暗的倾下羹汤。(搽旦云)明明是你下这毒药在汤儿里，怎赖得我？怕你不去偿命！(正旦唱)这的是谁药死亲夫呵要将性命偿。你畅好是不良，送的人来冤枉。则普天厂大浑家那里有你这片歹心肠！(下)。","chinese-poetry",""
"包待制智赚灰栏记・梧叶儿","元","李行甫","厅阶下，膝跪着，听贱妾说根苗。(赵令史云)你说，你说。(正旦唱)狼虎般排着祗从，神鬼般设着六曹。(赵令史云)你药杀亲夫，这是十恶大罪哩。(正旦唱)若妾身犯下分毫，相公也，我情愿吃那杀丈夫的绷扒吊拷。","chinese-poetry",""
"包待制智赚灰栏记・山坡羊","元","李行甫","念妾身求食卖笑，本也是旧家风调。则为俺穷滴滴子母每无依靠，挨今宵，到明朝。谢的个马均卿一见投他好，下钱财将妾身娶做小。他莺燕交，咱成就了。","chinese-poetry",""
"包待制智赚灰栏记・幺篇","元","李行甫","现放着收生的刘四婶，剃胎头的张大嫂，俺孩儿未经满月早问道我十数遭。今日个浪包娄到公庭混赖着您，街坊每常好是不合天道，得这些口含钱直恁般使的坚牢。","chinese-poetry",""
"包待制智赚灰栏记・浪里来煞","元","李行甫","则您那官吏每忒狠毒，将我这百姓忒凌虐，葫芦提点纸将我罪名招。我这里哭啼啼告天天又高，几时节盼的个清官来到？(赵令史云)掌嘴。我这衙门问事，真个官清法正，件件依条律的，还有那个清官清如我老爷的？(正旦哭科，唱)则我这泼残生，怎熬出这个死囚牢？(同祗从下)。","chinese-poetry",""
"包待制智赚灰栏记・古寨儿令","元","李行甫","那婆娘面子花花，你则道所事贤达，搬调的男儿问咱家。他便逞俐齿，弄伶牙，对面说三般话。","chinese-poetry",""
"包待制智赚灰栏记・尾声","元","李行甫","他是奉命官差将我紧监押，不争你途路上两下争差，(张林揪董净发科)(董净揪正旦发科)(正旦唱)把我个病恹恹的罪囚没乱杀。","chinese-poetry",""
"包待制智赚灰栏记・折桂令","元","李行甫","气的个亲男儿唱叫扬疾，(包待制云)既是他气杀丈夫，怎生又告官来？(正旦唱)没揣的告府经官，吃了些六问三推。(包待制云)你夫主死了，那强夺孩儿，又怎么说？(正旦唱)一壁厢夫主身亡，更待教生各札子母分离。(包制待云)这孩儿说是那妇人养的哩。(正旦唱)信着他歹心肠千般妒嫉，(包待制云)那街坊、老娘，都说是他的。(正旦唱)他买下了众街坊，听事儿依随。(包待制云)难道官吏每更不问个虚实？(正旦唱)官吏每再不问一个谁是谁非，谁信谁欺。(包待制云)你既是这等，也不该便招认了。(正旦唱)妾身本不待点纸招承，也则是吃不过这棍棒临逼。","chinese-poetry",""
"包待制智赚灰栏记・雁儿落","元","李行甫","怎当他官不威牙爪威，也不问谁有罪谁无罪。早则是公堂上有对头，更夹着这祗候人无巴壁。","chinese-poetry",""
"包待制智赚灰栏记・得胜令","元","李行甫","呀！厅阶下一声叫似一声雷，我脊梁上一杖子起一层皮。这壁厢吃打的难挨痛，那壁厢使钱的可也不受亏。打的我昏迷，一下下骨节都敲碎。行杖的心齐，一个个腕头有气力。","chinese-poetry",""
"包待制智赚灰栏记・水仙子","元","李行甫","街坊也却不道您吐胆倾心说真实，老娘也却不道您久年深记不得，孔目也却不道您官清法正依条例，姐姐也却不道您是第一个贤慧的，今日就开封府审问出因依。这几个流窜在边荒地，这两个受刑在闹市里，爷爷也这灰栏记传扬得四海皆知。","chinese-poetry",""
"看钱奴买冤家债主・幺篇","元","郑延玉","猛觑了这字，是俺正明师，想祖上留传到此时。是儿孙合着俺儿孙使，若不沙，怎题着公公名氏！(带云)贾员外，贾员外，(唱)亏了他二十年用心把钥匙，也则是看守俺祖上的金赀。","chinese-poetry",""
"看钱奴买冤家债主・赚煞","元","郑延玉","则你这成家子未安身，那个破家鬼先生下。(贾仁云)我若做了财主呵，穿一架子好衣服，骑着一匹好马，去那三山骨上赠他一鞭，那马不剌剌。(正末云)做甚么？(贾仁云)没，我则这般道。(正末做笑科，唱)我则是借与你那钱龙儿入家，有限次的光阴你权掌把，(贾仁云)上圣可怜见，不知借与我几十年？(正末唱)我则是借与你二十年仍旧还他。(贾仁云)上圣，怎么可怜见，则借得小人二十年？左右是一个小字儿，高处再添上一画，借的我三十年，可也好也？(正末云)噤声！这厮还不足哩！(唱)你还待告增加，怎知这祸福无差，贫和富都是前缘非浪假。为甚么桃花向三月奋发，菊花向九秋开罢？(带云)你道为甚么那？(唱)也则为这天公不放一时花。","chinese-poetry",""
"看钱奴买冤家债主・滚绣球","元","郑延玉","是谁人碾琼瑶往下筛？是谁人剪冰花迷眼界？恰便似玉琢成六街承三陌，恰便似粉妆就展阁楼台。(带云)似这雪呵，(唱)便有那韩退之蓝关前冷怎当？便有那孟浩然驴背上也跌下来，(带云)似这雪呵，(唱)便有那剡溪中禁回他子猷访戴，则俺这三口儿兀的不冻倒尘埃？(做寒战科，带云)勿、勿、勿！(唱)眼见的一家受尽千般苦，可甚么十谒朱门九不开，委实难捱。","chinese-poetry",""
"看钱奴买冤家债主・随煞","元","郑延玉","别人家便当的一周年下架容赎解，(带云)这员外呵，(唱)他巴到那五个月还钱本利该。纳了利从头儿再取索，还了钱文书上厮混赖。似这等无仁义愚浊的却有财，偏着俺的德行聪明的嚼齑菜。这八个字穷通怎的排，则除非天打算日头儿轮到来。发背疔疮是你这富汉的灾，禁口伤寒着你这有钱的害。有一日贼打劫火烧了您院宅，有一日人连累抄没了旧钱债。恁时节合着锅无钱买米些，忍饥饿街头做乞丐，这才是你家破人亡见天败。(贾仁云)你这穷弟子孩儿，还不走哩。(正末云)员外，(唱)你还这等苦克瞒心骂我来，直待要犯了法遭了刑你可便恁时节改。(同旦儿下)。","chinese-poetry",""
"看钱奴买冤家债主・高过浪来里煞","元","郑延玉","但得见亲生儿俺可也不似这凄惶，他、他、他，明欺负俺无人侍养。(做哭科，云)俺那长寿儿也。(唱)想着俺长寿儿来，也和他都一般家血气方刚。(带云)婆婆，(唱)则俺这受苦的糟糠，卖儿呵也合将咱拦当。俺可甚么养小防备老，栽树要阴凉。想着俺那忤逆的儿郎，便成人也不认爷娘。有一日激恼了穹他，要整顿着纲常，你可不怕那五六月的雷声骨碌碌只在半空里响。","chinese-poetry",""
"看钱奴买冤家债主・尾声","元","郑延玉","为一家父母昌，生下辈子孙旦。灵椿一株老，丹桂五枝芳。古贤人教子有义方，您家里出不的个伯俞泣杖，量你个看钱奴也学不的窦十郎。(同旦儿下)。","chinese-poetry",""
"看钱奴买冤家债主・小桃红","元","郑延玉","你这般雪盔白发鬓如丝，(陈德甫云)你说的是几时的话？(正末唱)我说的是二十年前事。(陈德甫云)兀那老的，你那里人氏？姓甚名谁？(正末唱)你问我姓甚名谁那里人氏？(陈德甫云)你因何认得老夫来？(正夫唱)说起来痛嗟咨。常言道：闻钟始觉山藏寺，这搭儿里曾卖了一个小厮。(陈德甫云)你莫不是卖儿子的周秀才么？(正末唱)我常记的你个恩人名字，(陈德甫云)你还记得我赍发你那两贯钱么？(正末唱)我怎敢便忘了你那周急济贫时？(陈德甫云)秀才，你欢喜咱。你那孩儿贾长寿，如今长立成人了也。(正末云)贾老员外好么？(陈德甫云)老员外亡化过了也。(正末云)死的好，死的好！打俺孩儿的那妇人有么？(陈德甫云)那婆婆早些死了也。(正末云)死的好，死的好。(唱)。","chinese-poetry",""
"看钱奴买冤家债主・收尾","元","郑延玉","这的是贫穷富贵皆轮至，(做笑科)(陈德甫云)老员外，你笑甚来？(正末云)俺不笑别的，(唱)笑则笑贾员外一文不使。单为这口衔垫背几文钱，险送了拽布拖麻孝顺子。","chinese-poetry",""
"吕洞宾度铁拐李岳・赚煞尾","元","岳伯川","赤紧的官长又廉，曹司又拗，我便是好令史怎禁他三遍家取招。我今日为头便把交，争奈在前事乱似牛毛。有人若是但论着，休想道肯担饶。早停了俸追了钱断罢了。不是我千错万错，大刚来一还一报。(带云)他道我是大鹏金翅雕。哎哟！(唱)谁想那百姓每的口也是祸之门，舌是斩身刀。(下)。","chinese-poetry",""
"吕洞宾度铁拐李岳・正宫/端正好","元","岳伯川","你装裹我二十重，或是三十件。(旦云)你置下的合该你穿。(正末唱)你道是我置下我死合穿，知他土坑中埋我多深浅，装裹杀也无人见。","chinese-poetry",""
"吕洞宾度铁拐李岳・滚绣球","元","岳伯川","你必索迎门儿接纸钱，(旦云)孔目也，你直恁般多心。我着张千领着孩儿出去迎接，我只不见人便了。(正末云)可早一桩儿也，这个也罢。我死之后，停到一七者波，便停到二七者波，想着咱二十年儿女夫妇，你没的不送我到郊外。(唱)又索随灵车哭少年，(云)有那等年纪小的后生便道：岳孔目有个好浑家。三门四户不出，无人能勾得见，今日出来送岳也目的殡，咱看去来。(唱)那其间任谁都见，(带云)见了你这个中注模样，(唱)有那等厮图谋的贼汉心专。(云)有那谎汉每便道：这个是岳孔目的浑家。我久已后，好歹要娶了他。(唱)俺亲眷行除孝服，你爷娘行使会钱，(带云)俺的亲眷，你的爷娘，都肯了，只你不肯。(唱)他与你些打眼目的衣服头面，(云)你见了好衣服，好头面，那里还想我哩。(旦云)孔目也，我坚心守志，怎生肯嫁别人？(正末唱)你便守熬呵刚捱到服满三年。你嫁个知心可意新家长，(带云)哎哟，福童儿也，(唱)那里发付那有母无爷小业冤，就儿里难言。","chinese-poetry",""
"吕洞宾度铁拐李岳・叨叨令","元","岳伯川","怕有那无廉耻谎汉子胡来缠，(孙福云)嫂嫂不比其他的人。(正末云)兄弟也，我死之后，有那等谎厮上门来。(唱)则你那无主意拙嫂嫂从来善，则要你无私曲好兄弟频来见，(带云)你见你那嫂子有不中处，你说不出来呵。(唱)着你那无面目的婶子儿便将他劝。(孙福云)着媳妇子劝些甚么？(正末云)着婶子劝道：姆姆，俺伯伯是人面上的人，你要爱惜行止。(唱)着言语劝他也么哥，着语劝他也么哥，岂不闻临危好与人方便？。","chinese-poetry",""
"吕洞宾度铁拐李岳・小梁州","元","岳伯川","怕不的痛哭灵堂守志坚，两泪涟涟。有那等赢奸卖俏俊官员，早聘下金钗钏，(带云)你见了呵，(唱)还守的几多年？。","chinese-poetry",""
"吕洞宾度铁拐李岳・幺篇","元","岳伯川","我手扯住环绦礼拜他，(吕洞宾云)岳寿，你晓得人有生死么？(正末云)师父救徒弟咱。(吕洞宾云)油锅虽热，全真不傍，苦海无边，回头是岸。岳寿你省也么？(正末云)徒弟省了也。(吕洞宾云)跟我出家去来。(正末云)情愿跟师父出家。(吕洞宾云)鬼力，且留下，等我见阎君去。(吕做见阎王科，阎王云)早知上仙到来，只合远接，接待不周，勿令见罪。(吕洞宾云)岳寿所犯何罪，叉入九鼎油锅？(阎王云)因他在阳间做六案都孔目，造罪极多，又触犯上仙，因此又入油镬。(吕洞宾云)上帝好生之德。阎君看贫道面上，免岳寿油镬之罪，化与贫道做个徒弟，放他回阳间去罢。(阎王云)待我看咱。(做望科，云)可怜也，岳寿的妻，将他尸骸焚化，还魂不的了也。(吕洞宾云)却怎了？阎君你再与我看一看去。(阎王云)待小圣再看去。(做看科，云)上仙，有今郑州奉宁郡东关里青眼老李屠的儿子小李屠死了三日，热气末断，着岳寿借尸还魂去？上仙可是如何？(吕洞宾云)好、好、好！岳寿，谁想你浑家将你尸骸烧化了，我如今着你借尸还魂，尸骸是小李屠，魂灵是岳寿，休迷了本来面目。若到人间，休恋着酒色财气，人我是非，贪嗔痴爱。你听者，前姓休移后姓莫改，双名李岳，道号铁拐。迷离阴府者。(正末云)大嫂你好狠也，把我多留几日，怕做甚么那？(唱)听的道烧了我尸骸，将我来没乱煞。俺妻子知他是怎生么？若放我回家儿半霎，只当似枯树上再开花。(下)。","chinese-poetry",""
"吕洞宾度铁拐李岳・三煞","元","岳伯川","妻呵！你将这干家私使心力二十年夫主相随见，把你这忒娇养正愚顽十一岁免家嘶可怜。教孩儿镇守亲娘，休遭继父，专记临终，莫忘遗言。若孩儿不官呵，教听些有理的公事，为民呵，教做些有理的营生，为吏呵，教取些有理的入钱。休教我这白骨头上作贱，我便死也口眼闭在黄泉。","chinese-poetry",""
"吕洞宾度铁拐李岳・二煞","元","岳伯川","你为夫上呵似孟光般举案非为谄，你为孩儿呵似陈母般埋金恰是贤。常则是户静门清，上和下睦，立计成家，众口流传。那时节保香名到省内，除杂役在官中，立绰楔在门前。教满城人钦羡，强如哭一万遍少年天。","chinese-poetry",""
"吕洞宾度铁拐李岳・煞尾","元","岳伯川","你学那守三贞赵真女罗裙包土将坟茔建，休学那犯十恶桑新妇彩扇题诗则将那墓顶扇。黑娄娄潮上涎，铁屑屑手腕软，直挺挺腿怎拳。铜斗儿家私不能勾擅，血点儿相识不能勾面，花朵般浑家不能勾恋，魔合罗孩儿不能勾见。半世团圆分福浅，则俺这三口儿相逢路儿远。(下)。","chinese-poetry",""
"吕洞宾度铁拐李岳・雁儿落","元","岳伯川","则我那一管笔扭曲直，一片心瞒天地。一家儿享富贵，一辈儿无差役。","chinese-poetry",""
"吕洞宾度铁拐李岳・得胜令","元","岳伯川","俺只道一世里吃不尽那东西，谁承望半路里脚残疾。为甚么尸首儿登途慢，则为我魂灵儿探爪迟。则为当日，骂韩魏公一场怕一场气，至如今日，(带云)若有人说：脑背后韩魏公来也。(唱)哎哟！唬的我一脚高一脚低。","chinese-poetry",""
"吕洞宾度铁拐李岳・红绣鞋","元","岳伯川","贤达妇将咱休怪，这奸猾心把你胡猜。盖世间那个不是水性女裙钗，把亲夫殡抬出去，不曾把后老子招将来？我比你倒拄着一半拐。(岳旦云)孔目，你怎生这等模样了？(正末唱)。","chinese-poetry",""
"吕洞宾度铁拐李岳・喜春来","元","岳伯川","我往常见那有钱无理的慌分解，见有理无钱的即便拍，瞒心昧己觅钱财。为甚我两个脚一个歪，也是我前世不修来。","chinese-poetry",""
"吕洞宾度铁拐李岳・迎仙客","元","岳伯川","一个家嗔忿忿，一个家闹咳咳，改不了司房里欺人恶性格。孙福咱相识二十年，张千你随我六七载。哎，没上下村材，怎不把岳孔目哥哥拜？(岳旦云)这人不是叫化的，是你哥哥岳孔目。(张千云)呸！俺哥哥怎生这般嘴脸？(正末云)孙福、张千，我是你哥哥岳寿。(张千云)你道是岳孔目，你怎生死了来？(正末云)我借李屠尸首还魂回来，你怎生不认我？(孙福、张千做悲科，云)原来是孔目哥哥借尸还魂了也。(孛老同旦儿上，云)我远远的跟着，孩儿往这一家里去了也，只得跟进去。(做见科，云)孩儿，你在这里做甚么？咱回家去来。(正末云)这是俺家里。(岳旦云)这是我的夫主。(李旦云)他是我的丈夫。(众争认科)(张千夺拐打孛老科)(正末做劝，跌倒科，云)张千，我须有些瘸。(张千发科，云)你可不早说与我。(孛老云)我家的儿子认了别人，更待干罢。俺去告官去来。(众同下)。","chinese-poetry",""
"吕洞宾度铁拐李岳・耍孩儿","元","岳伯川","从今日填还了妻子冤家债，我心上别无挂碍。拜辞了人我是非乡，拂绰了满面尘埃。名缰利锁都教剖，意马心猿尽放开。也只怕尊师怪，远离尘世，近访天台。","chinese-poetry",""
"梧叶儿・退一步乾坤大，饶一着万虑休，怕狼虎恶图谋。遇事休开口，逢","元","王德信","人只点头。见香饵莫吞钩，高抄起经纶大手。","chinese-poetry",""
"尾声・醉时节盘陀石上眠，饱时节婆娑松下走，困时节布衲里睡<鼻勾>","元","王德信","<鼻勾>。偶乘闲细将玄奥剖，把至理一星星参透，却原来括乾坤物我总浮沤。","chinese-poetry",""
"南吕・四块玉北","元","王德信","信物存，情词在，想着他美貌端庄，锦绣文才，好教我病恹恹愁冗冗看看害。害的我头懒抬，头懒抬眼倦开，锦繁花无心戴。","chinese-poetry",""
"骂玉郎北・冷清清房栊静悄如何捱，独自把围屏倚，知他是甚情怀。想当","元","王德信","初同行同坐同欢爱，到如今孤另另怎百刂划，愁戚戚酒倦酾，羞惨惨花慵戴。","chinese-poetry",""
"感皇恩北・呀，则落得雨泪盈腮，多应是命里合该。莫不是你缘薄，咱分","元","王德信","浅，都一般运拙时乖。怎禁那搅闲人是非，施巧计栽排，撕ㄎ碎合欢带，硬分开鸾凤钗，水淹塌楚阳台。","chinese-poetry",""
"采茶歌北・改朱颜瘦了形骸，冷清清怎生捱？我则怕梁山伯不恋我这祝英","元","王德信","他若是背义忘恩寻罪责，我将这盟山誓海说的明白。","chinese-poetry",""
"金水桥陈琳抱妆盒・仙吕/端正好","元","无名氏","奉皇宣，传君命，为春光堪写围屏。端的个御园中锦绣似花开盛，因此上打动这巡游兴。","chinese-poetry",""
"金水桥陈琳抱妆盒・幺篇","元","无名氏","传示那六宫人知严令，(带云)这金弹呵，(唱)弹落处各办虔城，分头儿自去穿芳径。寻仔细，认分明，捧金弹，献彤庭，当寝夕，应前星，那其间可也永团圆万万载同欢庆。(下)。","chinese-poetry",""
"金水桥陈琳抱妆盒・赚煞","元","无名氏","从今后则想凤楼期，休把羊车羡，今日个谢圣恩可怜。阻隔的那刘氏娘娘欢爱远，那里也独宿孤眠。似这等美缠绵，直似神仙，再不索倚定宫门听过辇。李美人相逢在上苑，宋真宗别登了寝殿。本是一对儿好姻缘，(带云)若刘娘娘知道呵，(唱)他可敢生扭做了恶姻缘！(下)。","chinese-poetry",""
"金水桥陈琳抱妆盒・南吕/一枝花","元","无名氏","虽不比三台中玉佩臣，现掌些六院里金钗客。常则待鸡鸣宫禁启，簇捧着龙绕圣颜开。那里也将相之才，无过是随步辇君王爱，听传宣妃后差。管领他美孜孜八百胭娇，守定这艳亭亭三千粉黛。","chinese-poetry",""
"金水桥陈琳抱妆盒・隔尾","元","无名氏","我若是无妨碍，你可也无妨碍；我若是有患害，你可也有患害。只要得我命活，便留得你身在。(带云)那刘娘娘呵，(唱)偷觑他眼色，斟量了性格，太子也但得个尸首儿完全是大古里彩。(做放盒见科)(刘皇后云)陈琳，你那里去？(正末云)奴婢往后花园采办时新果品来。(刘皇后云)别无甚公事么？(正末云)别无甚公事。(刘皇后云)这等，你去罢。(正末做捧盒，急走科)(刘皇后云)你且转来。(正末回，放盒跪科，云)娘娘有甚分付？(刘皇后云)这厮，我放你去，就如弩箭离弦，脚步儿可走的快，我叫你转来，就如毯上拖毛，脚步儿可这等慢，必定有些蹊跷。陈琳，我问你，东果园西果园南果园北果园都有果品，你可是那一个园里采的？那果品是何名降？你对我从实说来。说的是，万事罢论；说的不是，我不道的饶了你哩！(正末云)娘娘停嗔息怒，听奴婢细说一遍咱。(唱)。","chinese-poetry",""
"金水桥陈琳抱妆盒・菩萨梁州","元","无名氏","石榴长在金阶，(刘皇后云)莫不是核桃？(正末唱)合逃出您宫外。(刘皇后云)莫不是梨儿？(正末唱)今宵离子后宰，(刘皇后云)莫不是李子？(正末唱)这玉皇李子苦尽甘来。也是他天然异种出群材，开时节不许游蜂采，摘时节则愿的君王戴。(刘皇后云)李子有甚好处，万岁爷倒喜着他，待我把这树都砍坏了者。(正末唱)娘娘也偏生你意儿歹，怎忍见片片残红点碧苔，陪伴他这古木崩崖。(刘皇后云)陈琳，那里听的你这巧言令色，则待我揭开盒儿，看个明白。果然没有夹带，我才放你出去。(正末云)这妆盒儿有甚夹带来。(唱)。","chinese-poetry",""
"金水桥陈琳抱妆盒・骂玉郎","元","无名氏","我便是苏秦般嘴巧舌头快，我这里越分说他那里越疑猜，常言道脱空到底终须败。(刘皇后云)取盒儿过来，待我揭开看波。(正末用手按盒科，云)娘娘，这盒盖开不的。上有黄封御笔，须和娘娘同到万岁爷根前面说过时，方才敢开这盒盖你看。(刘皇后云)我管甚么黄封御笔，则等我揭开看看。(正末按住科，唱)可著我怎百刂划，怎百刂划，要揭开，要揭开，妆盒盖！(刘皇后做怒科，云)陈琳，你不揭开盒儿我看，要我自动手么？(正末唱)。","chinese-poetry",""
"金水桥陈琳抱妆盒・感皇恩","元","无名氏","呀，见娘娘走向前唉，可不我陈琳呵这死罪应该。(刘皇后云)我只要辩个虚实，觑个真假，审个明白。(正末唱)他待要辩个虚实，觑个真假，审个明白。(寇承御慌上科，云)请娘娘回去。圣驾幸中宫，要排筵宴哩。(刘皇后云)陈琳，恰好了你。若不是驾幸中宫，我肯就放了你出去？待明日这等果品满满的装一盒儿，送到我宫里来。(并下)(正末云)知道。(唱)见承御慌传圣旨，请娘娘疾便回来。道銮舆，在寝殿，要把御筵排。","chinese-poetry",""
"金水桥陈琳抱妆盒・采茶歌","元","无名氏","一来是鬼神差，二来是搭救这小婴孩，谁想道滴溜溜九天飞下一纸赦书来。陈琳呵，则我似刀刃上偷全得蝼蚁命，太子也，你便似钓竿头活脱了巨鳌腮。","chinese-poetry",""
"金水桥陈琳抱妆盒・二煞","元","无名氏","小储君在盒子内多宽泰，则我这泼性命从针关里透出来。我这里忙趋疾走楚王宅，荡一缕尘埃。恨不得到这一座濯龙门侧，将两步为一蓦。(带云)我这一去见南清宫八大王呵，(唱)只要他做五颗神珠在掌上抬，我方才的放下心怀。","chinese-poetry",""
"金水桥陈琳抱妆盒・黄钟尾","元","无名氏","从今后跳出了九重围子连环寨，脱离子十面埋伏大会垓。走蛟龙，投大海。纵彩凤，扬天外。小储君，好惊骇。刘皇后，肯耽待？便是蛇蝎心肠，不似般恁毒害！把一个太子提起来，望着那花斑石殿阶，哎！娘娘也你拾的个孩儿，敢可也落的价摔！(下)。","chinese-poetry",""
"金水桥陈琳抱妆盒・驻马听","元","无名氏","他使着这嫉妒的心儿，只待要六宫人不生一个子。搜寻那李美人不是，大刚来一碗饭怎插两张匙？做妃嫔倒去暗通私，赏宫娥又不敢明宣赐。你道他怎为此，单则怕凤楼前引得羊车至。(做入见叩头科，云)娘娘唤陈琳，那厢使用？(刘皇后云)兀那陈琳，今有寇承御，十年前我曾使他到金水桥河边干一件事来。今日问他，抵死不肯招，你与我行杖者。(正末云)娘娘，我陈琳手无缚鸡捉鼠之力，行不的杖。(刘皇后做怒科，云)你敢违我的懿旨么？(正末做叩头科，云)小臣情愿行杖。(做打杖科)(刘皇后云)陈琳，你拣那大棒子打着，一下子打死了他，做的个死无对证哩。(正末云)待我拣那小棒子打波。(刘皇后云)陈琳，你把小棒打他，怕他打的疼呵，指攀你下来么？(正末云)大棒子又不是，小棒子又不是，则拣中样的打便了。(做打科，云)寇承御，你快招了者，招了者。(唱)。","chinese-poetry",""
"金水桥陈琳抱妆盒・得胜令","元","无名氏","呀，你正是闭口抹胭脂，得推辞便推辞。(承御云)打了我这许多，不似这几下的能重。待我挣起来，看是那个。(正末唱)他眼瞪瞪瞅我有十余次，我怎敢实丕丕汤着他一棍儿。(刘皇后云)陈琳，你怎么不打呀！(正末唱)娘娘也孜孜，则见他不转睛将咱视。(承御云)打杀我也。(正末唱)寇承御你休得要雌也波雌，我打你个忠臣不怕死。","chinese-poetry",""
"金水桥陈琳抱妆盒・鸳鸯尾煞","元","无名氏","刘娘娘不索把三尺青锋赐，寇夫人他自拣一搭金阶死。枉了也审问根由，折证言词，拷打千般，供招半纸。唱道女使丫鬟煞强似男儿志，端的个忠直无私，堪图写在香馥馥汗青史。(下)。","chinese-poetry",""
"金水桥陈琳抱妆盒・普天乐","元","无名氏","想当日在御园中，先帝也可便闲行步，正遇着存风澹荡，春色荣敷。恰觑着锦鸠儿要中他，打的那金弹子无寻处。传示着众妃嫔向花丛里分头去，(带云)其时却是西宫李美人拾得这金弹来。(唱)偏是他李美人抬得在荒芜。多则是天生分福，又遇着姻缘对付，成就了《麟趾》、《关雎》。","chinese-poetry",""
"金水桥陈琳抱妆盒・耍孩儿","元","无名氏","俺则道这回定把机关露，敢陈琳也不知死所。元来是圣明天子百灵扶，早则去迎接鸾舆。恰便似顿开金锁飞龙子，摔破雕笼放风雏，才出的这宫门去。因此上宗祧有托，民社无虞。","chinese-poetry",""
"金水桥陈琳抱妆盒・尾煞","元","无名氏","死了的墓顶上加赠封，活在的殿阶前赐俸禄。才表得到头善恶由人做，也则为救了这万万岁当今太平主。","chinese-poetry",""
"郑孔目风雪酷寒亭・幺篇","元","杨显之","这都是俺哥哥命运低微，带累你两个孩儿受尽禁持。我本待好心肠苦劝你，你倒恶狠狠把咱推。来来来，我便死也拚得和你做头敌。","chinese-poetry",""
"郑孔目风雪酷寒亭・赚煞尾","元","杨显之","准备着送灵车，安排着装衣架，摆列些高驮细马，走去衙门自告咱。问官人借对头踏，乱交加，奠酒浇茶。但见的都将你做话靶，满城人将你来怨煞。街坊都骂，骂你个不回头呆汉活气杀大浑家。(下)。","chinese-poetry",""
"郑孔目风雪酷寒亭・天净沙","元","杨显之","我急忙忙取得文移，趱程途不敢耽迟。怎禁他这孩儿倒疾，紧拽住咱家衣袂，则待要步步追随。","chinese-poetry",""
"郑孔目风雪酷寒亭・寨儿令","元","杨显之","我骂你这歪刺骨，我骂你这泼东西。你生的来兔儿头老鼠嘴，长则待吵是寻非，叫骂过日，怎做的好人妻？。","chinese-poetry",""
"郑孔目风雪酷寒亭・收尾","元","杨显之","我如今一脱气直走向京都地，一句句向哥哥说知。有一日郑孔目到来时，不道肯轻轻的素放了你。(下)。","chinese-poetry",""
"郑孔目风雪酷寒亭・梁州第七","元","杨显之","也强如提关列窖，也强如斡担挑箩。满城中酒店有三十座，他将那醉仙高挂，酒器张罗。我则是茅庵草舍，瓦瓮瓷钵。老实酒不比其他，论清闲压尽鸣珂。又无那胖高丽去往来迎，又无那小扒头浓妆艳里，又无那大行首妙舞清歌。也不是我奖誉，太过，这黄汤强如醇醪糯，则为我酾酒浆水刺破，面米相停无添和，那说起玉液金波。","chinese-poetry",""
"郑孔目风雪酷寒亭・菩萨梁州","元","杨显之","汤水儿或少或多，干粮儿一个两个，米面儿一撮半撮，舍贫的姐姐哥哥。他娘在谁敢把气儿呵？糖堆里养的偌来大，如今风雪街忍着十分饿。他不爱惜倒折挫，常言道：灰不如火热。多敢怕我信口开合。","chinese-poetry",""
"郑孔目风雪酷寒亭・感皇恩","元","杨显之","他将那门户关合。怎生结磨？颤钦钦跪在阶基，可丕丕心惊惧，扑簌簌泪滂沱。当日个天时凛冽，怎能勾身上温和？孩儿每缩着脖项，拄着下颏，耸着肩窝。","chinese-poetry",""
"郑孔目风雪酷寒亭・黄钟尾","元","杨显之","润纸窗把两个都瞧破，拽后门将三簧锁纳合。捕巡军快拿捉，急开门走不脱。到官司问甚么？取了招带枷锁，建法场把市郭，上木驴着刀剁，万剐了尧婆。兀的不痛快杀我。(下)。","chinese-poetry",""
"郑孔目风雪酷寒亭・落梅风","元","杨显之","只管里贪恋着酒如泉，可顿忘了他恩似海。万一个在中途被人谋害，可不乾着了当初救命来。则问你护桥龙宋彬安在？。","chinese-poetry",""
"地藏王证东窗事犯・仙吕/端正好","元","孔文卿","见一日帝王宣十三次，多应挡回俺百万雄师。莫不朝廷中别有甚关机事，既不沙却怎竹节也似差天使？。","chinese-poetry",""
"地藏王证东窗事犯・幺篇","元","孔文卿","多敢是圣明君犒赏待宣赐，怎肯信谗言节外生枝？只不过休兵罢战还朝呵是，我暗暗地自寻思。莫不是封官爵圣恩慈，明宣赐赏金资？添军校复还时，将三略展六韬施，收九府取京师，杀猛将血横尸。夺了四京九府，须要称了俺平生志！(下)。","chinese-poetry",""
"地藏王证东窗事犯・赚煞","元","孔文卿","下我在十恶死囚牢，再不坐九鼎莲花帐，则我这谋反事如何肯当！我死呵，做个负屈衔冤忠孝鬼！见有侵境界小国偏邦，秦桧结勾起刀枪。陛下，则怕你坐不久龙床！俺死呵，落得个盖世界居民众众讲：岳飞子父每不合舍性命生并的南服北降，出气力西除东荡！(带云)杀了岳飞、岳云、张宪三人，(唱)陛下，你便似砍折条擎天架海紫金梁！(下)。","chinese-poetry",""
"地藏王证东窗事犯・迎仙客","元","孔文卿","你来意我理会得，你未说我先知。知你个怕心也你那梦境恶，故来动俺山寺里，祝神祗，礼忏会。休只管央及俺菩提，道不得念彼观音力。(等太师云了)(正末唱)。","chinese-poetry",""
"地藏王证东窗事犯・红绣鞋","元","孔文卿","他本是个君子人则待挟权倚势，吹一吹登时教人烟灭灰飞。则为他节外生枝，教人落便宜。为甚不厨中放，常向我手中携？(带云)这其间不是我掌握着呵，(唱)敢起烟尘，倾了社稷！。","chinese-poetry",""
"地藏王证东窗事犯・满庭芳","元","孔文卿","你则待亡家败国，你几曾夺旗扯鼓，厮杀相持？将别人边塞功番成罪，你只会改是为非。有神方难除你病疾，无妙药将我难医。你将那英雄辈，都向钢刀下做鬼，云阳内血沾衣！。","chinese-poetry",""
"地藏王证东窗事犯・耍孩儿","元","孔文卿","这寺嵯峨秀丽山叠翠，这湖瀑布岚光水碧，这山千层万叠似屏帏，这玉湖清浩荡尽苏堤。青山只会磨今古，绿水何曾洗是非？枉了你修福利，送的教人亡家破，瓦解星飞。","chinese-poetry",""
"地藏王证东窗事犯・三煞","元","孔文卿","岳飞定家邦功已休，秦桧反朝廷事已知，你两家冤仇有似檐间水。则为奸谗宰相千般狠，送了慷慨将军八面威。你所事违天理，休言神明不报，只争来早来迟。","chinese-poetry",""
"地藏王证东窗事犯・二煞","元","孔文卿","岳飞道秦桧不肯学汉萧何追韩信，至潭溪赍发的交职挂三齐印。道陛下自离京兆泥马走，似高祖荥阳一跳身。枉了他子父每舍死忘生，苦征恶战，扯鼓夺旗，捉将挟人，漾人头厮滚，噙热血相喷。亏煞他枕盔腮印月，卧甲地生鳞。","chinese-poetry",""
"地藏王证东窗事犯・收尾","元","孔文卿","便似哑迷般说与你猜，你索似闷弓儿心上疑。有一日东窗事犯知我来意，只怕你手搠着胸脯恁时节悔。(下)。","chinese-poetry",""
"地藏王证东窗事犯・正宫/端正好","元","孔文卿","奉钧命陷在酆都，别妻子离了乡郡。则我便是个了事公人，鬼窟窿里衣饭也能寻趁，一去二十载无音信。","chinese-poetry",""
"地藏王证东窗事犯・滚绣球","元","孔文卿","想着秦太师性情狠，不由何宗立去心紧，正行里起撼天关大风一阵，无片时间早刮的地惨天昏。那风出山卷怪尘，那风入山推败云，险刮的那太华山一时崩损，刮的昆仑山希力力难以影身。那风刮的六朝老树和根倒，万里长江恶浪奔，进退无门。","chinese-poetry",""
"地藏王证东窗事犯・叨叨令","元","孔文卿","恰问罢早驾祥云瑞霭，乘着风信，见一个牧童牛背笛声韵。我将那东南山去路将他问，他指一指隐灵寺行者分明近。他早去了也未哥，早去了也未哥，向前来扯住禅师问。","chinese-poetry",""
"地藏王证东窗事犯・尾","元","孔文卿","投至奏的九重禁阙君王准，教烧与掌恶酆都地藏神。屈杀了岳飞、岳云、张宪三人，已上升三个全身。将杀身秦桧贼臣不须论，想他诳上欺君，苦虐黎民。近有东岳灵文，交替了陈寿千年无字碑，古自证不的本！。","chinese-poetry",""
"越调・小桃红磕瓜","元","李伯瑜","木胎毡观要柔和，用最软的皮儿裹。手内无他煞难过，得来呵，普天下好净也应难躲。兀的般砌末，守着个粉脸儿色末，诨广笑声多。","chinese-poetry",""
"李素兰风月玉壶春・幺篇","元","贾仲明","恕生面咱双秀才，告回避波县宰。你也索典田卖地，弃子休妻，送米供柴。(卜儿云)我则见有钱的便留他。(正末唱)则你那本性也难移，山河易改，雄心犹在，但来的一个个不赊，现钱便卖。(甚舍云)我这般模样，一表人物，我又有钱，你怎生比的我？(正末云)也怪不着那虔婆看上你。(唱)。","chinese-poetry",""
"李素兰风月玉壶春・赚煞","元","贾仲明","我得了这沉香串翠珠囊，你收取这玉螳螂白罗扇，四件儿是咱这玉洁冰清意坚。(旦云)秀才，则是一件，争奈老母严恶，休得见责。(正末云)姐姐放心。(唱)料的这入马东西应个免，我着他拣口儿食，换套儿穿，任抓掀，不足我拨万论千，常拚着卖了城南金谷园。若你个李素兰意专，这玉壶生情愿，我情愿一春常费买花钱。(下)。","chinese-poetry",""
"李素兰风月玉壶春・仙吕/端正好","元","贾仲明","赴皇都，趋天阙，现如今国家选用豪杰。(陶伯常云)据贤弟文章，必得重用。(正末唱)凭着我三冬足用文章绝，挥翰墨，走龙蛇，穿宫锦，着朝靴，封官爵，享豪奢。那时分，恁时节，我可将仁兄结草的这衔环谢。(下)。","chinese-poetry",""
"李素兰风月玉壶春・南吕/一枝花","元","贾仲明","每日家春风燕子楼，夜月鸣珂巷。莺花脂粉社，诗酒绮罗乡。弄玉团香，助豪气三千丈，列金钗十二行。我是个翠红堆傅粉的何郎，花胡同画眉的张敞。","chinese-poetry",""
"李素兰风月玉壶春・隔尾","元","贾仲明","那里是敲金击玉辞源响，则为这玉骨冰肌体段香。画的来素淡轻盈甚停当。从今后高卷起莫张，做一个绣袋儿谨藏。休着那等干咽唾，冷眼见的闲人把做话讲。","chinese-poetry",""
"李素兰风月玉壶春・四块玉","元","贾仲明","这壶画的来玉润温，这兰画的来香飘荡。看了这玉软香娇不寻常，则这个玉生香花解语风流像。端的可便堪画图，画图来堪咏题，咏题来堪玩赏。","chinese-poetry",""
"李素兰风月玉壶春・感皇恩","元","贾仲明","呀！眼见的打死鸳鸯，拆散鸾凰。则这个玉壶生，更和这素兰女，则索告你个柳青娘。(卜儿云)我将你卖与回回、达达、虏虏去。(旦悲科)(正末唱)从今后迎风北苑，早则不待月西厢。直惹的狂蝶觑，野蜂闹，喜蛛忙。","chinese-poetry",""
"李素兰风月玉壶春・采茶歌","元","贾仲明","素兰呵，那里也翠珠囊，白忙里玉螳螂。决撒了高烧银烛照红妆，没指望月夜双歌玉壶腔，空压杀春风一曲杜韦娘。","chinese-poetry",""
"李素兰风月玉壶春・二煞","元","贾仲明","我为恋着春风兰芷娇容放，嗨，早忘了秋日槐花举子忙。玉壶生拜辞了素兰香，向着个客馆空床，独宿有梅花纸帐。那寂寞，那凄凉，那悲怆，雁杳鱼沉两渺茫，冷落吴江。","chinese-poetry",""
"李素兰风月玉壶春・黄钟尾","元","贾仲明","再谁供养我那荔枝浆蔷薇露葡萄酿？再谁照顾我那应口饭依时茶醒酒汤？不是我冷气虚心厮数量，则要你玉骨冰肌自主张，傲雪欺霜映碧窗，不要你节外生枝有疏放。若别了巫山窈窕娘，忧愁杀章台走马郎。离了嘉禾旧朋党，断却苏州刺史肠，再要相逢莫承望。但提着俺那花前月下共双双，便是铁石的心肝我索慢慢的想。(下)。","chinese-poetry",""
"李素兰风月玉壶春・迎仙客","元","贾仲明","谢姨姨，肯怜才，则你是洛伽山救苦的观自在。问甚么撞着丧门，管甚么逢着吊客。怕甚么月值年灾，拚死在莺花寨。","chinese-poetry",""
"李素兰风月玉壶春・红绣鞋","元","贾仲明","若瞒过那老虔婆赚离了门外，便是将俺那望夫石唤下山来，哎，你一个忒聪明肯做美的姨姨，你白裁划。你道他风流刚二八，我俊雅未头门，姨姨则道波。我则怕兀那青春不再来。","chinese-poetry",""
"李素兰风月玉壶春・满庭芳","元","贾仲明","端详了艳色，春生杏脸，笑入莲腮。我本要秦楼夜访金钗客，我与你审问个明白。因甚上不插带犀梳凤钗，懒亲傍玉镜鸾台？为甚么云鬓松了金额，不由我转猜，端的为谁来？。","chinese-poetry",""
"李素兰风月玉壶春・耍孩儿","元","贾仲明","这厮他村则村，到会做这等月音月是态。你向那兔窝儿里呈言献策，遮莫你羊绒绸段有数十车，待禁的几场儿日炙风筛。准备着一条脊骨捱那黄桑棒，安排着八片天灵撞翠崖，则你那本钱儿光州买了滑洲卖，但行处与村郎作伴，怎好共鸾凤和谐？。","chinese-poetry",""
"李素兰风月玉壶春・四煞","元","贾仲明","则有分剔腾的泥球儿换了你眼睛，便休想欢喜的手帕儿兜着下颏。一弄儿打扮的实难赛，大信袋滴溜着三山骨，硬布衫拦截断十字街。(甚舍云)我是山西客人，甚黑子便是。看我打扮比你全别。(正末唱)细端详语音儿是个山西客，带着个高一尺和顶子齐眉的毡帽，穿一对连底儿重十斤壮乳的麻鞋。(甚舍云)你这等穷厮，我见有三十车羊绒潞绸哩。(正末唱)。","chinese-poetry",""
"李素兰风月玉壶春・三煞","元","贾仲明","你虽有万贯财，争如俺七步才。两件儿那一件声名大？你那财常踏着那虎口去红尘中走，我这才但跳过龙门向金殿上排。你休要嘴儿尖舌儿快，这虔婆怕不口甜如蜜罐，他可敢心苦似黄蘖。(卜儿云)兀那李玉壶，你这等穷身泼命，俺女孩儿守着你做甚么那？(正末唱)。","chinese-poetry",""
"李素兰风月玉壶春・水仙子","元","贾仲明","俺只道玉壶春打灭再休题，险做了运退雷轰荐福碑。元来素兰香也有逢春日，沉香串依然共素手携，翠珠囊似合浦重回。玉螳螂飞绕在兰丛内，白罗扇长如明月辉，怎肯教杜韦娘嫁了王魁？(陶伯常云)兀那婆子，你听者：因他李玉壶献了万言长策，圣人就加他为本府同知。(甚舍云)我死也。(卜儿云)李玉壶，我道你不是个受穷的人。(正末唱)。","chinese-poetry",""
"李素兰风月玉壶春・落梅风","元","贾仲明","从公道，依正理，怎做得倚官挟势？想李素兰剪断香云为甚的？也只是愿双双并谐比翼。(陶伯常云)李素兰，我将你配与李玉壶为妻，你意下如何？(旦云)多谢相公，妾情愿从良改正。(陶伯常云)兄弟，小官将李素兰与你做夫人好么？(正末云)全仗仁兄主张，您兄弟不敢忘报。(唱)。","chinese-poetry",""
"李素兰风月玉壶春・雁儿落","元","贾仲明","成就了碧桃间鸾凤栖，翠沼畔鸳鸯配。一任他绿阴中莺燕喧，锦坞内蜂蝶戏。","chinese-poetry",""
"李素兰风月玉壶春・得胜令","元","贾仲明","呀，这连理厚栽培，并蒂共葳蕤。今日个告别了烟花市，同归了锦绣闱。准备了佳期，合欢带常拴系；得遂了于飞，同心结莫摘离。(陶伯常云)既然从良改正，着礼案上除了名字，将素兰配与玉壶为夫人。(甚舍云)爷爷，这成不的。他也姓李，那也姓李，同姓不可为婚。(旦云)相公，妾身本姓张，自幼年过房与他做义女来。我如今要出姓改正，有何和可？(陶伯常云)是实么？(卜儿云)嗨，俺那忤逆种不认我了，教我怎好赖得？实是我过房的女孩儿，他本姓张。(陶伯常云)李玉壶兄弟，你将白银百两，给与这婆子做恩养礼钱。兀那甚黑子，倚仗财物，夺人妻妾，罪该不应。杖断四十，抢出衙门去。李玉壶今为本府同知，将五花官诰，与张素兰做夫人。你两个望阙谢了恩者。(末旦谢恩科)(正末唱)。","chinese-poetry",""
"杜牧之诗酒扬州梦・幺篇","元","乔吉","磨铁角乌犀冷，点霜毫玉兔秋。对明窗沧海龙蛇走，蘸金星端砚云烟透。拂银笺湘水玻璃皱。(牛僧孺云)何劳学士这等费心。(正末唱)比及赏吴宫花草二十年，先索费翰林风月三千首。(云)你看这女子。(诗云)端的是仙人飞下紫云车，月阙才离蟾影孤。却向尊前擎玉盏，风流美貌世间无。(唱)。","chinese-poetry",""
"杜牧之诗酒扬州梦・赚煞尾","元","乔吉","比及客散锦堂中，准备人约黄昏后。他不比寻常间墙花路柳。这公事怎肯甘心便索休，强风情酒病花愁。(牛僧孺云)无甚管待，承学士屈高就下也。(正末唱)这的是钓诗钩。我醉则醉常在心头，扫愁帚争如奉箕帚。(牛僧孺云)牧之，一番相见一番老也。(正末唱)遮莫你鬓角边霜华渐稠，衫袖上酒痕依旧，我正是风流到老也风流。(下)。","chinese-poetry",""
"杜牧之诗酒扬州梦・正宫/端正好","元","乔吉","衫袖湿酒痕香，帽檐侧花枝重，似这等宾共主和气春风，一杯未尽笙歌送，就花前唤醒游仙梦。","chinese-poetry",""
"杜牧之诗酒扬州梦・滚绣球","元","乔吉","日高也花影重，风香时酒力涌，顺毛儿扑撤上翠鸾丹风，恣情的受用足玉暖香融。这酒更压着玻璃钟琥珀酿，这楼正值着黄鹤仙白兔翁，这酒更胜似酿葡萄紫驼银瓮，这楼快活杀傲人间湖海元龙；这酒却便似泻金茎中天露擎仙掌，这楼恰便似香翠盘内霓裳到月宫，高卷起彩绣帘栊。","chinese-poetry",""
"杜牧之诗酒扬州梦・小梁州","元","乔吉","这些时陡恁春寒绣被空，冷清清褥隐芙蓉。我则道阳台云雨去无踪，今夜个乘欢宠，山也有相逢。","chinese-poetry",""
"杜牧之诗酒扬州梦・一煞","元","乔吉","且陪伴西风摇落胭脂蜡，权宁耐夜月寒穿翡翠纱，闲愁不索拨琵琶。(白文礼云)相公则为这小娘子留心那！(正末唱)我怎肯浪酒闲茶，再留意裙钗下。暂相别受些潇洒，隔云山天一涯，两地嗟呀。(白文礼云)相公再饮一杯。(正末云)酒勾了。小官就此告回。(白文礼云)相公慢慢而行，小生说成了，便有书呈奉，望赐回音咱。(正末唱)。","chinese-poetry",""
"杜牧之诗酒扬州梦・煞尾","元","乔吉","从今后风云气概都做下阳台梦，花月恩情犹高似太华峰。风送纱窗月影通，篆袅金炉香雾潆。银烛高烧锦帐融，罗帕重沾粉汗溶。高插鸾钗云髻耸，巧画蛾眉翠黛浓。柳坞花溪锦绣丛，烟户云窗闺阁中。可体样春衫亲手儿缝。有滋味珍馐拣口儿供。再不趁蝶使蜂媒厮断送，再不信怪友狂朋厮搬弄。但能勾鱼水相逢，琴瑟和同，(家童云)相公，咱回去来。(正末唱)早跳出这柳债花钱面糊桶。(同下)。","chinese-poetry",""
"杜牧之诗酒扬州梦・南吕/一枝花","元","乔吉","温柔玉有香，旖旎春无价。多情杨柳叶，解浯海棠花。压尽越女吴娃，从头髻至鞋袜，觅包弹无半掐，更那堪百事聪明，模样儿十分喜恰。","chinese-poetry",""
"杜牧之诗酒扬州梦・隔尾","元","乔吉","锦机织就传情帕，翠沼裁成并蒂花。何日青弯得同跨？锦衾绣榻，弓鞋罗袜，玉软香温受用煞。","chinese-poetry",""
"杜牧之诗酒扬州梦・骂玉郎","元","乔吉","这一双郎才女貌天生下，笋条儿游冶子，花朵儿俊娇娃，堪写入风流仕女丹青画。行一步百样娇，笑一声万种妖，歌一曲千金价。(白文礼云)小生也曾见来，果然生的风流，长的可喜。(正末唱)。","chinese-poetry",""
"杜牧之诗酒扬州梦・感皇恩","元","乔吉","浓妆呵娇滴滴擎露山茶，淡妆呵颤巍巍带雨梨花。齐臻臻齿排犀，曲湾湾眉扫黛，高耸耸髻堆鸦。香馥馥冰肌胜雪，喜孜孜醉脸烘霞。端详着庞儿俊，思量着口儿甜，怎肯教意儿差。(白文礼云)相公与此女有缘有分，所以如此留情也。(正末唱)。","chinese-poetry",""
"杜牧之诗酒扬州梦・采茶歌","元","乔吉","非是我自矜夸，则为咱两情嘉，准备着天长地久享荣华。(白文礼云)相公放心，小生务要与相公成就了这桩事。(正末唱)既然你旨把赤绳来系足，久以后何须流水泛桃花。","chinese-poetry",""
"杜牧之诗酒扬州梦・黄钟尾","元","乔吉","你题情休写香罗帕，我寄恨须传鼓子花。且宁心，度岁华，恐年过生计乏。(白文礼云)相公休别寻配偶，小生务要完成此事。(正末唱)纵有奢华豪富家，倒赔装奁许招嫁，休想我背却初盟去就他，把美满恩情却丢下，我直着诸人称扬众口夸，红粉佳人配与咱，玉肩相挨手相把，受用全别快活杀。做一对好夫妻出入京华，不强似门外绿杨闲系马。(下)。","chinese-poetry",""
"杜牧之诗酒扬州梦・沉醉东风","元","乔吉","休想道惟吾独醒屈平，则待学众人皆醉刘伶。浇消了湖海愁，洗涤下风云兴，怕孤负月朗风清，因此上落魄江湖载酒行，糊涂了黄粱梦境。(云)员外，今日席上，再有何人？(白文礼云)请牛太守去了，这早晚敢待来也。(牛太守上，云)老夫牛僧孺，今日白文礼在金字馆设席相请，左右报复去，道牛大守来了也。(随从报科，云)太守老爹来了也。(白文礼云)道有请。(牛太守做见科，与正末云)老夫相访数次，不蒙放参，只是某缘分浅薄也。(正末云)小官连日事冗，有失迎接，叔父勿罪。来日小官设席请罪，就屈员外同席，未知允否？(白文礼云)今日且饮过小生这一席，来日同赴盛宴，务要吹弹歌舞，开怀畅饮也。(正末唱)。","chinese-poetry",""
"杜牧之诗酒扬州梦・水仙子","元","乔吉","喜的是楚腰纤细掌中擎，爱的是一派笙歌醉后听。哎，你个孟尝君妒色独强性，靠损了春风软玉屏，戏金钗早吓掉了冠缨。杜牧之难折证，牛僧孺不志诚，都一般行浊言清。","chinese-poetry",""
"杜牧之诗酒扬州梦・雁儿落","元","乔吉","我则道玉阶前花弄影，原来是金殴上传宣令。本为个牛僧孺门-下人，倒做了杜牧之心头病。","chinese-poetry",""
"杜牧之诗酒扬州梦・得胜令","元","乔吉","则疑是天上许飞琼，原来是足下女娉婷。你栽下竹引丹山凤，笼着花藏金谷莺，都诉出实情。(白文礼云)学士，你不拜丈人，还等甚么？(正末唱)我做下强项令肩膀硬，今日个完成，将这个俊娇娥手内擎。","chinese-poetry",""
"杜牧之诗酒扬州梦・折桂令","元","乔吉","见放着御史台不顺人情，谁着你调罨子画阁兰堂，搠包儿锦阵花营。既然是太守相容，俺朋友间有甚差争？摆着一对种花手似河阳县令，裹着一顶漉酒巾学五柳先生。既能勾鸾风和鸣，桃李春荣，赢得青楼薄幸之名。","chinese-poetry",""
"杜牧之诗酒扬州梦・鸳鸯煞","元","乔吉","从今后立功名写入麒麟影，结牡萝配-亡菱花镜。准备着载月兰舟，煦夜花灯。畅道朋友同行，尚则怕衣衫不整。毕罢了雪月风花，医可了游荡疏扛病。今小个两眼惺惺，唤的个一枕南柯梦初醒。","chinese-poetry",""
"满庭芳・人间罕有，沉鱼落雁，月闭花羞。蕙兰性一点灵犀透，举止温柔。","元","王仲诚","成合了鸾交凤友，匹配了燕侣莺俦。轻扌闰就，如弹玉纤粉汗流，佯呵欠袖儿里低声儿咒。一会家把人迤逗，撇不下漾秋波一对动情眸。","chinese-poetry",""
"小桃红・刀名剑利大尴尬，唬碎闲人胆！白酒黄鸡捱时暂，就中甘，这般","元","王仲诚","滋味谁曾啖？谐音人即参，通经史亲探，世事要经谙。","chinese-poetry",""
"骂玉郎北・娇娃俊雅天生就，腰似柳，袜如钩，湘裙微露金莲瘦。你看他","元","张氏","宝髻堆，玉笋长，露出春衫袖。","chinese-poetry",""
"感皇恩北・呀，指望待饱玩娇羞，谁承望各自分头。好教我恨天高，嫌地","元","张氏","窄，怨人稠。指望待相随皓首，谁承望鬼病因由。不由人魂缈缈，体飘飘，魄悠悠。","chinese-poetry",""
"采茶歌北・都则为女娇羞，端的是忒风流，闪的人不茶不饭几时休。何日","元","张氏","相逢同配偶？甚时密约共绸缪？。","chinese-poetry",""
"驻马听・花片纷纷，过雨犹如弹泪粉。溪流滚滚，迎风还似皱湘裙。桃源","元","康进之","路近与楚台邻，丽春园未许渔舟问。两般儿情厮隐，浓妆淡抹包笼尽。","chinese-poetry",""
"沉醉东风・瑶草细分明舞茵，翠鬟松仿佛溪云。蜂蝶莫浪猜，鱼雁难传信。","元","康进之","好风光自有东君，管领红霞万树春，说什么河阳县尹！。","chinese-poetry",""
"折桂令・美名儿比并清新，比不的他能舞能讴，宜喜宜嗔。惑不动他疏势","元","康进之","利的心肠，老不了他永长生的鬓发，瘦不的他无病患的腰身。另巍巍居世外天然异品，香馥馥产人间别样灵根。最喜骚人，寓意超群，把一段蓬莱境妆点入梁园，将半篇锦绣词互换出韩文。","chinese-poetry",""
"随煞・说清高不比那寻常赚客的烟花阵，追访的须教自忖。先办下无差错","元","康进之","的意儿诚，后问的他许成合的话儿准。","chinese-poetry",""
"南吕・一枝花安庆湖雪夜","元","沙正卿","荒陂寒雁鸣，远树昏鸦噪。断云淮甸阔，残照楚山高。古岸萧萧，败苇折芦罩，穿林荒径小。水村寒犬吠柴荆，梅岭冻猿啼树杪。","chinese-poetry",""
"梁州・野烟暗迷合渡口，渔灯明照破江皋。溪边望罢归村路。野塘萧索，","元","沙正卿","暮景寂寥。半间草厦，一榻橛床。冷清清伴我萧条，到黄昏恶限才交。ゐ惶运环海般相连，烦恼乡石城般围绕，离愁阵铁壁般坚牢。怎生，得逃？百千般无计把凄凉傲，愁恰去闷来到。愁和闷共凄凉厮缠缴，不离我周遭。","chinese-poetry",""
"二煞・破窗鸣雨霰风犹恶，漏屋垂冰蚕冻未消，梦回酒醒越难熬。万籁皆","元","沙正卿","鸣，更一点残灯斜照。供愁恨献烦恼，破思虑忧愁厮定害，暗消了年少。","chinese-poetry",""
"尾・黄昏时春色生容貌，清镜晓秋霜点鬓毛。愁虽是多，恨也不少。衰了","元","沙正卿","潘容，瘦了沈腰。镜里端详，心下暗约。端详罢怎不教我心焦，则一夜剩添十岁老。","chinese-poetry",""
"两军师隔江斗智・赚煞","元","无名氏","哥哥，哎，只怕你未解的腹中愁，早添上些心间事。从今后惹起干戈不止，怎靠得这不冠带的男儿某在斯。(梅香云)姐姐，常言道：姻缘姻缘，事非偶然。这桩儿亲事，也是天缘注定哩。(正旦唱)这姻缘甚些天赐，且因而勉强从之，免的道外向大家有怨词。(孙权云)妹子，只要你小心在意，休走漏了消息也。(正旦云)哥哥，你妹子知道。(唱)虽则你图为造次，我可也聪明无二，怎肯把军情泄漏了一些儿？(下)。","chinese-poetry",""
"两军师隔江斗智・迎仙客","元","无名氏","你看桑麻映日稠，禾黍接天齐，(甘宁云)皆因荆州九郡，地广民富，俺主公以此不能弃舍。(正旦唱)这荆州我亲身、我亲身可便到这里。你看那地方宽，民富实，端的是锦绣城池，无福的难存济。","chinese-poetry",""
"两军师隔江斗智・普天乐","元","无名氏","我则见玳筵前，摆列着英雄辈。一个个精神抖擞，一个个礼度委蛇。那军师有冠世才，堪可称龙德。觑他这道貌非常仙家气，稳称了星履霞衣。待道他是齐管仲多习些战策，待道他是周吕望大减些年纪，待道他是汉张良还广有神机。","chinese-poetry",""
"两军师隔江斗智・耍孩儿","元","无名氏","从来不出闺门里，羞答答怎便将男儿细窥。则我这三从四德幼闲习，既嫁鸡须逐他鸡。只见他目睛转盼能过耳，手臂垂来直至膝。赤帝子真苗裔，暂时间蛟龙蟠屈，少不得雷雨腾飞。(云)我只笑那周瑜好痴也，你自家没智识索取荆州，却将我送到这里，你须要做的功劳，我为甚来倒替你守寡一世？(唱)。","chinese-poetry",""
"两军师隔江斗智・三煞","元","无名氏","不甫能射金屏中雀来，只索便上秦楼跨凤归，也是我妇人家自为终身计。你只为一时功效犹难遂，却将我百岁姻缘竞不提，那个肯无番悔？你使着这般科段，敢可也枉用心机。","chinese-poetry",""
"两军师隔江斗智・二煞","元","无名氏","想着我同胞的能有几，我大哥哥又不到底，提起来尚兀自肝肠碎。我母亲呵，可怜永日萱花晚，哥哥也没甚傍枝棠棣稀，怎不顾亲生妹？倒着我明为嫁送，暗夺城池。","chinese-poetry",""
"两军师隔江斗智・煞尾","元","无名氏","怕只怕母兄上别了情，愁只愁夫妻上伤了美。从今后做了个弄丸的宜僚，我只从中儿立直，着他两下干戈再不起。(同梅香下)。","chinese-poetry",""
"两军师隔江斗智・梧叶儿","元","无名氏","哥哥当尊重，敢动劳，则见他金盏泛香醪。(孙权低云)妹子也，这一杯酒则要你见功者。(正旦唱)但饮酒只说酒中事，怎又伤我的心着我心下恼。(孙权云)妹子，你恼做甚么？饮了这杯酒者。(正旦背唱)我背地里将这酒儿浇天地，也只愿的俺两口儿夫妻到老。","chinese-poetry",""
"两军师隔江斗智・幺篇","元","无名氏","他眼朦胧恰待开，对着人不敢瞧。则他那巧机关在腹内暗藏着，(孙权云)小姐，你扶起刘玄德来，与他穿上暖衣，再饮几杯咱。(正旦唱)你教我扶将他起来把衣换了。他正是醉人难叫，(刘封云)父亲，你这一睡到几时也？(正旦唱)他直睡到明月上花梢。","chinese-poetry",""
"两军师隔江斗智・浪里来煞","元","无名氏","你那里担着愁，我这里倒含些笑，只待做了脱金钩东海冠山鳌。(孙权云)妹子，你则今日就起身罢。(正旦唱)你还怕我有心留恋着，只望俺那荆州疾到。便排下那几千番筵席，你也休的再来邀。(同夫人下)。","chinese-poetry",""
"两军师隔江斗智・沉醉东风","元","无名氏","我只见众公卿欢容满腮，齐臻臻把果桌忙抬。画堂中音乐谐，宝鼎内香烟蔼。祝千秋磕头礼拜，不知道赤壁东风大会垓，可似这今朝奏凯？(诸葛又递酒科，云)夫人满饮此杯。(正旦云)军师先请。(诸葛亮云)不敢、夫人请。(正旦唱)。","chinese-poetry",""
"两军师隔江斗智・收尾","元","无名氏","他本是汉皇帝室亲支派，少不得将吴魏并做了刘家世界。显得俺卧龙的诸葛十分能，笑杀那短命的周瑜刚则一时歹。","chinese-poetry",""
"宋上皇御断金凤钗・赚煞","元","郑延玉","我卖得二文钱，籴得一升米，够养活孩儿共你。凭着我端砚文章纸墨笔，吃的是淡饭黄齑。我挂招牌指万物为题，写着道吟诗寰中占了第一。更写着曾丹墀立地，在金门出入，教人道穷书生犹自说兵机。(下)。","chinese-poetry",""
"宋上皇御断金凤钗・红绣鞋","元","郑延玉","虽不达周公礼乐，虽不及子夏文学，寻思来惟有看书高。放着花笺纸，端溪砚，乌龙墨，紫霜毫，穷不的卓儿出四宝。","chinese-poetry",""
"宋上皇御断金凤钗・迎仙客","元","郑延玉","写染得无褒弹，吟咏的忒风骚，真真字儿不带草。又不曾倒了平仄，差了韵脚。又不似卖春豆秋糕，又索甚学歌叫。","chinese-poetry",""
"宋上皇御断金凤钗・普天乐","元","郑延玉","你遇着恶人魔，我值着穷星照。(云)不争你借了二百钱呵，(唱)我忍饥在今日，受饿到明朝。(孤云)哥哥，见义不为无勇也。(正末唱)怕不待见义为，争奈家私薄。(孤云)君子周人之急，你借与我罢。(正末唱)君子周急，我须知道，争奈庞居士，在陋巷箪瓢。(云)君子周人之急，我则这二百钱，你将去。(孤云)谢了哥哥。兀那哥哥，这二百钱你拿去。(邦云)你还了我这钱，你休怪，我吃酒去也。(下)(孤云)多谢哥哥救我。(正末云)你借了这钱去呵，(唱)愁闷杀小生，烦恼杀幼子，冻饿杀多娇！。","chinese-poetry",""
"宋上皇御断金凤钗・三煞","元","郑延玉","饿的我肚皮中如火烧，走的我浑身上似水浇。三魂儿未曾着躯壳，惊慌回去心尤跳。我可甚买卖归来汗未消，则听的高声叫又道，拿住秀才，险吓杀多娇。","chinese-poetry",""
"宋上皇御断金凤钗・二煞","元","郑延玉","你道十日欠九日饥，三顿无一顿饱。(旦云)想当初造物嫁你这穷厮。(正末唱)当日嫁这穷书生，你是乐者为之乐。有钱时欢喜无钱时叫，却不道贫不忧愁富不骄。则为我不主才天教报，救人急是耽寒之本，顺人情是忍饿之苗。","chinese-poetry",""
"宋上皇御断金凤钗・煞尾","元","郑延玉","譬如教天不盖，地不载，居在人海，枉了食不饱，衣不遮，送了世界。想昨宵吃剑才，人一般好客待。杀人贼你做来，换人赃我捉获。我则索屈招致命图财，兀的不屈杀了卖诗的穷秀才！(杨云)杀人贼都有了，小官见圣人走一遭去。(率众拥正末下)(店小二云)苦也，付能得了钱，又拿将去了。嫂嫂，咱两个看他去来。(旦云)男儿也，则被你痛杀我也！(同下)。","chinese-poetry",""
"宋上皇御断金凤钗・南吕/一枝花","元","郑延玉","我当不的春天骤雨淋，受不的夏月斜阳晒。忍不的秋霜寒透屋，住不的冬雪冷书斋。这四季苦好难捱，却不道否极后还生泰，轮到我苦尽也苦不来。住着破设设坏屋三间，干受了冷清清寒窗十载。","chinese-poetry",""
"宋上皇御断金凤钗・梁州","元","郑延玉","我便似箪瓢巷颜回暗宿，却浑如首阳山伯夷清斋。我便似绝粮孔子居陈蔡。饿杀我也口说珠玉，冻杀我也胸卷江淮。昨日失仪在金殿，今日卖诗在长街。见一个粗豪士，扯住个英才，我不合鬼擘口审问的明白。我遇着庞居士与了二百青蚨，合着孟尝君养三千剑客，撞着赛元达列十二金钗。我想来，不该。情知这范丹，怎放来生债。利又不见，本又不在。干与别人救祸灾，好教我无语支划。","chinese-poetry",""
"宋上皇御断金凤钗・隔尾","元","郑延玉","我借与他钱呵，搭救出他招贤纳干东洋海。他还我钱呵，却是拨出这弃子休妻大会垓。(张千云)你收了金钗者，我回大人话去。(正末云)生受大哥！(店小二云)吃了茶去。(张千云)不必吃茶了。(下)(旦云)我收了这金钗者。(正末唱)除今后除了家私缴缠外，拴衣做鞋，籴米买柴，(旦云)我也要置些衣服哩！(正末唱)妻也你休逢着的商量，见了的买。(云)将一只金钗，与小二哥做房钱。小二哥在那里？(店小二云)哥哥，你唤我怎的？(正末云)方才大人还了我十只金钗，我与你一只做房钱。(店小二接科，云)我道你不是受贫的人，我还打挣头间房你安下。我看茶与你吃，你便搬过来。(正末唱)。","chinese-poetry",""
"宋上皇御断金凤钗・骂玉郎","元","郑延玉","早迁转波粗茶淡饭黄齑菜，你畅好能打点，会安排，(旦云)秀才，你肚里饥，吃些儿。(正末唱)便似孟光举案齐眉待。你可不道穷秀才，忒不出财，我须实无奈。","chinese-poetry",""
"宋上皇御断金凤钗・采茶歌","元","郑延玉","你将我恶抢白，死栽划：""将休书疾快写将来！""(店小二云)哥哥，不记旧恶。哥哥，你且吃些茶饭。(正末唱)将一座冰雪堂翻做敬宾宅，也有春风和气画堂开。","chinese-poetry",""
"宋上皇御断金凤钗・菩萨梁州","元","郑延玉","早是这伙公吏又心乖，恶少年好毒害。你不是柳盗跖家吊客，则是这穷秀才家横祸非灾。不知怎生年月日时，我恰才快早阎王怪，使不着老实终须在。(旦云)大人可怜见！(正末唱)不济事，枉分解，休折证，向云阳死去来，眼见得命掩泉台。(杨云)不招呵再打！(打科)(正末悲科，云)则是我不合来这状元店里下。(唱)。","chinese-poetry",""
"宋上皇御断金凤钗・驻马听","元","郑延玉","揣与我个天来大官司，推为到罪若当刑法命子，判着手来大斩字，那里是死而无怨罪名儿。我想那曹司素状是辰时，便是那阎王注定黄昏死。(旦指看的人云)哥哥们，你靠后，看他怎么？(正末云)大嫂你不知。(唱)你道他看的主甚意儿，大古是不曾见玉堂金马三学士。","chinese-poetry",""
"宋上皇御断金凤钗・沉醉东风","元","郑延玉","没主了这个娇痴小厮，抛闪下软弱妻儿。有我后把你觑当，没我后人轻视。谁与你干办家私，捱不过今冬下雪时，您两个不冻死，多应饿死。","chinese-poetry",""
"宋上皇御断金凤钗・雁儿落","元","郑延玉","这二百一，是大人行掌命司，(杨云)大人还了你十只金钗也。(正末唱)那十只钗是穷秀才追魂使。(杨云)大人借了你二百钱，还了你十只金钗，本利都有了也。(正末唱)那得早有本钱有利钱，(云)临了也说我图财致命，着我犯法遭刑也。(唱)这的是暗宣赐明宣赐。","chinese-poetry",""
"宋上皇御断金凤钗・得胜令","元","郑延玉","我好可怜见这小孩儿，(觑旦悲科)(唱)我好不忍见女娇姿。我命窘遭贤妇，我家贫显孝子。嘱咐您寻思，遭节朔年至，我死在阴司，你与我烧些钱烈陌儿纸。","chinese-poetry",""
"正宫・脱布衫过小梁州草堂中夏日偏宜，正流金烁石天气。素馨花一枝玉","元","张鸣善","质，白莲藕样弯琼臂。门外红尘衮衮飞，飞不到鱼鸟清溪。绿阴高柳听黄鹂，幽栖意，料俗客几人知？。","chinese-poetry",""
"中吕・普天乐咏世","元","张鸣善","洛阳花，梁园月。好花须买，皓月须赊。花倚栏干看烂熳开，月曾把酒问团圆夜。月有盈亏，花有开谢，想人生最苦离别。花谢了三春近也，月缺了中秋到也，人去了何日来也？赠妓口儿甜，庞儿俏。性格儿稳重，身子苗条。多情杨柳腰，春暖桃花萼。见人便厌的拜忽的羞吸的笑，引的人魄散魂消。人前面看好，樽席上出色，手掌里擎着。遇美海棠娇，梨花嫩。春妆成美脸，玉捻就精神。柳眉颦翡翠弯，香脸腻胭脂晕。款步香尘双鸳印，立东风一朵巫云。奄的转身，吸的便晒，森的销魂。雨才收，花初谢。茶温凤髓，香冷鸡舌。半帘杨柳风，一枕梨花月。几度凝眸登台榭，望长安不见些些。知他是醒也醉也，贫也富也，有也无也。既待舍之藏，何用沽诸价？清闲活计，冷淡生涯。采灵芝西海边，看黄菊东篱下。乐乐陶陶无牵挂，三般儿到处里堪夸。或是向东篱看花，或是在东门种瓜，或是去东里为家。愁怀雨儿飘，风儿扬。风吹回好梦，雨滴损柔肠。风萧萧梧叶中，雨点点芭蕉上。风雨相留添悲怆，雨和风卷起凄凉。风雨儿怎当，雨风儿定当。风雨儿难当。嘲西席讲诗书，习功课。爷娘行孝顺，兄弟行谦和。为臣要尽忠，与朋友休言过。养性终朝端然坐，免教人笑俺风魔。先生道学生琢磨，学生道先生絮聒，馆东道不识字由他。","chinese-poetry",""
"双调・落梅风咏雪","元","张鸣善","漫天坠，扑地飞，白占许多田地。冻杀吴民都是你！难道是国家祥瑞？套数。","chinese-poetry",""
"迎仙客・相适到数载余，别离了两三番，则俺那美人儿恰才在这筵席间。","元","张鸣善","美酒泛金波，闲歌随象板。投至的欢意阑珊，那其间彼各皆分散。","chinese-poetry",""
"普天乐・分散后再相逢，再相逢空长叹。人有愿天心必应，天心应人愿何","元","张鸣善","难？纤腰如杨柳枝，粉脸似桃花瓣。桃柳争妍花开绽，见年年桃柳开残。人生百年，无心思忖，有限朱颜。","chinese-poetry",""
"啄木儿煞・花细额上贴，赤绳足下拴。少年心终久相轻慢，坚心无惮，准","元","张鸣善","备着洞房花烛报平安。","chinese-poetry",""
"包待制陈州粜米・赚煞尾","元","无名氏","做官的要了钱便糊突，不要钱方清正。多似你这贪污的，枉把皇家禄清。(带云)你这害民的贼，也想一想差你开仓粜米，是为着何来？(唱)兀的赈济饥荒你也该自省，怎倒将我一锤儿打坏天灵？(小忄敝古云)父亲，我几时告去？(正末唱)则今日便登程，直到王京，常言道""厮杀无如父子兵""。拣一个清耿耿明朗朗官人每告整，和那害民的贼徒折证。(小忄敝古云)父亲。可是那一位大衙门告他去？(正末叹云)若要与我陈州百姓除了这害呵。(唱)则除是包龙图那个铁面没人情。(下)。","chinese-poetry",""
"包待制陈州粜米・滚绣球","元","无名氏","有一个楚屈原在江上死，有一个关龙逢刀下休，有一个纣比干曾将心剖，有一个未央宫屈斩了韩侯。(吕夷简云)待制，我想张良坐筹帷幄之中，决胜千里之外，辅佐高祖，定了天下。见韩信遭诛，彭越被醢，遂辞去侯爵愿从赤松子游，真有先见之明也。(正末唱)那张良呵若不是疾归去，(韩魏公云)那越国范蠡，扁舟五湖，却也不弱。(正末唱)那范蠡呵若不是暗奔走，这两个都落不的完全尸首。我是个漏网鱼，怎再敢吞钩？不如及早归山去，我则怕为官不到头，枉了也干求。","chinese-poetry",""
"包待制陈州粜米・小梁州","元","无名氏","我一点心怀社稷愁，(云)张千，将马来。(张千云)理会的。(正末唱)则今日便上陈州，既然心去意难留。他每都穿连透，我则怕关节儿枉生受。","chinese-poetry",""
"包待制陈州粜米・幺篇","元","无名氏","谢圣人肯把黎民救，这剑也，到陈州怎肯干休，敢着你吃一会家生人肉。哎！看那个无知禽兽，我只待先斩了逆臣头。","chinese-poetry",""
"包待制陈州粜米・耍孩儿","元","无名氏","你积趱的金银过北斗，你指望待天长地久。看你那于家为国下场头，出言语不识娘羞。我须是笔尖上挣□来的千钟禄，你可甚剑锋头博换来的万户侯。(衙内云)老府尹。我也不怕你。(正末唱)你那里休夸口，你虽是一人为害，我与那陈州百姓每分忧。","chinese-poetry",""
"包待制陈州粜米・煞尾","元","无名氏","河涯边趱运下些粮，仓廒中囤塌下些筹，只要肥了你私囊，也不管民间瘦。(带云)我如今到那里呵。(唱)敢着他收了蒲蓝罢了斗。(同张千下)(刘衙内云)列位老相公，这桩事不好了。这老子到那里时，将俺这两个小的肯干罢了也。(韩魏公云)衙内，不妨事，你只与学士计较，老夫和吕丞相先回去也。(诗云)衙内心中莫要慌，天章学士慢商量；(吕夷简诗云)凤凰飞上梧桐树，自有傍人道短长。(同下)(范学士云)刘衙内，你放心。老夫就到圣人根前说过，着你亲身为使命告一纸文书，则赦活的不赦死的。包你没事便了。(衙内云)既如此，多谢了学士。(范学士云)你跟着老夫见圣人走一遭去来。(诗云)莫愁包待制，先请赦书来；(刘衙内诗云)全凭半张纸，救我一家灾。(同下)。","chinese-poetry",""
"包待制陈州粜米・南吕/一枝花","元","无名氏","如今那个差的民户喜，也有那干请俸的官人每怨。急切里称不了包某的心，百般的纳不下帝王宣，我如今暮景衰年，鞍马上实劳倦。如今那普天下人尽言道：""一个包龙图暗暗的私行，唬得些官吏每兢兢打战。","chinese-poetry",""
"包待制陈州粜米・梁州第七","元","无名氏","请俸禄五六的这万贯，杀人到三二十年，随京随府随州县。自从俺仁君治世，老汉当权，经了这几番刷卷，备细的究出根原。都只是庄农每争竞桑田，弟兄每分另家缘。俺俺俺，宋朝中大小官员；他他他，剩与你财主每追徵了些利钱；您您您，怎知道穷百姓苦恹恹叫屈声冤，如今的离陈州不远，便有人将咱相凌贱，你也则诈眼儿不看见；骑着马，揣着牌，自向前，休得要摆袖揎拳。","chinese-poetry",""
"包待制陈州粜米・隔尾","元","无名氏","听说罢气的我心头颤，好着我半晌家气堵住口内言。直将那仓库里皇粮痛作践。他便也不怜，我须为百姓每可怜，似肥汉相博，我着他只落的一声儿喘，(同旦儿下)。","chinese-poetry",""
"包待制陈州粜米・雁儿落","元","无名氏","难道你王粉头直恁呆，偏不知包待制多谋策。你道是接仓官有大钱，怎么的见府尹无娇态？。","chinese-poetry",""
"包待制陈州粜米・得胜令","元","无名氏","呀，你只待钱眼水狠差排，今日个刀口上送尸骸。你犯了萧何律，难宽纵；便自有蒯通谋，怎救解。你死也休捱，则俺那势剑如风快；你死也应该，谁着你金锤当酒来。","chinese-poetry",""
"降桑椹蔡顺奉母・清江引","元","刘唐卿","这雪白来白似白厮赖，(云)这雪若还下在席子上，(唱)恰便似一床白绫被。铺在热炕上，盖着和衣儿睡，醒来时化了一身水。","chinese-poetry",""
"降桑椹蔡顺奉母・尾声","元","刘唐卿","俺可便离了画阁兰堂，举步登途道，赏瑞雪排筵罢却。(蔡员外云)孩儿也，为人在世，得欢当作乐，莫负眼前光景也。(正末唱)咱人便休把时光虚度了，(蔡员外云)今日赏雪饮酒，都皆沉醉也。(正末唱)尽今生乐酶酶，饮香醪，满捧羊羔。宝鼎龙涎香未消，则他这银台上蜡烧。他每都觥筹欢笑，(旦儿云)蔡顺，今日父母十分欢喜也。(正末云)俺为子者，要孝当竭力也。(唱)则愿的一双父母寿年高。(同下)。","chinese-poetry",""
"降桑椹蔡顺奉母・迎仙客","元","刘唐卿","昨夜个瑞雪飘，雨汪洋，仰天外黑黯黯可便云雾长。融融的便暖如春，轰轰的便雷震响，影影的便电走金光，感应的祥瑞舞甘泽降。(兴儿云)小哥，你看这山林中，青山绿水，有如画意，堪入丹青之手也。(正末云)不觉的来到这大山中，是一派好山色景致也。(唱)。","chinese-poetry",""
"降桑椹蔡顺奉母・红绣鞋","元","刘唐卿","看山色晴岚一样，看山峰高彻空苍，看山景叠翠蕊芬芳。看山林难描画，看山涧水流长，端的是山中堪玩赏。","chinese-poetry",""
"降桑椹蔡顺奉母・耍孩儿","元","刘唐卿","愿哥哥腰金衣紫为卿相，稳做着皇家栋梁。三檐伞下气昂昂，保忠臣护国安邦。则愿的功高位至官一品，竭力芳名万载扬。非夸奖，博一个乌靴象简，五带罗裳。(延岑云)兄弟言者当也，我则今日星夜长行也。(兴儿做背砌末科，云)这个东西，定是我背着。我说老延，你就不与我个牛蹄儿吃？(延岑云)兄弟稳登前路，多多拜上父母也。(正末云)哥哥，您兄弟知道了也。(唱)。","chinese-poetry",""
"降桑椹蔡顺奉母・正宫/端正好","元","刘唐卿","想怀耽，生身意，我可也报不的老母驱驰。则我这孝心肠感动天和地，俺可便行孝道无邪伪。","chinese-poetry",""
"降桑椹蔡顺奉母・滚绣球","元","刘唐卿","我焚香祭赛天，不觉的睡似痴，见一位增福神降临凡世。他说道半夜间响一阵春雷，他道是纷纷雪乱飞，淙淙雨下的疾。两般儿委实奇异，我醒来时心内猜疑。到天明我走到山间下，谁承望园内开花结果肥，椹子皆垂。","chinese-poetry",""
"降桑椹蔡顺奉母・叨叨令","元","刘唐卿","母亲，也你似那旧时节脉息通胸胃；恰才无半霎，就把你灾除退；(卜儿云)孩儿也，多亏你行这等孝顺之心也。(正末唱)则我这孝心肠，感动天和地。则愿的母亲年高百岁身荣贵。兀的不喜欢杀也波哥，喜欢杀也波哥，俺一家儿办诚心酬谢天和地。(卜儿云)孩儿，我不问你别。这牛蹄、粳米，是那里来的？(正末云)母亲，您孩儿大山之中，遇着延岑哥哥来。(卜儿云)延岑？他不去郑州迭配牢城，他在山中做些甚么那？(正末唱)。","chinese-poetry",""
"降桑椹蔡顺奉母・小梁州","元","刘唐卿","他把我拿到营中要整理，谁承望认的真实。从前已往说端的，他喜则喜今日会，他说道相见在山溪。","chinese-poetry",""
"降桑椹蔡顺奉母・幺篇","元","刘唐卿","我说道母亲病体实难退，俺哥哥听说罢两泪双垂。他说道老母的恩，心中记，他将这牛蹄和粳米，奉老母病将息。","chinese-poetry",""
"降桑椹蔡顺奉母・驻马听","元","刘唐卿","幼小轻年，腹内孤穷学问浅。(殿头官云)久闻贤士广览诗书，堪为辅弼之臣也。(正末唱)你不劳挂念，我是个白衣人怎到得玉阶前？(殿头官云)说贤士文胜颜回，孝越曾参也。(正末云)大人，小人怎敢比先贤古人也？(唱)鸾鸣胜似鹊声喧，凤飞比雁先腾远。我自言小生腹空虚，怎敢比高儒选？(殿头官云)蔡秀才，你与延岑厮见者。(二人做见科)(正末云)呀、呀，哥哥，受您兄弟两拜。(做拜科，云)您兄弟多亏哥哥，在圣人跟前举荐。若不是哥哥，小生焉能得到此也？(延岑云)不敢。虽是某举荐，况贤弟忠孝双全，名播于朝。据贤弟胸怀锦绣，口吐珠玑，乃翰林之魁首，堪可国家任用。今日峥嵘，方称贤弟之志也。(正末云)多谢了哥哥抬举也。(殿头官云)蔡秀才，当日你母亲不安，冬寒天气，思想桑椹子食用，你可怎生得桑椹子来？你说一遍，我试听者。(正末唱)。","chinese-poetry",""
"降桑椹蔡顺奉母・雁儿落","元","刘唐卿","想当日萱亲疾病缠，他可便思绫锦当时见。小生我焚香祷上苍，一梦里神灵现。(殿头官云)你梦中见神灵，说甚么来？(正末唱)。","chinese-poetry",""
"降桑椹蔡顺奉母・得胜令","元","刘唐卿","呀！他道是冬寒月变做春天，半夜里雪花舞雨涟涟。枯桑上生棋子，我醒来时把梦圆。走到那山前，桑椹子都生遍。摘将来新鲜，俺母亲吃了体自然。","chinese-poetry",""
"双调・寿阳曲思旧","元","邦哲","初相见，意思浓，两下爱衾枕和同。销金帐春色溶溶，云雨期真叠叠重重。谁知道，天不容，两三年间抛鸾拆凤。苦多情朝思夜梦，害相思沉沉病重。尔在东，我在西，阳台梦隔断山溪。孤雁唳夜半月凄凄，再相逢此生莫期。","chinese-poetry",""
"龙济山野猿听经・尾声","元","无名氏","我自索下山峰，离仙洞，再入径绕绕红尘道中。我将这胜迹观绝意气融，过奇山异水叠重。索强似五云峰，更胜似岱岳巅峰，回首白云千道冲。不必比俺阎浮世界中，堪可与天宫相纵，却正是梵王亲建一座紫霄宫。(下)。","chinese-poetry",""
"龙济山野猿听经・南吕/一枝花","元","无名氏","赤力力轻攀地府欹，束刺刺紧拨天关落。推斜华岳顶，扯倒玉峰腰。怒时节海浪洪涛，闲时把江湖搅，向山林行了一遭。显神通变化多般，施勇跃心灵性巧。","chinese-poetry",""
"龙济山野猿听经・梁州第七","元","无名氏","我恰才向寒泉间乘凉洗濯，早来到九皋峰戏耍咆哮。我将这苍松树上身轻跳。我却便拈枝弄叶，摘干搬条，垂悬着手脚，挂倒着身腰。一番身千丈低高，片时间万里途遥。我、我、我，也曾在瑶池内偷饮了琼浆，我、我、我，也曾在蓬莱山偷摘了瑞草，我、我、我，也曾在天宫内闹了蟠桃。神通，不小。只为我肠中有不老长生药，呼风雨逞威要。我在林下山前走几遭，常好是乐意逍遥。","chinese-poetry",""
"龙济山野猿听经・隔尾","元","无名氏","我这里将帚尘不住在阶址扫，忙将这铙钹手内敲。只听得树叶响嘶零零，我只怕行人到。好着我左瞧，右瞧，原来是风摆动檐头殿铃索。(云)上的禅床，我坐一坐咱。(禅师上，云)贫僧方才在后山中禅堂入定，猛听得佛殿内不知是何人在此游玩。我试向佛殿门前，看是甚的。呵、呵、呵，原来是个玄猿，在此作戏。我且不觑破他，只在此看他怎生作戏。(正末云)我下的禅床来呵。那壁供桌上放着物件，我自看去。(禅师云)他元来在此这般作戏也，我是再看咱。(正末唱)。","chinese-poetry",""
"龙济山野猿听经・采茶歌","元","无名氏","告尊神且担饶，吓得我五魂消，再不敢僧房佛殿逞逍遥。将我这性命登时间杀坏了，怎能勾瑶池献果到青霄。","chinese-poetry",""
"龙济山野猿听经・红绣鞋","元","无名氏","一缕游云直下，半泓秋水交加，有他那苍松丛内鸟音杂。一壁厢烟笼树，一壁厢雾侵霞，恰便似小蓬莱移在这榻。","chinese-poetry",""
"龙济山野猿听经・满庭芳","元","无名氏","我宁可衣冠不加，我乐的是山林清趣，我再不告蝶阵蜂衙。将心猿意马都拴罢，弃却了玉锁金枷。怕的是红尘混杂，愁的是业海交加。隐遁在桑田下，向白云那塌，小生乐道出河沙。(禅师云)先生的意，贫僧尽知了也。先生，争奈你若顶巾束发，在我教谓之沐猴而冠；若使削发披缁，在公教谓之儒名墨行。若斯二者，何以处之？(正末唱)。","chinese-poetry",""
"龙济山野猿听经・耍孩儿","元","无名氏","恰便似青螺放顶云霄中插，高接凌空彩霞。你看俺奇山秀水两交加，绕僧堂禅室堪佳。果然是依为佛祖菩提处。堪作禅僧寂静家。端的是真图画，小生心响豁畅，肺腑清嘉。","chinese-poetry",""
"龙济山野猿听经・驻马听","元","无名氏","师父你道德渊深，亲传妙理会人大。禅机应变，果然是十方贤圣仰师颜。这的法佛是僧保俚真诠，惟心奥意当时展。不可言，真乃是西天佛祖亲身现。","chinese-poetry",""
"龙济山野猿听经・沉醉东风","元","无名氏","妙理俄然便显，心如五叶清清。将他这色相来灵光现，似一潭秋水澄渊。体自如如不用言，便是如来教典。","chinese-poetry",""
"龙济山野猿听经・折桂令","元","无名氏","师父道登西方九品莲池，都只为悟彻无生，今日个平步上青天。再不去那山内闻经，林头抱影，涧底吟泉。我今日脱皮囊凡胎尽传，上灵山佛国攸然。也是苦志心坚，稳驾清风，飞上青天。(圣僧云)袁生，此间已是西方极乐世界。只因你一心向善，问道修真，致有今日。你看祥云霭霭，紫气腾腾，慈悲接引，善信偕行，果然是步步踏金莲也。袁生，你听者！只因你一念真心，悟如来般若玄音。脱皮毛闻经听法，改形容参访师林。了然彻无生道妙，须明透万法洪深。除却了轮回六道，免去了苦海潜津。赴西方莲开见佛，临极乐亲到雷音。今日个成真证果，礼如来法座皆钦。(正末云)也是我有缘也呵！(唱)。","chinese-poetry",""
"龙济山野猿听经・殿前欢","元","无名氏","今日个得升天，悟真如性海道心虔。祥云影里真佛现，拜礼慈颜。显祥光万道传，绚瑞彩千条现，散天花云端中见。果然是人间少有，世界难全。(下)。","chinese-poetry",""
"小桃红・枕寒衾冷夜迢迢，旖旎人儿俏，往往难成梦惊觉。好心焦，悲悲","元","赵明道","切切雁儿呀呀的叫。透户牖，金风淅淅，滴更长，铜壶点点，更那堪蛩韵絮叨叨。","chinese-poetry",""
"尾・郝大使王玉带皆称赏，焦治中天然秀小样。劝你个聪明姝丽俏吴姬，","元","赵明道","就取这蕴藉风流俊张敞。","chinese-poetry",""
"双调・夜行船寄香罗帕","元","赵明道","多绪多情意似痴，闲愁闷禁持。心绪熬煎，形容憔悴，又添这场萦系。","chinese-poetry",""
"沉醉东风・鹿顶盒儿最喜，羊脂玉纳子偏宜。挑成祝寿词，织成蟠桃会，","元","赵明道","吴绫蜀锦难及。幅尺阔全无半缕纰，密实十分奈洗。","chinese-poetry",""
"离亭煞・用工夫度线金针刺，无包弹捻锹银丝细。气命儿般敬重看承，心","元","赵明道","肝儿般爱怜收拾，止不过包胆茶胧罗笠，就不尽千般旖旎。忙扌若在手儿中，荒笼在袖儿里。","chinese-poetry",""
"张孔目智勘魔合罗・幺篇","元","孟汉卿","又不是公事忙，不由咱心绪穰。若有那大公事失误了惹下灾殃，这些儿事务你早不记想，早难道贵人多忘。张千呵，且教他暂时停待莫慌张。(云)我只禀事，忘了。我再向大人行说去。(张千云)哥哥可怜见，与他说一声。(正末再见科)(府尹云)张鼎，你又来说甚么？(正末云)大人，恰才出的衙门，只见禀墙外有个受刑妇人，在那里声冤叫屈。知道的是他贪生怕死，不知道的则道俺衙门中错断了公事。相公试寻思波。(府尹云)这桩事是前官断定，萧令史该房。(正末云)萧令史，我须是六案都孔目，这是人命重事，怎生不教我知道？(令史云)你下乡劝农去了，难道你一年不回，我则管等着你？(正末云)将状子来我看。(令史云)你看状子。(正末看科，云)供状人刘玉娘，见年三十五岁，系河南府在城录事司当差民户。有夫李德昌，将带资本课银一十锭，贩南昌买卖。前去一年，并无音信。至七月内，有不知姓名男子一个来寄信，说夫李德昌在五道将军庙中染病，不能动止。五娘听言，慌速雇了头口，直至城南庙中，扶策到家，入门气绝，七窍迸流鲜血。玉娘即时报与小叔叔李文道，有小叔叔说玉娘与奸夫同谋，合毒药药杀丈夫。所供是实，并无虚捏。相公，这状子不中使。(令史云)买不的东西，可知不中使。(正末云)四下里无墙壁。(令史云)相公在露天坐衙哩。(正末云)上面都是窟笼。(令史云)都是老鼠咬破的。(正末云)相公不信呵，听张鼎慢慢说一遍。(府尹云)你说我听。(正末云)""供状人刘玉娘年三十五岁，系河南府在城录事司当差民户。有夫李德昌，将带资本课银一十锭，贩南昌买卖。""这十锭银可是官收了？苦主收了？(令史云)不曾收。(正末云)这个也罢。""前去一年，并无音信。于七月内，有不知姓名男子前来寄信。""相公。这寄信人多大年纪？曾勾到官不曾？(令史云)不曾勾他。(正末云)这个不曾勾到官，怎么问得？又道：""夫主李德昌在五道将军庙中染病，不能动止。玉娘听说，慌速雇了头口，到于城南庙中，扶策到家，入门气绝，七窍迸流鲜血。玉娘即时报与小叔叔李文道。小叔叔说玉娘与奸夫同谋。""相公，这奸夫姓张姓李姓赵姓王？曾勾到官不曾？(令史云)若无奸夫，就是我。(正末云)""合毒药药杀丈夫。""相公，这毒药在谁家合来？这服药好歹有个着落。(令史云)若无人合这药，也就是我。(正末云)相公，你想波，银子又无，寄信人又无，奸夫又无，合毒药人又无，谋合人又无。这一行人都无，可怎生便杀了这妇人？(府尹云)萧令史，张鼎说这文案不中使。(令史云)张孔目，你也多管，干你甚么事？(?。","chinese-poetry",""
"张孔目智勘魔合罗・赚煞","元","孟汉卿","你是必记心怀，你叮也休疑虑，不是我嘱咐了重还嘱咐。争奈自己耽疾难动举，你教他借马寻驴莫踌躇。争奈纸笔全无，怎写旷安两字书？老的只要你莫阻，说与俺看家拙妇，教他早些来把我这病人扶。(下)。","chinese-poetry",""
"张孔目智勘魔合罗・古水仙子","元","孟汉卿","呀、呀、呀，猛见了，嗨、嗨、嗨，唬的我悠悠魂魄消。将、将、将，纸钱来忙遮，把、把、把，泥神来紧靠，慌、慌、慌，我这驻掩映着。(李文道云)我来望哥哥，受你兄弟两拜。(正末唱)他、他、他，走将来展脚舒腰，我、我、我，向前来仔细观了相貌。是、是、是，我兄弟间别身安乐，请、请、清，免拜波李文道。","chinese-poetry",""
"张孔目智勘魔合罗・寨儿令","元","孟汉卿","也不昨宵，则是今朝，被风寒暑湿吹着。(李文道云)我与哥哥把把脉咱。(做把脉科，云)哥哥，我知道这病也，我就带将药来了。(做调药，与正末吃科)(正末云)兄弟且住，等你嫂嫂来我吃。(李文道云)不要等他，你吃了就好了。(正末咽科)(唱)我咽下去有似热油浇，烘烘的烧五脏，火火的燎三焦。(带云)兄弟也，(唱)这的敢不是风寒药？。","chinese-poetry",""
"张孔目智勘魔合罗・尾","元","孟汉卿","所有金珠共财宝，一星星早不剩分毫，他紧紧的将马儿驮去了。","chinese-poetry",""
"张孔目智勘魔合罗・浪里来煞","元","孟汉卿","那刘五娘罪责虚，萧令史口诤强。我把那衔冤负屈是非场，离家枉死李德昌，知他来怎生身丧？我直教平人无事罪人偿。(下)。","chinese-poetry",""
"张孔目智勘魔合罗・喜春来","元","孟汉卿","你道是衔冤负屈吃尽亏，则你这致命图财本是谁？直打的皮开肉绽悔时迟。不是我强罗织，早说了是便宜。","chinese-poetry",""
"张孔目智勘魔合罗・红绣鞋","元","孟汉卿","我领了严假限一朝两日，你恰才支吾到数次十回，又惹场六问共三推。听了你一篇话，全无有半星实，我跟前怎过得。","chinese-poetry",""
"张孔目智勘魔合罗・迎仙客","元","孟汉卿","比及下拶指，先浸了麻槌，行仗的腕头加气力。直打得紫连青，青间赤。枉惹得棍棒临逼，待悔如何悔。","chinese-poetry",""
"张孔目智勘魔合罗・滚绣球","元","孟汉卿","我与你曲湾湾画翠眉，宽绰绰穿绛衣，明晃晃凤冠霞帔，妆严的你这样何为？你若是到七月七，那其间乞巧的，将你做一家儿燕喜，你可便显神通，百事依随。比及你露十指玉笋穿针线，你怎不启一点朱唇说是非，教万代人知。","chinese-poetry",""
"张孔目智勘魔合罗・煞尾","元","孟汉卿","想兄弟情亲如手足，怎下的生心将兄命亏。我将杀人贼斩首在云阳内，还报的这衔冤负屈鬼。","chinese-poetry",""
"幺篇・便是握雾拿云志已疏，咏月嘲风心愿足，我则待离尘世访江湖，寻","元","沈和","几个知音伴侣，我则待林泉下共樵夫。","chinese-poetry",""
"二郎神醉射锁魔镜・尾声","元","无名氏","这声响唬的三界鬼神惊，震的万里乾坤动，则听的山塌天摧地崩。不似你心中无忖量，谁着你秋月般拽满雕弓。箭去半天红，不辨西东，惨雾阴云罩着碧空。这一箭恰便似摔碎玉笼，飞腾彩凤，早则么顿开金锁走蛟龙。(下)。","chinese-poetry",""
"二郎神醉射锁魔镜・南吕/一枝花","元","无名氏","我亲奉着东华圣帝差，谨领着北极尊神令。驾祥云离帝阙，乘彩凤上天庭，怎敢消停？早来到北极西川郡。则为那玉帝行宣限的紧，二郎因当日酒饮了三巡，因此上惹起今朝祸根。","chinese-poetry",""
"二郎神醉射锁魔镜・梁州","元","无名氏","则为那有胆量的那吒帅首，管待那无寻思的妙道真君。他平生武艺施逞尽。卖弄他神通广大，倚仗着筋力无伦。拽的弓开秋月，忽的箭去流星。谁想走了百眼金睛，那牛魔王死里逃生。他如今暗点下山鬼和那山精，俺如今准备下天兵和那地兵，则要你个二郎神千战千赢。符到，奉行。东华教玉帝敕如来命。怎敢道迟慢了半个时辰。今日个须当定罪名，怎敢道容情。","chinese-poetry",""
"二郎神醉射锁魔镜・隔尾","元","无名氏","小神厅上开敕令，二郎去阶前仔细听，你不合射透驱邪院锁魔镜。则你的罪名、罪名又不轻，你去那玉阙天庭将是非来整。","chinese-poetry",""
"二郎神醉射锁魔镜・骂玉郎","元","无名氏","我平生正直无私徇，你休怠慢莫消停，你索用心机打破他那迷魂阵。除免你那腹内愁，顿脱了眉上锁，释放了心头病。","chinese-poetry",""
"二郎神醉射锁魔镜・感皇恩","元","无名氏","你须索舍死忘生，建立功勋。则要你显神通，施谋略，逞精神。(云)若拿不住呵！你(唱)告与那那吒太子，他可敢扫荡魔君，他也敢擒妖怪，拿孽畜，领天兵。","chinese-poetry",""
"二郎神醉射锁魔镜・采茶歌","元","无名氏","若是您个二郎神，显英灵，威伏天下鬼神惊。灭尽妖晓那时分，恁时神鬼得安宁。(二郎云)则今日亲率天兵，擒拿金睛百眼鬼、九首牛魔王，走一遭去。天神且自放心，我随后便擒将两洞妖魔来也。(末唱)。","chinese-poetry",""
"二郎神醉射锁魔镜・幺篇","元","无名氏","显出我六臂三头，密匝匝列着戈矛，齐臻臻统领貔貅。这厮命休，尽头，大小天兵齐下手。唬的他荒荒乱乱，心惊胆战，悲悲切切，鬼哭神愁。(二郎云)天神与我拿住者！(众神做拿住二妖科)(二郎云)将过这两个妖魔，执缚定，见上帝去来。(末唱)。","chinese-poetry",""
"二郎神醉射锁魔镜・古水仙子","元","无名氏","腾腾腾火焰起，见见见火轮上烟迷四下里，火火火降魔杵偏着，飕飕飕火星剑紧劈，他他他绣球儿高滚起，呀呀呀牛魔王怎生支持。来来来缚妖索紧绑住，是是是回军也齐将金镫系，俺俺俺得胜也尽和凯歌回。","chinese-poetry",""
"二郎神醉射锁魔镜・雁儿落","元","无名氏","不想那二魔神将性命逃，奋恶气生残暴。奉天符玉帝敕，着俺这众神将都来到。","chinese-poetry",""
"二郎神醉射锁魔镜・得胜令","元","无名氏","呀，四下里神将一周遭，二魔神犹自逞粗豪。则我这绣球千团火，二郎神轻轮动三尖两刃刀，骤战马相交，见杀气遮笼罩。俺轻舒展猿猱，将他那二魔神拿住了。","chinese-poetry",""
"小尉迟将斗将认父归朝・赚煞尾","元","无名氏","则要你竭力报冤仇，在意的驱兵众。你尽孝何妨尽忠，这虎将门中无犬踪，端的是结束威风。我觑了他这英雄，身体仪容，不由我睹物思人泪点红。他带着这铁幞头把鸢肩来一耸，穿上这皂罗袍将虎腰来那动，(刘无敌云)养爷，我比父亲如何？(正末云)好将军也！(唱)分明是活脱下一个单鞭夺槊的尉迟恭。(下)。","chinese-poetry",""
"小尉迟将斗将认父归朝・清江引","元","无名氏","房玄龄徐茂公真老傻，动不动将人骂。不知道我哄他，把我当实话，去买一瓶儿打刺酥吃着耍。(下)。","chinese-poetry",""
"小尉迟将斗将认父归朝・迎仙客","元","无名氏","他曾上甚恶战场，他曾经甚大会垓，他则是劣马乍调嫌路窄。向尉迟行说兵机，向尉迟行夸战策。我可甚冷笑哈哈，(茂公云)听的人说，那刘无敌也使一条水磨鞭，更胜过你老将军也。(正末云)军师，他也使鞭，我也使鞭，可也怪他不着。(唱)他正是担水向河头卖。","chinese-poetry",""
"小尉迟将斗将认父归朝・红绣鞋","元","无名氏","兀的不龙欺于鱼鳖虾蟹，虎伏于狐兔狼豺，这小厮今年有些血光灾。我鞭打碎他天灵盖，枪搠透他三思台，你更怕我敢慈悲生患害。(茂公云)论你年纪小时，休说一个刘无敌，便十个也不怕他，则可惜你年纪老了些。(正末云)军师，你说的差了也。(唱)。","chinese-poetry",""
"小尉迟将斗将认父归朝・随尾","元","无名氏","比破窦建德省些气力，擒王世充不利害。遮莫是银山铁壁连环寨，凭着我英雄慷慨，兀良，我把那败残军自赶过李陵台。(下)。","chinese-poetry",""
"小尉迟将斗将认父归朝・小桃红","元","无名氏","觑了这北番军校好着我笑微微，我比他争些年纪。(刘无敌云)看了我血气方刚，后生可畏。量你老人家到的那里。(正末唱)你倚仗着血气方刚有雄势，你可也便休题，则我这不剌剌趁日追风骑。乌油甲密砌，点刚枪锋利，岂不闻老将会兵机？(刘无敌云)兀那老将军，你别着一个出马来，你去自在罢。(正末唱)。","chinese-poetry",""
"小尉迟将斗将认父归朝・幺篇","元","无名氏","兀的，我临老也，尉迟，喜欢来那似今日。自相别存亡不知，怎想你成人长立？(刘无敌做悲认科，云)父亲一自相别，可早二十年光景也。(正末唱)。","chinese-poetry",""
"小尉迟将斗将认父归朝・收尾","元","无名氏","团圆了尉迟公，烦恼杀刘家里，只明日早来到营中宴喜。这的是天指引一个小将军，共扶持我那当今大唐国。(下)。","chinese-poetry",""
"小尉迟将斗将认父归朝・驻马听","元","无名氏","当日离分，痛煞煞生抛掌上珍：今朝厮认，笑吟吟还猜做梦中人。二十年访不出死和存，几千回摆不下愁将恨。心暗忖，甚福也，得见这团圆分！。","chinese-poetry",""
"小尉迟将斗将认父归朝・雁儿落","元","无名氏","笑你个莽军师可也忒认真，把我个老尉迟空生忿。再不审比干心有是非，直着的张仪口难争论。","chinese-poetry",""
"小尉迟将斗将认父归朝・得胜令","元","无名氏","呀，则为这二十三的小将军，险送了七十老功臣。(云)孩儿，你拜了军师者。(唱)你将这徐茂公亲身拜，(小尉迟做拜科，云)军师受小将一礼。(茂公云)小将军免礼。刘季真安在？(正末云)孩儿，你拿过刘季真来者。(卒子做拿刘季真跪见科)(正末唱)分付与你两事家刘季真。欢欣，同扶着唐天子方兴运，殷也波勒，多谢你个房玄龄落保人。(茂公云)这是刘季真么？(小尉迟云)则这厮便是刘季真。(茂公云)令人，将刘季真推出辕门，斩讫报来。(刘季真云)罢、罢、罢，他本是尉迟公的孩儿，没来由养的他长大成人，倒将我来做降唐的礼物。你家父子都一样这等没仁没义的，我死去与我家老子说，少不的来报你。(卒子拿刘季真下)(茂公云)尉迟公，你父子每望阙跪着，听圣人的命。(词云)则为你勇敢无前，俺唐主宠任多年。生撇下孩儿不题，再相逢这是天缘。鄂国公赐金千两，加食邑万顷庄田。小尉迟金吾上将，作先锋世掌军权。将斗将同扶王室，鞭对鞭父子团圆。(正末小尉迟谢恩科)。","chinese-poetry",""
"保成公径赴渑池会・正宫/端正好","元","高文秀","何须你列枪刀，排队伍，成和败全在相如。(廉颇云)大夫，你此一去，敢有去的路儿，无那回来的路儿。(正末唱)元帅怕有去路道我无回路，他将我厮小觑忒欺负，则今日离赵国践程途。他若是怀奸诈，我可便使机谋，(赵成公云)大夫，则要你疾去早来，小心在意者。(正末云)主公放心也。(唱)我手里怎肯道甘献与他这荆山玉。(下)(廉颇云)主公，相如去了也。他这一去，舍命丧身之路。玉璧不能回国，相国必然久困于秦，教邻邦耻笑也。(赵成公云)将军，相如如此一去，胜负未知。他若是不得秦城，完璧回国，那其间我将他重重加官赐赏，未为晚矣。则为这昭公使计用心机，故教两国起相持。你若是完璧偿城得两便，那其间封官赐赏把名题。(下)。","chinese-poetry",""
"保成公径赴渑池会・尾声","元","高文秀","我见他金爪武士排着行伍，俺那里铁甲将军领着士卒。你无故言盟定计谋，有失尊卑礼法疏。鼓瑟筵前厮羞辱，强要城池心狠毒。送俺上雕轮驷马车，敢有二个兴心进一步，拚了个陨首捐躯。我和他爱的做，和你那锦片也似秦川做不的主！(同成公等下)。","chinese-poetry",""
"保成公径赴渑池会・迎仙客","元","高文秀","臣不曾调鼎鼐，又不曾理盐梅，怎做的那济为楫旱为霖伊傅比。(赵成公云)想昭公乃虎狼之国，兴心贪图玉璧，你完宝而还，实为难矣。(正末唱)我则待罢刀兵，安社稷。则要的物阜民熙，则俺这为臣子要当竭力。","chinese-poetry",""
"保成公径赴渑池会・红绣鞋","元","高文秀","怎消的加官进位？怎消的荫子封妻？上卿之职位何极。高牙乘驷马，大纛列红衣，我这里便谢深恩感至德。","chinese-poetry",""
"保成公径赴渑池会・普天乐","元","高文秀","不肯将善人推，则待把贤门闭。将忠良妒忌，于礼何为？(廉颇云)相如，你此一去送玉璧，非为赵国，因你邀买功名，滥叨爵禄。(正末唱)不说那定国谋，安邦计，倒与我个滥叨功名弥天罪，见如今赏罚权在公子操持，公子掌朝廷明似皎日。将军倾社稷危如累卵，蔺相如辅皇图稳若磐石。(赵成公云)廉将军，今日昭公既来邀请，渑池会上，去好？不去何如？(廉颇云)主公，想昭公心生奸诈，故设此会，智赚主公，不可赴会。不如起大势雄兵，与他对敌。(正末云)主公不可起兵。(赵成公云)大夫，怎生不可起兵？(正末唱)。","chinese-poetry",""
"保成公径赴渑池会・幺篇","元","高文秀","商贾每阻了行旅，庄农每费了耕织。将他这仓廪耗散，府库空虚，士卒疲弊。(赵成公云)依着你呵，怎生？(正末唱)凭着我不伤财，不害民，一人一骑，(廉颇云)则依着我，起军与他交战。自古道：""养军千日，用在一朝。""(正末唱)便休题养军千日。","chinese-poetry",""
"保成公径赴渑池会・滚绣球","元","高文秀","齐孙膑减灶法有智谋，(秦昭公云)赵国有甚人物？(正末唱)赵李牧示怯弱扫夷虏，(秦昭公云)燕国有甚么英杰？(正末唱)燕乐毅破齐不攻不取，(秦昭公云)齐国有甚英雄？(正末唱)田穰苴诛庄贾文武全俱，(秦昭公云)魏国有甚么英雄？(正末唱)魏吴起犒士卒亲吮疽，(秦昭公云)俺秦国有甚么人物？(正末唱)武安君出奇兵快捣虚，(秦昭公云)齐国再有甚么好汉？(正末唱)齐田单火牛阵有如脱兔，(秦昭公云)您赵国有甚英雄？(正末唱)则俺那廉将军有勇气善野战长驱。(秦昭公云)七国多有说谎之客也。(正末唱)苏秦、张仪和陈轸，(秦昭公云)还有几个说客？(正末唱)蔡泽、荀卿共范雎，(秦昭公云)此等之人，七国之中，显耀英名，乃人中之杰也。(正末唱)他都是权谋术数之徒。","chinese-poetry",""
"保成公径赴渑池会・沉醉东风","元","高文秀","则俺这文共武并无差错，过如那弟兄每岂有情薄？俺须是一殿臣，胜似那通家好，煞强如晏平仲善与人交。(吕成云)丞相与廉将军，都是尽忠肱股一殿之臣，勿念旧仇。(正末唱)俺两个竭力推诚辅圣朝，(吕成云)论赵国，丞相与廉将军，安邦定国之臣也。(正末唱)怎做的立国安邦的这大宝？(吕成云)丞相，小官改日迎门来望。小官告回也。(正末云)先生少罪。(吕成做出门见廉将军科)(廉颇云)参谋，相如语言可是如何？(吕成云)是你之差矣。恰才相如丞相言说，见今秦国不敢加兵于赵者，徒以我两人在也。今两虎共斗，其势不俱生。所以为此者，先国家之急，而后私仇也。小官看相如乃仁人君子之心，将军不及者多矣！(下)(廉颇云)既然相如有如此宽洪之量，尽心报国，某之不及。则今日肉袒负荆，至门谢罪，可为刎颈之交也。(做到门科，云)左右报复去，有廉将军叩门，负荆请罪来。(虞候云)理会的。报的大夫得知，廉将军在于门首。(正末云)做甚么？(虞候云)有廉将军负荆请罪来。(正末云)在那里？(虞候云)在门首。(正末唱)。","chinese-poetry",""
"保成公径赴渑池会・殿前欢","元","高文秀","咱今日自评跋，(廉颇云)看咱一殿之臣，休记旧冤。(正末唱)我和你是风云会上旧臣僚。(廉颇云)大夫，赵国有咱文武二人之勇，不惧各国英雄。(正末唱)见如今偏邦岂敢侵边徼？(廉颇云)都皆惧咱文武二人。(正末唱)惧怕俺这文武英豪。你便似紫金梁架海涛，我似那白玉柱侵云表。(廉颇云)前者筵宴之间，不合愚鲁，有伤弟兄之情。(正末唱)若自伤损相残暴，则恐怕倾颓了赵国，(廉颇云)大夫，我的不是了，今日悔之不及也。(正末唱)我则怕畅快秦朝。","chinese-poetry",""
"保成公径赴渑池会・水仙子","元","高文秀","堂堂阵势喊声高，赳赳军卒战鼓敲，重重鞍马征云罩。全在这大将军气势豪，破秦邦定在今朝。廉元帅施《三略》，蔺相如运《六韬》保山河共立勋劳。(同下)。","chinese-poetry",""
"保成公径赴渑池会・雁儿落","元","高文秀","旗开云影飘，炮响雷霆噪。弓开秋月圆，箭发流星落。","chinese-poetry",""
"保成公径赴渑池会・得胜令","元","高文秀","霎时间尸首积山高，鲜血滚波涛。觅子寻爷叫，呼兄唤弟号。俺将帅雄骁，恰便似撞雾天边鹞。他军马奔逃，恰便似飘风云外鹤。(做拿净康皮力、范当灾科)(廉颇云)大夫，小官今日将秦国二将活挟将来了，将众兵斩尽杀绝也。(正末云)咱见主公去来。(同下)(赵成公领卒子上，云)某乃赵成公是也。自渑池会上以回，廉颇将军与大夫相如不睦，某使令人与他二人圆和，廉将军负荆请罪，结为刎颈之交。正酒筵之间，有秦将领兵索战。他文武二人，领着赵兵，与秦将交锋。此一去，必然得胜也。左右门首看者，若来时，报复我知道。(卒子云)理会的。(正末同廉颇上)(廉颇云)大夫，今日擒拿秦国二将在此。(正末云)执缚了那厮，见主公去来。(廉颇云)可早来到也。左右报复去，道相如、廉颇来了也。(卒子云)理会的。(报科，云)喏，报的主公得知，有相如、廉颇来了也。(赵成公云)着他过来。(做见科)(赵成公云)您二位将军，鞍马上劳神也。(正末云)托主公虎威，将贼将活拿将来了也。(赵成公云)多亏二位将军擒拿了贼子也。(正末云)这一场功劳，多亏廉将军也。(廉颇云)非小官之能，多亏大夫用计也。(赵成公云)二位将军，您在那阵面上怎生交锋来？你试说一遍咱。(正末唱)。","chinese-poetry",""
"保成公径赴渑池会・折桂令","元","高文秀","则见这金銮殿乐奏箫韶。(赵成公云)因你二人齐家治国，竭力尽忠，故设筵宴管待也。(正末唱)将他这宝篆香飘，绛蜡光摇。(廉颇云)大夫，咱托一人之洪福，定七国之干戈，天下太平，万民安乐也。(正末唱)见如今万剩登基，百司进礼，四海来朝。(赵成公云)因为你于国有功，今日个封官赐赏也。(正末唱)今日个褒功绩升官进爵，赏勋劳裂土分茅。(廉颇云)岂不闻一人有庆，兆民赖之也！(正末唱)见如今黎庶歌谣，雨顺风调，万世皇图，地厚天高。(赵成公云)则为那渑池会上结仇冤，赵国公卿有二贤。武将廉颇安社稷，相如谋略古今传。加你为上卿之职头庭相，廉颇你总领三军金印悬。今日个文臣武将安天下，永保皇朝万万年。(同下)。","chinese-poetry",""
"南吕・四块玉恬退","元","马致远","绿鬓衰，朱颜改，羞把尘容画麟台，故园风景依然在。三顷田，五亩宅，归去来。绿水边，青山侧，二顷良田一区宅，闲身跳出红尘外。紫蟹肥，黄菊开，归去来。翠竹边，青松侧，竹影松声两茅斋，太平幸得闲身在。三径修，五柳栽，归去来。酒旋沽，鱼新买，满眼云山画图开，清风明月还诗债。本是个懒散人，又无甚经济才，归去来。","chinese-poetry",""
"南吕・四块玉天台路","元","马致远","采药童，乘鸾客，怨感刘郎下天台。春风再到人何在？桃花又不见开。命薄的穷秀才，谁教你回去来！紫芝路雁北飞，人北望，抛闪煞明妃也汉君王。小单于把盏呀剌剌唱。青草畔有收酪牛，黑河边有扇尾羊，他只是思故乡。浔阳江送客时，秋江冷，商女琵琶断肠声。可知道司马和愁听。月又明，酒又醒，客乍醒。马嵬坡睡海棠，春将晚，恨不得明皇掌中看。《霓裳》便是中原患。不因这玉环，引起那禄山，怎知蜀道难！凤凰坡百尺台，堆黄壤，弄玉吹箫送萧郎。送萧郎共上青霄上。到如今国已亡，想当初事可伤，再几时有凤凰？蓝桥驿玉杵闲，玄霜尽，何敢蓝桥望行云？裴航自有神仙分。原是个窃玉人，做了个赏月人，成就了折桂人。洞庭湖画不成，西施女，他本倾城却倾吴。高哉范蠡乘舟去。那里是泛五湖？若纶竿不钓鱼，便索他学楚大夫。临邛市美貌才，名家子，自驾着个私奔坐车儿。汉相如便做文章士。爱他那一操儿琴，共他那两句儿诗，也有改嫁时。巫山庙暮雨迎，朝云送，暮雨朝云去无踪。襄王谩说阳台梦。云来也是空，雨来也是空，怎捱十二峰。海神庙彩扇歌，青楼饮，自是知音惜知音。桂英你怨王魁甚？但见一个傅粉郎，早救了买笑金，知他是谁负心？。","chinese-poetry",""
"南吕・四块玉叹世","元","马致远","两鬓皤，中年过，图甚区区苦张罗？人间宠辱都参破。种春风二顷田，远红尘千丈波，倒大来闲快活。子孝顺，妻贤惠，使碎心机为他谁？到头来难免无常日。争名利，夺富贵，都是痴。带野花，携村酒，烦恼如何到心头。谁能跃马常食肉？二顷田，一具牛，饱后休。佐国心，拿云手，命里无时莫刚求。随时过遣休生受。几叶绵，一片绸，暖后休。带月行，披星走，孤馆寒食故乡秋。妻儿胖了咱消瘦。枕上忧，马上愁，死后休。白玉堆，黄金垛，一日无常果如何？良辰媚景休空过。琉璃钟琥珀浓，细腰舞皓齿歌，倒大来闲快活。风内灯，石中火，从结灵胎便南柯，福田休种儿孙祸。结三生清净缘，住一区安乐窝，倒大来闲快活。月满轮，花成朵，信马携仆到鸣珂，选一间岩嵌房儿坐。浅斟着金曲卮，低讴着白雪歌，倒大来闲快活。甑有尘，门无锁，人海从教斗张罗。共诗朋闲访相酬和，尽场儿吃闷酒，即席间发淡科，倒大来闲快活。","chinese-poetry",""
"中吕・喜春来六艺礼","元","马致远","夙兴夜寐尊师行，动止浑绝浮浪名，身潜诗礼且陶情。柳溪中，人世小蓬瀛。乐宫商律吕随时秦，散虑焚香理素琴，人和神悦在佳音。不关心，玉漏滴残淋。射古来射席观其德，今向樽前自乐心，醉横壶矢卧蓑阴。且闲身，醒踏月明吟。御昔驰铁骑经燕赵，往复奔腾稳似船，今朝两鬓已成斑。机自参，牛背得身安。书笔尖落纸生云雾，扫出龙蛇惊四筵，蛮书写毕动君颜。酒中仙，一恁醉长安。数盈虚妙自胸中蓄，万事幽传一掌间，不如长醉酒垆边。是非潜，终日乐尧年。","chinese-poetry",""
"越调・天净沙秋思","元","马致远","枯藤老树昏鸦，小桥流水人家，古道西风瘦马。夕阳西下，断肠人在天涯。","chinese-poetry",""
"双调・清江引野兴","元","马致远","樵夫觉来山月底，钓叟来寻觅。你把柴斧抛，我把鱼船弃。寻取个稳便处闲坐地。绿蓑衣紫罗袍谁是主，两件儿都无济。便作钓鱼人，也在风波里。则不如寻个稳便处闲坐地。山禽晓来窗外啼，唤起山翁睡。恰道不如归，又叫行不得。则不如寻个稳便处闲坐地。天之美禄谁不喜？偏则说刘伶醉，毕卓缚瓮边，李白沉江底。则不如寻个稳便处闲坐地。楚霸王火烧了秦宫室，盖世英雄气。阴陵迷路时，船渡乌江际。则不如寻个隐便个闲坐地。林泉隐居谁到此？有客清风至。会作山中相，不管人间事。争甚么半张名利纸！西村日长人事少，一个新蝉噪。恰待葵花开，又早蜂儿闹，高枕上梦随蝶去了东篱本是风月主，晚节园林趣。一枕葫芦架，几行垂杨树，是搭儿快活闲住处。","chinese-poetry",""
"双调・寿阳曲山市晴岚","元","马致远","花村外，草店西，晚霞明雨收天霁。四围山一竿残照里，锦屏风又添铺翠。远浦帆归夕阳下，酒旆闲，两三航未曾着岸。落花水香茅舍晚，断桥头卖鱼人散。平沙落雁南传信，北寄书，半栖近岸花汀树。似鸳鸯失群迷伴侣，两三行海门斜去。潇湘夜雨渔灯暗，客梦回，一声声滴人心碎。孤舟五更家万里，是离人几行情泪。烟寺晚钟寒烟细，古寺清，近黄昏礼佛人静。顺西风晚钟三四声，怎生教老僧禅定？渔村夕照鸣榔罢，闪暮光，绿杨堤数声渔唱。挂柴门几家闲晒网，都撮在捕鱼图上。江天暮雪天将暮，雪乱舞，半梅花半飘柳絮。江上晚来堪画处，钓鱼人一蓑归去。洞庭秋月芦花谢，客乍别，泛蟾光小舟一叶。豫章城故人来也，结末了洞庭秋月。","chinese-poetry",""
"赚煞・碧波清，江天静，既解缆如何住程？灭烛掀帘风越紧，转回头又到","元","马致远","山城。过沙汀，烟水澄澄，千里洪波良夜永。蛾眉月明，恰才风定，猛抬头观见豫章城。孤馆雨留人鞍马区区山路遥，月暗星稀天欲晓，云气布荒郊。前途店少，仅此避风雹。","chinese-poetry",""
"赚煞・紧相催，闲笃磨，快道与茶茶嬷嬷。宝鉴妆奁准备着，就这月华明","元","马致远","乘兴梳裹，喜无那，非是咱风魔，伸玉指盆池内蘸绿波。刚绰起半撮，小梅香也歇和，分明掌上见嫦娥。弄花香满衣丽日迟迟帘影筛，燕子来时花正开。闲绣阁冷妆台，兜鞋信步，后园里遣闷怀。","chinese-poetry",""
"南吕・一枝花惜春","元","马致远","夺残造化功，占断繁华富，芳名喧上苑，和气满皇都。论春秀谁如，一任教浪蕊闲花坞。正是断人肠三月初，本待学煮海张生，生扭做游春杜甫。","chinese-poetry",""
"隔尾・休耽阁一天柳絮如绵舞，满地残花似锦铺，九十日春光等闲负。云","元","马致远","窗月户，狂风聚雨，休没乱杀东君做不得主。","chinese-poetry",""
"迎仙客・寿星捧玉杯，王母下瑶池，乐声齐众仙来庆喜。六合清，八辅美，","元","马致远","九五龙飞，四海升平日。","chinese-poetry",""
"满庭芳・皇封酒美，帘开紫雾，香喷金貌。望枫宸八拜丹墀内，衮龙衣垂","元","马致远","拱无为。龙蛇动旌旗影里，燕雀高宫殿风微。道德天地，尧天舜日，看文武两班齐。","chinese-poetry",""
"赚煞・休更道咱身边没ㄎ剥，便有后半毛也不拔，活缋儿从他套共拓，沾","元","马致远","泥絮怕甚狂风刮。唱道尘虑俱绝，兴来诗吟罢酒醒时茶。兀的不快活煞，乔公事心头再不挂。","chinese-poetry",""
"般涉调・哨遍张玉岩草书","元","马致远","自唐晋倾亡之后，草书扫地无踪迹。天再产玉岩翁，卓然独立根基。甚纲纪？胸怀洒落，意气聪明，才德相兼济。当日先生沉醉，脱巾露顶，裸袖揎衣。霜毫历历蘸寒泉，麝墨浓浓浸端溪。卷展霜缣，管握铜龙，赋歌赤壁。","chinese-poetry",""
"五煞・尽一轴，十数尺，从头一扫无凝滞。声清恰似蚕食叶，气勇浑同猊","元","马致远","抉石。超先辈，消翰林一赞，高士留题。","chinese-poetry",""
"耍孩儿・穷则穷落觉囫囵睡，消甚奴耕婢织？荷花二亩养鱼池，百泉通一","元","马致远","道青溪。安排老子留风月，准备闲人洗是非，乐亦在其中矣。僧来笋蕨，客至琴棋。","chinese-poetry",""
"二・青门幸有栽瓜地，谁羡封侯百里？桔槔一水韭苗肥，快活煞学圃樊迟。","元","马致远","梨花树底三杯酒，杨柳阴中一片席，倒大来无拘系。先生家淡粥，措大家黄齑。","chinese-poetry",""
"般涉调・耍孩儿借马","元","马致远","近来时买得匹蒲梢骑，气命儿般看承爱惜。逐宵上草料数十番，喂饲得漂息胖肥。但有些秽污却早忙刷洗，微有些辛勤便下骑。有那等无知辈，出言要借，对面难推。","chinese-poetry",""
"七煞・懒设设牵下槽，意迟迟背后随，气忿忿懒把鞍来鞴。我沉吟了半晌","元","马致远","语不语，不晓事颓人知不知？他又不是不精细，道不得“他人弓莫挽，他人马休骑。","chinese-poetry",""
"尾・渔村偏喜多鹅鸭，柴门一任绝车马。竹引山泉，鼎试雷芽。但得孤山","元","马致远","寻梅处，苫间草夏，有林和靖是邻家，喝口水西湖上快活煞。","chinese-poetry",""
"双调・夜行船","元","马致远","酒病花愁何日彻，劣冤家省可里随斜。见气顺的心疼，脾和的眼热，休没前程外人行言说。","chinese-poetry",""
"鸳鸯煞・据他有魂灵宜赛多情社，俺心合受这相思业。牵惹情杯，愁恨千","元","马致远","叠，唱道但得半米儿有担擎底九千纸教天赦。怕有半米儿心别，教不出的房门化做血。","chinese-poetry",""
"双调・夜行船百岁光阴","元","马致远","百岁光阴一梦蝶，重回首往事堪嗟。今日春来，明朝花谢，急罚盏夜阑灯灭。","chinese-poetry",""
"离亭宴煞・蛩吟罢一觉才宁贴，鸡鸣时万事无休歇。何年是彻？看密匝匝","元","马致远","蚁排兵，乱纷纷蜂酿蜜，急攘攘蝇争血。裴公绿野堂，陶令白莲社，爱秋来时那些：和露摘黄花，带霜烹紫蟹，煮酒烧红叶。想人生有限杯，浑几个重阳节？人问我顽童记者：便北海探吾来，道东篱醉了也。","chinese-poetry",""
"离亭宴带歇指煞・花开但愿人长久，人闲难得花依旧，夕阳暂留。酒中仙，","元","马致远","尘外客，林间友。黄橙带露时，紫蟹迎霜候，香醪羡ド，酒和花，人共我，无何有。细杖藜，宽袍袖，断送了西风罢手。常待做快活头，永休开是非口。","chinese-poetry",""
"梁州・听得那静鞭响ㄡㄡ聒聒，听得杖鼓鸣恰早喜喜欢欢。近着那独杨宫","元","马致远","创盖一座宜春馆。则这是治梨园的周武，掌乐府的齐桓。向三垂岗左右、湖柳坡周遭，则见沙场上白骨漫漫，别人见心似锥剜。那里也石敬瑭前部先锋，周德威行营的总管？那里也二皇兄乐乐停銮？这社稷则是覆盆硗梁江山，生纽做宋天下，结髦儿是狗家疃，投至刹了朱温、坏了黄巢、占得汴梁、刚得那半载儿忄匆宽。","chinese-poetry",""
"尾・迟和疾内藏库内无了歪镘；早晚，尚书省散了些火伴。守下次的官家","元","马致远","等交搀，做杂剧那院酸，拴些艳段。我则怕长朝殿里勾栏儿做不满。","chinese-poetry",""
"清江引・都想着吃登登马头前挑着照道，闹炒炒昏鸦噪，点点铜壶催，","元","马致远","氵急氵急残星落，立在紫微垣天未晓。","chinese-poetry",""
"歇指煞・千钟苟窃人之好，一瓢知足天之道，有那等愚浊尽教，尽教向愚","元","马致远","海内钻、红尘中聚、白身里跳。争如俺拂袖归，掀髯笑。恁头见三径边渊明醉倒，怕不恁北阙利名多，我道俺东篱下是非少。","chinese-poetry",""
"离亭宴带歇指煞・公卿自有公卿禄，儿孙自有儿孙福。神心自语，恁麒麟","元","马致远","阁上图。凤凰池中立，不如俺鹦鹉州边住。黄纸上名，不如俺软瓯中物，谁知野夫。列翠围四屏山，引寨练一溪水，盖蜗舍三椽屋。我头低气不低，身屈心难屈，一任教风云卷舒。饭饱一身安，心间万事足。","chinese-poetry",""
"鸳鸯煞・谁承望半路思他心起，待刚来自家冤业。宝鉴分开，玉簪掂折。","元","马致远","喝道薄幸亏人，神天觑者。到如今着坚心儿捱，不消分别。负德辜恩见去也。又一片花飞春意减，休直到绿愁红惨。夜拥鸳衾，晓临鸾鉴，病恹恹粉憔胭淡。","chinese-poetry",""
"鸳鸯煞・有魂灵晓事伊台鉴，没寻思休惹人嚼啖。恁便坐守行监，少不得","元","马致远","个面北眉南。唱道小可何堪，他亲怎敢。恁那鬼厮扑恩情タ，得时暂委实受过吃苦难甘，恁时节冤家信得俺。夜行船不合青楼酒半酣，据些呵小生该斩。楚岫云迷，蓝桥水淹，没气性休交人啜赚。","chinese-poetry",""
"鸳鸯煞・尽教他统镘的姨夫喊，岂无晓事相知鉴。俺不是曾花里钻延，酒","元","马致远","楼上贪婪。唱道俺气般看他，他心肝般看俺。想这场聚散别离寻思好淡。若是奶奶肯权耽，俺这合死的敲牙再不敢。","chinese-poetry",""
"中吕・朝天子赠王玉英","元","夏庭芝","玉英，玉英，樵树西风净。蓝田日暖巧妆成，如琢如磨性。异钟奇范，精神光莹，价高如十座城。试听，几声，白雪阳春令。","chinese-poetry",""
"双调・水仙子赠李奴婢","元","夏庭芝","丽春园先使棘针屯，烟月牌荒将烈焰焚，实心几辞却莺花阵。谁想香车不甚隐，柳花亭进退无门。夫人是夫人分，奴婢是奴婢身，怎做夫人？。","chinese-poetry",""
"程咬金斧劈老君堂・幺篇","元","郑光祖","再交马刀迎画杆戟，轻展猿猱斩逆贼。(萧铣云)唐童是英勇，我近不得他，我逃命走了罢。(正末唱)杀的他七魄散五魂飞。(云)萧铣吃吾一刀！(萧铣中刀)(下)(卒子报科，云)俺元帅刀劈了萧铣，得了胜也。(正末唱)见小校登时间报喜，今门个敲金镫齐唱着凯歌回。(同下)。","chinese-poetry",""
"程咬金斧劈老君堂・尾声","元","郑光祖","我便是唐国一藩臣，今日个误把金墉犯。便好道祸临身悔之已晚，恨不听天罡言语拦。凤凰雏落在笼樊。惹愁烦，甚日将师班？把我那盖世英雄一笔删。也是我一时性情上疏散，倒做了机谋中破绽。看何时逃难离边关。(同秦叔宝下)。","chinese-poetry",""
"程咬金斧劈老君堂・耍孩儿","元","郑光祖","今日个多承贤士恩难断，救得俺时间倒悬。回朝亲奏玉阶前，不忘了施恩德改诏哀怜。我自想英魂丧在金墉地，岂知道今朝还帝辇。忙把行途践。此恩此德，肺腑难言。","chinese-poetry",""
"程咬金斧劈老君堂・古水仙子","元","郑光祖","呀、呀、呀万方宁仰圣朝，纳土称臣皆上表。美、美、美风雨调和军民安乐，见、见、见四夷人来进宝。太子年五谷丰饶，将、将、将十八处擅改皆尽剿。俺秦王谨奉尊君诏，是是是平萧铣定唐朝。","chinese-poetry",""
"程咬金斧劈老君堂・沉醉东风","元","郑光祖","奉敕旨征南远行，奸邪萧铣排兵。无徒萧虎强，怎比秦琼胜，则一锏丧了残生。颇奈萧彪寻战争，(云)被俺段志玄，(唱)宝剑斩安边定境。(殿头官云)元帅之能，不在诸葛武侯之下，量萧铣到的那里也！(正末唱)。","chinese-poetry",""
"双调・庆宣和","元","无名氏","太华峰高天地窄，翠满云台。好打睡先生枕头归，去来，去来。七里滩边古钓台，老树苍苔。要听渔樵话成败，去来，去来。烟水茫茫东大海，望见逢莱。八个神仙肯拖戴，去来，去来。锦片桃花绕调开，流水天台。不见刘郎玉真怪，去来，去来。五柳庄头陶令宅，大似彭泽。无限黄花有谁戴？去来，去来。花过清明也是客，客更伤怀。杜宇声三更里破窗外，去来，去来。扪月清江李太白，可惜高才。一步青山谢公宅，去来，去来。千亩青林七个客，无点尘埃。卖酒人家瓮初开，去来，去来。投至侯门深似海，日转千阶。和尚在知他是钵盂在，去来，去来。充腹黄粮暖炕柴，送老山斋。枸杞茶甜如蕨薇菜，去来，去来。寄语寒窗老秀才，一经头白。更等甚三年选场开？去来，去来。倚遍阑干十二曲，短叹长吁。望断行皋碧云暮，几声，杜宇。暗想人生能几何？枉了张罗。七十岁光阴五旬过，着甚不，快活！。","chinese-poetry",""
"双调・庆宣和","元","张养浩","参议随朝天意可，又受奔波，绰然谁更笑呵呵。倒大来快活，倒大来快活。大小清河诸锦波，华鹊山坡，牧童齐唱采莲歌。倒大来快活，倒大来快活。","chinese-poetry",""
"双调・雁儿落兼清江引","元","张养浩","喜山林眼界高，嫌市井人烟闹。过中年便退官，再不想长安道。绰然一亭尘世表，不许俗人到。四面桑麻深，一带云山妙，这一塔儿快活直到老。","chinese-poetry",""
"双调・殿前欢对菊自叹","元","张养浩","可怜秋，一帘疏雨暗西楼。黄花零落重阳后，减尽风流。对黄花人自羞，花依旧，人比黄花瘦。问花不语，花替人愁。登会波楼四围山，会波楼上倚阑干。大明湖铺翠描金间，华鹊中间，爱江心六月寒。荷花绽，十里香风散。被沙头啼鸟，唤醒这梦里微官。玉香球花玉香球，花中无物比风流。芳姿夺尽人间秀，冰雪堪羞，翠帏中分外幽。开时候，把风月都熏透。神仙在此，何必扬州。村居会寻思，过中年便赋去来词。为甚等闲间不肯来城市？只怕俗却新诗。对着这落花村，流水堤，柴门闭柳外山横翠。便有些斜风细雨，也近不得这薄笠蓑衣。","chinese-poetry",""
"双调・得胜令四月一日喜雨","元","张养浩","万象欲焦枯，一雨足沾濡。天地回生意，风云起壮图。农夫，舞破蓑衣绿。和余，欢喜的无是处！。","chinese-poetry",""
"双调・折桂令","元","张养浩","想为官枉了贪图，正直清廉，自有亨衢。暗室亏心，纵想致富，天意何如？白图甚身心受苦，急回头暮景桑榆。婢妾妻孥，玉帛珍珠，都是过眼的风光，总是空虚。功名事一笔都勾，千里归来，两鬓惊秋。我自无能，谁言有道，勇退中流。柴门外春风五柳，竹篱边野水孤舟。绿蚁新ド，瓦钵磁瓯，直共青山，醉倒方休。功名百尺竿头，自古及今，有几个干休？一个悬首城门，一个和衣东市，一个抱恨湘流。一个十大功亲戚不留，一个万言策贬窜忠州。一个无罪监收，一个自抹咽喉。仔细寻思，都不如一叶扁舟。过金山寺长江浩浩西来，水面云山，山上楼台。山水相连，楼台相对，天与安排。诗句成风烟动色，酒杯倾天地忘怀。醉眼睁开，遥望蓬莱，一半儿云遮，一半儿烟霾。中秋一轮飞镜谁磨？照彻乾坤，印透山河。玉露泠泠，洗秋空银汉无波。比常夜清光更多，尽无碍桂影婆娑。老子高歌，为问嫦娥，良夜恹恹，不醉如何？凿池殷勤凿破苍苔，把湖泺风烟，中半分开。满意清香，尽都是千叶莲栽。看镜里红妆弄色，引沙头白鸟飞来。老子方才，陶写吟怀，忽见波光，摇动亭台。咏胡琴八音中最妙惟弦，塞上新声，字字清圆。锦树啼莺，朝阳鸣凤，空谷流泉。引玉杖轻笼慢捻，赛歌喉倾倒宾筵。常记当年，香案之前，一曲春生，四海名传。通州巡舟呼童解缆开船，见绿树青天，两岸回旋。欹枕篷窗，觉风波只在头边。桂掉举摇开翠烟，竹弹斜界破平川。老子狂颠，高咏诗篇，行过沙头，惊的些白鸟翩翩。白莲隐括〔木兰花慢〕幽花带露池塘，恨太华峰高，身世相妨。脉脉盈盈，何须解语，已断柔肠。羡公子风标异常，尽一生何限清香。华发沧浪，夜月壶觞，明日新声，付与秋娘。","chinese-poetry",""
"中吕・红绣鞋赠美妓","元","张养浩","手掌儿血喷粉哨，指甲儿玉碾琼雕，子见他怀擎玛瑙泛香醪。眼睛儿冷丢溜，话头儿热剔选，把一个李谪仙险醉倒。荼コ院风香雪霁，海棠轩绿绕红围，他便似碧桃花映粉墙西。梨花云春淡荡，杨柳雾晓凄迷，把一个陶学土险爱死。套数。","chinese-poetry",""
"离亭宴煞・高竿上本事从逻逻，委实的赛他不过。非是俺全身远害，免教","元","张养浩","人信口开喝。我把这势利绝，农桑不能理会，庄家过活。青史内不标名，红尘外便是我。","chinese-poetry",""
"南吕・一枝花咏喜雨","元","张养浩","用尽我为民为国心，祈下些值玉值金雨。数年空盼望，一旦遂沾濡。唤省焦枯，喜万象春如故，恨流民尚在途。留不住都弃业抛家，当不的也离乡背土。","chinese-poetry",""
"梁州・恨不的把野草翻腾做菽粟，澄河沙都变化做金珠。直使千门万户家","元","张养浩","豪富，我也不枉了受天禄。眼觑着灾伤教我没是处，只落的雪满头颅。","chinese-poetry",""
"尾声・青天多谢相扶助，赤子从今罢叹吁。只愿的三日霖霪不停住，便下","元","张养浩","当街上似五湖，都淹了九衢，犹自洗不尽从前受过的苦！。","chinese-poetry",""
"花间四友东坡梦・南吕/一枝花","元","吴昌龄","身虽在东土居，心自解西来意。曾传一盏灯，能有几人知？参透禅机，心外事无萦系。想昨宵甚道理，那苏子瞻一谜里歪缠，更和着白牡丹有千般标致。","chinese-poetry",""
"花间四友东坡梦・梁州第七","元","吴昌龄","本待要去西方脱除了地狱，我怎肯信东坡泄漏了天机。半生苦行修持力，把心猿锁闭，意马收拾，由他闲戏，任你胡为。端的个几番家识破皆非，一心要只履西归。枉了你玉人儿娇滴滴待枫叶传情，排下个迷魂阵香馥馥似桃花泛蕊，搅的个选佛场乱纷纷做柳絮沾泥。怎知俺九年面壁，蚤明心见性蒲团底，到今日出人世。笑你个愚滥的东坡尚不知，也只是肉眼凡眉。","chinese-poetry",""
"花间四友东坡梦・隔尾","元","吴昌龄","我贫僧呵，半生养拙无人以，你一举成名天下知，这的是名利与清闲各滋味。(东坡云)你这出家的怎生？(正末唱)俺躲人间是非，(东坡云)俺为官的怎生？(正末唱)您请皇家富贵。(带云)好便好，则为一首［满庭芳］贬上黄州，也怪不着。(唱)兀的是那才调清高落来得。","chinese-poetry",""
"花间四友东坡梦・骂玉郎","元","吴昌龄","则被这东坡学士相调戏，可着我满寺里告他准？我如今修心养性在庐山内，怎生瞒过了子瞻赚上了牡丹，却教谁人来替？。","chinese-poetry",""
"花间四友东坡梦・感皇恩","元","吴昌龄","你行者休违拗，我须索把你来央及。(做跪科)(行者云)师父只当抢了脸也。(正末唱)我其实被东坡，闲魔障，厮禁持。(行者云)我要赴白莲会去哩。(正末唱)你待赴白莲会里，先和那红粉偷期。(行者云)老人家没正经，不要我学好，教我偷鸡吃，被人拿住怎么了？(正末唱)却待说，义教我，怎生题？(行者云)师父，我看你欲言不言的意思，要我怎的？常言道：吃乌饭，病黑屎。我只是依随着你便了。(正末唱)。","chinese-poetry",""
"花间四友东坡梦・采茶歌","元","吴昌龄","你若是肯依随，不羞耻，我比你先争十载上天迟。(云)行者，将耳过来。(做耳嘱科，唱)你和他共枕同眠成连理，蚤是得些滋味休要着痴迷。(下)。","chinese-poetry",""
"花间四友东坡梦・黄钟尾","元","吴昌龄","那学士呵，你才高世上谁堪比，我教你直睡到人间总不知。柳也只要你迎过客送行人，开青眼腿黛眉，伴陶潜的见识。竹也只要你摇龙头摆风尾，敲翠节弄清音，引王猷的兴味。桃也只要你烘晓日渲朝霞，飘红雨笑东风，赚刘展的旖旎。梅也只要你散冰魂呈素魄，欺冻雪傲严霜，腻何郎的妩媚。不许你扑剌剌惊破他一枕晨鸡，只要你四人呵，美甘甘迷着他南柯梦儿里。(下)。","chinese-poetry",""
"花间四友东坡梦・正宫/端正好","元","吴昌龄","晚风轻，霜华重，云淡晚风轻，露冷霜华重，转瑶阶月色朦胧。你看那花间四友相搬弄，斗起他那春心动。","chinese-poetry",""
"花间四友东坡梦・滚绣球","元","吴昌龄","俺这里步苍苔攀怪松，靠湖山凌翠峰，正和那五春堂相共。俺只索悄冥冥蹑是潜踪，上阶基，近窗孔，见四个小鬼头将端明来簇捧。竹梅呵满泛着金钟，那一个舞低杨柳楼心月，那一个歌罢桃花扇底风，饮兴方浓。","chinese-poetry",""
"花间四友东坡梦・耍孩儿","元","吴昌龄","想东坡曾受金莲宠，直恁般痴呆懵懂。则去那树头树底觅残红，恨不的添一对照道纱笼。今宵剩把银缸照，犹恐相逢是梦，这聪明成何用？本待要醉魔佛印，倒做了寤寐周公。","chinese-poetry",""
"花间四友东坡梦・水仙子","元","吴昌龄","俺本是庐山长老恰升堂，(旦儿云)你的是东林寺。(正末唱)倒做了普救寺莺莺来闹道场。(旦儿云)你出家人比不得唐三藏。(正末唱)你道俺出家人不及那往西天的唐三藏，却原来你是曲江头黄四娘。(旦儿云)我只待坚心招你做新郎。(正末唱)你道是坚心儿招俺做新郎，(旦儿云)留了方丈，和你同归洞房。(正末唱)你教我留了方丈，同归那个洞房，(带云)那里有和尚做女婿的？(唱)俺可甚么帽儿光光。","chinese-poetry",""
"花间四友东坡梦・鸳鸯煞尾","元","吴昌龄","从今后识破了人相我相众生相，生况死况别离况，永谢繁华，甘守凄凉。唱道是即色即空，无遮无障。笑杀东坡也忏悔春心荡，枉自有盖世文章，还向我佛印禅师听一会讲。","chinese-poetry",""
"争报恩三虎下山・幺篇","元","无名氏","他、他、来如砍瓜，似劈柴。棒子着处，血忽淋刺。肉绽皮开。这般苦禁持，恶抢白，怎生宁奈，(孤云)这妇人的罪犯，情理太重也。(正旦唱)只索便一刀两段倒大来迭快。","chinese-poetry",""
"争报恩三虎下山・赚煞尾","元","无名氏","我与你这金钗儿做盘缠，你去那银铺里自回倒，休得嫌多道少。你姐夫那做官处和兄弟厮撞着，这赍发休想是薄。你姐夫虽然他便权豪，向亲眷行怎肯妆幺？你姐夫从来贫不忧愁富不骄。你可怜见我耽烦受恼，你可怜见我无依少靠。兄弟也你若是得工夫，频探望两三遭。(下)。","chinese-poetry",""
"争报恩三虎下山・迎仙客","元","无名氏","你不守着那小妮子，闲伴养这死尸骸。夜深的向我房里、我房里更做甚么来？你只恁的好不风流，只恁的不自在。(带云)我猜着你也。(唱)你则道我不肯将门开，多管是你壁听在这窗儿外。(云)相公，你在我那门首鞋底鸣，脚步响，你则道我不开这门。相公，你则休躲了我，我自开开这门。(做开门科)(花荣入门科)(正旦云)可不说来，相公，你躲了我也。到天明你可休寻我的不是。我依旧关上这门者。(做见科，云)兀的不唬杀我也！(花荣云)娘子休惊莫怕，我不是歹人。(正旦云)壮士要的金珠财宝，你都将的去，则留着我的性命咱。(花荣云)娘子，我不是歹人。(正旦唱)。","chinese-poetry",""
"争报恩三虎下山・红绣鞋","元","无名氏","唬的我战钦钦系不住我的裙带，慌张张兜不上我的罗鞋，身难整脚难那手难抬。见一个偌来大一条汉，直撞入我这卧房来。(云)壮士，你从那里来？(花荣云)我越墙而来。(正旦唱)可兀的是侯门深似海。","chinese-poetry",""
"争报恩三虎下山・二煞","元","无名氏","我可也堪恨这个泼短命，堪恨这个歹贱才，我恨不的一枷稍打碎那厮天灵盖。他将我那一双儿女拖将去，苦被那祗候公人把我拽过来。你后来要还我这脓血债！倚仗着你那有官有势，忒欺负我无靠无挨。","chinese-poetry",""
"争报恩三虎下山・煞尾","元","无名氏","那妮子又不知三年乳哺恩，那里晓怀耽十月胎。他将我这一双业种阴图害，可正是拾得孩儿落的摔。(下)。","chinese-poetry",""
"争报恩三虎下山・收尾","元","无名氏","则被他送我一场亡身祸，今日个将功劳折过。那一日卧房里撞着他，(带云)好兄弟也，(唱)今日个法场上救了我。(同下)。","chinese-poetry",""
"争报恩三虎下山・雁儿落","元","无名氏","我是粉鼻凹柳盗跖，偏爱吃人心肺。把这厮剐割的七事子，判了个十分罪。","chinese-poetry",""
"争报恩三虎下山・得胜令","元","无名氏","呀！我则要乘兴两三杯，做一个家好筵席。休准备别茶饭，(关胜云)姐姐，你要甚么茶饭？(正旦唱)我则待烧一块人肉吃。(花荣云)姐姐看了俺弟兄的面皮，单饶了你姐夫一个罢。(正旦唱)您兄弟每今日待劝我回心意，自到官来当日，我便与他没面皮。","chinese-poetry",""
"争报恩三虎下山・随尾","元","无名氏","谢得你梁山泊上多忠义，救了咱重生在世。若不是您好弟兄再三央，怎能勾我歹夫妻依旧美？。","chinese-poetry",""
"对弈・南吕/一枝花","元","詹时雨","浮云敛太虚，好雨澄清霁。碧大悬翡翠，明月漾玻璃。昏雾霏霏，百蕊飘花气。可怜今宵能有几？兀的般一刻千金，说甚么三从四德。","chinese-poetry",""
"对弈・隔尾","元","詹时雨","(唱)后园中别是一样新天气，妾言方知是与非。月色如银牲白日。就万花亭这壁，下数著大棋。谁弱谁强胜负比。","chinese-poetry",""
"对弈・骂玉郎","元","詹时雨","寻思使得心肠碎，宵废寝，昼忘食，知难见可观乎势。局面危，拈上难，冲开易。","chinese-poetry",""
"对弈・感皇恩","元","詹时雨","撞着劲敌，谁肯伏低。用机谋，相数算，厮骗欺。逢生勿击，遇劫先提。满备赢，一著错，便差池。","chinese-poetry",""
"对弈・采茶歌","元","詹时雨","得便宜，便收拾，成功一路是强的。十九纵横白与黑，多人迷误少人知。","chinese-poetry",""
"双调・折桂令过多景楼","元","周文质","滔滔春水东流，天阔云闲，树渺禽幽。山远横眉，波平消雪，月缺沉钩。桃蕊红妆渡口，梨花白点江头。何处离愁，人别层楼，我宿孤舟。咏蟠梅梨雪旋绕东风，谁屈冰梢，怪压苍松？绿萼含香，枯根层结，春信重封。清味远嫌蝶妒蜂，老枝寒舞凤蟠龙。夜月朦胧，疏蕊纵横；瘦影交加，碎玉玲珑。二色鞋儿轻摇环佩丁东，半露新荷，半掩芙蓉。花柳些些，霞绡点点，锦翠弓弓。绿绫扇轻拈落红，茜萝尖微印苔踪。心恨难通，裙底鸳鸯，出落雌雄。","chinese-poetry",""
"双调・清江引咏笑靥儿","元","周文质","一窝粉香堪爱惜，近眼花将坠。添他百媚生，动我千金费。春风小桃初破蕊。","chinese-poetry",""
"双调・落梅风","元","周文质","眉间恨，心上苦，口难言把脚尖儿分付。乌靴上半痕鞋下土，忍轻将袖梢儿挪去。楼台小，风味佳，动新愁雨初风乍。知不知对春思念他，倚阑干海棠花下。新秋夜，微醉时，月明中倚阑独自。吟成几联肠断诗，说不尽满怀心事。鸾凤配，莺燕约，感萧娘肯怜才貌。除琴剑又别无珍共宝，则一片至诚心要也不要？风流士，年少客，花无名帽檐羞带。新来颇觉略分外，相思病等闲不害。乾坤内，山共水，论风流古杭为最。北高峰离不得三二里，回头看镂金铺翠。","chinese-poetry",""
"双调・落梅风","元","李致远","斜阳外，春雨足，风吹皱一池寒玉。画楼中有人情正苦，杜鹃声莫啼归去。","chinese-poetry",""
"离亭歇指煞・相逢常约西厢事，到来不奉东墙命。无言暗省，秦楼何夕彩","元","周文质","云回，瑶琴昨日冰弦断，碧天今夜孤星耿。露寒衣袂轻，风定帘栊静，偏觉更长漏永。香消不暖梦蝶魂，月明应搅幽禽宿，灯青偏照离鸾影。谁将才子情，说与佳人听？今夜里休来俺梦境。从知道枕儿单，也填不得被儿冷。","chinese-poetry",""
"离亭宴尾・着迷本是伊之祸，辜恩非是咱之过，如之奈何？朱门深闭贾充","元","周文质","香，兰房强揣郑生玉，青楼空掷潘安果。壶中筹掣做签，盘内棋排成课，待卜个他心怎么。界残妆枕上哭，扣皓齿神前咒，启檀口人行唾。纸如海样阔，字比针关大，也写不尽衷肠许多。和恨染志诚他，连愁书负心我。","chinese-poetry",""
"忠义士豫让吞炭・赚煞","元","杨梓","少不的有国不能投，有家应难奔，无粮草先逃下庶民，血沥沥尸横刀门刎。少不的事君能致其身，把我这志常存，须有用着我的时辰，主公呵咫尺征袍渍血痕。直等到外无救军，内遭危困，那时节一腔鲜血报君恩。(下)。","chinese-poetry",""
"忠义士豫让吞炭・正宫/端正好","元","杨梓","雨初睛，风才定，风雨过正是三更，一轮皓月如悬镜，万里长天静。","chinese-poetry",""
"忠义士豫让吞炭・滚绣球","元","杨梓","休和他觅斗争，厮奚竞，杀下守堤吏教他自窝里厮并，您把中军掩映处潜形。您外面将堤坝来撅，俺城中把金鼓鸣。正是外合里应，教智伯才知水火无情。教那帐前旌节门前戟，都做了风里杨花水上萍，直教他一事无成。","chinese-poetry",""
"忠义士豫让吞炭・尾声","元","杨梓","早则去除了桓子心头病，斩砍了韩康眼内丁。扫荡浮尘门月明，剪灭妖氛宇宙清。道寡称孤事不成，霸业图正令不行，智们从来好战争，更做你能行离不了影。(下)。","chinese-poetry",""
"忠义士豫让吞炭・小桃红","元","杨梓","两双脚轻将地皮踏，把台榭兰干抹，见个矮阔阔阶墓将板门儿亚。靠着檐压，撮身飞入无惊怕，静悄悄厕楼内等他。黑洞洞上墙匡直下，又没甚斜月照窗纱。","chinese-poetry",""
"忠义士豫让吞炭・迎仙客","元","杨梓","当初是尧社稷，让了舜封疆。舜又命禹王将天下一统。伊尹有相汤的贤，武王有伐纣的功。想当初风虎云龙，做下一枕南柯梦。","chinese-poetry",""
"忠义士豫让吞炭・耍孩儿","元","杨梓","今日个会兵机的襄子夸英勇，显的没下梢的将军落空。你将他碜可可斩在乱军中，把一个死尸骸暴露霜风。划地漆头为器斟琼液，可甚翠袖殷勤捧玉钟。未出语心先痛，杀人可恕，情理难容！(赵云)你前来刺我，我饶了你；今日又来刺我，却饶不得你也。(正末云)明主不弃仁义之臣，愿得脱下的衣服，与主报怨，死亦无憾。(赵云)既如此，将这一件衣服与他，看他何用。(正末唱)。","chinese-poetry",""
"忠义士豫让吞炭・三煞","元","杨梓","豁不下我这满腹冤，干休了半世功，急煎煎独力难敌众。(拔剑将襄子衣服碎剁科，云)罢，罢，我今日剑锉了你这衣服，就和杀了你一般，死亦无恨。(唱)虽不能勾碎分肢体诛了襄子，烂锉下这件衣服便是报下俺主公。至如把残生送，下埋黄土，仰问苍空。","chinese-poetry",""
"忠义士豫让吞炭・二煞","元","杨梓","士为知己死，女为悦己容。(云)豫让蒙俺主君知爱超出流辈，今日安忍背主事仇！(唱)我怎肯做诸侯烈士每相讥讽？我怎肯躬身叉手降麾下？我宁可睁眼舒头伏剑锋。枉子你闲唧哝，折末宫高一品，禄享千钟。","chinese-poetry",""
"散家财天赐老生儿・赚煞尾","元","武汉臣","我在这城中住六十年，做富汉三十载。无倒断则是营生的计策，今日个眼睁睁都与了补代。那里也是我的运拙时乖。(带云)婆婆，(唱)我这里自裁划，也不索垒七波追斋。则那两件事敢消磨了我这半世的灾：我也再不去图私利狠心的放解，我也再不去惹官司瞒心儿举债。(云)这两桩儿咱都不做了，难道天是没眼的？(唱)可敢也一天好事奔人来。(同众下)。","chinese-poetry",""
"散家财天赐老生儿・正宫/端正好","元","武汉臣","则被你引的我来半生忙，十年闹，无明夜攘攘劳劳。则我这快心儿如意随身的宝。哎，钱也，我为你呵，恨不的便盖一座家这通行庙。","chinese-poetry",""
"散家财天赐老生儿・小梁州","元","武汉臣","他骂-声绝户的穷民怎敢放刁，则一句道的我便肉战也身摇。(做悲科，云)兀的不痛杀我也。(唱)我伤心有似热油浇，他那里忙陪笑，敢这厮笑里暗藏刀。","chinese-poetry",""
"散家财天赐老生儿・幺篇","元","武汉臣","元来是父亲行请过了孩儿又要，您怎么不寻思枉物难消。(刘九儿云)从小里惯了孩儿也。(正末唱)你从小里也该把这孩儿教，怎生由他恁撒拗？道不的家富小儿骄。","chinese-poetry",""
"散家财天赐老生儿・煞尾","元","武汉臣","在生呵奉养父母何须道，死后呵祭奠那先灵你索去学。缺少儿孙我无靠，拜扫坟茔是你的孝。他处求人沽酒浇，乡内寻钱买纸烧，一日坟头与我走一遭。一句良言说与你听着：你若是执性愚顽不从我教，引孙也，我着你淡饭黄齑，一直饿到你老。(下)。","chinese-poetry",""
"散家财天赐老生儿・小桃红","元","武汉臣","则咱这弟兄儿女总排房，向这一个坟茔里葬。辈辈流传祭祖上，(带云)引孙。(唱)俺两口儿须大如您爹娘。(卜儿做劝科，云)老的也，你休打他。(正末唱)哎，你个莲子花放了我这过头杖。(带云)我不打这厮别的。(唱)这嘶祭祖先可怎生无些儿家大量，则这个便是上坟的小样。(卜儿云)老的也，你说了呵打。(正末云)婆婆，我打了呵说。(卜儿云)你说了呵打。(正末云)婆婆，你放手。(唱)因此上便先打了后商量。","chinese-poetry",""
"散家财天赐老生儿・收尾","元","武汉臣","你可便休和他折证，休和他强。自古道：女生外向。他到门日且休题，只着他上坟时自思想。(下)。","chinese-poetry",""
"散家财天赐老生儿・清江引","元","武汉臣","你道是女儿、女婿都在门，我可为甚么不容他进？你只问他使的是那家钱，上的是那家坟？(带云)他今日又上俺门来。(唱)显的俺两口儿无气分。","chinese-poetry",""
"散家财天赐老生儿・落梅风","元","武汉臣","你道他本贤达，能孝顺，只我个老无知偏生嗔忿。谁着他信夫妇的情，就忘了我养育的恩？(云)引孙，你对他说去，都不干我事。(唱)这都是他自做来有家难奔。","chinese-poetry",""
"散家财天赐老生儿・雁儿落","元","武汉臣","原来这亲的则是亲，我当初恨呵须当恨。那女夫便是各白的人，那女儿也该把俺刘家认。(卜儿云)老的，谁想刘员外自家有了孩儿也？(正末唱)。","chinese-poetry",""
"散家财天赐老生儿・得胜令","元","武汉臣","婆婆，咱早则绝地上不安坟，则咱这孝堂里有儿孙。你今日个得病如医病，(旦儿云)父亲，今日有了孩儿也，休忘了您女孩儿。(正末唱)姐姐，我怎肯知恩不报恩？(引孙云)今日有了儿也，十三把钥匙还了伯伯，您孩儿则做的一日财主。(正末唱)你一世儿为人，这的是大富十年运，咱三口儿都亲。(带云)俺女儿、侄儿和这孩儿，(唱)我把这泼家私做三分儿分。","chinese-poetry",""
"般涉调・哨遍高祖还乡","元","睢景臣","社长排门告示，但有的差使无推故。这差使不寻俗，一壁厢纳草也恨，一边又要差夫，索应付。又言是车驾，都说是銮舆，今日还乡故。王乡老执定瓦台盘，赵忙郎抱着酒胡芦。新刷来的头巾，恰糨来的绸衫，畅好是妆么大户。","chinese-poetry",""
"耍孩儿・瞎王留引定火乔男女，胡踢蹬吹笛擂鼓。见一风彡人马到庄门，","元","睢景臣","匹头里几面旗舒：一面旗白胡阑套住个迎霜兔，一面旗红曲连打着个毕月乌，一面旗鸡学舞，一面旗狗生双翅，一面旗蛇缠胡芦。","chinese-poetry",""
"尾・少我的钱，差发内旋拨还；我的粟，税粮中私准除。只道刘三，谁肯","元","睢景臣","把你揪ㄏ住？白甚么改了姓更了名唤做汉高祖！。","chinese-poetry",""
"商角调・黄莺儿寓僧舍","元","睢景臣","秋色，秋色，几声悲怆，孤鸿出塞。满园林野火烘霞，荷枯柳败。","chinese-poetry",""
"随煞・促织絮恼情怀，砧杵韵无聊赖。檐马奢殿铎鸣，疏雨滴西风煞，能","元","睢景臣","断送楚台云，会禁持异乡客。","chinese-poetry",""
"张子房圯桥进履・尾声","元","李文蔚","罢、罢、罢，我则索用工夫看彻了黄公策，我与你无明夜时时的温故知新不放怀。谢尊师，承顾爱，教训咱，意无歹。漫天机，我将做谜也似猜。想当初报韩仇，命运乖，则我这尽忠心，意长在。那时节离家乡，躲避灾。至下邳，有谁睬。我今日遇神师，得术册，(云)若是我投于任贤之处，若委用我呵，(唱)我看我辅皇朝，定边塞，保乾坤，整世界，展江山，平四海。则我胸中学，腹内才，辨风云，知气色。我若是作臣僚，为元帅，掌军权，在阃外，抚黔黎，定蛮貊，逞英雄，显气概，播声名，传万载。遂了我这平生志，拂满面尘埃，恁时节才识这晓经纶安宇宙这一个困穷儒也一个少年客。(下)。","chinese-poetry",""
"张子房圯桥进履・南吕/一枝花","元","李文蔚","我本是一个贤门将相才，逃难在他乡外。空学的满腹中锦绣文，天也，则我这腹内恨几时开？忧的我鬓发斑白，甘贫贱，权宁耐，兀的不屈沉杀年少客！不能够揭天关，稳坐在青霄怎生来，忧的这俊英杰容颜渐改。","chinese-poetry",""
"张子房圯桥进履・梁州","元","李文蔚","几时得居八位，封侯可便建节？几时能够列三公画戟门排？我如今孤身流落在天涯外，本是个守忠义贤臣良将，倒做了背恩宠逆子之才。见如今沿门乞化，抵多少日转他那千阶！也是我命里合该，大刚来天数安排。我、我、我，几时得受皇恩，为卿相，列朝班，奉君王，独步金阶？我、我、我，几时得承宣命，封重职，坐都堂，镇边关的那境界？我、我、我，可几时能够居帅府，悬金印，持虎符，气昂昂走上坛台？凭着我胸襟气概，则我这风云庆会何年再？暂时困，权宁奈，倚仗着我这冠世文章星斗才，胸卷江淮。","chinese-poetry",""
"张子房圯桥进履・隔尾","元","李文蔚","小生深蒙长者多怜爱，则你那救困的恩临我可也常在杯，(云)长者，似你这般仁德之心，无人可比也。(唱)你胜如那赵盾的心情将我似灵辄待。有一日若用我安邦的手策，但得一个微名的县宰，长者也，我答报你个布德施恩大贤客。","chinese-poetry",""
"张子房圯桥进履・四块玉","元","李文蔚","我这里便缓步行，来到这圯桥侧。(黄石公做见科，云)兀的不是孺子张良？我唤他一声。(做唤科，云)兀那孺子张良！(正末唱)是谁人便道姓呼名自疑猜，我索与你探行藏问端的何妨碍。(黄石公做笑科)(正末云)我试望咱。是谁唤我也呵！(做回身科)(黄石公又笑科)(正末云)呀呀呀！一个须发尽白的老先生，好道貌也！(唱)我见他年高两鬓苍，他髭须一似银丝般白，他生来实丰彩。","chinese-poetry",""
"张子房圯桥进履・正宫/端正好","元","李文蔚","我今为宰职便做都堂，我端的便受极品为卿，扫奸邪平定边疆。我本是整乾坤安宇宙良将，保祚的这万里山河壮。","chinese-poetry",""
"张子房圯桥进履・滚绣球","元","李文蔚","论三略呵，我可也动干戈起战场，(韩信云)军师论六韬呵怎生？(正末唱)论六韬，我学那定山河保乾坤伐无道的姜吕望，(韩信云)论机见可学谁也？(正末唱)论机见呵，我似那齐孙膑报冤仇在马陵川夜擒了那一员虎将，(韩信云)论敢勇可学谁也？(正末唱)论敢勇呵，我似那楚伍员伏盗跖赴临潼举金鼎欺文武保诸侯逞英豪状貌堂堂，(韩信云)军师论慷慨呵学谁？(正末唱)论慷慨，仿李牧守塞北慑西戎镇夜郎，(韩信云)论志气可学谁也？(正末唱)论志气呵，我胜如管夷吾霸诸侯那手策威名不让，(韩信云)敢问军师，论节义可学谁也？(正末唱)论节义呵，我学那存忠孝施正礼行仁道治纲常伊尹扶汤，(韩信云)论勇跃学谁也？(正末唱)论勇跃，我不让蔺相如在渑池会展雄才施威烈可那般志轩昂，(韩信云)论战敌可学谁也？(正末唱)论战敌呵，我不让齐田单火牛阵，施遁甲用奇术，排军校驱虎将。他收那即墨城开，我着他拱手降，(韩信云)此言壮哉也。(正末唱)非是我自说高强。","chinese-poetry",""
"张子房圯桥进履・沉醉东风","元","李文蔚","我若是忠心报君恩重爵，立功勋《史记》名标。灵禽相良木栖，辅圣主行仁道，俺则愿的泰阶平，风雨时调。见如今四海黎民歌舜尧，俺可便共享升平到老。","chinese-poetry",""
"张子房圯桥进履・水仙子","元","李文蔚","金杯满注捧香醪，品味珍羞盘内托，则听的仙音一派多奇妙，比俺那凯歌声音韵好。受天恩赐宴难消。君主德过禹舜，正人伦尊礼乐，恩宽厚胜似汤尧。","chinese-poetry",""
"施仁义刘弘嫁婢・尾声","元","无名氏","咱人这生死也在于天，端的这善恶也由人做，我则是可怜见他孤寒的子母。(云)洛阳城中许多的财主，他怎生不别人家去？(唱)岂不闻投人须投大丈夫，(卜儿云)着他子母二人回去罢。(正末唱)不争咱赶离了门显的咱也不辨一个贤愚。(卜儿云)员外，赍发他些钱物，着他回去罢。(正末唱)我本待与些钱物，也则是济惠他这穷儒，则这的便是将有余儿可也补不是。(卜儿云)员外，似俺两口儿这等受用快活，可也强似他子母每也。(正末云)婆婆，咱两口儿为人，不如他子母儿每，他子母儿每强似咱。(唱)我如今空盖下他这般画堂锦屋，眼前面折罚的咱来灭门波绝户。(云)古人言：有钱无子非为贵，他这等有子无钱的，也不是贫。咱人一日死到头来，休说是这些个家缘，(唱)便设若堆金到那北斗，(云)婆婆，咱死时节，将的去么，(唱)可则那的也待何如。(正末同众下)。","chinese-poetry",""
"施仁义刘弘嫁婢・幺篇","元","无名氏","你那梳洗处着架手巾，筵席上系护衣。你待着他担水运浆，搬茶供饭，你又待着他过盏波擎杯。这孩儿，则恁的，闲立地，呵，更那堪他便娇柔波无力？(带云)你好是狠毒也呵。(唱)怎下的着他拈轻掇重，可便扫床也波叠被？。","chinese-poetry",""
"施仁义刘弘嫁婢・朝天子","元","无名氏","白纸上虽无甚么墨迹，既然他每寄子波那托妻，今日个便伊同咱两个便为了这交契。(带云)既是和咱做了亲眷，也索。(唱)俺必索那倾心吐胆将他厮惠济。(带云)一个婚姻，一个是死葬，咱将着那金子银子，那里寻这般好勾当做去来也。(唱)若是我便顺着人的情呵，也是我便合着这天意。(旦儿做悲科，云)伯伯、伯娘，媳妇儿也不敢要，则今日辞别了伯伯、伯娘，俺子母二人回去也。(正末云)婶子儿，并不曾说甚么言语，我和您伯娘，商量小姐的奁房断送，并不曾说甚么言语，婶子儿省烦恼。(正末做见卜儿科，云)我问你，这凡百的一家人家，有个家长么？莫不俺这男子汉主了的这桩勾当，信着你这等的言语，肯则那等干罢了么？我做了的那好勾当，着你这几句话波，兀的不坏尽了也。我问你，那的是你那三从四德？则这的便是你那三从四德不是？为孩儿每这些喜庆的勾当，你则再言语，我就不信也。(卜儿云)俺和他是甚么亲？(正末云)婶子儿，可止不过您伯娘有些闲言剩语道了呵，我肯依的他来？李春郎孩儿也，咱本是一重儿亲来，因着小姐面上，咱越亲波越厚了也。(唱)从今后你个婶子儿，(带云)春郎，(唱)和你个侄儿咱可都是一家一计。(卜儿扳正末科，云)凡百事好歹有个商量。(正末唱)你好不会做那人也，则到如今也索更争甚么我波那共你。(净王秀才云)我本待不说来，气忄敝破我这肚皮。他姓甚么？你姓甚么？(正末云)贼丑生，干你甚事？(唱)论甚么姓刘也那姓李，(净王秀才云)他在那里住？你在那里住？(正末唱)不在于你，也者么他住在江南也那塞北，(净王秀才云)拿将一张白纸来，知他是甚么亲眷，也不似你忒独主。(正末云)噤声，贼丑生也。(唱)岂不闻道四海内皆是兄弟？。","chinese-poetry",""
"施仁义刘弘嫁婢・耍孩儿","元","无名氏","即来托我为交契，我不曾见伊家面皮。你和咱素日不相识，知道也那临危向妻子行留遗。(云)你和我做兄弟。(唱)凭着这半张白纸为交友，隔着这千里关山厮认义。我明知你是容妻子安身计，他知我恤孤念寡，救困扶危。","chinese-poetry",""
"施仁义刘弘嫁婢・四煞","元","无名氏","一封书寄与咱，你夫情我尽知。今日红妆共秀才，您两个为门对。岂不闻书中有女颜如玉，路上行人口胜碑。君子喻于义，也强如巡寺院布施与钱物，绕庙宇祷告神祗。","chinese-poetry",""
"施仁义刘弘嫁婢・三煞","元","无名氏","他祖宗是官宦家，他父亲为宰相职。他今日卖身不幸到咱家里，与你个贤达的婶子儿为儿妇，我配你个清俊的书生作正妻。你可休觑的微贱看的容易，莫把这堂中珍宝，你可休看承做墙上泥皮。(李春郎云)则今日好日辰，上朝求官应举，走一遭去。(正末云)春郎，到的帝都阙下，则要你着志者。(李春郎云)放心，你儿这一去，好歹要中科名也。(正末唱)。","chinese-poetry",""
"施仁义刘弘嫁婢・二煞","元","无名氏","想着那对寒窗受苦辛，跳龙门夺富贵。九经三史从头垒，万言长策朝中献，一举成名天下知。有一日身及第，头直上打一轮皂盖，马头前列两行朱衣。","chinese-poetry",""
"施仁义刘弘嫁婢・水仙子","元","无名氏","龙楼凤阁九重城，新筑沙堤宰相行。白身世八位中除参政，将皇家俸禄请，十年前谁识你个书生。扫荡的蛮夷静，揩磨的日月明，从今后天下咸宁。","chinese-poetry",""
"施仁义刘弘嫁婢・折桂令","元","无名氏","俺一家儿祭赛你个城隍增福威灵，(二神云)奇童皆是俺二神之功也。(正末唱)保护的俺十三岁蒙童，金榜上标名。(李逊云)吾神又将小女桂花，配与奇童为妻。则为你恤孤念寡，敬老怜贫，因此感动天地也。(正末唱)想当初都只为这个刘弘，腾云驾雾，直至天庭。(李逊云)奉上帝敕令，特来增福延寿也。(正末唱)您两个奏上帝把咱家寿增，保举的俺辈辈儿峥嵘。(云)圣贤那。(唱)量这一个愚鲁的鲰生，无德无能，俺一家儿礼拜磕头，感谢神明。(李逊、裴使君云)则为你积功累行阴功厚，布德施恩神天祜。则为你行尽仁义礼智信，今日个保全你那妻财子禄寿。","chinese-poetry",""
"张君瑞害相思(第三本)・幺篇","元","王实甫","你看人似桃李春风墙外枝，卖俏倚门儿。我虽是个婆娘有志气。则说道：""可怜见小子，只身独自！""恁的呵，颠倒有个寻思。","chinese-poetry",""
"张君瑞害相思(第三本)・煞尾","元","王实甫","沈约病多般，宋玉愁无二，清减了相思样子。只你那眉眼传情未了时，中心日夜藏之。怎敢因而，""有美玉于斯""，我须教有发落归着这张纸。凭着我舌尖儿上说词，更和这简帖儿里心事，管教那人儿来探你一遭儿。(一下)。","chinese-poetry",""
"张君瑞害相思(第三本)・朝天子","元","王实甫","张生近间、面颜，瘦得来实难看。不思量茶饭，怕待动弹；晓夜将佳期盼，废寝忘餐。黄昏清旦，望东墙淹泪眼。(旦云)请个好太医看他症侯咱。(红云)他症侯吃药不济。病患、要安，则除是出几点风流汗。","chinese-poetry",""
"张君瑞害相思(第三本)・小梁州","元","王实甫","他为你梦里成双觉后单，废寝忘餐。罗衣不奈五更寒，愁无限，寂寞泪阑干。","chinese-poetry",""
"张君瑞害相思(第三本)・满庭芳","元","王实甫","你休要呆里撒奸，你待要恩情美满，却教我骨肉摧残。老夫人手执着棍儿摩挲看，粗麻线怎透得针关。直待我拄着拐帮闲钻懒，缝合唇送暖偷寒。待去呵，小姐性儿撮监入火，消息儿踏着泛；待不去呵，(末跪哭云)小生这一个性命，都在小娘子身上。(红唱)禁不得你甜话儿热趱：好着我两下里做人难。","chinese-poetry",""
"张君瑞害相思(第三本)・耍孩儿","元","王实甫","几曾见寄书的颠倒瞒着鱼雁，小则小心肠儿转关。写着道西厢待月等得更阑，着你跳东墙""女""字边""干""。元来那诗句儿里包笼着三更枣，简帖儿里埋伏着九里山。他着紧处将人慢，您会云雨闹中取静，我寄音书忙里偷闲。","chinese-poetry",""
"张君瑞害相思(第三本)・四煞","元","王实甫","纸光明玉板，字香喷麝阑，行儿边湮透非春汗？一缄情泪红犹湿，满纸春愁墨未干。从今后休疑难，放心波玉堂学士，稳情取金雀鸦鬟。","chinese-poetry",""
"张君瑞害相思(第三本)・三煞","元","王实甫","他人行别样的亲，俺跟前取次看，更做道孟光接了梁鸿案。别人行甜言美语三冬暖，我跟前恶语伤人六月寒。我为头儿看：看你个离魂倩女，怎发付掷果潘安。","chinese-poetry",""
"张君瑞害相思(第三本)・二煞","元","王实甫","隔墙花又低，迎风户半拴，偷香手段今番按。怕墙高怎把龙门跳，嫌花密难将仙桂攀。放心去，休辞惮；你若不去呵，望穿他盈盈秋水，蹙损他淡淡春山。","chinese-poetry",""
"张君瑞害相思(第三本)・驻马听","元","王实甫","不近喧哗，嫩绿池塘藏睡鸭；自然幽雅，淡黄杨柳带栖鸦，金莲蹴损牡丹芽，玉簪抓住荼蘼架。夜凉苔径滑，露珠儿湿透了凌波袜。我看那生和俺小姐巴不得到晚。","chinese-poetry",""
"张君瑞害相思(第三本)・沉醉东风","元","王实甫","我则道槐影风摇暮鸦，原来是玉人帽侧乌纱。一个潜峰在曲槛边，一个背立在湖山下；那里叙寒温，并不曾打话。(红云)赫赫赤赤，那鸟来了。(末云)小姐，你来也。(搂住红科)(红云)禽兽，是我，你看得好仔细着，若是夫人怎了。(末云)小生害得眼花，搂得慌了些儿，不知是谁，望乞恕罪！(红唱)便做道搂得慌呵，你也索觑咱，多管是饿得你个穷神眼花。","chinese-poetry",""
"张君瑞害相思(第三本)・折桂令","元","王实甫","他是个娇滴滴美玉无瑕，粉脸生春，云鬓堆鸦。恁的般受怕担惊，又不图甚浪酒闲茶。则你那夹被儿时当奋发，指头儿告了消乏；打叠起嗟呀，毕罢了牵挂，收拾了忧愁，准备着撑达。","chinese-poetry",""
"张君瑞害相思(第三本)・清江引","元","王实甫","没人处则会闲嗑牙，就里空奸诈。怎想湖山边，不配""西厢下""？香美娘处分破花木瓜。(旦)红娘，有贼。(红云)是谁？(末云)是小生。(红云)张生，你来这里有甚么勾当？(旦云)扯到夫人那里去！(红云)到夫人那里，怕坏了他行止。我与姐姐处分他一声。张生，你过来跪着！你既读孔圣之书，必达周公之礼，夤夜来此何干？。","chinese-poetry",""
"张君瑞害相思(第三本)・雁儿落","元","王实甫","不是俺一家儿乔作衙，说几句衷肠话。我则道你文学海样深，谁知你负胆有天来大？(红云)你知罪么？(末云)小生不知罪。(红唱)。","chinese-poetry",""
"张君瑞害相思(第三本)・得胜令","元","王实甫","谁着你夤夜入人家，非奸做贼拿。你本是个折桂客，做了偷花汉；不想去跳龙门，学骗马。姐姐，且看红娘面饶过这生者！(旦云)若不看红娘面，扯你到夫人那里去，看你有何面目见江东父老？起来！(红唱)谢小姐贤达，看我面遂情罢。若到官司详察，""你既是秀才，只合苦志于寒窗之下，谁教你夤夜辄入人家花园，做得个非奸即盗。""先生呵，准备着精皮肤吃顿打。","chinese-poetry",""
"张君瑞害相思(第三本)・天净沙","元","王实甫","心不存学海文林，梦不离柳影花阴，则去那窃玉偷香上用心。又不曾得甚，自从海棠开想到如今。","chinese-poetry",""
"张君瑞害相思(第三本)・小桃红","元","王实甫","""桂花""摇影夜深沉，酸醋当归浸。(末云)桂花性温，当归活血，怎生制度？(红唱)面靠着湖山背阴里窨，这方儿最难寻。一服两服令人恁。(末云)忌甚么物？(红唱)忌的是""知母""未寝，怕的是""红娘""撒沁。吃了呵，稳情取""使君子""一星儿""参""。","chinese-poetry",""
"张君瑞害相思(第三本)・络丝娘煞尾","元","王实甫","因今宵传言送语，看明日携云握雨。","chinese-poetry",""
"关大王独赴单刀会・尾声","元","关汉卿","曹丞相将送路酒手中擎，饯行礼盘中托，没乱煞侄儿和嫂嫂。曹孟德心多能做小，关云长善与人交。早来到灞陵桥，险唬杀许褚、张辽；他勒着追风骑，轻轮动偃月刀。曹操有千般计较，则落的一场谈笑。（云）关云长道：""丞相勿罪！某不下马了也。""（唱）他把那刀尖儿斜挑锦征袍。（下）（鲁云）黄文，你见乔公说关公如此威风，未可深信。俺这江下，有一贤士，复姓司马，名徽，字德操。此人与关公有一面之交，就请司马先生为伴客，就问关公平昔智勇谋略，酒中德性如何。黄文，就跟着我去司马庵中相访一遭去。（下）。","chinese-poetry",""
"关大王独赴单刀会・正宫/端正好","元","关汉卿","本是个钓鳌人，到做了扶犁叟；笑英布、彭越、韩侯。我如今紧抄定两只拿云手，再不出麻袍袖。","chinese-poetry",""
"关大王独赴单刀会・滚绣球","元","关汉卿","我则待要聚村叟，会诗友，受用的活鱼新酒，问甚么瓦钵瓷瓯。推台不换盏，高歌自掴手；任从他阴晴昏昼，醉时节衲被蒙头。我向这矮窗睡彻三竿日，端的是傲煞人间万户侯，自在优游。（云）道童，门首觑者，看有甚么人来。（道童云）理会的。（鲁肃上，云）可早来到也，接了马者。（见道童科，鲁云）道童，先生有么？（童云）俺师父有。（鲁云）你去说：鲁子敬特来相访。（童云）你是紫荆？你和那松木在一搭里。我报师父去。（见末，云）师父弟子孩儿……（末云）这厮怎么骂我！（童云）不是骂；师父是师父，弟子是徒弟，就是孩儿一般。师父弟子孩儿……（末云）这厮泼说？有谁在门首？（童云）有鲁子敬特来相访。(末云）道有请。（童云）理会的。（童出见鲁，云）有请！（鲁见末科）（末云）稽首。（鲁云）区区俗冗，久不听教。（末云）数年不见，今日何往？（鲁云）小官无事不来，特请先生江下一会。（末云）贫道在此江下修行，方外之士，有何德能，敢劳大夫置酒张筵？（唱）。","chinese-poetry",""
"关大王独赴单刀会・隔尾","元","关汉卿","我则待拖条藜杖家家走，着对麻鞋处处游。（云）我这一去，（唱）恼犯云长歹事头，周仓哥哥快争斗，轮起刀来劈破了头，唬的我恰便似缩了头的乌龟则向那汴河里走。（下）。","chinese-poetry",""
"关大王独赴单刀会・幺篇","元","关汉卿","你道是先下手强，后下手殃。我一只手揪住宝带，臂展猿揉，剑掣秋霜。（平云）父亲，则怕他那里有埋伏。（正末唱）他那里暗暗的藏，我须索紧紧的防。都是些狐朋狗党！（云）单刀会不去呵，（唱）小可如千里独行，五关斩将。","chinese-poetry",""
"关大王独赴单刀会・驻马听","元","关汉卿","水涌山叠，年少周郎何处也？不觉的灰飞烟灭，可怜黄盖转伤嗟。破曹的樯橹一时绝，鏖兵的江水犹然热，好教我情惨切！（带云）这也不是江水，（唱）二十年流不尽的英雄血！。","chinese-poetry",""
"关大王独赴单刀会・沉醉东风","元","关汉卿","想着俺汉高皇图王霸业，汉光武秉正除邪，汉王允将董卓诛，汉皇叔把温侯灭，俺哥哥合情受汉家基业。则你这东吴国的孙权，和俺刘家却是甚枝叶？请你个不克己先生自说！。","chinese-poetry",""
"关大王独赴单刀会・雁儿落","元","关汉卿","则为你三寸不烂舌，恼犯我三尺无情铁。这剑饥餐上将头，渴饮仇人血。","chinese-poetry",""
"关大王独赴单刀会・得胜令","元","关汉卿","则是条龙向鞘中蛰，唬得人向座间躲。今日故友每才相见，休着俺弟兄每相间别。鲁子敬听者，你内心休乔怯，畅好是随邪，休怪我十分酒醉也。","chinese-poetry",""
"双调・寿阳曲答卢疏斋","元","珠帘秀","山无数，烟万缕，憔悴煞玉堂人物。倚篷窗一身儿活受苦，恨不得随大江东去。冬季会黎正卿分司席上开年近，酿酒醇，是谁传竹边梅信？小斋中主宾三四人，旋蒸来醉乡风韵。套数。","chinese-poetry",""
"中吕・普天乐酒","元","滕斌","谪仙强，刘伶缪。笑豪来鲸吸，有甚风流？聊复尔，无何有。酝酿潮红春风透，兴来时付与觥筹。频频到口，轻轻咂啖，少过咽喉。色百年身，千年债。叹愚夫痴绝，云雨阳台。人易老，心犹在。独倚阑干春风外，算人间少甚花开。春光过也，风亻孱雨亻愁，一叶秋来。财一瓢贫，千钟富，是天生分定，何必枉图？锦步障，黄金坞。狗苟蝇营贪不足，为妻儿口体区区。君家饱暖，他人冻馁，于汝安乎？气少年时，风云志。记篇诗杯酒，颠倒群儿。吾善养，今方是。唾面来时休教拭，看英雄自古如痴。前程万里，饶人一步，却是便宜。柳丝柔，莎茵细。数枝红杏，闹出墙围。院宇深，秋千系。好雨初晴东郊媚，看儿孙月下扶犁，黄尘意外，青山眼里，归去来兮。昼偏长，人贪睡。新蝉高树，乳燕低飞。荷荡中，湖光内。款棹兰舟闲游戏，任无情日月东西。钓头锦鲤，杯中美酝，归去来兮。翠荷残，苍梧坠。千山应瘦，万木皆稀。蜗角名，蝇头利。输与渊明陶陶醉，尽黄菊围绕东篱。良田数顷，黄牛二只，归去来兮。朔风寒，彤去密。雪花飞处，落尽江梅。快意杯，蒙头被。一枕无何安然睡，叹邙山坏墓折碑。狐狼满眼，英雄袖手，归去来兮。日迟迟，江山丽。秋千影里，手握肩依。闹管弦，纷罗绮。我爱青山共流水，游一和困在苔矶。落花啼鸟，一般春意，归去来兮。晚天凉，薰风细。浮云黯淡，远水茫微。江水清，遥山碧。喜驾孤舟潇湘内，伴纶竿箬笠蓑衣。垂杨树底，芦花影里，归去来兮。淡烟迷，遥山翠。秋天雁唳，夜月猿啼。小径幽，茅檐僻。秋色南山独相对，傲西风菊绽东篱。疏林鸟栖，残霞散绮，归去来兮。暮霞收，彤云密。朔风凛冽，瑞雪纷飞。酒力微，茶烟湿。暖炕明窗绵绸被，尽前村开彻江梅。日高未起，黑甜睡足，归去来兮。叹光阴，如流水。区区终日，枉用心机。辞是非，绝名利。笔砚诗书为活计，乐齑盐稚子山妻。茅舍数间，田园二顷，归去来兮。仗权豪，施威势。倚强压弱，乱作胡为。我劝你，休窒闭。此等痴愚儿曹辈，利名场多少便宜。寻饥得饥，凭实得实，归去来兮。乐生涯，抛活计。麻绦草履，淡饭黄齑。遇酒歌，逢场戏。落落魄魄无萦系，那里管闲是闲非。游山玩水，埋名隐迹，归去来兮。","chinese-poetry",""
"正宫・端正好集杂剧名咏情","元","孙季昌","鸳鸯被半床闲，胡蝶梦孤帏静，常则是哭香囊两泪盈盈。若是这姻缘簿上合该定，有一日双驾车把香肩并。","chinese-poetry",""
"滚绣球・常记的曲江池丽日晴，正对着春风细柳营，初相逢在丽春园遣兴，","元","孙季昌","便和他谒浆的崔护留情。曾和他在万花堂讲志诚，锦香亭设誓盟，谁承望下场头半星儿不应，央及杀调风月燕燕莺莺。则被这西厢待月张君瑞，送了这花月东墙董秀英，盼杀君卿。","chinese-poetry",""
"滚绣球・付能的潇湘夜雨睛，早闪出乌林皓月明，正孤雁汉宫秋静，知他","元","孙季昌","是甚情怀月夜闻筝？那时节理残妆对玉镜台，推烧香到拜月亭，则被这亻刍梅香紧将咱随定，不能够写相思红叶题情。指望似多情双渐怜苏小，到做了薄幸王魁负桂英，撇得我冷冷清清。","chinese-poetry",""
"叨叨令・当日被破连环说啜赚得再成交颈，谁承望错立身的子弟无音信。","元","孙季昌","闪得我似离魂倩女相思病，将一个魔合罗脸儿消磨尽。径不着也么哥，如今这谎郎君一个个传槽病。","chinese-poetry",""
"小梁州・他便似柳毅传书住洞庭，千里独行，吹箫伴侣冷清清。我待学孟","元","孙季昌","姜女般真诚性，我则怕啼哭倒了长城。","chinese-poetry",""
"尾・金钗剪烛人初静，彩扇题诗句未成。后庭花歌残玉树声，琵琶怨凄凉","元","孙季昌","不忍听。比题桥的相如忒寡情，戏妻秋胡不老成。想则想关山远路程，恨则恨衣锦还乡不见影。则不如一纸刘公书谨缄定，寄与你个三负心的敲才自思省。","chinese-poetry",""
"尾声・谩把洞箫吹，再把词章唱。苏子正襟坐掀髯鼓掌，洗盏重新更举觞。","元","孙季昌","眼纵横醉倚篷窗，怕疏狂错乱了宫商。肴核盘空夜未央，酒入在醉乡。枕藉乎舟上，不觉的朗然红日出东方。","chinese-poetry",""
"红绣鞋・黄甘甘胭憔粉悴，病恹恹瘦损香肌，急煎煎和泪数归期。急穰穰","元","孙季昌","情没乱，碜磕磕的两分离，空着我闷恹恹盼望你。","chinese-poetry",""
"普天乐・意踌蹰，心萦系。哀哀怨怨，惨惨凄凄。抛闪下年少人，辜负了","元","孙季昌","鸾凰配。早是离人伤心碎，更和那杜宇悲啼。冷清清在销金帐里，珊瑚枕剩，好梦惊回。","chinese-poetry",""
"幺篇・画梁间燕语喧，花柳中莺乱啼。好着我泪眼羞观，愁心倦听，景物","元","孙季昌","狼藉。正遇着风雨催，柳絮飞，残红满地，我则索掩重门绿窗春睡。","chinese-poetry",""
"耍孩儿・山长永远人千里，满目残红春又归。闲愁闲闷几时休，怕黄昏帘","元","孙季昌","幕低垂。我则怕更阑夜静离人苦，倦听谯楼画角催。捱不彻凄凉日，打熬出闷忧中日月，憔悴了花朵儿身肌。","chinese-poetry",""
"醉思乡王粲登楼・赚煞","元","郑光祖","我持翰墨谒荆王，展羽翼腾霄汉。梦先到襄阳岘山，楚天阔争如蜀道难。我得了这白金骏马雕鞍，则愿的在途间人马平安，稳情取峥嵘见您的眼。（曹学士云）贤士，常言道人恶礼不恶，还辞一老丞相。（正末云）看学士分上，我辞他一辞，叔父，承管待了也。（蔡相云）王粲，你去了罢，又回来做甚么？（正末云）我吃你甚么来？（唱）我略别你个放鱼的子产。（蔡相云）放鱼的子产嗓磕老夫不识贤哩！（正末唱）你休笑我屠龙的王粲。（云）虽是今日之贫，安知无他日之贵。有一日官高极品，位列三公，食前方丈，禄享千钟，武夫前拥，锦衣后随，学士恕罪了。（曹学士云）贤士，稳登前路。（正末唱）你看我锦衣含笑入长安。（下）。","chinese-poetry",""
"醉思乡王粲登楼・正宫/端正好","元","郑光祖","则有分鞭羸马，催行色，拂西风满面尘埃，想昨朝风送烟波侧，今日个落日在青山外。","chinese-poetry",""
"醉思乡王粲登楼・滚绣球","元","郑光祖","我不让姜子牙兴周的显战功。（荆王云）你谋策如何？（正末云）论谋策呵，（唱）我不让张子房佐汉的有计画。(荆王云)你扎寨如何？（正末云）论扎寨呵，（唱）我不让周亚夫屯细柳安营扎寨。(荆王云)你点将如何？(正末云)论点将呵，(唱)我不让马服君仗霜锋点将登台。（荆王云）你胆气如何？（正末云）论胆气呵，（唱）我不让蔺相如渑池会那气概。（荆王云）你才干如何？（正末云）论才干呵，（唱）我不让管夷吾霸诸侯那手策。（荆王云）你行兵如何？（正末云）论行兵呵，（唱）我不让霍嫖姚领雄兵横行边塞。（荆王云）你操练如何？（正末云）论操练呵，（唱）我不让孙武子用兵法演习裙钗。(荆王云)你智量如何？（正末云）论智量呵，(唱）我不让齐孙膑捉宠涓则去马陵道上施埋伏。（荆王云）你决战如何？（正末云）论决战呵，（唱）我不让韩元帅困霸王在九里山前大会垓，胸卷江淮。（做睡科）（荆王云）好兵法！将酒来，庆兵法！贤士满饮此杯。呀！才和俺攀话，又早睡着了也。便好道德胜才为君子，才胜德为小人。俺末曾重用，先失左右之门风，正是那才有余而德不足。等此人睡觉来问我，只说我更衣去了。（诗云）德胜才高不可当，才过德小必疏狂。纵然胸次罗星斗，岂是人间真栋梁。（下）（蒯越云）点汤！（正末醒科，云）大王安在？（蒯越云）点汤！（正末云）点汤，呼遣客。某只索回去。(蒯越云)点汤！（正末云）我出的这府门。（蒯越云）点汤！（正末云）我来到这和长街上。(蒯越云)点汤！（正末云）我来到这酒肆中。（蒯越云）点汤！（正末云）我来到这里，你不叫点汤！（蒯越诗云）非我闭贤门，因他傲慢人。（蔡瑁诗云）点汤呼遣客，依旧受孤贫。（并下）（正末叹科）罢罢罢！（唱）。","chinese-poetry",""
"醉思乡王粲登楼・煞尾","元","郑光祖","他年不作文章伯，异日须为将相材。待与不待总无碍，时与不时且宁耐。说地谈天口若开，伏虎降龙志不改。稳情取兴刘大元帅，试看雄师拥麾盖。恨汝等将咱厮害。（带云）我若得志呵，（唱）把你掳掠中军账门外，似这等跋扈襄阳吃剑才。（带云）将二贼擒至马前斩首报来！（唱）那其间才识俺长安少年客。（下）。","chinese-poetry",""
"醉思乡王粲登楼・迎仙客","元","郑光祖","雕檐外红日低，画栋畔彩云飞，十二栏干栏干在天外倚。（许达云）这里望中原，可也不远。（正末唱）我这里望中原，思故里，不由我感叹酸嘶。（带云）看了这秋江呵，（唱）越搅的我这一片乡心碎。","chinese-poetry",""
"醉思乡王粲登楼・红绣鞋","元","郑光祖","泪眼盼秋水长天远际，归心似落霞孤鹜齐飞，则我这襄阳倦客苦思归。我这里凭阑望，母亲那里倚门悲。（许达云）仲宣，既如此感怀，何不早归故里？（正末云）吾兄怕不说的是哩！（唱）争奈我身贫归未得。","chinese-poetry",""
"醉思乡王粲登楼・普天乐","元","郑光祖","楚天秋，山叠翠，对无穷景色，总是伤悲。好教我动旅怀，难成醉。枉了也壮志如虹英雄辈，都做助江天景物凄其。（云）老兄，小生有三桩儿不是。（许达云）可是那三桩儿不是？（正末云）是这气这愁和这泪。（许达云）气若何？（正末唱）气呵做了江风淅淅。（许达云）愁若何？（正末唱）泪呵弹做了江雨霏霏。","chinese-poetry",""
"醉思乡王粲登楼・幺篇","元","郑光祖","据着我慷慨心，非贪这潋滟杯。这酒呵便解我愁肠，放我愁杯，展我愁眉。则为我志愿难酬，身心不定，功名不遂。(云)吾兄将酒过来。（许达云）酒在此。（正末饮科，云）再将酒来。（许达云）仲宣，为何横饮几杯？（正末唱）倒不如葫芦提醉了还醉。","chinese-poetry",""
"醉思乡王粲登楼・满庭芳","元","郑光祖","我如今羞归故里，则为我昂昂而出，因此上怏怏而归。空学成补天才却无度饥寒计，几曾道展眼舒眉。则被你误了人儒冠布衣，熬熬人淡淡饭黄齑。有路在青霄内，又被那浮云塞闭。老兄也百忙里寻不见上天梯。","chinese-poetry",""
"醉思乡王粲登楼・沉醉东风","元","郑光祖","想当日到京师将谁倚仗？多亏你曹学士助我行装。虽然是一封书死了荆王，还得你万言策奏知今上，才得个元戎印掌。这都是你义海恩山不可当，再休题贵人健忘。","chinese-poetry",""
"醉思乡王粲登楼・水仙子","元","郑光祖","你道你精神颜色捧瑶觞，和气春风满画堂。你道我不明白冻死在颜回巷，我今日也列金钗十二行。尽今生急急忙忙，你那里有江湖心量，一片齑盐肚肠。（带云）令人抬过了酒肴者。（唱）饮不的我玉液琼浆。","chinese-poetry",""
"醉思乡王粲登楼・折桂令","元","郑光祖","你不来呵但凭心上，我也不差着人来，请你登堂。（带云）你今日既来呵，（唱）谁着你鸟故趋笼，鱼偏入网，人自投汤。既受你这许多好情亲向，我岂可没半句恶语相相伤。（蔡相云）可知你与我也沾些亲来。（正末唱）从今后星有参商，人有雌黄。你做的吐哺周公，我也拚不做坦腹王郎（蔡相云）学士，你这里不说，那里说？（曹学士云）老丞相休慌。元帅请暂息雷霆之怒，略罢虎狼之威，听小官明明的说破，着元帅细细里皆知。人不说不知，木不钻不透；冰不搦不寒，胆不尝不苦。当初老丞相曾与令尊老先生金兰契友，二人指腹成亲，若生二女，同攀绣床；若生二子，同舍攻书；若生子女，结为夫妇。不想令尊生下元帅，丞相所生一女。因为官守所绊，彼各天涯，间隔亲事。老丞相闻知元帅学成满腹文章，只是骄矜傲慢，不肯曲脊于人，以此数次将书调取至京，萧条旅馆，个月期程，不蒙放参。可是为何？只是涵养你那锐气。及至相见，将那三杯酒耻辱元帅，一席话激发将军。岂知春衣白金雕鞍书礼，都不是小官的，老丞相暗暗的与我，着我明明的与你，赍发你投托荆王刘表。谁想刘表不能任用，淹留在彼，你将万言长策，寄与小官，小官转与老丞相，老丞相献与圣人，圣人见喜，今得此官。自从元帅去后，老丞相将老夫人搬至京师，一般盖下画堂，又陪房奁断送，将小姐聘与元帅为妻。说兀的做甚！（诗云）则为你襄阳久困数年间，今日拨开云雾见天颜。非干我这举贤曹子建，则拜你那恩人老泰山。（正末拜科，云）则被你瞒杀我也，丈人！（蔡回礼科，云）则被你傲杀我也，女婿！（正末唱）。","chinese-poetry",""
"醉思乡王粲登楼・雁儿落","元","郑光祖","又不曾趋跄天子堂，又不曾图画臣像。止不过留心在笔砚间，又不曾恶战在沙场上。","chinese-poetry",""
"醉思乡王粲登楼・得胜令","元","郑光祖","呀！怎做得架海紫金梁，则消得司县绿衣郎。今日个枢府新元帅，还只是长安旧酒狂。腾骧，端的有豪气三千丈；游扬，这的是功名纸半张。（蔡相云）天下喜事，无过子母夫妇团圆。就今日卧翻羊、窨下酒，做个大大庆喜筵席者！（词云）我两姓结婚姻原在生前，难道我今日敢违背初言。因此上屡移书接来到此，本待将加官职指引朝天。只为你生性子十分骄傲，并不肯谦谦的敬老尊贤。我特将三杯酒千般折挫，无非要涵养得气质为先。暗地里具书呈白金骏马，封皮上明写着子建相传。岂知道到荆州依然不遇，遂淹留不得返苒三年。想登楼这一点思乡客泪，多应是长飘洒似雨涟涟。万言策又是我转闻今上，才得授大元帅入掌兵权。早先期高平去迎将老母，预盖下大宅院供具全。专等待你回来选其吉日，与小女结花烛夫妇团圆。此皆由我老夫殷勤留意，非学士能出力为你周旋。到如今才一一从头说破，大家的开笑口庆赏华筵。（正末唱）。","chinese-poetry",""
"醉思乡王粲登楼・离亭宴煞","元","郑光祖","你元来为咱气锐加涵养，须不是忌人才大遭魔障。端的个这场，收拾了龙争虎斗心，结果了鹗荐鹏搏力，表明了海阔天高量。安排下玳瑁筵，准备着葡萄酿，做一个团圆的庆赏。早匹配了青春女一生欢，稳情取白头亲百年享。","chinese-poetry",""
"玉清庵错送鸳鸯被・仙吕/端正好","元","无名氏","渭城歌，阳关恨，别离罢路践红尘。可怜见女孩儿独自个无人问。父亲也，你是必频频的稍带一纸平安信。(下)。","chinese-poetry",""
"玉清庵错送鸳鸯被・赚煞","元","无名氏","则你那修道的玉清庵，索强如题笔的金山寺。罗帏里新婚燕尔，舒展开鸳鸯锦被儿，可着我羞答答说甚言词。这些时素质冰姿，也是我不合先接了东君第一枝。道与那多情的秀士，偷传心事，到天明是必休撇了这个女孩儿。(同梅香下)。","chinese-poetry",""
"玉清庵错送鸳鸯被・正宫/端正好","元","无名氏","不由我意张狂，心惊乍，谁曾向街苍行踏。你深也紧避在房檐下，方信道色胆有天来大。","chinese-poetry",""
"玉清庵错送鸳鸯被・滚绣球","元","无名氏","兀的甚势沙，甚礼法，索甚么问天来买卦。莫不我与那刘员外合做浑家？他为咱，我为他，好着我放心不下。办着个志诚心，着俺这夫妇每欢洽。可是怎生黑洞洞桌面上绝了灯火，云黯黯碧天边闭了月华，倒省的人多少喧哗。","chinese-poetry",""
"玉清庵错送鸳鸯被・小梁州","元","无名氏","就把姑姑央及煞，可怜我这没照觑的娇娃。早唬的来手儿脚儿软刺答，怎抬踏，好着我便心似热油炸。","chinese-poetry",""
"玉清庵错送鸳鸯被・幺篇","元","无名氏","当时曾受亏，今日也还席。大小荆条，先决四十。再发有司，从公拟罪。钱呵通神，法难纵你。(李府尹云)张瑞卿和老夫同到宅中。今日是个吉日良辰，与女孩儿永远为夫妻。一面杀羊造酒，做个庆喜的筵席。(做到宅，张瑞卿同正旦拜成礼科)(正旦唱)。","chinese-poetry",""
"玉清庵错送鸳鸯被・黄钟尾","元","无名氏","从今后丹墀策试千言罢，彩笔题成五色霞。一举鳌头占科甲，秉笏当胸当胸立朝下。乌帽宫花数枝插，御宴琼林醉到家。除授为官赐敕札。夫人县君合与咱。那时我坐香车你乘马，咱两上稳稳安安兀的不快活杀。(下)。","chinese-poetry",""
"玉清庵错送鸳鸯被・小桃红","元","无名氏","则俺祖宗积世有声名，三辈儿为参政。(张瑞卿云)哦，原来是宦家。你父亲如今那里去了？(正旦唱)俺家君一生正直无邪佞。惹人憎，如今勾赴尚书省。(张瑞卿云)你父亲这一向也还做官么？(正旦唱)官封左丞，告辞老病．(张瑞卿云)如今你父亲去几时了？(正旦云)怎知他数载不回程。","chinese-poetry",""
"玉清庵错送鸳鸯被・收尾","元","无名氏","俺哥哥替还了原借银十锭，两事家临危自省。第一来把俺这亲兄长好看成，第二来将俺那俊男儿奈心等。(同下)。","chinese-poetry",""
"玉清庵错送鸳鸯被・雁儿落","元","无名氏","则也这行装特整齐，书舍无俗气。瑶琴壁上悬，宝剑床头立。","chinese-poetry",""
"玉清庵错送鸳鸯被・得胜令","元","无名氏","呀！我与你搭起绿罗衣，铺开紫藤席。绣枕头边放，香衾手内提。索甚么疑惑，这是我绣来的鸳鸯被；可不是跷蹊，谁承望这搭儿得见你？(云)好是奇怪，这被儿原是绣来的，是我与张瑞卿来，可怎生得到俺哥哥手里？待他来家时，我试问他波。(张瑞卿做醉科上，云)我醉了也。妹子在那里？(正旦做扶末，云)哥哥有酒也，吃甚么茶饭？(张瑞卿云)妹子，甚么茶饭都吃不了，我醉了也。(正旦唱)。","chinese-poetry",""
"玉清庵错送鸳鸯被・清江引","元","无名氏","想人生百年能有几，要博个开颜日。父子共团圆，夫妇重和会，这便是出寻常天大的喜。(李府尹诗云)贼徒唬吓结良缘，号令沉枷在市廛。欠钱索债虽常事，倚富欺贫岂有天？新婚今朝为令尹，老夫依旧得生旋。杀羊造酒排筵宴，夫荣妻贵喜团圆。","chinese-poetry",""
"庞居士误放来生债・幺篇","元","刘君锡","谁待殷勤，颇奈钱亲。钱聚如兄，钱散如奔。钱本无根，钱命元神。到底来养身波也那丧身，这钱呵兀的不送了多人。当日个宣帝为君，疏傅为臣，是汉朝大老元勋，赐千金为具归途赆，青门外供帐如云。(曾云)到后来可是如何？(正末唱)他到家乡都给散心无吝，这故事在两贤遗传，千古流闻。(曾云)小生与居士共同一席话，胜读十年书。想居士这等疏财仗义，高才大德，今日相别，后会有期。(正末云)行钱，去将一饼金来。(行钱云)理会的。(正末云)备一匹全副鞍辔的马来。(行钱云)鞍马也有了。(正末云)先生，这一饼金与先生做路费，这一匹马与先生代步咱。(曾云)居士，小生本为仰德而来，非为财物而至，焉敢当居士如此厚礼，这个断然不好受得。(正末云)请先生受了者。(曾云)我小生决然不敢受，便受了也无用处。过二十年之后，小生与居士再会。(正末云)二十年之后有先生，敢无在下了也。(曾云)据着居士这等阴骘太重，必然增福延寿也。(做别科，云)小圣恰才见此人积功累行，施仁布德，俺神灵如何无一个报应。便好道：善有善报，恶有恶报，不是不报，时辰未到。(诗云)休将奸狡昧神祗，祸福如同逐影随。善恶到头终有报，只争来早与来迟。(下)(正末云)呀！天色晚了也。行钱，跟我宅前院后烧香去来。(行钱云)理会的。(正末云)这个是我那油房，装香来。南无阿弥陀佛！这个是我那粉房，装香来。(行钱云)香在此。(正末云)南无阿弥陀佛！这个是我那磨房。(净扮磨博士上，打罗唱科，云)牛儿你不走，我就打下来了。(正末云)行钱，甚么人这般唱歌口旦曲的？他心中必然快活。你与我唤他出来，我问他咱。(行钱云)兀那罗和，你出来，爹唤你哩。(磨博士云)来也，来也，谁唤罗和哩？(正末云)孩儿也，是我唤你哩。(磨博士云)唤我做甚么？误了我打罗也。(正末云)你才唱歌口旦曲，你心中必然快活，你试说咱。(磨博士云)爹，你道我这般唱歌口旦曲，我那里有甚么快活？孩儿每受苦哩。我一日我请着爹二分工钱。我清早晨起来，我又要拣麦，拣了麦又要簸麦，簸了麦又要淘麦，淘了麦又要晒麦，晒了麦又要磨面，磨了面又要打罗，打了罗又要洗麸，洗了麸又要撒和头口，只怕睡着了误了工程，因此上我唱歌口旦曲。爹，我那里是快活。你省的古墓里摇铃，则是和哄我那死尸哩。(正末云)嗨！我可怎生知道。不问你别事，你这眼上两根棒儿，为甚么支着？(磨博士云)爹，你道我为甚么眼上支着这两根棒儿？我白日里做了一日生活，到晚来恐怕打盹睡着了，误了你家生活，因此上支着这两根棒儿。你孩儿受。","chinese-poetry",""
"庞居士误放来生债・赚煞","元","刘君锡","暗评跋，忽笑哂，则被这钱使作的咱如同一个罪人。我待向那万丈洪波，落可便一跳身，转回头别是个乾坤。叹浊民空攒下那万余锭金银，却也买不得三阳也那洞里春。(带云)这钱呵，我当初要用你时，(唱)可便一分不肯，(带云)到今日我要舍钱时，(唱)可便于金何靳，(云)兀那世间的人，那贪财好贿，苦海无边，回头是岸，何不早结善缘也。(唱)则咱这百年人谁识百年人。(同行钱下)。","chinese-poetry",""
"庞居士误放来生债・红绣鞋","元","刘君锡","他几曾道开东阁把那名儒来管顾，他每可动不动便宴西楼和那妓女每欢娱，(云)他则请人吃一盏茶呵，却早算计也。(唱)他将那茶托子人情可便暗乘除。常则是佯呆着回过脸，推说话纽身躯，(云)若有个穷相识来，便舍着磕破他头者波，(唱)他每可几曾做那五百钱东道主？。","chinese-poetry",""
"庞居士误放来生债・耍孩儿","元","刘君锡","你待着我万余资本为商贾，攒利息冲州撞府。或足乘船鼓棹渡江湖，或是从鞍马昼夜驰驱。我干做了撇妻男店舍里一个飘零客，抛家业尘埃中一个防送夫。冷清清梦回两地无情绪，怎熬的程途迢递，更和那风雨潇疏？。","chinese-poetry",""
"庞居士误放来生债・二煞","元","刘君锡","古人道鹪鹩巢深林无过占的一枝，鼹鼠饮黄河无过装的满腹。咱人这家有万顷田，也则是日食的三升儿粟。博个甚睁着眼去那利画上克了我的衣食，闲着子去那算盘里拨了我的岁数。攒下些山岸也似堆金玉，这壁厢凌逼着我家长，那壁厢快活杀他妻孥。","chinese-poetry",""
"庞居士误放来生债・煞尾","元","刘君锡","我去那洒色财气行取一纸儿重招，我去那生老病死行告一纸儿赦书。岂不闻道儿孙自有儿孙福？我其实便作不的这业，当不的这家，受不的这苦。(同下)。","chinese-poetry",""
"庞居士误放来生债・天净沙","元","刘君锡","有如那花正开风卸风衰，有如那月初圆云暗云埋，跳不出这尘寰世界。我觑了委实痴呆，(带云)那船上的，那里是甚么金银宝贝？(唱)只当是装一船家兀那横祸非灾。","chinese-poetry",""
"庞居士误放来生债・寨儿令","元","刘君锡","我则见雪浪涌似山排，可怎生又风恬水平云雾霭。难道是积羽沉舟，这金银呵反为轻载？心儿里好疑猜。","chinese-poetry",""
"庞居士误放来生债・收尾","元","刘君锡","谁不知道庞居士误放了来生债，我则待姓名儿千年万载。你便积攒下高北斗杀身的钱，(云)婆婆、灵兆、凤毛，你回头试看波。(唱)可也填不满这东洋是汇海。(同下)。","chinese-poetry",""
"庞居士误放来生债・沉醉东风","元","刘君锡","谁更敢推辞腼腆，我并不曾半霎儿俄延。我从来富不骄，端的个贫无怨。(青衣云)不只我来，兀的不又是一个来也。(正末做回头科)(青衣云)疾！(下)(正末云)在那里？(唱)他把我赚回头早海变桑田，(内动乐声科)(正末云)是好乐声也。(唱)我则听的聒耳笙歌秦管弦，那一派仙音得这韵远。(做看科，云)婆婆，你看那金门玉户，碧瓦琉璃，比尘世不同，此处必是天宫也。(卜儿云)居士，你看这牌面上写着字儿哩。(正末唱)。","chinese-poetry",""
"庞居士误放来生债・雁儿落","元","刘君锡","兀的不明明的在这门额上显，分朗朗在这牌面上见。牌面上青书篆着的是兜率宫，门额上金字镌着的是灵虚殿。","chinese-poetry",""
"庞居士误放来生债・得胜令","元","刘君锡","这里可敢别是一重天，俺又不曾高驾五云轩。(云)婆婆，世间则有红莲花、白莲花，那得这青莲花、金莲花？(唱)这的是太液莲如锦，可则抵多少青山花欲燃。(云)婆婆，你见么？一个石洞门开着牛壁儿，掩着半壁儿，你子母每敢先过去么。(卜儿同灵兆、凤毛过洞门科)(卜儿云)居士，俺先过洞门来了也。(正末云)婆婆，你瞒着我多哩。(唱)却不是你从前，多与人行方便；着硬处你早当先，岂不闻心坚石也穿。","chinese-poetry",""
"庞居士误放来生债・折桂令","元","刘君锡","这的是庞居士四圣归天，出世超凡同共朝元。则为我救困扶危，疏财仗义，都做了注福消愆。今日个乘彩凤十洲阆苑，跨苍鸾弱水三千。我劝你人世官员，莫恋浮钱。只将那好事常行，管教你一个个得道成仙。","chinese-poetry",""
"黑旋风双献功・耍孩儿","元","高文秀","是和非谁共你闲相竞，假若是买物件，多和少也不和他争。若有醉汉每骂我一千场，（带云）哥也，你写的是。（唱）我只索忙陪着笑脸儿相迎。那厮鼻中残涕望着我这耳根边喷，那厮口内顽涎望着我面上零。再不和他亲折证，我只是吞声忍气，匿迹潜形。","chinese-poetry",""
"黑旋风双献功・一煞","元","高文秀","有那等打擂台，使会能，摆山棚，博个赢，占场儿没一个敢和他争施逞。拳打的南山猛虎难藏隐，脚踢的北海皎龙怎住停。我也只紧闭口不放些儿硬，我只做没些本领，再不应承。","chinese-poetry",""
"黑旋风双献功・三煞","元","高文秀","那大嫂年又青，貌又整，则被他一班儿恶少相缠定。似这等天宽地荡的清平世，怎容得女纵男淫泼贱精？触犯我真无幸，请大嫂轻轻移步，和哥哥慢慢同行。","chinese-poetry",""
"黑旋风双献功・煞尾","元","高文秀","我去阿，两只手忙揪住巅险峰，两只脚牢踏住村峭岭。主张的我神州庙里身周正，我可敢搬倒那嵯峨，（带云）放心也，哥，（唱）这一座泰山顶。（同孙孔目下）。","chinese-poetry",""
"黑旋风双献功・幺篇","元","高文秀","争知道他在我面前，不提防我在他背后。只见他手脚张狂，左右拦当，何处奔投？则为这吃剑头，送得俺哥哥牢内囚，风也不透。（做揪白行内科，云）我不杀你，你唱波。（白衙内云）着我唱甚么？（正来唱）可唱你那""夫妻每醉了还依旧""。（正末杀白衙内科，云）我把两颗头都拿将来，做一搭里放者。再将他衣服上扯下一块来，捻做个纸捻，去腔子里蘸着热血，在白粉壁上写道：是宋江手下第十三个头领黑旋风李逵杀了这白衙内来。（诗云）从来白衙内，做事忒狡猾。拐了郭念儿，一步一勾搭。恼犯黑旋风，登时人性发。随你问旁人，该杀不该杀？写是写了，不免将着这二颗头，到梁山油上宋江哥哥根前献功去来。（唱）。","chinese-poetry",""
"黑旋风双献功・一半儿","元","高文秀","我适才途中马上见他些，那一个妇人叠坐着鞍儿把身体趄，那一个乔才横摔着鞭儿穿插的别。我打个模状儿说，可不道有一半几朦胧倒有一半儿切！。","chinese-poetry",""
"黑旋风双献功・赚煞尾","元","高文秀","我也不用一条枪，也不用三尺铁，则俺这壮士怒目前见血。东岳庙磕塔的相逢无话说，把那厮滴溜扑马上活挟。他若是与时节。万事无些；不与阿，山儿待放会劣忄敞。恼起我这草坡前倒拖牛的性格，强逞我这些敌官军勇烈，我把那厮脊梁骨各支支生撅做两三截！（下）。","chinese-poetry",""
"黑旋风双献功・落梅风","元","高文秀","我这里高声的叫，叫到那五六口；哥哥你便开门，呆厮可便与哥哥支揖。（牢子打科，云）这呆厮好无礼也，你怎么抱住我两只手臂？我打这个弟子孩儿。（正末唱）做甚么恶哏哏怒从你那心上起？叔待，呆厮不曾汤着你，不索你没来由这般叫天吖地。","chinese-poetry",""
"黑旋风双献功・夜行船","元","高文秀","俺家里要打水浇畦，（带云）打罢那水，浇罢那畦，俺娘道：""果厮，你还不往田里去。""（唱）我又索与他压耙扶犁。（牢子云）好也，他把我当耕牛使用。（正末唱）我家里还待要打柴刈苇，织履编席，倒杼翻机。俺做庄家忒老实，俺可也不谎诈不虚脾。","chinese-poetry",""
"黑旋风双献功・得胜令","元","高文秀","呀，便问我要东西。叔待，则你那没梁桶儿便休提。不比你财主们多周济，量俺这穷庄家有甚的？俺真个堪嗤，俺孩儿每卧土坑披麻被，你可也争知？（带云）还有精着腿，无个裤儿穿的。（唱）谁有那闲钱补笊篱？。","chinese-poetry",""
"黑旋风双献功・雁儿落","元","高文秀","-那坨儿里墙较低，那坨儿里门不闭。那坨儿里得空便，那坨儿里无寻觅。","chinese-poetry",""
"黑旋风双献功・鸳鸯煞","元","高文秀","这厮他两三番会使拖刀计，咱安排下搭救哥哥智。只在今日明朝，得胜而归。畅道天理难欺，人心怎昧？则他这肉眼愚眉，把一个黑旋风爹爹敢来也认不得。（下）。","chinese-poetry",""
"黑旋风双献功・小梁州","元","高文秀","谁着你一世为人将妇女偷，见不得皓齿星眸，你道有闲茶浪酒结绸缎，天缘楱，不枉了好风流。","chinese-poetry",""
"黑旋风双献功・满庭芳","元","高文秀","奉哥哥元戎帅首，着我山儿、孔目，同去泰岳神州。又谁知草参亭上刚回后，早不见了泼贼淫囚。（带云）元来他与白衙内呵，（唱）他两个笑吟吟成双做偶，背地里悄促促设计施谋。（宋江云）他可设甚计谋来？（正末云）比时孙孔目哥哥赶上去，正要寻个大衙门告他下来，岂知白衙内那厮早借一座大衙门坐着，专等他来告状，就一把拿住，发下死回牢里。指望将他禁死了，与他浑家做了永远夫妻，可不好那。（唱）专等待来追究，便将他牢监固守，只落得尽场儿都做了鬼胡由。","chinese-poetry",""
"黑旋风双献功・随尾","元","高文秀","他、他、他，也会一骑马双驮着走，怎知俺两板斧劈下了头。这都是亲身作业亲身受，不枉了立军状的山儿果应了口。","chinese-poetry",""
"中吕・迎仙客暮春","元","李致远","吹落红，楝花风，深院垂杨轻雾中。小窗闲，停绣工。帘幕重重，不锁相思梦。","chinese-poetry",""
"中吕・朝天子秋夜吟","元","李致远","梵宫，晚钟，落日蝉声送。半规凉月半帘风，骚客情尤重。何处楼台，笛声悲动？二毛斑，秋夜永。楚峰，几重，遮不断相思梦。","chinese-poetry",""
"中吕・红绣鞋晚春","元","李致远","杨柳深深小院，夕阳淡淡啼鹃，巷陌东风卖饧天。才社日停针线，又寒食戏秋千，一春幽恨远。春闺情红日嫩风摇翠柳，绿窗深烟暖香篝，怪来朝雨妒风流。二分春色去，一半杏花休，归期何太久？。","chinese-poetry",""
"中吕・红绣鞋晚秋","元","李致远","梦断陈王罗袜，情伤学士琵琶，又见西风换年华。数杯添泪酒，几点送秋花，行人天一涯！。","chinese-poetry",""
"中吕・卖花声月夜","元","李致远","云消皎月筛帘影，梦破惊乌绕树声，挑灯起诵《太玄经》。竹轩风定，桂窗人静，快诗人一襟清兴。","chinese-poetry",""
"商调・梧叶儿","元","无名氏","观白鹭，看乌鸦，水底摸鱼虾。莺穿柳，蝶恋花，景幽雅，若非云门莫夸。想林济，大慈悲，究竟作根基。打一捧，去片皮，好呆痴，痛痒犹然不知。龟毛拂，兔角锥。虾蟆扑天飞。泥牛吼，木马嘶，少人知，俯仰泄漏天机。麦有面，粟有米，布裤里更有腿。山有石，海有月，语真实，洞霞无极立基。擒意马，锁心猿，神气养交全。非扭捏，合自然，体幽玄，法眼超过大千。玄妙塞，化城关，一脚□蹬翻。花红处，柳绿间，没遮栏，处处仙佛面颜。天边月，月正圆，掘地去寻天。有无有，颠倒颠，妙玄玄，正道须当要口传。天边月，月上弦，卯酉不虚传。八两汞，八两铅，一斤全，照破了三千及大千。天边月，月应弓，真道妙无穷。龙擒龙，虎擒龙，两相逢，结一朵金花弄风。天边月，月正南，前后各三三。离是女，坎是男，妙玄谈，不说破教人家怎参？天边月，月应炉，铅汞鼎中居。金凭火，炼就珠，一葫芦，三百八十四铢。","chinese-poetry",""
"商调・梧叶儿","元","吴仁卿","春三月，夜五更，孤枕梦难成。香销尽，花弄影，此时情，辜负了窗前月明。花前约，月下期，欢笑忽分离。相思害，憔悴死，诉与谁？只有天知地知。乜斜害，药难医，陡峻恶相思。懊悔自，埋怨你，见面时，说几句知心话儿。桃花树，落绛英，和闷过清明。风才定，雨乍晴，绣针停，短叹长吁几声。暮春春云净，芳树晓，花外燕声娇。呼红袖，品玉箫，泛兰桡，十里春风画桥。韶华过，春色休，红瘦绿阴稠。花凝泪，柳带愁，泛兰舟，明日寻芳载酒。湖上舟中句，湖上景，芳酒泛金橙。云初退，月正明，雪初晴，几树梅花弄影。","chinese-poetry",""
"商调・梧叶儿","元","李致远","佩解螭文玉，衾闲鸳序锦，钗折凤头金。夜雨留荷泪，西风吼树音，秋月弄桐阴，梅花谢别来到今。","chinese-poetry",""
"双调・折桂令春闺","元","李致远","柳阴深黄鸟绵蛮，勤惜韶华，似罢红悭。绣草花飞，分香蝶闹，感旧人闲。奇兵破愁城酒盏，离情纟全恨锁眉山。沉水烧残，绣被熏兰，只是春寒。山居枕琴书睡足柴门，时有清风，为扫红尘。林鸟呼名，山猿逐妇，野兽窥人，唤稚子涤壶洗樽，致邻僧贳酒论文。全我天真，休问白鱼，且醉白云。读史慨西风壮志阑珊，莫泣途穷，便可身闲。贾谊南迁，冯唐老去，关羽西还。但愿生还玉关，不将剑斩楼兰。转首苍颜，好觅菟裘，休问天山。秋景秋声先到梧桐，挂雨雌霓，拂槛雄风。几点青山，一泓素月，满地丹枫。肠缕断情欺醉容，漏声迟霜满愁红。长笛声中，罨画楼东，泪洒征鸿。","chinese-poetry",""
"双调・清江引即席赠妓","元","李致远","碧云欲低香雾阻，回首多情处。梨花二月初，柳絮三春暮，今宵月明何处宿？樽前有人颜似玉，笑索多情句。歌残林叶飞，舞罢庭花妒，冰弦一霎秋夜雨。东风又来供暮愁，吹上蛾眉皱。应知弄玉心，相道东阳瘦，花落燕飞人病酒。","chinese-poetry",""
"双调・水仙子春怀","元","李致远","水边垂柳赤栏桥，洞里神仙紫玉箫。东风吹断闲花草，碧云深春梦悄，久别来朱户萧条。半帘明月，一溪绛桃，万里黄鹤。","chinese-poetry",""
"双调・水仙子道情","元","李致远","瓮头春色是长生，枕上华胥当解酲。常将造物合心镜，后庭闲留月明，得工夫休写《黄庭》。怕萧郎夫妇，茅家弟兄，邂逅瑶京。","chinese-poetry",""
"南吕・一枝花送人入道","元","李致远","白云留故山，晓月流清涧。西风吹渭水，落叶满长安。龙虎痴顽，正要别真赝，都来方寸间。内丹成未饮刀圭，宦情远不登仕版。","chinese-poetry",""
"梁州・无中有娇儿姹女，有中无火枣金丹。温温铅鼎清光烂。一泓水静，","元","李致远","一片云闲。一轮月满，一点神安。断七情宝剑光寒，避三尸午夜更残。秘天真离坎交驰，纵玄旨乙庚配绾，炼希夷金木间关。药阑，岁晚，黄精满地和烟拣，安排净蚌珠灿。耿耿灵台照夜阑，去蕙留兰。","chinese-poetry",""
"尾声・辨清浊不在青白眼，夸悬解何劳道上肝。银海澄澄洞诸幻，快还，","元","李致远","九山，满地松风洞天晚。孤闷花梢消杜宇魂，藕丝系鸳鸯足。春风丹凤只，夜月翠鸾孤。对景萧疏，空忆如簧语，最添心上苦。冷清清沉水香残，昏惨惨灯花穗吐。","chinese-poetry",""
"梁州・东墙女空窥宋玉，西厢月却就崔姝。便休题月下老姻缘薄。风流偏","元","李致远","阻，好事多辜。蓝田隐璧，沧海遗珠。桃源洞山谷崎岖，阳台路云雨模糊。书斋中勉强韩香，兰房中生疏郑五，泾河边不寄龙书。怨苦，自取。世间情知他是甚娘般物，自嗟叹静思虑。直教柳下惠开门不秉烛，薄命寒儒。","chinese-poetry",""
"尾・一天愁寻杀裴生杵。千点泪啼斑湘女竹。一轮皓月当空正隐在云雾。","元","李致远","量半幅，素楮，诉不尽燕燕莺莺半分语。","chinese-poetry",""
"耍孩儿・溪泉流出涓涓细，木向阳欣欣弄碧。登东皋舒啸对斜晖，有两般","元","李致远","儿景物希奇。觑无心出岫云如画，见有意投林鸟倦飞。草堂小堪容膝，说亲戚之情话，乐琴书以忘机。","chinese-poetry",""
"水仙子・别来几见月儿圆，每为嫦娥惜少年。画堂深隔断归来燕，玉钩闲","元","李致远","帘未卷，一天情着个谁传？想一饷心间事，写一幅肠断篇，等一个孤雁回旋。","chinese-poetry",""
"尾・沉沉烟锁垂杨院，迟迟月上桃花扇。罗帕新词，聊寄情缘。唱道张京","元","李致远","兆心专，周琼姬苦意坚。怕几阵东风吹落残花片，恁时绿暗红嫣，兀谁管春山翠眉浅。","chinese-poetry",""
"北曲一枝花","元","萧德祥《小孙屠》","山遥江水长，人远天涯近。去驼登紫陌，迤逦践红尘。自离家乡，寂寞无人问。朝朝愁闷损。然虽路上堪行，俺则是心中未稳。","chinese-poetry",""
"梁州第七","元","萧德祥《小孙屠》","蓦蓦地古道西风峻岭，过了夕阳流水孤村，如今尘随马足何年尽！常就劳落，不必艰辛。几番回首，几度忘魂。只为家中年老慈亲，朝夕侍奉无人。明知孝悌人之大本，想着受煦劳育我全身，不能勾落业安平。自俺甫临行，曾把哥哥禀．常侍奉莫因循。只怕哥哥把话不准，迷恋着红裙。","chinese-poetry",""
"黄钟尾","元","萧德祥《小孙屠》","如今未遭际汉风雷信，有一日得到家乡桃李春。打旋回来分，参拜了母亲，答谢了众神，便受了奔波正的本。(下)。","chinese-poetry",""
"北曲折桂令","元","萧德祥《小孙屠》","几回价守定香闺，转无眠情绪如痴。直哭得绛蜡烟消，银蟾影坠，宝篆香微。才听得促织儿声沉四壁，又听得叫残早报晓邻鸡。只影孤凄，心下伤悲。一弄儿凄凉，总促在愁眉。(又唱)。","chinese-poetry",""
"北曲水仙子","元","萧德祥《小孙屠》","好因缘间阻武陵溪，辜负花前月下期，彩云易散琉璃脆，亏心底不似你，担阁了少年夫妻。不枉了真心真诚意，不把我却寒知暖妻。不能勾步步相随。(又唱)。","chinese-poetry",""
"北曲雁儿落","元","萧德祥《小孙屠》","谁同莺燕期？谁展鸳鸯被？谁双斟鹦鹉觞？谁匹配鸾凤对？(又唱)。","chinese-poetry",""
"北曲得胜令","元","萧德祥《小孙屠》","则笑卓氏女忒心痴，它被这睡魔正厮禁持。则想醉里乾坤大，全不想花间云雨期。身靠着屏围，魂梦谁根底？酒病好难医，今朝醒觉迟。","chinese-poetry",""
"北曲端正好","元","萧德祥《小孙屠》","当日重意离京城，谁想今日耽愁闷，急回来不沙闷的独自个和泪而行。去时节喜恣恣亲母登山岭，回来呵，背着个碜可可骨匣相随定。","chinese-poetry",""
"中吕・醉高歌过红绣鞋寄金莺儿","元","贾固","乐心儿比目连枝，肯意儿新婚燕尔。画船开抛闪的人独自，遥望关西店儿。黄河水流不尽心事，中条山隔不断相思。当记得夜深沉，人静情，自来时。来时节三两句话，去时节一篇诗，记在人心窝儿里直到死。","chinese-poetry",""
"南吕・一枝花白莲","元","吕天用","瑶池施素妆，洛浦夸清景。庐山传绝艳，太华擅高名。秋水澄澄，洗得胭脂净，淡梳妆百媚生。裁剪下雪腻香柔，包含尽风清露冷。","chinese-poetry",""
"梁州・纵不虢国女承恩楚闼，大管是太真妃出浴华清。水云乡喧满秋娘性。","元","吕天用","也不羡红妆翠盖，金屋银屏。铅华绛彩，绣络珠璎。他则待占秋江独步倾城，倚秋江压尽繁英。他生得脸儿媚脉脉盈盈，长得腰儿瘦风风韵韵，立的个影儿孤袅袅婷婷。这些，可人。晚凉睡杀鸳鸯颈，与秋月淡相映。天遣嫦娥下太清，来赴蓬瀛。","chinese-poetry",""
"煞・满池玉蕊连枝莹，一片琼葩彻骨清。绿杨影里画船轻，趁一派歌声，","元","吕天用","十里波光如镜。俺本待闲遣水云兴，被藕丝嫩把柔肠厮系定，越教人惹恨牵情。","chinese-poetry",""
"随尾・休只管妆添泽国三秋景，我则怕狼藉江乡一夜冰。虽宜同根栽并蒂","元","吕天用","生，受了些莲心苦，割不断连理情。若不采莲人把你手掌内奇擎，明日西风起替得你凌波袜儿冷。秋蝶数声孤雁哀，几点昏鸦噪。桂花随雨落，梧叶带霜凋。园苑萧条，零落了芙蓉萼，见一个玉胡蝶体态娇。描不成雅淡风流，画不就轻盈瘦小。","chinese-poetry",""
"梁州・难趁逐莺期月夜，怎追随燕约花朝？栖香觅意谁知道？春光错过，","元","吕天用","媚景轻抛。虚辜艳杏，忍负夭桃。梦魂杳不在花梢，精神懒岂解争高。喜孜孜翠袖兜笼，娇滴滴玉纤捻扌若，笑吟吟罗扇招摇。替他，窨约。秋深何处生芳草？残菊边且胡闹。不似姚黄魏紫好，忍负良宵。","chinese-poetry",""
"隔尾・金风不念香须少，玉露那怜粉翅娇。风露催残冷来到，艳阳时过了。","元","吕天用","暮秋天怎熬，将一捻儿香肌断送了。","chinese-poetry",""
"包待制智勘后庭花・一半儿","元","郑延玉","这钗钏委的是金子委的是银？(搽旦云)是金子的。(正末云)兀那婆子，我问你咱。(唱)你两个端的是家奴端的是民？(卜儿云)哥哥，俺是好百姓。(正末唱)似这般俺夫妻不忍。(带云)大嫂，(唱)若有那拿粗挟细踏狗尾的但风闻，这东西一半儿停将一半儿分。","chinese-poetry",""
"包待制智勘后庭花・赚煞","元","郑延玉","你两个快离了汴梁城，你与我速出了夷门郡。人问你则推道是探亲，你可休淹泪眼新痕压旧痕，你且妆些古忄敞温淳。有一日遂风云，显耀精神，将你那绿惨红愁证了本。俺夫妻口稳，你子母休心困，你若运通时，休忘了大恩人。(下)。","chinese-poetry",""
"包待制智勘后庭花・南吕/一枝花","元","郑延玉","不觉的日西沉，不觉的天将暮，不觉的身趔趄，不觉的醉模糊。则我这眼展眉舒，盖因是一由命二由做。我则要千事足百事足，常言道：马无夜草不人不得外财不富。","chinese-poetry",""
"包待制智勘后庭花・梁州第七","元","郑延玉","他两个忙忙如丧家之狗，急急似漏网之鱼。他两个无明夜海角天涯去。单注他合有命，俺合妆孤。兀的不欢喜杀俺子父，快活杀俺妻夫。我则道尽今生久困穷途，永世儿陋巷贫居。他、他、他，天也有昼夜阴晴，是、是、是，人也有吉凶祸福，来、来、来，我也有成败荣枯(带云)我来到后巷里舞一回咱。(唱)自歌，自舞。那些儿教我心宽处，依仗着花朵般好媳妇。说甚么九烈三贞孟姜女，他可也不比其余。","chinese-poetry",""
"包待制智勘后庭花・沉醉东风","元","郑延玉","相公道老夫人违条犯法，怎敢就教他带锁披枷？(带云)相公，(唱)你侯门似海深，利害有天来大。则这包龙图怕也不怕，老夫怎敢共夫人做两事家？(带云)若是被论人睁起眼来，(唱)枉把村老子就公厅上唬杀。","chinese-poetry",""
"包待制智勘后庭花・雁儿落","元","郑延玉","见一个旋风随定马，不由我展转生疑讶。(带云)兀那鬼魂听者，(唱)你去到黄昏插状来，咱两个白日难说话。","chinese-poetry",""
"包待制智勘后庭花・殿前欢","元","郑延玉","你道是不曾见他女娇娃，这的是谁人题下这首〔后庭花〕？须不把你来胡遮剌，莫不我双眼昏花？(云)再看这首词咱。""无心度岁华，梦魂常在家。不见天边雁，相侵井底蛙。碧桃花，鬓边斜插，伴人憔悴杀。""词寄〔后庭花〕。翠鸾女作。(正末再念科)(唱)我从头儿再念咱，(带云)""不见天边雁，相侵井底蛙""？(唱)我这里口店详罢，(云)""不见天边雁，相侵井底蛙""！嗨，这女孩儿那得活的人也！可怜，可怜！(唱)这孩儿敢死在黄泉下。这官司无头无尾，那贼人难捉难拿。","chinese-poetry",""
"包待制智勘后庭花・鸳鸯煞","元","郑延玉","我说破阴魂莫更潜身怕，只要你秀才肯做迷心耍。不须今宵遭囚，免了每日随衙。畅道杀人贼不在海角天涯，我先知一个七八。(带云)张千，(唱)你与我传语他家，将冤恨都销化。到明朝管取擒拿，看那闹市云阳木驴上剐。(下)。","chinese-poetry",""
"包待制智勘后庭花・迎仙客","元","郑延玉","不由我心似痴，意如迷，那桩事不分个虚共实。好着我怎参详，难整理。准备下六问三推，快与我唤过来刘天义。","chinese-poetry",""
"包待制智勘后庭花・朝天子","元","郑延玉","你可也尽知就里，昨夜个正使着鸳鸯会。(带云)兀那秀才，(唱)你从头至尾说真实，可怎生只恁的难分细。我问在当厅无言抵对，他和你可曾说来历？你明知是鬼怕他来缠你，常言道爱他的着他的。","chinese-poetry",""
"包待制智勘后庭花・红绣鞋","元","郑延玉","那家居住在东村西地，那家委实的姓甚名谁？似这般几时得个分明日！你休得要硬抵讳，休得要假疑惑，我索合从头推勘你。","chinese-poetry",""
"包待制智勘后庭花・滚绣球","元","郑延玉","我则道连累着我，便教放了你，你可在这壁厢不伶不俐。常言道天网恢恢，你则待厮摘离暗欢喜，对清官磕牙料嘴。自古道无忧愁无是无非，怎想这金风未动蝉先觉，暗送无常死不知，准备着拷打凌迟。","chinese-poetry",""
"包待制智勘后庭花・煞尾","元","郑延玉","他则待明明将计策施，不承望暗暗的天地知。今日个勘成了因奸致命一凶贼，还报了这负屈衔冤两怨鬼。","chinese-poetry",""
"梧叶儿・粉脸淡蛾眉皱，妆残新月偃，愁压远山偏。火燎袄神庙，花飞金","元","李爱山","谷园，春去武陵源，直恁的缘薄分浅。","chinese-poetry",""
"尾声・春残连理枝，香冷合欢扇，好姻缘翻做了恶姻缘。还不彻相思债，","元","李爱山","叫不应离恨天。知他是甚时相见，两眉峰重画翠婵娟。","chinese-poetry",""
"正宫・端正好北忆别","元","方伯成","柳飞绵花飘瓣，又一番春事阑珊。蜂迷蝶困莺声懒，感起我愁无限。","chinese-poetry",""
"普天乐南・少欠下风流难，捱不彻忧愁限。伤心处凤只鸾单，孤眠时枕冷","元","方伯成","衾寒。自那日私情犯，料想娇姿遭拘绊。我痛着迷不似今番，愁眉泪眼，恨别离最易，相见应难。","chinese-poetry",""
"李太白匹配金钱记・正宫/端正好","元","乔吉","武陵溪可兀的韩王殴，韩工殿将着这五十文金钱，若金钱头的俺姻眷。抵多少家流出桃花片。","chinese-poetry",""
"李太白匹配金钱记・滚绣球","元","乔吉","那里有刺了臂的王仲宣，黥下额的司马迁，那里有警迹人贾生子建，那里有老而不死为谣的颜渊。(王府尹云)再有那几个古人做贼的来？(正末唱)有一个直不疑同舍郎，有一个毕吏部在酒瓮边，有一个晋韩寿曾偷香在贾充宅院，有一个匡衡曾将邻家墙壁凿穿。那里有偷瓜盗粟韩元帅，那里有钻穴逾墙闵子骞，小生委实的负屈衔冤。","chinese-poetry",""
"李太白匹配金钱记・叨叨令","元","乔吉","也不用龙蛇影动端溪砚，我则待燕莺期称于飞愿。谁待要顽涎醉倒琼林宴，我则怕鸳鸯不锁黄金殿。则被你称了心也么哥，则被你称了心也么哥，煞强似占鳌头稳步瀛洲选。","chinese-poetry",""
"李太白匹配金钱记・煞尾","元","乔吉","我本是个花一攒、锦一簇芙蓉亭，有情有意双飞燕，却做下山一带、水一派竹林寺无影无形的并蒂莲。愁如丝，泪似泉，心忙杀，眼望穿，只愿的花有重开月再圆，山也有相逢行也有穿，须觅鸾胶续断弦，对抚瑶琴写幽怨，闲傍妆台整鬓蝉，问品鸾箫并玉肩，学画娥眉点麝烟。几时得春日寻芳头划轩，夏藤簟纱厨枕臂眠；秋乞巧穿针会玉仙，冬赏雪观梅到玳筵，指淡月疏星银汉边，说海誓山盟曲槛前；唾手也似前程结姻眷，绾角儿夫妻称心愿。藉丝儿将咱肠肚牵，石碑丕将咱肺腑镌，笋条儿也似长安美少年，不能勾花朵儿似春风玉人面，干赚的相如走偌远，窄着我赶上文君则落的这一声喘。","chinese-poetry",""
"李太白匹配金钱记・迎仙客","元","乔吉","稳称身玉压腰，高梳髻玉搔头，则见他背东风佯个瞅。美也饱看取袜如钧，受则下那腰似柳。(旦笑科)(正末唱)我见他欲沿含羞，则见他半掩着泥金袖。","chinese-poetry",""
"李太白匹配金钱记・幺篇","元","乔吉","我怕没经人纬地才，拿云握雾手。稳情取步入蟾宫，跳过龙门，占下鳌头。(王府尹云)先生既有如此般手段，为何忧形于色？(正末唱)我愁的是花发东墙，月暗西即，云迷楚蚰。(背科云)我若见小姐一面呵，(唱)便不做那状元郎，我可也不曾眉皱。(王府尹云)先生数日作甚么功课？(正未云)小生常习《周易》。(三府尹云)先生既看《周易》，必然有甚心得的去处。老夫随喜观看咱。(做取书看。掉金钱私，云)书主掉下金钱未了也。(正末做慌科)(王府尹云)将这钱我看咱。这开元通宝金钱是我的。怎生得到这秀才手里来？好奇怪也。我试问这个秀才咱。先生，这开元通宝金钱，是圣人赐我的来，怎生得到你手里？你试说咱。(正末唱)。","chinese-poetry",""
"李太白匹配金钱记・普天乐","元","乔吉","闷倚遍这翠屏山，香烬在泥金兽，妆镜世占弯畅断，银筝上宝雁横秋。斗帐掩篆烟浓，深被拥红云皱。雨打梨花黄昏后。不信到他不念这个儒流，题诗呵闲吟在绿窗，回诗呵羞临粉墙，待月呵独坐南楼。","chinese-poetry",""
"李太白匹配金钱记・红绣鞋","元","乔吉","钱也我自道你有姻缘成就，钱也谁承望你无倒断阻隔绸缪，钱也我不曾将那十万贯腰缠着上扬州。我还不了那风流债，干买下些个断畅愁，钱也则俺这眼中人何处有？。","chinese-poetry",""
"李太白匹配金钱记・满庭芳","元","乔吉","好着我便趋前哎退后，这的是俺先人遗念。(王府尹云)谁遣与你来？(正末唱)是俺那祖上传留。(王府尹云)这开元通宝金钱，是圣人赐与我的，有谁人能勾？(正末唱)他道是开元通宝谁能勾，奉皇宣赐与公侯；都只为掉罨子驾交风友，到做下个脱稍儿燕侣莺俦。(王府尹云)可怎生这金钱落在你手里，其中必有暗昧也。(正末唱)相公你便休穷究，(王府尹云)兀那秀才？你从实的说。(正末唱)说着呵出乖弄丑，(王府尹云)你不说，此事干罢了那！(正末唱)题起来风雨替花愁。","chinese-poetry",""
"李太白匹配金钱记・耍孩儿","元","乔吉","几曾见偷香庭院里拿了韩寿，掷果的云阳内斩首，香乍私走的卓文君，就升仙桥上剐做骷髅。哎！险也！汉相如你涤器临邛市，秦弄玉吹箫跨凤楼，动不动君王行奏。本是些风花雪月，都做了笞仗徒流。","chinese-poetry",""
"李太白匹配金钱记・沉醉东风","元","乔吉","也不索频频的楼前动乐，谁知恁台吹箫。(贺知章云)贵公子家女孩儿抛绣球哩。(正未唱)紫丝鞭子内擎，绣球儿身边落，(云)哥哥，敢不是绣球儿？(贺知章云)兄弟，不是绣球是甚么？(正末唱)我觑的乱下风雹，(贺知章云)飞卿，这抛绣球儿的是王府尹的女孩儿。(正末唱)寄与他多情女艳娇，你着他别寻一个前程倒好。","chinese-poetry",""
"李太白匹配金钱记・水仙子","元","乔吉","他待生拆开碧桃花下凤鸾交，火烧了俺白玉楼头翡翠巢。(贺知章云)他今日倒陪缘房，招你为婿，(正末唱)他见我春风得意长安道，因此上迎头儿将女婿招。(贺知章云)你休无礼。他是你泰山丈人，你是他门下女婿。他敢打你哩。(正末唱)一恁他官人每棒有千条。(梅香上，云)学士，飞卿既然不肯成亲呵。放他马头过去罢。(正末唱)小姐你便权休怪，(梅香云)当日个不得第呵，怎生般模样，刚则做了官，便别了姐妇不肯时也由得你。(正末唱)梅香你便且莫焦，(贺知章云)兄弟也，一门好亲事我就了罢。(正末云)小官欲要不成这门亲事，则怕破了丈人体面也。(唱)今日可便轮到我妆幺。","chinese-poetry",""
"李太白匹配金钱记・雁儿落","元","乔吉","今日个画堂中设酒肴。花烛下同喧笑。高擎着合卺杯，齐动着合欢乐。","chinese-poetry",""
"李太白匹配金钱记・得胜令","元","乔吉","呀，若不是前世宿缘招，焉能勾玉杵会蓝侨。(旦云)将酒来，妾身与状元同奉父亲一杯。(正末同旦跪科)(贺知章云)兄弟，你恰才说平生不折腰于人，可早两遭儿也。(正末唱)哎，你个贺学士休讥诮，我如今为新人当拜倒。(王府尹云)咱也回奉状元一杯。(做把盏科)(正末唱)你也恃不得官高，动不动将咱吊。我也赌不得心高，早两遭儿折下腰。(李太白云)韩飞卿，你夫妻二人望阙跪着，听圣人的命。因你对策称旨，加授翰林学士，别赐黄金五十斤，与夫人柳眉儿添妆。(诗云)则为你十年辛苦困寒窗，一举成名天下扬。金钱自可成亲眷，玉杵无烦问渺茫。京兆堂中添贵客，翰林院呈擢仙郎。嵩呼万岁齐天喜，拜舞丹墀谢圣皇。(正末同旦谢恩科)(唱)。","chinese-poetry",""
"北一枝花","元","刘唐卿《白兔记》","(净领众上)昔日做朝内官，今做个山中寇，俺只为朝中奸诈多。有功的恨杀为仇，杀功的即便封侯，因此上撇了名锁和勾。","chinese-poetry",""
"随煞・银烛高烧从今夜，好风光未可轻别。留得东君少住些，惟恐怕西园","元","吴仁卿","海棠谢。闺情梁燕语呢喃，九十日春色过三。东风满院杨花谢，离情正苦，归情未准，鬼病将担。","chinese-poetry",""
"小桃红・官清法正古今稀，百姓安无差役。户口增添盗贼息，路不拾遗，","元","吴仁卿","托赖着万万岁当今帝。狼烟不起，干戈永退，齐贺凯歌回。","chinese-poetry",""
"尾・愿吾皇永坐在皇宫内，愿吾皇永掌着江山社稷。愿吾皇永穿着飞凤赭","元","吴仁卿","黄袍，愿吾皇永坐着万万载盘龙亢金椅。","chinese-poetry",""
"尾・想当日子房公会觅全身计，一个识空便抽头的范蠡。归山去的待看翠","元","吴仁卿","巍巍千丈岭头云，归湖的待看绿湛湛长江万顷水。","chinese-poetry",""
"耍孩儿・银烛淡淡光先照，瘦影孤灯对着，教人怎不自量度，急煎煎业眼","元","王挺秀","难交。虚飘飘魂迷了枕上胡蝶梦，笑吟吟喜喜欢欢鸾凤交。相思病难医疗，云收雨歇，魄散魂消。","chinese-poetry",""
"中吕・迎仙客风情","元","曾瑞","施计策，硬栽排，把明皇没扌刷地揣过来。假承塌，休<门系><门坐>，借债我做着傍牌。可敢别烧上风流怪。成密宠，正情浓，休听外人冷句儿哝。劣冤家，小业种，情我做着屏风。可休别凿透桃源洞。我共你，莫相离，肉铁索更粘如胶共漆。系着眉毛，结着{髟弟}髻，硬顶着头皮，熬一个心先退。","chinese-poetry",""
"中吕・红绣鞋风情","元","曾瑞","值暮景烟花领袖，点秋霜风月班头，少年狂翻作老来羞。有人处把些礼数，无人处结遍绸缪，任谁问休道咱共你有。假认义做哥哥般亲厚，行人情似妹妹般追逐，着小局断儿包藏着鬼胡由。明讲着昆仲礼，暗结了燕莺俦，似恁般谁猜疑我共你有。祆庙火既烧着皮肉，蓝桥水已淹过咽喉，紧按捺风声满南州。便毕罢了终是点污，若成合了到敢风流，不恁么呵也道是有。会云雨风也教休透，闲是非屁也似休亻秋，去那无缝锁上十字儿纽一个封头。由那快抡锹的闪着手腕，散楚的叫破咽喉，俺两个痛关心的情越有。期白昼家前院后，约黄昏雨歇云收，知他是你卖风他负德我胡ㄐ。由你义秧儿栽个强证，草本儿指个牵头，见如今他共我有。题桥志文章锦绣，驾车心体态温柔，女貌郎才忒风流。语言间情暗许，眼色内意相投，两个委实无人道做有。口儿快特婪侃嗽，脚儿勤推恋俳优，每日家弄子里茶坊中紧相逐，为俺待的厚，也亻来气快要的恶也忒情熟，因此上外人观恰便似有。闲谈笑踏科儿寻斗，但离别觅缝儿承头，好一会弱一会厮奚酬。着厮拾啜为了题目，闲打骂做了开头，两个虚难当又真个有。乔断案村亻来杂嗽，望梅花子弟单兜，侧脚里姨夫做了冤仇，苏小小弃了舞榭，许盼盼闭上歌楼，似恁么难厮着怎做得有。实镘的剐皮割肉，虚恩情撇闪提<鼻勾>，乾遇讪乔敷演几时休。妆砌末招人谤，哮孛郎儿人羞，强折证刚道他有。","chinese-poetry",""
"中吕・山坡羊自叹","元","曾瑞","南山空灿，白石空烂，星移物换愁无限。隔重关，困尘寰，几番肩锁空长叹。百事不成羞又赧。闲，一梦残。干，两鬓斑。叹世鸡鸣为利，鸦栖收计，几曾得觉囫囵睡。使心机，昧神祗，区区造下弥天罪。富贵一场春梦里。财，沤泛水。人，泉下鬼。荣华休傲，贫穷休笑，循环世态多颠倒。恰春朝，早秋宵，花开花谢都知道。今岁孟春花更早。花，依旧好。人，空谩老。虚名休就，眉头休皱，终身更不遭机彀。抱官囚，为谁愁，功名半纸难能够。争如漆园蝶梦叟。常，紧闭口。闲，且袖手。花逢春到，人逢时到，花开人旺多欢笑。看英豪，赏花娇，乐极悲至非人乐。花正发时风又恶。花，零落了。人，憔悴了。财帛争竞，田园吞并，得来未必成嘉庆。干虚名，舍残生，归来笑杀彭泽令。孤云野鹤为伴等。鹤，飞过境。云，行过岭。题情青鸾舞镜，红鸳交颈，梦回依旧成孤另。冻云晴，月华明，香消烛灭人初静。窗外朔风梅萼冷。风，寒夜景。横，梅瘦影。讥时繁花春尽，穷途人困，太平分的清闲运。整乾坤，会经纶，奈何不遂风雷信。朝市得安为大隐。咱，妆做蠢。民，何受窘。闺怨孤帏独卧，良宵空过，付能有梦还惊破。病成魔，泪如梭，凄凉无数来着末。凭谁顿开眉上锁。咱，无奈何。愁，无处躲。妓怨春花秋月，歌台舞榭，悲欢聚散花开谢。恰和协，又离别，被娘间阻郎心趄。离恨满怀何处说。娘，毒似蝎。郎，心似铁。","chinese-poetry",""
"中吕・快活三过朝天子警世","元","曾瑞","有见识越大夫，无转理楚三闾。正当权肯觅个脱身术，那的是高才处。老孤，面糊，休直待虚名误。全身远害倒大福，驾一叶扁舟去，烟水云林，皆无租赋，拣溪山好处居。相府，帅府，那与他别人住。肉撑翻鼎饕餮，土蚀损剑镆铘。诸公荣贵不曾绝，偏我如鸠拙。命耶，运耶，穷通内分优劣。蜂衙蚁阵且略别，伴四季闲风月。老瓦盆边，无明无夜，盆乾时酒再赊。醉也，睡也，一任教花开谢。受官厅暮雨残，待漏院晓霜寒。耽耽九虎隔重关，更险似连云栈。左难，右难，牢着脚周公旦。功成名遂不退闲，真个是痴呆汉。梦里浮华，浑无多限，觉来时两鬓斑。试看，这番，又是个新公案。老风情莺花寨不受敌，雨云乡纳降旗。簪花人老不相宜，枉惹的人牙戏。忏悔，罪累，要绝了鸾凤配，人心争奈不是木石，长感动思凡意。得遇知心，私情机密，有风声我怕谁。你任谁，问伊，硬抵着头皮讳。自误肉肥甘酒韵美，多一口便伤食。家传一瓮淡黄齑，吃过后须回味。恁地，老实，尚不可渔樵意。时乎命也我自知，无半点闲萦系。枕石眠云，蘧庐天地，正蝴蝶魂梦里。晓鸡，乱啼，又惊觉陈抟睡。劝娼花刷子拽大权，俏勤儿受熬煎。又待趁风流成就了好姻缘，又待认没幸看钱面。爱贤，爱钱，两件儿都从伊便。爱贤后谁强如李亚仙，爱钱把冯魁缠。敬富嫌贫，贤愚不辨，想苏卿也识见浅。当时你眼前，若选，谁后似双知县。","chinese-poetry",""
"双调・折桂令闺怨","元","曾瑞","秋霄淡淡轻阴，暮景萧条，疏雨霪霖。林外鸟啼，天边雁叫，砌下蛩吟。更漏永声来绣枕，篆烟消寒透罗衾。恨杀邻砧，惊散离魂，捣碎人心。秦城望断箫声，时物供愁，夜景伤情。鹤唳松庭，风摇槛竹，雨滴檐楹。银烛暗雕盘篆冷，绣帏孤翠被寒增。数尽残更，天也难明，梦也难成。","chinese-poetry",""
"杏水仙子・将将将紫丝缰紧兜揽，是是是春纤长勒不住碧玉衔。飕飕飕摔","元","曾瑞","风过长亭，出出出方行过短站。见见见三家店忽的向南，淹淹淹映香尘晓日红含。我我我软兀剌绣鞍身半探，看看看曲弯弯两叶蛾眉淡，瘦怯怯六幅翠裙搀。","chinese-poetry",""
"寨儿令・尴<九咸>，尴<九咸>，做的来所事忒严。想当初才貌两相堪，一","元","曾瑞","个是娇仕女，一个俊儿男，他自把那婚姻勘。","chinese-poetry",""
"正宫・端正好自序","元","曾瑞","一枕梦魂惊，千载风云过，将古来英俊评跋。谁才能谁霸道谁王佐，只落得高冢麒麟卧。","chinese-poetry",""
"滚绣球・时与命道不合，我和他气不和，皆前定并无差错。虽圣贤胸次包","元","曾瑞","罗，待据六合，要并一锅，其中有千万人我，各有天时地利人和。气难吞吴魏亡了诸葛，道不行齐梁丧了孟轲，天数难那。","chinese-poetry",""
"叨叨令・听樵歌牧唱依腔和，整丝纶独钓垂钩坐，铺苔茵展绿张云幕，披","元","曾瑞","渔蓑带雨和烟卧。快活也么哥，快活也么哥，且潜居抱道随缘过。","chinese-poetry",""
"一煞・也不学采薇自洁埋幽壑，不学举国独醒葬汨罗，也不学墨子回车，","元","曾瑞","巢由洗耳、河老腾云、许子衣褐，也不仰天长叹，也不待相宣言，也不扣角为歌，却回光照我，图甚苦张罗。","chinese-poetry",""
"南吕・一枝花买笑","元","曾瑞","银筝暗麝尘，锦瑟空檀架。青鸾临宝镜，丹凤隔烟霞。同是天涯，休辜负春无价。可憎他谁不夸，明出着月夜花朝，空寂寞鸳帏绣榻。","chinese-poetry",""
"三煞・凭温柔举止特如法，论恩爱疏薄却有差。你则待这回云雨匿巫峡，","元","曾瑞","一任教眉淡了春山，也不要张京兆轻盈巧画。陡恁地变了卦，阳台路新来下了面闸，要恋那谈笑生涯。","chinese-poetry",""
"尾・怕你肯不肯回与我句真实话，可休是不是空教人指点咱。细寻思再想","元","曾瑞","咱，好前程不是耍。由你彻骨的娘透了的滑，你那疑惑心则有半米儿争差，可敢错系了绿杨门外马。","chinese-poetry",""
"卖花声煞・悬河口紧闭山水间潜，经纶手忙抄尘世上闪。书万卷撑肠稳支","元","曾瑞","椽，有感幽怀露光焰，吐虹霓作歌挥剑。","chinese-poetry",""
"般涉调・哨遍秋扇","元","曾瑞","合欢制时人皆悦，斫湘川翠竹挑成篾。量分寸短长截，充直性见火随斜。便屈节，盘圈攒柄，下漆投胶，按素练如秋月。龟背罗色同沉麝，柄分开白璧，圈来定乌蛇。线缠着万缕黑龙须，囊鼓双飞玉蝴蝶。样制孤高，停分无偏，圆成不缺。","chinese-poetry",""
"耍孩儿・果然是弄巧番成拙，挽造化非同苟且。要移寒暑不由天，奈四时","元","曾瑞","正气无邪。当胸卷地兵尘避，举手谩天日色遮。风云隔，本人间器物，妆世上英杰。","chinese-poetry",""
"尾・汗沾襟似沸汤，地烘炉如炼铁。比及盼得到白露中秋节，把四海苍生","元","曾瑞","热杀也。麈腰千古风流旖旎，束纤腰偏称襄王意。翠盘中妃后逞妖娆，舞春风杨柳依依。喜则喜，深兜玉腹，浅露酥胸，拘束得宫腰细。一幅锦或挑或绣，金妆锦砌，翠绕珠围。卧铺绣褥酿春光，睡展香衾暗花溪。粉汗香袭，被底无双，怀中第一。","chinese-poetry",""
"五煞・照妖镇释坛，护心保命全。分开后对成姻眷，乐昌暗结风流配，鲁","元","曾瑞","肃深谋斩斫权。憔悴佳人倦，愁观衰貌，鼓照芳研。","chinese-poetry",""
"尾・据坚平明正清，非为俺自专。若回光返照仁人面，廉洁分明自然显。思乡","元","曾瑞","辇毂下人生有幸，乐太平歌舞同欢庆。金绮陌玉娉婷，间笙簧歌转流莺。斗驰骋，粉浓兰麝，肌莹琼酥，花解语娇相并。旦暮花魔酒病，诗酬酢好句，词赓和新声。樱唇月下品玉箫，春笋花前按银筝。正宴乐皇都，忽忆吴山，顿思越景。","chinese-poetry",""
"耍孩儿・山屏锦幛繁花盛，雪霁风和雨晴，良工着色画难成。竹疏梅淡轻","元","曾瑞","盈，竹穿坏壁凉阴浅，梅枕寒流瘦影清。贪幽净，懒趋权势，不就功名。","chinese-poetry",""
"尾・剡溪水半合，山阴雪欲平。还乡子安道无踪影，不回棹先生望谁请。羊诉冤","元","曾瑞","十二宫分了巳未，禀乾坤二气成形质。颜色异种多般，本性善群兽难及。向塞北，李陵台畔，苏武坡前，嚼卧夕阳外，趁满目无穷草地。散一川平野，走四塞荒陂。驭车善致晋侯欢，拂石能逃左慈危。舍命于家，就死成仁，杀身报国。","chinese-poetry",""
"耍孩儿・从黑河边赶我到东吴内，我也则望前程万里。想道是物离乡贵有","元","曾瑞","些峥嵘，撞着个主人翁少东没西。无料喂把肠胃都抛做粪，无水饮将脂膏尽化做尿。便似养虎豹牢监系，从朝至暮，坐守行随。","chinese-poetry",""
"尾・我如今剌搭着两个蔫耳杂，滴溜着一条粗硬腿。我便似蝙蝠臀内精精","元","曾瑞","地，要祭赛的穷神下的呵吃。村居人性善皆由天命，气清浊列等为贤圣。万物内最为灵，又幸为男子峥嵘。要自省，妍媸贵贱，寿夭穷通，这几事皆前定，使不着吾强我性。叹时乖运拙，随坎止流行。既知钟鼎果无缘，好向林泉且埋名。除去浮花，修养残躯，安排暮景。","chinese-poetry",""
"五煞・菜老便枯，菜嫩便荣，荣枯消长教人为证。菜因浇灌多荣旺，人为","元","曾瑞","功名苦战争。徒然竞，百年身世，数度阴晴。","chinese-poetry",""
"高平煞・照愁人残蜡碧荧荧，沉水烟消金兽鼎。败叶走庭除，修竹扫苍楹。","元","曾瑞","唱道是人和闷可难争，则我瘦身躯怎敢共愁肠竞。伤心情脉脉，病体困腾腾。画屋风轻，翠被寒增，也温不过早来袜儿冷。","chinese-poetry",""
"尾・睡魔盼不来，丫鬟叫不应，香消烛灭冷清清。唯嫦娥与人无世情，可","元","曾瑞","怜咱孤另，透疏帘斜照月偏明。","chinese-poetry",""
"离亭宴带歇指煞・无钱妆富刚为僭，有财合散休从俭。狂夫不厌，为口腹","元","曾瑞","遥天外置网罗，贪贿赂满肚里生荆棘，争人我平地上撅坑堑。六印多你尚贪，一瓢足咱无欠。君子退谦，把两字利名勾，向百岁光阴里，将一味清闲占。供庖厨野齑香，忘宠辱村醪酽。无客至柴荆昼掩，卧松菊北窗凉，躲风波世途险。","chinese-poetry",""
"离亭带歇指煞・顿不开眉上连环贯，续不上腹内柔肠断。凄惶业债，风流","元","曾瑞","婿魂梦中少团圆。淹渐病昼夜家厮缠缴，相思鬼行坐里常陪伴。暮寒生灯渐昏，微雨歇云初判。添愁衅端，风引漏声来，月移花影去，物感愁心乱。强解开闷套头，硬剁断愁羁绊，先擗掠凄凉两般。怀抱的枕儿温，香熏的被儿暖。","chinese-poetry",""
"破幽梦孤雁汉宫秋・赚煞","元","马致远","且尽此宵情，休问明朝话。(旦云)陛下明朝早早驾临，妾这里侯驾。(驾唱)到明日，多管是醉卧在昭阳御榻。(旦云)妾身贱微，虽蒙恩宠，怎敢耍望与陛下同榻？(驾唱)休烦恼，吾当且是耍，斗卿来便当真假。恰才家辇路儿熟滑，怎下的真个长门再不踏！明夜里西宫阁下，你是必悄声儿接驾，我则怕六宫人攀例拨琵琶。(下)。","chinese-poetry",""
"破幽梦孤雁汉宫秋・南吕/一枝花","元","马致远","四时雨露匀，万里江山秀。忠臣皆有用，高枕已无忧。守着那皓齿星眸，争忍的虚白昼。近新来染得些症候，一半儿为国忧民，一半儿愁花病酒。","chinese-poetry",""
"破幽梦孤雁汉宫秋・梁州第七","元","马致远","我虽是见宰相似文王施礼，一头地离明妃，早宋玉悲秋。怎奈他带天香着莫定龙衣袖。他诸余可爱，所事儿相投；消磨人幽闷，陪伴我闲游；偏宜向梨花月底登楼，芙蓉烛下藏阄。体态是二十年挑剔就的温柔，姻缘是五百载该拨下的配偶，脸儿有一千般说不尽的风流，寡人乞求他左右，他比那落伽山观自在无杨柳，见一面得长寿。情系人心早晚休，则除是雨歇云收。","chinese-poetry",""
"破幽梦孤雁汉宫秋・隔尾","元","马致远","恁的般长门前抱怨的宫娥旧，怎知我西宫下偏心儿梦境熟。爱他晚妆罢，描不成画不就，尚对菱花自羞。(做到旦背后看科)(唱)我来到这妆台背后，原来广寒殿嫦娥在这月明里有。","chinese-poetry",""
"破幽梦孤雁汉宫秋・三煞","元","马致远","我则恨那忘恩咬主贼禽兽，怎生不画在凌烟阁上头？紫台行都是俺手里的众公侯，有那椿儿不共卿谋，那件儿不依卿奏，争忍教第一夜梦迤逗？从今后不见长安望北斗，生扭作织女牵牛！(尚书云)不是臣等强逼娘娘和番，奈番使定名索取。况自古以来，多有因女色败国者。(驾唱)。","chinese-poetry",""
"破幽梦孤雁汉宫秋・二煞","元","马致远","虽然似昭君般成败都皆有，谁似这做天子的官差不自由！情知他怎收那膘满的骅骝。往常时翠轿香兜，兀自倦朱帘揭绣，上下处要成就。谁承望月自空明水自流，恨思悠悠。","chinese-poetry",""
"破幽梦孤雁汉宫秋・黄钟尾","元","马致远","怕娘娘觉饥时吃一块淡淡盐烧肉，害渴时喝一杓儿酪和粥。我索折一枝断肠柳，饯一杯送路酒。眼见得赶程途趁宿头，痛伤心重回首。则怕他望不见凤阁龙楼，今夜且则向灞陵桥畔宿。(下)。","chinese-poetry",""
"破幽梦孤雁汉宫秋・驻马听","元","马致远","宰相每商量，大国使还朝多赐赏。早是俺夫妻悒怏，小家儿出外也摇装。尚兀自渭城衰柳助凄凉，共那灞桥流水添惆怅。您偏不断肠。想娘娘那一天愁都撮在琵琶上。","chinese-poetry",""
"破幽梦孤雁汉宫秋・落梅风","元","马致远","可怜俺别离重，你好是归去的忙。寡人心先到他李陵台上。回头儿却才魂梦里想，便休题贵人多忘。","chinese-poetry",""
"破幽梦孤雁汉宫秋・殿前欢","元","马致远","说甚么留下舞衣裳，被西风吹散旧时香。我委实怕宫车再过青苔巷，猛到椒房，那一会想菱花镜里妆，风流相，兜的又横心上。看今日昭君出塞，几时似苏武还乡？。","chinese-poetry",""
"破幽梦孤雁汉宫秋・雁儿落","元","马致远","我做了别虞姬楚霸王，全不见守玉关征西将。那里取保亲的李左车，送女客的萧丞相？(尚书云)陛下不必挂念。(驾唱)。","chinese-poetry",""
"破幽梦孤雁汉宫秋・得胜令","元","马致远","那里也架海紫金梁？枉养着那边庭上铁衣郎。您也要左右人扶持，俺可甚糟糠妻不下堂！您但提起刀枪，却早小鹿儿心头撞。今日央及煞娘娘，怎做的男儿当自强！。","chinese-poetry",""
"破幽梦孤雁汉宫秋・鸳鸯煞","元","马致远","我则索大臣行说一个推辞谎，又则怕笔尖儿那火编修讲。不见他花朵儿精神，怎趁那草地里风光？唱道伫立多时，徘徊半响；猛听的塞雁南翔，呀呀的声嘹亮。却原来满目牛羊，是兀那载离恨的毡车半坡里响。(下)。","chinese-poetry",""
"破幽梦孤雁汉宫秋・幺篇","元","马致远","伤感似替昭君思汉主，哀怨似作薤露哭田横，凄怆似和半夜梦歌声，悲切似唱三叠阳关令。(雁叫科)(云)则被那泼毛团叫的凄楚人也。(唱)。","chinese-poetry",""
"破幽梦孤雁汉宫秋・满庭芳","元","马致远","又不是心中爱听，大古似林风瑟瑟，岩溜冷冷。我只见山长水远天如镜，又生怕误了你途程。见被你冷落了潇湘暮景，更打动我边塞离情，还说甚雁过留声。那堪更瑶阶夜永，嫌杀月儿明。(黄门云)陛下省烦恼，龙体为重。(驾云)不由我不烦恼也。(唱)。","chinese-poetry",""
"破幽梦孤雁汉宫秋・随煞","元","马致远","一声儿绕汉宫，一声儿寄渭城；暗添人白发成衰病，直恁的吾家可也劝不省。","chinese-poetry",""
"吕洞宾三度城南柳・幺篇","元","谷子敬","这剑六合砌为垆，二气铸成模。呼的风，唤的雨，驱的云雾，屠的龙，诛的虎，灭的鬼生鬼吾。霜锋如巨阙，冰刃胜昆吾；光摇牛斗暗，气压鬼神伏。(云)你当今这剑有用他处。(酒保接剑，挂背上科，云)这剑是有用处，也好切菜。先生，酒不打紧。如今天色晚了，这楼上有两个精怪，到晚便出来迷人，酒客晚间不敢在这楼上吃酒。(正末云)有甚么精怪？我不怕他。(酒保云)你有甚么术法，却不怕他？(正末唱)。","chinese-poetry",""
"吕洞宾三度城南柳・赚煞","元","谷子敬","为甚么桃脸破红颜，柳眼垂青顾，认得俺东君是主。堪笑时人空有目，如肓般岂辨贤愚。这火凡夫都是些懵懂之徒，不识回仙元姓吕。则不如把红尘跳出，袖白云归去，我则待朗吟飞过洞庭湖。(下)。","chinese-poetry",""
"吕洞宾三度城南柳・正宫/端正好","元","谷子敬","不争我三入岳阳城，又则索再出蓬莱洞，跨黄鹤拂两袖天风。到世间不是我尘缘冗，则被这花共柳相搬弄。","chinese-poetry",""
"吕洞宾三度城南柳・滚绣球","元","谷子敬","我待从容饮巨觥，他可殷勤捧玉钟，出红妆主人情重，强如列珍馐炮凤烹龙。(净云)师父，我会舞，等浑家也唱一个曲儿，替师父送酒何如？(做舞唱科)(正末唱)你看尊中酒不空，筵前曲未终，怎消得贤夫妇恁般陪奉，(净云)师父，俺两口儿这般歌舞，堪做一对儿。(正末唱)你那小蛮腰敢配不上樊素喉咙。休看那舞低杨柳楼心月，且听这歌尽桃花扇底风，倚翠偎红。","chinese-poetry",""
"吕洞宾三度城南柳・小梁州","元","谷子敬","为甚么这两朵桃花上脸红，须是你本面真容。想着那去年今日此门中，你将我曾迎送，这搭里再相逢。","chinese-poetry",""
"吕洞宾三度城南柳・啄木儿尾","元","谷子敬","怕不你霜凝时刚挨得秋，雪飘怎过冬？觑了这没下稍的枯杨成何用！想你那南柯则是一梦，争如俺桃花依旧笑春凤。(同旦下)。","chinese-poetry",""
"吕洞宾三度城南柳・南吕/一枝花","元","谷子敬","蝇头利不贪，蜗角名难恋。行藏全在我，得失总由天。甘老江边，富贵非吾愿，清闲守自然。学子陵遁迹在严滩，似吕望韬光在渭川。","chinese-poetry",""
"吕洞宾三度城南柳・隔尾","元","谷子敬","见一个庞眉老叟行在前面，见一个绝色佳人次着后肩。恰渡过芳洲早望不见。多管在竹林寺边，桃花坞前，便趁着东风敢去不远。","chinese-poetry",""
"吕洞宾三度城南柳・骂玉郎","元","谷子敬","觑了这琼花顷刻飘扬遍，银海岛玉山川，沧波万顷明如练。龙鳞般云外飘，鹅毛般江上剪，蝶翅般风中旋。","chinese-poetry",""
"吕洞宾三度城南柳・感皇恩","元","谷子敬","可早漫地漫天，更扑头扑面。雪拥就浪千堆，雪裁成花六出，雪压得柳三眠。(净云)这雪看看下得大了。好冷也。(正末唱)你这般愁风怕雪，甚的是带雨拖烟？你索拳双足，瞑双目，耸双肩。(净云)我起去摇橹，借你蓑衣披着。(作借蓑衣科)(正末唱)。","chinese-poetry",""
"吕洞宾三度城南柳・采茶歌","元","谷子敬","他将我绿蓑穿，他把那橹绳牵，兀的是柳丝摇拽晚风前。那里是雪片纷纷大如手，须是杨花滚滚乱如绵。","chinese-poetry",""
"吕洞宾三度城南柳・煞尾","元","谷子敬","天宽呵，无由得遇青鸾；便海阔也，有信难通锦鲤传。也不索登长空，临巨渊，过重山，涉大川，只隔得一片白云便相见。天涯在你目前，海角在你足边。不比你那送行处，西出阳关路儿远。(下)(净云)幸得这渔翁渡我过来，又指引我正道，则索依着他前面去。走了许远，只见四面云山，重重叠叠，知他是那里！兀那松荫下有个洞门，里面必定有人！我索问一声。(做敲门，旦上开门科，问云)是谁？(净做见科，云)我那里不寻，那里不觅，元来你却在这里！咱和你回去来。(旦云)这便是家，我那里去！师父在里面等我。(净云)这歪刺骨无礼。我偌远赶来寻你，你不回去，只恋着那先生，是甚么缘故？这等泼贱，不杀了要他何用？(做拔剑，杀旦科，云)我把这死尸丢在洞门前水里流将去。我藏了这剑，等那先生出来，也杀了他，方才出的我这一口臭气。(外扮公人上，云)杀人贼，那里去！(净慌走，公人赶上拿住科，云)咱拿杀人贼，见官去来。(左右报复，云)(外扮孤上，云)今日升衙。是谁这等吵闹！(公人云)拿得杀人贼在此。犯人当面。(孤云)这厮如何白日杀人？(净云)小人不曾杀人。我的浑家被一个先生引到这里，小人寻见了，教他跟我回去，被那先生把我浑家杀了。不干小人事。(孤云)你认的那先生么？(净云)小人认的。(孤云)左右，押这厮去寻那先生来对理。(押净下)。","chinese-poetry",""
"吕洞宾三度城南柳・驻马听","元","谷子敬","则为你体性颠狂，柳絮随风空自忙。可怜芳魂飘荡，撇得桃花逐水为谁香？你是个入天台逞大胆的莽刘郎，扫蛾眉下毒手的乔张敞。只待学赚神女楚襄王，送的下巫峡，你却在阳台上。(公人云)同见官去，你两个折证咱。(行科，孤上做见科)(正末云)贫道稽首。(孤云)兀那道人，那厮指你杀了他媳妇。端的是谁杀来？(正末云)他浑家跟我修行办道，这厮寻见，将他杀了。不干贫道事。(净云)是他杀了！(正末云)则看谁有刀仗，便是杀人的。(孤云)这个说的是。左右搜看。(公人搜净，见剑科)(正末唱)。","chinese-poetry",""
"吕洞宾三度城南柳・雁儿落","元","谷子敬","杆子你千条翠带长，万缕青丝扬。不将意马拴，却把心猿放。","chinese-poetry",""
"吕洞宾三度城南柳・得胜令","元","谷子敬","呀，推倒老孤桩，横在小池塘。未做擎天柱，先为架海梁。你看一寸春光，能有几日柔条旺？犯着咱三尺秋霜，管教你登时落叶黄。(做杀净，闭目科)(正末背剑，打渔鼓、简子，孤、众人各改扮众仙上)(正末云)弟子如今省了也。(净开目科，云)恰才杀了我，如何又活了呀？原来我是城南柳树精，可知头上生出柳枝来。(做打稽首，云)师父，原来这官府公人都是神仙，可是那几位？(正末云)这七人是汉钟离、铁拐李、张果老、蓝采和、徐神翁、韩湘子、曹国舅。(唱)。","chinese-poetry",""
"吕洞宾三度城南柳・水仙子","元","谷子敬","这个是携一条铁拐入仙乡，这个是袖三卷金书出建章，这个是敲数声檀板游方丈，这个是倒骑驴登上苍，这个是提笊篱不认椒房，这个足背葫芦的神通大，这个是种牡丹的名姓香。(净云)这七位神仙都认的了。师父可是谁？(正末唱)贫道因度柳呵，道号纯阳。","chinese-poetry",""
"吕洞宾三度城南柳・落梅风","元","谷子敬","则为你临官路，出粉墙，常只是转眼间花残花放。引的个呆崔护洞门前来谒浆，且喜你桃源故人无恙。","chinese-poetry",""
"吕洞宾三度城南柳・折桂令","元","谷子敬","端的是隔红尘景物非常，上面有彩凤交飞，青鸟翱翔。和那瑶草为邻，灵椿共茂，丹桂同芳。只教你占断风清月明，根盘的地老天荒。我为甚折取垂杨，移向扶桑！但能勾五千岁遐龄，索强如九十日韶光。","chinese-poetry",""
"吕洞宾三度城南柳・随尾","元","谷子敬","从此后溪花喜有人相傍，岩枝怕甚风摇荡。今日个繁华梦恰才醒，翠红乡再休想。","chinese-poetry",""
"秦修然竹坞听琴・幺篇","元","石子章","止不过羲之字，老杜诗，戴松牛，韩干马。止不过枯木竹石，山水翎毛，雪月风花。若题着，那些人，都皆亡化，到如今是渔樵一场闲话。(梁尹云)道姑，兀这书画，则道老夫不识。自古以来，思凡的仙女甚多，则说灵照女透丹霞，这一桩事，你可知道么？(正旦唱)。","chinese-poetry",""
"秦修然竹坞听琴・赚煞","元","石子章","建起座七真坛，新盖了三清殿。往常我酝酿真心不浅，不想这一曲瑶琴声婉转，包藏着那美满姻缘。并香肩月下星前，共指三生说誓言。我也到不的蓬阆苑，羞对着药垆经卷，我愁的是小窗孤枕夜如年。(下)。","chinese-poetry",""
"秦修然竹坞听琴・红绣鞋","元","石子章","我恰才搭伏定芙蓉懒架，恰合眼梦见他家，觉来也依旧隔天涯。早是我心绪又乱，更那堪客人侵杂，道甚么相公在门首前方下马。(小姑云)相公请进。(梁尹见旦科，云)这个道姑是生的好也。(正旦云)稽首，相公请坐。小姑，快烹茶来。(梁尹云)道姑，你也请坐。(正旦云)贫姑不敢。(梁尹云)道姑，兀的恭敬不如从命。(正旦云)既如此。斗胆了。(稽首坐科)(梁尹云)道姑，我此一来你试猜咱。(正旦云)相公此来，贫姑是猜波。(唱)。","chinese-poetry",""
"秦修然竹坞听琴・尾声","元","石子章","怎如陀敢门锁绿苔，闲事扫落花。抱瑶琴高卧在松阴下，便做不得神仙，我也快活煞。(下)。","chinese-poetry",""
"秦修然竹坞听琴・雁儿落","元","石子章","别不曾将亲眷邀，那里把你个姑姑告？(老道姑云)你为甚么事便还了俗？(正旦唱)我这有宿缘的要还俗，(老道姑云)我到道录司告去，不道的饶了你哩。(正旦唱)哎！你个有火性的何须闹？(老道姑云)你既是出不的家，谁教你出家？(正旦唱)。","chinese-poetry",""
"秦修然竹坞听琴・得胜令","元","石子章","呀！大古来人怨语声高，怎知俺父母有盟约？你待要锯倒连枝树，分开比翼鸟。未曾出胎胞，早指腹成亲了。直到的今朝，才得这夫妻成对好。","chinese-poetry",""
"秦修然竹坞听琴・折桂令","元","石子章","多应是欲火三焦，一时焰起，遍体焚烧。似这等难控难持，便待要相偎相傍，也顾不得人笑人嘲。想着你瘦山。","chinese-poetry",""
"秦修然竹坞听琴・离亭宴煞","元","石子章","咱如今把围棋识破了输赢着，瑶琴弹彻相思调，这婚姻是天缘凑巧。稳坐了七香车，高揭了三檐伞，请受了金花诰。再不赴偷香窃玉期，再不事炼药烧丹教，从些后无烦少恼。便不能随他萧史并登仙，只情愿守定梁鸿只谐老。","chinese-poetry",""
"古水仙子・我、我、我自鉴戒，似、似、似锦阵里疏狂李太白。将、将、","元","谷子敬","将宝剑共瑶琴，还、还、还花钱共酒债。我、我、我嫌天宽恨地窄，呀、呀、呀，却原来是冬景幽哉。看、看、看泻长空瑞雪风乱筛，见、见、见傲冰魂玉梅南轩外，馨、馨、馨，时送将暗香来。","chinese-poetry",""
"梧叶儿・刀搅也似柔肠断，爬推也似泪点垂，似醉有如痴。笔砚上疏了工","元","谷子敬","课，茶饭上减了饮食，针指上罢了心机，怎对人言说这就里！。","chinese-poetry",""
"尾声・常记得枕席间说的言，星月底设来的誓。谁想这辜恩薄幸负心贼，","元","谷子敬","自相别数年无信息。比及你登科及第，我则索上青山化做望夫石。","chinese-poetry",""
"包待制智斩鲁斋郎・仙吕/端正好","元","关汉卿","被论人有势权，原告人无门下，你便不良会可跳塔轮铡，那一个官司敢把勾头押？提起他名儿也怕。","chinese-poetry",""
"包待制智斩鲁斋郎・赚煞","元","关汉卿","哎，只被你巧笑倩祸机藏，美目盼灾星现；也是俺连年里时乖运蹇，可可的与那个恶那吒打个撞见，唬的我似没头鹅、热地上的蚰蜒。恰才个马头边附耳低言，一句话似亲蒙帝王宣。（做拿弹子拜科）（唱）这弹子举贤荐贤，他来的扑头扑面，明日个你团圆却教我不团圆！（下）。","chinese-poetry",""
"包待制智斩鲁斋郎・南吕/一枝花","元","关汉卿","全失了人伦天地心，倚仗着恶党凶徒势，活支剌娘儿双拆散，生各札夫妇两分离。从来有日月交蚀，几曾见夫主婚、妻招婿？今日个妻嫁人、夫做媒，自取些奁房断送陪随，那里也羊酒、花红、缎匹？。","chinese-poetry",""
"包待制智斩鲁斋郎・梁州第七","元","关汉卿","他凭着恶哏哏威风纠纠，全不怕碧澄澄天网恢恢。一夜间摸不着陈抟睡，不分喜怒，不辨高低。弄的我身亡家破，财散人离，对浑家又不敢说是谈非，行行里只泪眼愁眉。你、你、你，做了个别霸王自刎虞姬，我、我、我，做了个进西施归湖范蠡，来、来、来，浑一似嫁单于出塞明妃。正青春似水，娇儿幼女成家计，无忧虑，少萦系；平地起风波二千尺，一家儿瓦解星飞！。","chinese-poetry",""
"包待制智斩鲁斋郎・四块玉","元","关汉卿","将一杯醇糯酒十分的吃。（贴旦云）张孔目少吃，则怕你醉了。（正末唱）更怕我酒后疏狂失了便宜。扭回身刚咽的口长吁气，我乞求得醉似泥，唤不归；（贴旦云）孔目，你怎么要吃的这等醉？（正末云）大嫂，你那里知道？（唱）我则图别离时，不记得。","chinese-poetry",""
"包待制智斩鲁斋郎・骂玉郎","元","关汉卿","也不知你甚些儿看的能当意？要你做夫人，不许我过今日，因此上急忙忙送你到他家内。（贴旦云）孔目，你这般下的也！（正末唱）这都是我缘分薄，恩爱尽，受这等死临逼。","chinese-poetry",""
"包待制智斩鲁斋郎・黄钟尾","元","关汉卿","夺了我旧妻儿，却与个新佳配，我正是""弃了甜桃绕山寻醋梨。""知他是甚亲戚？教喝下庭阶，转过照壁；出的宅门，扭回身体，遥望着后堂内养家的人，贤惠的妻。非今生是宿世，我则索寡宿孤眠过年岁，几时能勾再得相逢，则除是南柯梦儿里！（下）。","chinese-poetry",""
"包待制智斩鲁斋郎・红绣鞋","元","关汉卿","怕不待打叠起千忧百虑，怎支吾这短叹长吁？（徕儿云）俺母亲怎生不见来了？（正末唱）他可便一上青山化血躯。将金郎眉甲按，把玉姐手梢扶，兀的不痛杀人也儿共女！。","chinese-poetry",""
"包待制智斩鲁斋郎・迎仙客","元","关汉卿","你把孩儿亲觑付、厮抬举。这两个不肖孩儿也有甚么福？便做道忒贤达，不狠毒。（里云）孔目，你放心，就是我的孩儿一般看成。（正末唱）看成的似玉颗神珠，终不似他娘肠肚。（李四上，云）我来到郑州。这是姐姐、姐夫家。我叫门咱（做叫门科）（正末云）谁叫门哩？我看去。（见科）（正末云）原来是舅子。你的症候，我如今也害了也！（李四云）姐姐有好药！（正末云）不是那个急心疼症候，用药医得；是你那整理银壶瓶的症候。你姐姐也被鲁斋郎夺将去了也！（李四云）鲁斋郎，你早则要了俺家两个人儿也！（正末云）舅子，我可也强似你。他与了我一个小姐，叫做娇娥。（李四云）鲁斋郎，你夺了我的浑家，草鸡也不曾与我一个。姐夫，既没了姐姐，我回许州去罢。（正末云）舅子，这个便是你姐姐一般，厮见一面，怕做甚么？（李四云）既如此，待我也见一面，我就回去。姐夫，你可休留我。（做相见各留意科）（正末云）舅子，你敢要回去么？（李四云）姐夫，则这里住倒好。（正末云）好奇怪也！（唱）。","chinese-poetry",""
"包待制智斩鲁斋郎・幺篇","元","关汉卿","我一时间不认的人，你两个忒做的出！空教我乞留乞良、迷留没乱、放声啼哭。这郑孔目拿定了萧娥胡做，知他那里去了赛娘、僧住？（云）罢、罢、罢！浑家被鲁斋郎夺将去了，一双儿女又不知所向。甫能得了个女人，又是银匠李四的浑家，我在这里怎生存坐？舅子，我将家缘家计，都分付与你两口儿；每月斋粮道服，休少了我的。我往华山出家去也！（李四云）姐夫，你怎生弃舍了铜斗儿家缘、桑麻地土？我扯住你的衣服，至死不放你去。（正末唱）。","chinese-poetry",""
"包待制智斩鲁斋郎・耍孩儿","元","关汉卿","休道是""东君去了花无主""，你自有莺俦燕侣。我从今万事不关心，还恋甚衾枕欢娱？不见浮云世态纷纷变，秋草人情日日疏，空教我泪洒遍湘江竹！这其间心灰卓氏，干老了相如。（李四云）俺姐姐不知在那里？（正末云）你那姐姐呵，（唱）。","chinese-poetry",""
"包待制智斩鲁斋郎・二煞","元","关汉卿","这其间听一声""金缕""歌，看两行红袖舞，常则是笙箫缭绕丫鬟簇；三杯酒满金鹦鹉，六扇屏开锦鹧鸪，反倒做他心腹。那厮有拐人妻妾的器具，引人妇女的方术。","chinese-poetry",""
"包待制智斩鲁斋郎・尾煞","元","关汉卿","再休提掌刑名都孔目，做英雄大丈夫，也只是""野人自爱山中宿""。眼看那幼子娇妻，我可也做不的主！（下）。","chinese-poetry",""
"包待制智斩鲁斋郎・折桂令","元","关汉卿","想当初向清明日共饮金波，张孔目家世坟莹，须不是风月鸣珂。他将俺儿女夫妻，直认做了云雨巫娥。俺自撇下家缘过活，再无心缎匹缤罗你只管信口开合，絮絮聒聒；俺张孔目怎还肯缘木求鱼，鲁斋郎他可敢暴虎冯河！。","chinese-poetry",""
"包待制智斩鲁斋郎・得胜令","元","关汉卿","今日个天理竟如何？黎庶尽讴歌。再不言宋天子英明甚，只说他包龙图智慧多。鲁斋郎哥哥，自惹下亡身祸；我舍了个娇娥，早先寻安乐窝。（云）今日我去云台观散心咱。（贴旦云）李四，你看那道人，好似你姐夫。你试唤他一声咱！（李四叫科，云）张孔目！（正末回头科，云是谁叫张孔目？（做见科，云）兀的不是我浑家李氏！（贴巨云）你怎撇了我出了家？劝你还俗罢！（正末诗云）你待散时我不散，悲悲切切男儿汉。从前经过旧恩情，要我还俗呵，有如曹司翻旧案。（众云）你还了俗罢！（正未云）我修行到这个地步，如何肯再还俗？（众拜科）（正末唱）。","chinese-poetry",""
"包待制智斩鲁斋郎・收尾","元","关汉卿","多谢你大恩人救了咱全家祸，抬举的孩儿每双双长大，莫说他做亲的得成就好姻缘，便是俺还俗的也不误了正结果。","chinese-poetry",""
"亻刍梅香骗翰林风月・幺篇","元","郑光祖","哎！不妨。（白敏中云）小娘子可怎了也？（怎旦指白科，唱）莫慌。（指自科唱）我当。（夫人云）先唤过樊素那小贱人来！(白敏中向旦云)小姐，望你遮着俺咱。（正旦云）你受责啊，理之当然。我可图些甚么来！（旦儿云）罢么，好姐姐，你先过去，你自回的好着么？（正旦云）由他，你两个只在这里，我过去见夫人，若说得过呵，你休欢喜，说不过呵，你休烦恼。（见夫人科）（夫人云）小贱人跪者（正旦跪科）（夫人云）小贱人，你知罪么？（正旦云）我不知罪。（夫人打科，云）这小贱人！你还说不知。你做的好勾当哩！（正旦唱）亲生女非比他行，家丑事不可外扬。（夫人云）谁着你引着小姐，往后花园中，看白敏中去来？你若实说呵，我便饶了你，你若不实说呵，我打死你这小贱人！（正旦云）谁见来？（夫人打科，云）我亲自撞见，你还强嘴！（正旦云）老夫人休打闪了手。此非妾之罪，皆夫人之过也。（唱）你索取一个治家不严的招状。（夫人云）这小贱人，连我也指攀着。（正旦云）请夫人息雷霆之怒，容贱妾陈是非之由：当日先相国临终遗言道：""夫人将小姐纳白敏中为婿，为报参军救死之恩，如违我之遗言，我死不瞑目。""言犹在耳。白敏中到来，不审夫人何意，却令小姐以兄妹之礼相见。既然如此，只何将敏中送于别馆安下，厚赆他还乡，以绝其望。却留在后花园中万卷堂上居住。使佳人才子，临风对月，心非木石，岂无所思？妾身之罪，固不可逃，无人之愆，亦不可免也。（夫人云）我却有甚罪？（正旦云）夫人有四罪。（夫人云）我有那四罟？（正旦云）不从相国遗言，罪之一也。不能治家，罪之二也。不能报白氏之恩，罪之三也。不能蔽骨肉之丑，罪之四也。（唱）。","chinese-poetry",""
"亻刍梅香骗翰林风月・赚煞","元","郑光祖","你道信步出兰庭，院悄人初静。(旦儿云)这早晚有谁出来？(正旦云)不是别人。(唱)静听是弹琴的那生。(白咳嗽科)(旦儿云)他便知道呵，怎知俺来这里做甚么？(正旦唱)生猜咱无情似有情。(旦儿云)怎知无情似有情？(正旦唱)情知咱甚意来听。(云)夜深了，咱回去来。(旦儿云)这早晚甚么时候了？(正旦唱)听沉罢过初更，更阑也休得消停。(旦儿云)你要来便来，你要去便去，再待些儿怕甚么。(正旦唱)停待甚忙将那脚步儿行。(旦儿云)行到那里去？(正旦唱)行过那梧桐树儿边金井。(旦儿云)因甚么往那里去？(正旦唱)井阑边把身躯儿掩映。(旦儿云)你前面行，我后面跟将去呵。(正旦唱)映着我这影儿呵，(旦儿云)樊素，你则道我不看见你哩。(正旦唱)好着我嫌杀月儿明。(下)。","chinese-poetry",""
"亻刍梅香骗翰林风月・小桃红","元","郑光祖","那生敢倚书窗想像赴高唐。（白敏中向前楼旦科，云）小姐，你来了也。（正旦慌科，云）是谁？（白敏中云）是我。（正旦唱）吓得我可扑扑小鹿儿心头撞。偌早晚是谁人敢无状？（白敏中云)我则道是小姐来了。（正旦唱）可怎生恁风狂。(白敏中云）我不想是小娘子，你恕罪咱。（正旦云）可早是我哩，是夫人呵，可怎生了也。（唱）若是俺夫人撞见如何讲？（白敏中云）是小生病得这般昏了也。（正旦唱）便道是害的你神魂荡漾，你也将眼皮开放。你常好是热蟒也东阳。","chinese-poetry",""
"亻刍梅香骗翰林风月・收尾","元","郑光祖","俺小姐情坚如碧玉簪，心赤如黄金凤，意你不别你个白衣相。（白敏中云）小姐还有甚么分付小生来？（正旦云）呀！争些儿反来忘了。（唱）两件事教先生行拜上，（白敏中云）那两件事那？（正旦云）小姐道，你若是凤墀得志，雁塔题名，可早来呵！（唱）做俺这有情的相国状元郎。（白敏中云）那一件却是甚么？（正旦云）则不要叫人骂你。（唱）骂你做薄幸的长安少年党。（下）。","chinese-poetry",""
"亻刍梅香骗翰林风月・折桂令","元","郑光祖","今夜个""有朋自远方来""。(旦儿云)是那个亲眷？（正旦唱）你今日对上菱花，配上金钗。（旦儿云）你说波，是谁？（正旦唱）当日个赶的你羞脸儿离门，如今个气昂昂日转千阶。从今后秦弄玉休登凤台，早则是汉刘郎误入天台。（旦儿云）敢不是么？（正旦唱）不索疑猜，我认的明白，不少欠你无万数相忆相思，他步蟾宫将桂枝折得回来。（旦儿云）您且慢些欢喜，休认错了。（白敏中云）兀那小妈才，你说谁哩！我待不言语来，忍不的你这般胡说乱道。你则道我不认的你，你瓣前来，我试问你咱。（正旦云）小姐，我道你休说波。（唱）。","chinese-poetry",""
"亻刍梅香骗翰林风月・雁儿落","元","郑光祖","呀！恼了这春风门下客。（白敏中云）你道我不敢打你么？（正旦云）你便是新状元呵。也则是俺家新女婿，怎生要打我那？（唱）则是我少欠你那脓血债。（白敏中云）你则管胡言乱道，端的是说谁？（正旦唱）据梅香胡口开。（白敏中云）我既是你家女婿，也是你的侍长，我怎生不敢打你？（正旦唱）告学士高抬手权耽待。","chinese-poetry",""
"亻刍梅香骗翰林风月・得胜令","元","郑光祖","这壁厢是没上下的小奴胎。（白敏中云）那壁厢莫不是小姐么？（正旦唱）那壁厢是抢白你的女裙钗。（白敏中云）那一夜小姐则被他抢白杀小生也！（正旦唱）那的是俺小姐契贞烈。（白敏中云）都是老夫人阻了佳期也，（正旦唱）是俺那老夫人使的计策，把好事冲开，教你挣坐一个金鱼袋。（白敏中云）樊素，今日有圣人的命，可将我赶出么？（正旦唱）虽然是御笔亲差，你可也索安排着玉镜台。（白敏中云）请岳母拜见咱。（夫人上云）我道是谁来，原来却是白敏中。（见科）（白敏中云）请岳母稳坐，将酒来，我与岳母把杯呵。（正旦云）住者！（唱）。","chinese-poetry",""
"谢金吾诈拆清风府・赚煞","元","无名氏","若不除得那昧心贼，依旧把俺那门楼盖，则除非把俺杨家姓改！他则待赚俺孩儿寻罪责，则今朝将你个都管亲差。这书上已明开，休的胡猜，就儿里关连着大利害。虽则是被那厮抢白，嘱付孩儿宁奈，休得要误军机私下禁关来。(下)。","chinese-poetry",""
"谢金吾诈拆清风府・南吕/一枝花","元","无名氏","这两日气的我闷闷的眠，害得我恹恹的卧。把功臣生割舍，纵贼子放乖泼。天理如何！着细作都瞒过，圣人前宠用他。现放着中书省鼎鼐调和，枢密院将边关事领掇。","chinese-poetry",""
"谢金吾诈拆清风府・梁州第七","元","无名氏","都是这两赖子调度的军马，你可甚么一管笔判断山河！痛煞煞这几日难挨过。不听的做夜市的炒闹，争地铺的搀夺。经商客旅，买卖无多。往常时这清风楼前后屯合，到今日冷清清只一片空阔。不见了祥云罩碧瓦丹甍，不见了晓日映珠帘绣幕，不见了香雾锁画戟雕戈。那厮敢胡为，乱做。把先皇圣旨不怕些儿个，平白地闯出这场祸。送的我倒枕着床没奈何，拆的来做不得存活。","chinese-poetry",""
"谢金吾诈拆清风府・骂玉郎","元","无名氏","我则见阶直下气倒忙扶坐，我这里慌搂定紧收撮。则听的喝喽喽口内潮涎唾，我与你摇臂膊，揪耳朵高声和。","chinese-poetry",""
"谢金吾诈拆清风府・感皇恩","元","无名氏","呀，叫一声杨景哥哥，直恁的叫不回他。我这里掐人中，七娘子揪头发，一家儿闹喧聒。不争你沉沉不醒，撇下了即世的婆婆。却教俺怎支持，怎发付，怎结末！。","chinese-poetry",""
"谢金吾诈拆清风府・采茶歌","元","无名氏","怕不的平地起干戈，直赶上马嵬坡，(带云)倘若有些好歹呵，(唱)你可便着谁人搭救宋山河。世不曾来家愁杀我，你也心儿里精细不风魔。(六郎醒科，云)这父母之仇，几时得报？活活的气杀孩儿也。(正旦云)孩儿，我一家儿只靠的你。可便回三关去，不要在这里惹出祸来。(六郎云)奉母亲的命，孩儿不敢有违，只今晚便回三关去也。若再有甚么紧急事，着八娘子稍书来，报您孩儿知道。(正旦云)孩儿，我且问你咱，(唱)。","chinese-poetry",""
"谢金吾诈拆清风府・尾声","元","无名氏","只等的鸡鸣便去休担阁，儿也，你若得飞出城门便是你一命脱，我少不的到圣人前自言破。怕只怕王枢密的刻薄，百般的将你个杨六郎摧挫，儿也，你只自奔你的前程顾甚我。(下)。","chinese-poetry",""
"谢金吾诈拆清风府・寨儿令","元","无名氏","他、他、他，也则为俺赵社稷，甘心儿撞倒在李陵碑，便死也不将他名节毁。他也曾斩将搴旗，耀武扬威，普天下那一个不识的他是杨无敌。(王枢密云)想他哥哥杨五郎，削发为僧，这等怕死，也是有功劳的？(正旦唱)。","chinese-poetry",""
"谢金吾诈拆清风府・幺篇","元","无名氏","你道是杨和尚破天阵吃了些亏，却不道救铜台是靠着伊谁。他兄弟在沙场上苦战争，刀尖上博功绩。怎、怎、怎着他云阳市，赴这个好筵席。(王枢密云)事做到这里，怕他怎么？我是东厅枢密使，他也不敢惹我。国姑，据杨景犯下的罪名，叫做一人造反，九族遭诛。国姑你倒要来救那罪人，敢是你女娘家不曾看王法哩。(正旦云)我这两个孩儿，当日有功，今日有罪，也合将功折罪。王枢密，你则是看我国姑面上。将两个孩儿饶过者。(王枢密云)这国姑好会做大也。我要杀的人，只说看国姑的面皮，我的面皮可着狗吃了？(正旦云)你骂谁哩，你饶便饶，不饶便罢，你怎生骂我？(王枢密云)我歹杀波是东厅枢密使。(正旦云)你便做着东厅枢密使来，想你当初不得志时，提着个灰罐儿，卖诗写状，那早晚也是东厅枢密使来？(王枢密云)这个国姑，越饶着越逞，道我不得志时，提着个灰罐儿，卖诗写状。你家父祖，当初不得志时，游关西五路，也曾挺着脖子，拽伞车儿来。(正旦云)这厮好无礼也。(唱)。","chinese-poetry",""
"谢金吾诈拆清风府・收尾","元","无名氏","则他这贺驴儿小名怎许长瞒昧，现放着脚板上两行儿朱砂字迹。到来日我一星星奏与君王，不到得轻轻的索放了你。(下)。","chinese-poetry",""
"谢金吾诈拆清风府・水仙子","元","无名氏","哎，他道俺劫法场擅放了御囚徒，又道俺恃皇亲毁诏书，又道俺殴大臣激的天颜怒。(殿头官云)长国姑，你也枉做一场，那杨景、焦赞，到底饶不得这死罪哩。(正旦唱)要鸣冤何处所，可不的屈杀无辜。既然是饶不的那孩儿命，我也便何颜号国姑，拚纳下这雪白头颅。","chinese-poetry",""
"谢金吾诈拆清风府・清江引","元","无名氏","谢得当今圣明主，不受奸臣误。把清风楼重建一层来，着杨六郎元镇三关去，直把宋江山扶持到万万古。","chinese-poetry",""
"昊天塔孟良盗骨・赚煞尾","元","朱凯","儿也你回到圣明朝，备把我这冤情讼。我也不望加官赐宠，只要个一体君臣有始终，早迎还俺那无佞清风。恨匆匆，睡眼朦胧，儿也说甚的犹恐相逢是梦中。嘱咐您个杨家业种，须念着子父每情重，休使俺幽魂愁杀这座梵王宫。","chinese-poetry",""
"昊天塔孟良盗骨・耍孩儿","元","朱凯","则我这慌忙不用别兵甲，轻轻的将衣服来拽扎。觑着他千军万马只做癞虾蟆，施逞会莽撞拳法。我脊梁边稳把葫芦放，顽石上扌蚩扌蚩的将斧刃擦。但撞着无干罢，直杀的他似芟蒲刈苇，截瓠外瓜。(云)排军，我分付与你两桩儿勾当。(岳胜云)兄弟，可是那两桩儿？(正末唱)。","chinese-poetry",""
"昊天塔孟良盗骨・三煞","元","朱凯","准挤着迎魂一首幡，安灵的几朵花，众儿郎都把那麻衣搭，紧拴将亡父驮丧马，哥也你牢背着亲爷的灰骨匣。孝名儿传天下，说甚的孟宗哭笋。袁孝拖笆。","chinese-poetry",""
"昊天塔孟良盗骨・煞尾","元","朱凯","你牢背着一匣儿骨殖疾归去，休绕着这千里关山放声哭。(杨景云)呀，后面喊声起，敢是追兵来了也！(正末云)哥哥你先走，等我敌住他。(唱)猛听的城边喊声举，早卷起足律律一阵黑尘土。多敢是韩延寿那厮紧追逐，恼了咱嘉州孟太仆。生咬定牙关自当住，那怕有十面军兵暗埋伏。且和他战个九千合来决胜负，也不是我杀人心忒狠毒，管教他便人亡马倒都做血糊突。若放了他一个儿抹的着回家路，哎，兀的不屈沉杀俺宣花也这柄蘸金斧。(下)。","chinese-poetry",""
"昊天塔孟良盗骨・正宫/端正好","元","朱凯","只一道火光飞，早四野烟云布，都出在我背上的这葫芦。火龙万队空中舞，明朗朗正照着那幽州路。","chinese-poetry",""
"昊天塔孟良盗骨・滚绣球","元","朱凯","人奔似室火猪，马窜如尾火虎，哥也猛回头定睛儿偷觑，咱两个可正是凌烟阁上的人物。知道是和尚在钵盂在，知道是他受苦也俺受苦？这一场拚着不做，抵多少诸葛也那周瑜。畅好是焰腾腾博望烧屯计，不刺刺鏖兵赤壁图，不枉了费尽我工夫。","chinese-poetry",""
"昊天塔孟良盗骨・驻马听","元","朱凯","那里每噎噎哽哽，搅乱俺这无是无非窗下僧。(杨景云)父亲也，痛杀我也！(正末唱)越哭的孤孤另另，莫不是着枪着箭的败残兵？我靠三门倚定壁儿听，从双肩手抵着牙儿定。似这等沸腾腾，可甚么绿阴满地禅房静？。","chinese-poetry",""
"昊天塔孟良盗骨・雁儿落","元","朱凯","他叫做杨令公手段能，(杨景惊科，云)他怎么知道俺父亲哩？兀那和尚！那杨令公有几个孩儿？(正末唱)他有那七个孩儿都也心肠硬。(杨景云)他母亲是谁？(正末唱)他母亲是佘太君，敕赐的清风楼无邪佞。","chinese-poetry",""
"昊天塔孟良盗骨・水仙子","元","朱凯","现如今火烧人肉喷鼻腥，(杨景云)哎，好和尚，可不道为惜飞蛾纱罩灯哩！(正末唱)俺几曾道为惜飞蛾纱罩灯？(做合手科，云)阿弥陀佛！世间万物，不死不生。(唱)若不杀生呵，有甚么轮回证？这便是咱念阿弥超度的经。(杨景云)想你也不是个从幼儿出家的。(正末唱)对客官细说分明，我也曾杀的番军怕，几曾有个信士请，直到中年才落发为僧。(杨景云)兀那和尚！我也不瞒你，我是大宋国的人。(正末云)客官，你既是大宋国人，曾认的那一家人家么？(杨景云)是谁家？(正末云)他家里有个使金刀的。(唱)。","chinese-poetry",""
"昊天塔孟良盗骨・得胜令","元","朱凯","呀！他兄弟每多死少波生。(杨景云)你敢是他家里人么？(正末唱)只我在这五台呵又为僧(杨景云)哦，你元来是杨五郎！你兄弟还有那个在么？(正末唱)有杨六使在三关上，(杨景云)你可认的他哩？(正末云)他是我的兄弟，怎不认的？(唱)和俺一爷娘亲弟兄。(杨景云)哥哥，你今日怎就不认得我杨景也？(正末做认科)(唱)休惊，这会合真侥幸！(云)兄弟，闻的你镇守瓦桥关上，怎到得这里？(杨景云)哥哥，您兄弟到幽州昊天寺，取俺父亲的骨殖来了也。(正末做悲科)(唱)伤也么情，枉把这幽魂陷虏城。(净扮韩延寿上，诗云)我做将军快敌头，不吃干粮则吃肉。你道是敢战官军沙塞子，怎知我是畏刀避箭韩延寿。某韩延寿是也。叵寸奈杨六儿无礼，将他令公骨殖，偷盗去了。我领着番兵，连夜追赶。原来杨六儿将着骨殖，前面先去，留下孟良，在后当住。我如今别着大兵，与孟良厮杀，自己挑选了这五千精兵，抄上前来，明明望见杨六儿，走到五台山下，怎么就不见了？一定躲在这寺里！大小番兵，围了这寺者。兀那寺里和尚，快献出杨六儿来！若不献出来，休想满寺和尚，一个得活！(做呐喊打门科)(杨景云)哥哥，兀的不是番兵来了也？(正末云)兄弟不要慌，我出去与他打话。我开了这三门。(做见科)(韩延寿云)兀那和尚！您这寺里有杨六儿么？献将出来便罢。若不献出来呵，将你满寺和尚的头，都似西瓜切将下来，一个也不留还你。(正末云)兀那将军！果然有个杨六儿，被我先拿住了，绑缚在这寺里。俺出家的人，是慈悲为本，方便为门，休把这许多枪刀，吓杀了俺老师父。您去了兵器，下了马，我拿杨六儿与你去请功受赏，好不自在哩。(韩延寿云)我依着你，就去了这刀枪，脱了这铠甲，我下了这马。和尚，杨六儿在那里？快献出来。(正末云)将军，你忙怎的？且跟将我入这三门来，且关上这门。(韩延寿云)你为甚么关上门？(正末云)我是小心的，还怕走了杨六儿？(韩延寿云)杨六儿走不出，我也走不去。关的是，关的是！(正末做打净科，云)量你这厮走到那里去？(韩延寿云)呀，这和尚不老实，你只好关门杀屎棋，怎么也要打我？(正末唱)。","chinese-poetry",""
"南吕・一枝花悔悟","元","陆登善","春风柳吐金，夏日荷铺锦。秋蟾辉碧汉，冬雪老遥岑。四季光阴，终日寻芳饮，奇化选拣簪。曾共知音，受用了些云屏月枕。","chinese-poetry",""
"梁州・也曾腿厮压齐声儿和曲，头厮顶难字儿闲吟。番思年少如春梦。传","元","陆登善","书寄简，剪发捻沉。盟山誓海，解佩移簪。也曾待佳期到夜半更深，度良宵翠被鸳衾。如今腆着脸百事儿妆憨，低着头凡事儿撒吞，睁着眼所事推病。聪明，待怎？蓝桥一任洪波浸，但饱暖且则恁。始觉从前枉用心，再不追寻。","chinese-poetry",""
"尾・眠花卧柳性全禁，惜玉怜香心再不侵。假若普救寺丽春园待则甚？自","元","陆登善","今，自今，把这俏倬家风脱与您。","chinese-poetry",""
"南吕・一枝花春雨","元","马彦良","润夭桃灼灼红，洗芳草茸茸翠。蝶愁扌扇香粉翅，莺怕展缕金衣。堪恨堪宜，耽阁酿蜂儿蜜，喜调和燕子泥。游春客怎把芳寻，斗巧女难将翠拾。","chinese-poetry",""
"尾・叮咛这雨声莫打梨花坠，风力休吹柳絮飞。留待睛明好天气，穿一领","元","马彦良","布衣，着一对草履，访柳寻春万事喜。","chinese-poetry",""
"中吕・普天乐答沈甥书","元","顾鉴中","天阔雁还疏，人远心犹近。贤甥有义，我岂无亲。泪从眼角流，情向书中尽。自愧残年多愚钝，丁宁话不叙闲文。勤攻书史，常亲笔砚，承维先人。赠朱昭信升千户文武继宗门，忠义全臣节。枪摇银蟒，笔走鸟蛇。箭瑞燕尾钅比，刀取猩喉血。戴月披霜无明夜，记当先功次重叠。紫泥封昨宵到也，花银带今朝系也，褐罗伞明日来也。寄情奇遇凤鸾交，紧挽鸳鸯结。津甜稠攘，味苦离别。行去恣往来，流水无明夜。料得名花怎肯随风谢，惹香泥燕口重叠。叹韶光看看过也，想娇溜痴痴望也，许佳期准准来也。修竹仕女图意味有谁知，心事无人问。郁孤闷翠烟缥渺，覆清寒苍雪缤纷。空闻子凤鸣，难觅青鸾信，目断湘云咫尺天涯近。欲思不醉无归，望城头双凫早飞。喜琴外孤鹤并美，愿天边五马追随。","chinese-poetry",""
"破苻坚蒋神灵应・尾声","元","李文蔚","尊建业望神京，拱上国瞻天象，休小觑东南一方。看了二水中分白鹭洲，插青天山势轩昂，映晖光，水国江乡，端的是贵府高名王谢堂。(苻坚云)先生，凭着俺本国人马，务要征战一遭也。(正末唱)慢矜夸兵多将广，且休题人强马壮，(带云)大人，你休举兵，(唱)则不如存仁布德守秦邦。(下)(苻坚云)先生去了也。某欲待图晋，军师坚意不肯。某手下有中大夫阳耳公苻融，此人知天文，晓地理，观气色，辨风云。某唤他来，与他商议，看他意下如何？小校，与我请阳平公苻融来者。(卒子云)理会的。阳平公安在？(苻融上，云)威镇群雄透胆寒，常怀义胆与忠肝，为臣竭力施公正，赤心辅弼立江山。小官乃阳平公苻融是也。生于汉末之间，学成文武全才，智勇并行。小官正在私宅，令人来报苻公呼唤，须索走一遭去。报复去，道有苻融来了也。(卒子云)理会的。喏，报的大人得知，有阳平公来了也。(苻坚云)道有请。(卒子云)理会的。有请(见科)(苻融云)公子呼唤苻融来，有何事商议？(苻坚云)苻融，唤你来别无甚事，某听知的晋国兵微将寡，缺少用武之将，我今要统兵图晋，未知你意下如何？(苻融云)公子，便好道""国有事君臣议论，家有事父子商量""。今欲要伐晋，必起干戈。孙子曰：""兵者国之大事，死生之地，存亡之道，不可不察也。""晋室虽然兵微将寡，无有不正之事。有桓冲、谢安，乃江表社稷之臣。今福德在晋，奈长江险阻。王景略一时英杰，尝比之诸葛武侯，言听计用，后霸西蜀五十四郡。今景略之谋，公皆不信之。昔日春秋吴夫差不听子胥之谏，越兵侵吴；项籍不听范增之言，阴陵失路自刎而亡。今公子不听景略苻融之语，恐防有失，岂不危哉！若伐晋者有三难，不可伐之。(苻坚云)可是那三难？(苻融云)天道不顺者，一也；晋国无衅者，二也；数战兵疲，民有畏敌者，三也。晋未可灭，昭然。即令劳师大举，恐无万全之功，晋乃亦不可图也。枉惹祸殃，悔之晚矣！苻融不敢自专，乞公子尊鉴不错。(苻坚云)噤声！大事已定，勿得狂言也。如若违令，必无轻恕。尔退！(苻融云)公既不听小官之言，须索回避，他日若有差迟，莫道苻融不曾劝谏也。收拾献策呈言意，且做抽头缄人。(下)(苻坚云)苻融去了也。小校，与我唤将大将梁成来者。(卒子云)理会的。梁成安在？(净梁成上，云)人中之灵，卒中之精，西秦名将，大将梁成。某乃大将梁成是也，佐于苻坚手下为将。正在教场中操兵练士，令人来报苻公呼唤，须索走一遭去。可早来到也。报复去。道有梁成来了也。(卒子云)理会的。喏，报的大人得知，。","chinese-poetry",""
"破苻坚蒋神灵应・南吕/一枝花","元","李文蔚","参透这九宫八卦文，一变千筹数，万敌百战法，三略六韬书。休道那十面埋伏，怎出这妙策幽微趣。神机决胜术。排玄武接引青龙。我若是按朱雀中白虎。","chinese-poetry",""
"破苻坚蒋神灵应・梁州","元","李文蔚","运动时风雷鼓舞，端的也行持时日月盈虚，阴阳造化分寒暑。霎时间云遮白昼。雾障街衢，雨施晦暗，风起吹嘘。拨天关动静全殊，应天心逆顺难谟。安营时虑险防患，布阵势扬威耀武，排兵时运智施谋。提防着路途，问阻，要知进退行军旅，识天文变躔度，大将同劳与士卒，志在孙吴。","chinese-poetry",""
"破苻坚蒋神灵应・隔尾","元","李文蔚","苻喂将广非吾许，秦国兵多有若无。(王坦之云)他则倚仗着兵雄将勇，岂知俺有才俊英杰也。(正末唱)不识江南有人物，出豪杰在帝都，显英才在将府，(王坦之云)荐举将军为帅，必然破了秦寇也。(正末唱)敢望高贤将谢玄举。","chinese-poetry",""
"破苻坚蒋神灵应・骂玉郎","元","李文蔚","亲门""退""字参详去，待教我自省会莫踌躇，他强我弱休畏惧。我如今沦进攻。要退兵，知天数。","chinese-poetry",""
"破苻坚蒋神灵应・感皇恩","元","李文蔚","呀，谩矜夸志卷江湖，便如您智在棋局。能通变识行藏，观势要分胜败，知进退紧追逐。(王坦之云)将军，令叔写此一字，全在将军妙算。""夫未战者多算胜，少算不胜，何况于无算？""(正末唱)这里面防危虑险，更那堪损益盈虚，能挑战，善料敌，有神术。","chinese-poetry",""
"破苻坚蒋神灵应・采茶歌","元","李文蔚","我这里用机谋，在须臾，这个字可正是要分胜败定赢输。得意何须多计策，算来不索下功大。","chinese-poetry",""
"破苻坚蒋神灵应・正宫/端正好","元","李文蔚","我奉朝内帝王宣，持阃外将军令，统貔貅齐出石城，今日个破西秦要把中原定。我则待兴晋室，拒秦兵，望神圣，显威灵，分胜败，见输赢；则要奏凯歌，齐得胜，敲金镫。(下)(谢石云)刘牢之，你为前部先锋，率精兵五千，先生新安县白石山洛涧栅，拒敌秦兵。桓伊、谢琰为左右二哨，则要您得胜回辽。看计行兵，然后某与元帅、统大势雄兵，便来接应也。(桓伊云)得今！奉元帅的将令，到来日两阵交锋用智能，今番大战定输赢。挟人捉将千般勇，武艺精熟敢战争。忘生舍死行忠孝，赤心报国辅朝廷。为将行兵周吕望，扶持社稷永兴隆！(下)(谢琰云)得令！奉元帅将令，与苻坚相持厮杀，走一遭去。大小三军，听吾将令！到来日雄兵猛将列西东，杀气腾腾罩碧空。枪刀灿烂如银练，征尘缭乱马蹄横。挟人捉将垓心内，扬威耀武阵云中。英雄慷慨忠良将，夺取今番第一功！(下)(刘牢之云)奉元帅将令，领五千人马，与秦兵交战，走一遭去。大小三军，听吾将令！三通鼓罢，拔寨起营。凛凛威风七尺躯，胸中韬略用机谋。匣藏宝剑龙文敕，帐前军将锦模糊。英雄勇将持兵刃，智按当年八阵图。忠心辅助安天下，杀的那百万贼兵拱手伏！(下)(谢石云)众将去了也。某与元帅统领大军，剿除秦兵，走一遭去。忠正常怀报国心，英雄慷慨显威风。全凭智勇安天下，杀退秦兵建大功！(下)(庙官云)大人去了也。小道无甚事，捣蒜吃羊头去也。我做道官爱清幽，一生哈答度春秋。捣下青蒜酾下酒，柳蒸狗肉烂羊头。(下)(蒋神云)祸福无门，惟人自招。今日苻坚领兵入寇，今拜谢玄为帅，统兵拒敌，来吾神庙中焚香祷告。吾乃护国之神，理合相助，率领本部神兵，前去寿春八公山中，退贼苻坚，上报圣人享祭之恩，下答苍生虔诚之意。为苻坚入寇兴师，股肱臣怀忠秉正。能举荐大将谢玄，运筹策棋中得令。显威灵神兵扶助，施谋略旗开得胜。满山川草木为兵，方显这破苻坚蒋神灵应。(下)。","chinese-poetry",""
"破苻坚蒋神灵应・雁儿落","元","李文蔚","非是俺三军费苦劳，谢叔父一计真奇妙。因此上八方定虏番，却原来叫海除凶暴。(桓冲云)今日个边庭宁静。扫荡西秦，八方无事，万万载太平之世也！(正末唱)。","chinese-poetry",""
"破苻坚蒋神灵应・得胜令","元","李文蔚","呀！今日个得胜也赴皇朝，恰便似平步上青霄。(谢安云)谢玄，此是你智勇机变，所以得胜而回也。(正末唱)非是我阵面上随机变，谢叔父棋局中动着高。(谢安云)也是你妙算神机，不差半米也，(正末唱)心不尖分毫，真乃是雅量施三略，保祚雅量施三略，保祚着皇朝，播一个美名儿在青史标。(桓冲云)谢安、王坦之、谢玄、谢石，您众将望阙跪者！听圣人的命：为您胸怀韬略，腹隐神机，少少之兵，今退百万雄师，累建大功，今日加官赐赏。谢安有雅量之。举侄设计，有大功勋，加官太保中书省太宰。王坦之机变之才，举人得中，加为尚书兼中书门下之职。谢玄有退秦兵之勇，淝水之胜。有大功勋，加为定番虏大元帅。谢石有关张之雄，共谋破秦，累建奇功，加为征讨副帅之职。刘牢之、桓尹、谢琰等众将，都肩加字赐赏。您是那赤心报国忠良将，今日个杀退苻坚百万兵。谢了恩者！(正末唱)。","chinese-poetry",""
"破苻坚蒋神灵应・折桂令","元","李文蔚","今日个拜金銮遥望天朝，我这里舞蹈扬尘，展脚舒腰。(众做拜科)(桓冲云)方今圣人。德过尧舜，今日犒劳众将，赐赏加官也。(正末唱)俺如今感谢洪恩，蒙承大德，庆贺功劳。(做拜科)(桓冲云)您官高极品，位至三公，禄享千钟，辈辈荣袭也。(正末唱)一个个居禄位高官贵爵，一个个享荣华列土分茅。(做拜科)(桓冲云)圣上宽仁厚德，文武公卿，内外臣僚，永享快乐也。(正末唱)则俺这文武臣僚，气势英豪，愿吾皇圣寿齐天，明圣似虞舜唐尧。(做拜科)(桓冲断出，云)您众将望阙跪者！听圣人的命：一百万入寇秦兵，接千里旌旗相映。虽然他将广兵多，谢安石宽忠秉政。能举荐将军谢玄，写退计棋中得令。为帅首挂印兴兵，入庙宇拈香祷圣。初一阵寿阳当先，后一阵淝水取胜。满川野草木为兵，有鹤唳风声相趁。今日个靖边境破虏除番，八公山蒋神灵应。尽忠心正直为神，万万载中原平定。","chinese-poetry",""
"唐明皇秋夜梧桐雨・仙吕/端正好","元","白朴","则为你不曾建甚奇功，便教你做元辅，满朝中都指斥銮舆。眼见的平章政事难停住，寡人待定夺些别官禄。","chinese-poetry",""
"唐明皇秋夜梧桐雨・幺篇","元","白朴","且着你做节度渔阳去，破强寇永镇幽都。休得待国家危急才防护；常先事设权谋，收猛将保皇图。分铁券，赐丹书，怎肯便辜负了你这功劳簿。(同下)。","chinese-poetry",""
"唐明皇秋夜梧桐雨・赚煞尾","元","白朴","长如一双钿盒盛，休似两股金钗另，愿世世姻缘注定。在天呵做鸳鸯比并，在地呵做连理枝生。月澄澄银汉无声，说尽千秋万古情。咱各办着志诚，你道谁为显证，有今夜度天河相见女牛星。(同下)。","chinese-poetry",""
"唐明皇秋夜梧桐雨・迎仙客","元","白朴","香喷喷正甘，娇滴滴色初绽，只疑是九重天谪来人世间。取时难，得后悭。可惜不近长安，因此上教驿使把红尘践。","chinese-poetry",""
"唐明皇秋夜梧桐雨・红绣鞋","元","白朴","不则向金盘中好看，便宜将玉手擎餐，端的个绛纱笼罩水晶寒。为甚教寡人醒醉眼，妃子晕娇颜，物稀也人见罕。","chinese-poetry",""
"唐明皇秋夜梧桐雨・普天乐","元","白朴","恨无穷，愁无限。争奈仓卒之际，避不得蓦岭登山。銮驾迁，成都盼。更那堪氵产水西飞雁，一声声送上雕鞍。伤心故园，西风渭水，落日长安。","chinese-poetry",""
"唐明皇秋夜梧桐雨・啄木儿尾","元","白朴","端详了你上马娇，怎支吾蜀道难！替你愁那嵯峨峻岭连云栈，自来驱驰可惯，几程儿挨得过剑门关？(同下)。","chinese-poetry",""
"唐明皇秋夜梧桐雨・驻马听","元","白朴","隐隐天涯，剩水残山五六搭；萧萧林下，坏垣破屋两三家。秦川远树雾昏花，灞桥柳风潇洒。煞不如碧窗纱晨光闪烁鸳鸯瓦。","chinese-poetry",""
"唐明皇秋夜梧桐雨・沉醉东风","元","白朴","据着杨国忠合该万剐，斗的个禄山贼乱了中华。是非寡人股肱难弃舍，更兼与妃子骨肉相牵挂。断遣尽枉展污了五条刑法，把他剥了官职，贬做穷民，也是阵杀，允不允，陈玄礼将军鉴察！(众军怒喊科)(陈玄礼云)陛下，军心已变，臣不能禁止，如之奈何？(正末云)随你罢！(众杀杨国忠科)(正末唱)。","chinese-poetry",""
"唐明皇秋夜梧桐雨・雁儿落","元","白朴","数层枪，密匝匝，一声喊，山摧塌。原来是陈将军号令明，把杨国忠施行罢。","chinese-poetry",""
"唐明皇秋夜梧桐雨・落梅风","元","白朴","眼儿前不甫能栽起合欢树，恨不得手掌里奇擎着解语花，尽今生翠鸾同跨。怎生般爱他看待他，怎下的教横拖在马嵬坡下！。","chinese-poetry",""
"唐明皇秋夜梧桐雨・殿前欢","元","白朴","他是朵娇滴滴海棠花，怎做得闹荒荒亡国祸根芽？再不将曲弯弯远山眉儿画，乱松松白鬓堆鸦。怎下的碜磕马蹄儿脸上踏，则将细袅袅咽喉掐，早把条长挽挽素白练安排下。他那里一身受死，我痛煞煞独力难加。","chinese-poetry",""
"唐明皇秋夜梧桐雨・三煞","元","白朴","润蒙蒙杨柳雨，凄凄院宇侵帘幕。细丝丝梅子雨，装点江干满楼阁。杏花雨红湿阑干，梨花雨玉容寂寞。荷花雨翠盖翩翩，豆花雨绿叶潇条。都不似你惊魂破梦，助恨添愁，彻夜连宵。莫不是水仙弄娇，蘸杨柳洒风飘？。","chinese-poetry",""
"唐明皇秋夜梧桐雨・二煞","元","白朴","口床口床似喷泉瑞兽临双沼，刷刷似食叶春蚕散满箔。乱洒琼阶，水传宫漏，飞上雕檐，酒滴新槽。直下的更残漏断，枕冷衾寒，烛灭香消。可知道夏天不觉，把高凤麦来漂。","chinese-poetry",""
"唐明皇秋夜梧桐雨・鸳鸯煞","元","白朴","黄埃散漫悲风飒，碧云黯淡斜阳下。一程程水绿山青，一步步剑岭巴峡。唱道感叹情多，忄西惶泪洒，早得升遐，休休却是今生罢。这个不得已的官家，哭上逍遥玉骢马。(同下)。","chinese-poetry",""
"唐明皇秋夜梧桐雨・正宫/端正好","元","白朴","自从幸西川还京兆，甚的是月夜花朝！这半年来白发添多少，怎打叠愁容貌！。","chinese-poetry",""
"唐明皇秋夜梧桐雨・叨叨令","元","白朴","一会价紧呵，似玉盘中万颗珍珠落；一会价响呵，似玳筵前几簇笙歌闹；一会价清呵，似翠岩头一派寒泉瀑；一会价猛呵，似绣旗下数面征鼙操。兀的不恼杀人也么哥！则被他诸般儿雨声相聒噪。","chinese-poetry",""
"唐明皇秋夜梧桐雨・滚绣球","元","白朴","长生殿那一宵，转回廊，说誓约，不合对梧桐并肩斜靠，尽言词絮絮叨叨。沉香亭那一朝，按霓裳，舞六幺，红牙箸击成腔调，乱宫商闹闹炒炒。是兀那当时欢会栽排下，今日凄凉厮辏着，暗地量度。","chinese-poetry",""
"唐明皇秋夜梧桐雨・黄钟煞","元","白朴","顺西风低把纱窗哨，送寒气频将绣户敲。莫不是天故半人愁闷搅？前度铃声响栈道。似花奴羯鼓调，如伯牙《水仙操》。洗黄花润篱落，渍苍苔倒墙角。渲湖山漱石窍，浸枯荷溢池沼。沾残蝶粉渐消。，洒流萤焰不着。绿窗前促织叫，声相近雁影高。催邻砧处处捣，助新凉分外早。斟量来这一宵，雨和人紧厮熬。伴铜壶点点敲，雨更多泪不少。雨湿寒梢，泪染龙袍。不肯相饶。共隔着一树梧桐直滴到晓。","chinese-poetry",""
"梁州・谁待想锦衣玉食？甘心守淡饭黄齑。向林泉选一答儿清幽地，闲时","元","孙叔顺","一曲，闷后三杯。柴门草户，茅舍疏篱。守着咱稚子山妻，伴着几个故友相识。每日价笑吟吟谈古论今，闲遥遥游山玩水，乐陶陶下象围棋。早起，晚夕，吃醉了重还醉，叹白发紧相逼。百岁光阴能有几？快活了是便宜。","chinese-poetry",""
"煞尾・都则是两轮日月搬兴废，一合乾坤洗是非。直宿到红日三竿偃然睡，","元","孙叔顺","那些儿况味谁知？一任莺啼唤不起。","chinese-poetry",""
"迎仙客・行过芍药圃、菊花篱，沉香亭色情何太急！停立在曲槛边，从容","元","孙叔顺","在芳径里。待黄昏不想当归，尚有百部徘徊意。","chinese-poetry",""
"红绣鞋・半夏遐蛇床上同睡，芫花边似燕子双飞。则道洞房风月少人知，","元","孙叔顺","不想被红娘先蹴破。使君子受凌迟，便有他白头公难救你。","chinese-poetry",""
"耍孩儿・木贼般合解到当官跪，刀笔吏焉能放你！便将白纸取招伏，选剥","元","孙叔顺","了衤昆布无衣。荜澄茄拷打得青皮肿，玄胡索拴缚得狗脊低，你便穿山甲应何济？议论得罪名管仲，毕拨得文案无疑。","chinese-poetry",""
"三煞・他做官司的剖决明，告私情的能指实，监囚在里人心碎。一个旱莲","元","孙叔顺","腮空滴白凡泪，一个漏芦腿难禁苦仗笞。吊疼痛，添憔悴。问甚么干连你父子？可惜教带累他乌梅。","chinese-poetry",""
"二煞・意浓甜有苦参，事多凶大戟，今日个身遭缧绁，犹道是心甘遂。清","元","孙叔顺","廉家却有这糊突事，时罗姐难为官宜妻。浪荡子合当废，破故纸揩不了腥臭，寒水石洗不尽身肌。","chinese-poetry",""
"一煞・向雨余凉夜中，对天南星月底，说合成织女牵牛会。指望常山远水","元","孙叔顺","恩情久，不想这剪草除根巾帻低，那一个画不成青黛蛾眉。","chinese-poetry",""
"尾・骂你个辱先灵的蒋太医，我看你乍回乡归故里！蔓荆子续断了通奸罪，","元","孙叔顺","则被那散杏子的康瘤儿笑杀你！。","chinese-poetry",""
"梁州・俺根前无疼无热，在谁行留意留情。这烦恼孝经起序才读朕。空教","元","孙叔顺","人逐期盼望，每夜吟沉。专闻脚步，频听声音。那一夜不等到更深，不来也展转沉吟。在谁家里打马投壶？在谁家里低唱浅斟？在谁家里并枕同衾？无般儿不侵，纵然不醉连宵饮。一脚的踏出门程，不许寻直恁，莫渝滥荒淫。","chinese-poetry",""
"尾・往常时撒拗何曾恁，自当日着迷直至今。你取欢娱我图甚？怎禁那厮","元","孙叔顺","负心。不来也，又教你倚定鲛绡枕头儿盹。","chinese-poetry",""
"煞尾・腹中愁，心间闷，九曲柔肠闷损。白日伤神犹自轻，到晚来更关情。","元","杨果","唱道则听得玉漏声频，搭伏定鲛绡枕头儿盹。客窗夜水，有谁人存问？二三更睡不得被儿温。花点苍苔绣不匀，莺唤垂杨语未真。帘幕絮纷纷，日长人困，风暖兽烟喷。","chinese-poetry",""
"赚尾・总虚脾，无实事，乔问候的言辞怎使？复别了花笺重作念，偏自家","元","杨果","少负你相思。唱道再展放重读，读罢也无言暗切齿。沉吟了数次，骂你个负心贼堪恨，把一封寄来书都扯做纸条儿。","chinese-poetry",""
"功臣宴敬德不伏老・迎仙客","元","杨梓","(尉)怪的这长亭□驿马多。(众)老将军请住马。(尉)家童，与我带住马来。(童)理会得。(尉)我忙下得紫骅骝，唐十宰众公卿可都这里有。我可便向前来，忙问候。(尉)众大人为何到此？(众)为老将军远行，俺众公卿等特来与老将军饯行。(尉)俺这里听说罢缘由，怎消得偌大远劳台候。","chinese-poetry",""
"功臣宴敬德不伏老・红绣鞋","元","杨梓","不索你个军师生受，(众跪介)(尉)请起来唐十宰文武公侯。恁只待要这搭儿折杀下尉迟休。众公卿休将我来耻笑，怎么将恩义变为仇。那日若无军师。与列位大人呵，可著我险峰儿难措手。(徐)将酒来，老将军再饮一杯。(尉)军师大人，怎么不见叔宝老将军染病在家。(众)叔宝将军染病在家。","chinese-poetry",""
"功臣宴敬德不伏老・满庭芳","元","杨梓","(尉)可惜老了一个先锋哀帅首，他曾杀得人有家难奔，有国难逃。只他那十八般武艺都学就，六韬估看得来哀滑熟。只他那嘶杀处全无一个对手，只他那持处谁敢与他做敌头，上阵处搀争斗，不刺刺门旗开处，两阵对员，那壁厢问道：大唐家那员名将出马？俺这里回言道：胡国公秦叔宝出马。那壁厢乃便回言说道，不好了也。(尉)不喇喇闻风儿便走。(众)奸一位老将军。(尉)军师，他端的要一心儿分破下帝上忧。","chinese-poetry",""
"功臣宴敬德不伏老・尾声","元","杨梓","老只老呵，只我这水磨鞭不曾长出些白髭须，量这厮何须咱费力。你看这厮，明日在垓心里，绰见我那铁扑头，红抹额，乌油甲，皂罗袍，他便跳下马受绳缚，着这厮卷了旗，卸下甲，收了军，拱手儿降俺这大唐同。(下)。","chinese-poetry",""
"功臣宴敬德不伏老・小桃红","元","杨梓","不知今日甚风吹，(徐)久别尊颜。我这里有一拜。(尉)军师，我老夫回礼不得了，我如今讲讲不得这里可便权体罪。(徐)老将军。我和你自别之后，不觉又是三年光景了。(尉)军师一自离朝到今日。(徐)老将军染甚病证？(尉)天有不测风云，人有旦夕祸福。谁想我临老也带着残疾。军师，唐家十路总管。都好么？(徐)也都没了。(尉)消磨了往日英雄辈。高士廉，，杜如晦如何？(徐)都闲了。(尉)他可都闲身就国？殷开山，程咬金他两个如何？(徐)都已亡了。(尉)他两个都归泉世。刘文静、秦叔宝他两个如何？(徐)都病了。(尉)军师，唐家十路总管，闲的闲，病的病，死的死，如今止有军师和老汉。俺一班儿白发故人稀。","chinese-poetry",""
"功臣宴敬德不伏老・幺篇","元","杨梓","我老只老呵，老了咱些年纪；老只老呵，老不了我脑中武艺。老只老呵，老不了我龙韬虎略；老只老呵，老不-下我妙策神机。老只老呵，老不了我一片忠心贯日；老只老呵，尚几自万夫难敌。(徐)老将军，你便索要去，只怕你老了，去不得。(尉)俺老只老，止不过添下些雪鬓霜髭；老只老，又不曾驼腰曲背。","chinese-poetry",""
"功臣宴敬德不伏老・雁儿落","元","杨梓","(尉)骤骅骝走似烟，骤骅骝走似烟，战马儿疾如箭。莫道是平地上走不出，便走到那鬼窟洞里也直寻见。","chinese-poetry",""
"功臣宴敬德不伏老・得胜令","元","杨梓","呀，这的是难比美良川，折么尼走上焰魔火，今日是你合休日，今年是你该死年。当先，不喇喇一骑马疾如箭；心坚，□□□□□懒赠鞭。(小校)把这厮与我绑了，去见圣上去□。(徐)下宫徐茂公是也。今闻得尉迟敬德活拿了铁肋金牙，这早晚敢待来也。小校，尉迟老将军到来，报复□□知道。(尉)老夫尉迟是也。擒了铁肋金牙，将军府里报功去也。(卒)□□。(相见介)(徐)老将军鞍马劳神，怎生擒了这厮？慢慢的说一遍。","chinese-poetry",""
"月明和尚度柳翠・幺篇","元","李寿卿","早不见摊子香飘八月风。(行者云)八月风腊月雪，冻的要不的。(正末云)你休笑我。(唱)这的是蟾影光磨百炼铜，这月曾照兴废古今同，你则看那北邙山的故冢。(行者云)你这个和尚，则要吃酒吃肉，真是滥僧。(正末云)谁是真僧。谁是滥僧？(行者云)我是真僧，你是滥僧。(正末云)谁是真僧，谁是滥僧？(行者云)你是真僧，我是滥僧，呸，可颠倒了。(正末云)你和我争甚么人我，那楚家的陵丘，汉家的墓冢，都在那里也呵，你试觑波。(唱)都一般潇洒月明中。(下)。","chinese-poetry",""
"月明和尚度柳翠・赚煞尾","元","李寿卿","我本待要蟾宫内栽培的你活，哎，柳也你却待向那牛员外上凋零尽。惹一番信手拈来斧痕。你则听枝上流莺和泪闻，直等的你那皮故成薪。你如今正青春，则伴着那暮雨朝云、倚仗着客舍青青柳色新，我本待从根波至本，却把那下梢来不问，哎，柳也，再休提你那永丰坊里旧腰身。(下)。","chinese-poetry",""
"月明和尚度柳翠・南吕/一枝花","元","李寿卿","我恰才离了曹溪一指前，又来到佛祖三更后。我则索分开临济晓，踏破他这葛藤秋。百般的救不出白骨荒丘，每日家则恋着花和酒。我今番儿度柳，我是个包含着天地风流，只要你肯信俺这波罗蜜咒。","chinese-poetry",""
"月明和尚度柳翠・梁州第七","元","李寿卿","投至我度脱的一株翠柳，柳翠口来，少不的搜寻遍四大神州。你倚仗着枝疏叶嫩当时候，不肯道跨天边彩凤，只待要听枝上鸣鸠。你可也锁不住心猿意马，却罩定野鹭沙鸥。你则恋着他那一时间翠嫩青柔，怎不想久以后绿惨红愁。(带云)柳也，你若肯跟我出家去呵，(唱)我着你再休恋那红尘内赤力力虎斗龙争，碧天边来往往乌飞兔走，柳翠崃，早思着绿阴中闹簇簇燕侣莺俦，酒楼，玉沟，跳出那月明圈，不落樵夫勾。比及个成材时架梁后，饶你便坚硬心肠似木头，我只着你磨做骷髅。","chinese-poetry",""
"月明和尚度柳翠・隔尾","元","李寿卿","你道是月过十五也索还依旧，哎，柳也，谁似你飞尽香绵未肯休，直等的絮满了官街，那其间有谁救？(旦儿云)师父。长老寻你哩。(做走科)(正末云)那里去？你待要躲我那。(唱)哎，你个迷人的好是费手。(旦儿云)师父，行者寻你哩。(做走科)(正末云)那里去？你又躲我那。(唱)我这个度人的好是缠头。(旦儿云)师父，我两次三番躲不过你。(正末云)你怎生躲的过我？(唱)谁着你惹一缕清风则在这背巷里走。","chinese-poetry",""
"月明和尚度柳翠・感皇恩","元","李寿卿","呀，则见他刀下难收，早吓的汗雨交流，荡了香魂，消了素魄，瞪了星眸。他用着春纤玉手，忙抹这粉颈油头。(旦儿云)这的是那里？(正末唱)这的茶房里，桌儿前。(旦儿云)这早晚多早晚也？(正末唱)柳翠也，这早晚是午时候。","chinese-poetry",""
"月明和尚度柳翠・采茶歌","元","李寿卿","这的是剑光浮，那里也鬼神愁。(带云)柳翠，你觑波。(唱)兀的不一轮明月在柳梢头。枝叶相连百十口，则你那翠眉终日端的为谁愁？(旦儿云)恰才分明的杀坏了我，却又不曾死。我待道死来却又生，待道生来却又死。生死原来是幻情，幻情灭尽生死止。(正末云)假若生死止在何处？速道，速道。(旦儿云)师父，我答不的这一转语。(正末云)云来云去，虚空本净。花开花谢，田地常存。(旦儿做拜科，云)弟子早省悟了。这回和月常相守也。(正末唱)。","chinese-poetry",""
"月明和尚度柳翠・黄钟尾","元","李寿卿","你道是这回和月常相守，(带云)我为你走了两番也。(唱)才赚的春风可便树点头。聚莺朋，会燕友，蜂衙喧，蝶梦幽，啭黄鹂，鸣锦鸠，噪昏鸦，覆野鸥，袅金丝，春水沟，拂红裙，夜月楼，酒旗前，望竿后，风又狂，雨又骤，霜正严，雪正厚，霜来欺，月来救，我救的这月里杪椤永长寿。(旦儿云)师父，你如今带我那里去？(正末唱)我着你访灵山会首。(旦儿云)待我辞别那一班儿姊妹弟兄就跟的去。(正末唱)也不索别章台的这故友。(旦儿云)师父，为什么不着我别去？(正末云)你道我为甚么不着你别去？(唱)我则怕你又折入情郎画眉手。(同下)。","chinese-poetry",""
"月明和尚度柳翠・满庭芳","元","李寿卿","你早则轮回也那绣衣，你和这衫儿永别，将背子道个安置。你且暂间波宫样乌云髻，毛角冠摩顶再休题。(云)柳翌，你烧了这冠衫背子，有个比喻，(旦儿云)师父。有甚么比喻？(正末唱)也则是土葬了你那送子弟麻花孝衣，火烧了你那战郎君的这铠甲头盔，这一场正合着俺邯参禅意。你今日个脱身利己，柳翠也，从今片早则去了你那虫吉螂皮。(卜儿云)孩儿也，你在家中住一夜去。(旦儿云)师父，柳翠的母亲要留柳翠家中住一夜。(正末云)柳翠也．你休凡心动。你若凡心动呵，我便知道。我去也。(旦儿云)师父，柳翠并不敢凡心动。(正末虚下)(旦儿云)奶奶，员外在那里？(卜儿云)员外在这里。员外，你出来。(牛员外上，云)奶奶，大姐在那里？(卜儿云)孩儿，员外来了也。(牛员外云)大姐，你为甚么出了家？(旦儿云)奶奶，你看着门。我和员外说一句话咱。(正末上，云)柳翌也，开门来。(旦儿慌科，云)师父来了也，我开开这门。师父家里来。(做不见科，云)那得那师父，元来是我的这耳热，待我关上我这门，员外，则被你想杀我也。(正天唱)。","chinese-poetry",""
"月明和尚度柳翠・耍孩儿","元","李寿卿","毕罢了斜阳古道愁，如织。饱觑着碧天边蟾光似水，冰轮碾破玉尘飞，早则不倚禅床皱定双眉，柳也，你见了些朱门日日临官道，你见了些流水年年绕钓矶。(旦儿云)师父，我跟你去了，俺奶奶不思想杀我也。(正末唱)则你那桃花脸休洗扬花泪，断不了你那章台上霜风淅淅，渭城边烟雨霏霏。(云)柳翌，你来了呵，有几般儿物类失所也。(旦儿云)师父，是那几般物类？你说我听咱。(正末唱)。","chinese-poetry",""
"月明和尚度柳翠・三煞","元","李寿卿","来了你呵，黄莺也懒更啼，金蝉也无处牺，来了你呵，再不见那绿阴深处把青骢系。来了你呵，再不见那舞春风楚宫别院纤腰细；来了你呵，再不见那缀晓露汉殿长门翠黛低；来了你呵，再不见那影蹁跹比张绪多娇媚；来了你呵，再不见那助清凉陶令宅两行斜映，增杀气亚夫营万缕低垂。(旦儿云)师父，我柳翠将来的究竟，可是如何？(正末唱)。","chinese-poetry",""
"月明和尚度柳翠・二煞","元","李寿卿","再不要长事驿使催，河桥赠别离。则被这月明照破风扶起，直着你九霄碧汉开青眼，煞强如千里红尘锁翠眉。度你的是蟾宫桂，你要大呵重登霸岸，要小呵索向隋堤。","chinese-poetry",""
"月明和尚度柳翠・煞尾","元","李寿卿","待荣华则被这风雨把你来摧，强打挣又被这霜雪把你欺。(旦儿云)师父，你将的我那里去那？(正末唱)我引你到西天西我佛莲池内。(旦儿云)师父，那我佛莲池内，怎用的我着？(正末唱)依旧的插你在南海南观音净瓶里。(同下)。","chinese-poetry",""
"月明和尚度柳翠・驻马听","元","李寿卿","一世飘扬，不离红尘大道傍，受了半生魔障。则你这杨花端的为谁忙，织成新恨柳丝长，唤回午梦是那禅钟响。柳翠也来合掌，(带云)若来迟了呵，(唱)脚跟上好打三千棒。","chinese-poetry",""
"月明和尚度柳翠・雁儿落","元","李寿卿","你可便罢追陪百二行，年纪到三十上。何不去步瑶台十二层，离苦海三千丈？。","chinese-poetry",""
"月明和尚度柳翠・得胜令","元","李寿卿","柳也，这不是大树大阴凉，我则怕甘做了老孤桩柳也，早逢着玉殿骖鸾客，再休想那章台走马郎。度你到西方，饱看取明月清风况，世脱下皮囊，一任教黄莺紫燕忙。","chinese-poetry",""
"月明和尚度柳翠・鸳鸯煞","元","李寿卿","撇下这人相我相众生相，出离了生况死况别离况。驾一片祥云，放五色毫光，唱道是佛在四天，月临上方，才得你一缕阴凉，和桂影长相向，伴着这宝盖香幢，再不许春日游人到来赏。(观音云)柳也，你听者。(偈云)出人寰脱离灾障，拜辞了风流情况。三十年堕落尘缘，忙追遣月明和尚。再休题舞依依袅娜轻盈，翠巍巍娇柔模样。毕罢了爱欲贪嗔，同共到灵山会上。(同下)。","chinese-poetry",""
"十探子大闹延安府・正宫/端正好","元","无名氏","我若是顺人心，便是我亏天理，似这等衔冤负屈谁知？有这等凶徒恶党可便凭权势，他可便往往的把良民累。","chinese-poetry",""
"十探子大闹延安府・滚绣球","元","无名氏","非干咱揽是非，听小官说就里，岂知道你倚权豪杀人的详细，你也索问原告人案验虚实，你不将王法依，平将百姓欺，早难道寸心不昧，(庞衙内云)李廉使，你无个面皮，好歹也看俺一殿之臣。你也忒多揽事。(正末唱)哎，你个庞衙内可是那秉正忠直！(庞衙内云)投到我来，大人每都知道了也。(正末唱)则你那衙门关节可便灵如卦，岂不问路上行人口胜碑，天网恢恢。","chinese-poetry",""
"十探子大闹延安府・尾声","元","无名氏","我便死呵，做一个坚刚节操忠直鬼，不似那坏法欺公谄佞贼，失了人伦，差了道理。倚仗着为官更有权势，常把良民又去欺，马踏死他亲娘强要他妻，倒把平人下在牢内。若到朝中说就里，那其间赴法遭刑待怨谁？偿人命的官司，须要你当罪。(云)便好道杀人的偿命。(唱)你看我纳下头皮去来，我和那厮做到底。(下)。","chinese-poetry",""
"十探子大闹延安府・迎仙客","元","无名氏","我观了他目下情，审了他口中言，这官司你可也怎的免？使不着你倚豪强，更那堪仗势权。又不比攀指干连，你与我便从实说把招伏串。(葛彪云)我可做甚么打死人来？不干我事。(正末云)张千，将那厮且拿在一壁有者。(张千云)理会的。(净袜子两个上，云)自家是个军，身上穿着青。白日里铺里睡，到晚偷人家葱。我两个是西延边上能行快走的两个探子，一个是李得中，一个是胡乱歇。俺两人奉着元帅的言语，有延安府廉使李圭，着俺两个星夜拿将他来。来到这衙门首。你这里有李圭么？大人的言语，着俺来拿他。张千报复去。也不必吃酒饭，不必要盘缠，快跟将我去来。(张千云)理会的。(报科，云)大人，有两个小军来勾大人来。(正末云)着过来。(张千云)理会的。着你过去。(做见私)(正末云)你是甚么人？(探子云)俺两个是西延边上葛元帅差来，你跟着我走，走、走！(正末云)这厮好无理也！你男子打死平人，怎敢到来勾我？拿下这厮去跪者。(张千云)理会的。(正末唱)。","chinese-poetry",""
"十探子大闹延安府・朝天子","元","无名氏","也是你那命蹇，你休想我便可怜。笃速速打考的身躯颤。打的他皮开肉绽跪在阶前，将你那造恶的形骸变。则你那犯法违条，死而无怨，怎禁你那老无知忒自专。勘问的这事完，我可回那帝辇，(云)做儿的打死平人，做爷的擅勾台省官员。(唱)俺两个便亲自到金銮殿。","chinese-poetry",""
"十探子大闹延安府・啄木儿尾声","元","无名氏","教百姓每晓谕的知，将杀人贼斩布市廛，举宜错诸枉民无怨。虽不是包龙图的机变，将我这秉忠百名姓入凌烟。(下)。","chinese-poetry",""
"十探子大闹延安府・沉醉东风","元","无名氏","则你那七禁令何当是你掌？(云)我问你来了呵。(唱)则你那三军印寄付与谁行？少罪波逃军营的姜太公，离寨栅的诸葛亮，辱没杀晋尹铎保障金汤。你为儿子行凶做爹的撇了战场，(云)为将者一轻、二慢、三盗、四欺、五背、六乱、七误。(唱)请你个行号令的监军自想。","chinese-poetry",""
"水仙子・甚识曾，半霎儿他行不至诚。气命儿般看成，心肝般钦敬，倒将","元","侯正卿","人草芥船轻。瞒不过天地神明，说来的咒誓终朝应。亏心神鬼还灵圣，肠欲断泪如倾。","chinese-poetry",""
"尾・披衣强拈纸与笔，奈心绪烦多书万一。欲向芳卿行诉些憔悴，笔尖头","元","侯正卿","陶写哀情，纸面上敷陈怨气。待写个平安字样，都是俺虚脾拍塞。一封愁信息，向银台畔读不去也伤悲。蜡炬行明知人情意，也垂下数行红泪。","chinese-poetry",""
"南吕・一枝花为玉叶儿作","元","亢文苑","名高唐国盘，色压陈亭榭。霞光侵赵璧，瑞霭赛隋珠。无半点儿尘俗，不比寻常物，世间总不如。莫夸谈天上飞琼，休卖弄人间美玉。","chinese-poetry",""
"梁州・你为我堆宝髻羞盘凤翅，淡朱唇懒注胭脂。东君有意偷窥视。翠鸾","元","亢文苑","寻梦，彩扇题诗；花笺写恨，锦字传词。包藏着无限相思，思量煞可意人儿。几时看靠纱窗偷转秋波，几时见整云髻轻舒玉指，几时看倚东风笑捻花枝。新婚，燕尔。到如今抛闪得人独自，你那点至诚心有谁似？休把那山海盟言不勾思，相会何时。","chinese-poetry",""
"梁州・尽是些暄晓日茅檐燕雀，故意困盐车千里骅骝。英雄肯落儿曹彀？","元","亢文苑","乾坤倦客，江海扁舟，床头金尽，壮志难酬。任飘零身寄南州，恨黄尘敝尽貂裘。看别人苫眼铺眉，笑自己缄舌闭口，但则索向寒窗袖手藏头。如今，更有，那屠龙计策干生受，慢劳攘慢奔走。顾我真成丧家狗，计拙如鸠。","chinese-poetry",""
"尾・蛟龙须待春雷吼，雕鹗腾风万里游。大丈夫峥崂恁时候，扶汤佐周，","元","亢文苑","光前耀后，直教万古清名长不朽！。","chinese-poetry",""
"南吕・一枝花为玉梅作","元","亢文苑","人生萼绿生，天上轮茭降。比南周琼解语，比西锦能香。淡沫玄霜，自有罗浮像，扫梁园红翠乡。千般儿玉骨玲珑，一段儿冰魂荡漾。","chinese-poetry",""
"梁州・受用杀西湖处土，风流煞东阁何郎。芳湿一点何时忘。银钗半露，","元","亢文苑","粉颈微妆；想那调羹滋味，止渴思量。占一枝素魂芬芳，算百花总是寻常。则要挂新月点缀昏黄，合夜雪色藏暗香，却休趁东风泄漏春光。惜花人正想寻芳，驿使频来往，怎禁那寂莫苦情况。则怕羌管声中，零落了萦损柔肠。","chinese-poetry",""
"尾・堪图石氏黄金帐，宜住芦花白玉堂，折莫便冰雪前村一千丈。沽一壶","元","亢文苑","酒浆，向蹇驴背上，教那快忍冻的书生尽自赏。","chinese-poetry",""
"吕蒙正风雪破窑记・金字经","元","王实甫","绣球儿今日个打着一个穷秀才，(二净唱)气的区区泪满腮，泪满腮。(大净唱)也是他缘分该，(二净唱)休相怪。(大净唱)咱拽着尾巴归去来。(同下)。","chinese-poetry",""
"吕蒙正风雪破窑记・尾声","元","王实甫","则这瓦窑中将一应人皆回避，你金榜无名誓不归。(云)若得官呵，你为义夫，妾身为节妇。(唱)立一通贤达德政碑，扶起攀蟾折桂枝，带将你那金银还家来报答你那妻。你若提着一个瓦罐还家来，我可也怨不的你。(下)。","chinese-poetry",""
"吕蒙正风雪破窑记・正宫/端正好","元","王实甫","夫妇取今生，缘分关前世。穷和富是我裙带头衣食。帘儿揭起柴门倚，专等俺投斋婿。","chinese-poetry",""
"吕蒙正风雪破窑记・滚绣球","元","王实甫","听的钟声响报信息，这斋食有次第。俺知他的情意，他待俺着甚回席。虽然是时下贫，有朝发愤日，那其间报答恩德。这其间不见回归，做下碗热羹汤等待贤太冷。揣着个冻酸馅，未填还拙妇的饥，有甚希奇。","chinese-poetry",""
"吕蒙正风雪破窑记・普天乐","元","王实甫","我这里猛然观，抬头觑，我道是谁家个奸汉，却原来是应举的儿夫。咱须足旧有姻，关连着亲肠肚。(吕蒙正云)小姐，我如今落薄了，不曾得官。(正旦云)便落薄何如？(唱)但得个身安乐还家重完聚，问其么官不官便待怎的！(云)遇与不遇，有个比喻。(唱)有一个张良也曾弃印，有一个陶潜罢职，有一个范蠡归湖。","chinese-poetry",""
"吕蒙正风雪破窑记・水仙子","元","王实甫","状元郎仇恨汇在心怀，忤逆女将爷娘不认睬。我这里悔过也展脚舒腰拜，望慈亲免罪责，被尘埃险将我沉埋。女受了金花官诰，女婿便绯袍玉带，也是我苦尽甘来。","chinese-poetry",""
"荆楚臣重对玉梳记・幺篇","元","贾仲明","待将咱所图，我宁死不辱！这厮笑里藏刀，节外生枝，暗地埋伏。这里是大道官塘，怎没个行人，南来北去？天那，眼见的死的来不着坟墓。(净扯住，云)大姐，成合了罢？(正旦叫科，云)有杀人贼也！(荆楚臣引祗候上，云)甚么人叫杀人贼？左右每拿住！(做拿净，与旦认科)(荆楚臣云)玉香姐姐，你认的我么？(正旦云)救我的是谁那？(荆楚臣云)小生荆楚臣也。(正旦云)惭愧。(唱)。","chinese-poetry",""
"荆楚臣重对玉梳记・赚煞尾","元","贾仲明","从今后都一般病染梦魂劳，两下里人远天涯近。好苦痛也荆郎楚臣，(荆楚臣云)姐姐。你肯守志么？(正旦唱)我敢一上青山便化身。从今后枕冷衾寒，索自温存。(净云)有小人陪侍大姐，二十载绵花不剩一分回去！(正旦唱)这嘶待逞精神卖弄家门，(净云)二十载绵花。则和大姐歇一夜罢。(正旦云)呆汉！(唱)休想和你一夜夫妻百夜恩！(净云)柳茂英买了顾玉香也！(正旦唱)你待要抟香弄粉，妆孤学俊。(带云)呆汉！(唱)便准备着那一年春尽一年春。(同荆下)。","chinese-poetry",""
"荆楚臣重对玉梳记・正宫/端正好","元","贾仲明","人乍别受姜凉，病易感添寂寞，记相别，可早半月期过。俺悉人病里如何过？又被这秋景相回和。","chinese-poetry",""
"荆楚臣重对玉梳记・滚绣球","元","贾仲明","我与你觅下的金寻下的银，买下的锦攒下的罗，珠和翠整箱儿盛垛，娘呵，你那哭穷口恰似翻河。(带云)金钱不使呵，(唱)莫不阴司下要用他？(带云)珠翠不戴呵，(唱)莫不灵堂前要显豁？(带云)绞锦不穿呵，(唱)莫不留着棺函中装裹？(卜儿云)忤逆弟子，你待着我死哩！(正旦云)你死呵，(唱)也不索做水陆动钟鼓铙钹。(卜儿云)可是为甚么？(正旦唱)你终朝看的昧心经管取消了灾障，每日念的养家咒多应免些罪过。(卜儿云)你咒的我好！好儿女！好儿女！(正旦唱)咱可甚儿女情多！。","chinese-poetry",""
"荆楚臣重对玉梳记・二煞","元","贾仲明","若是娶的我去家中过，便是引得狼来屋里窝。俺这粉面油头，便是非灾横祸；画阁兰堂，便是地纲天罗。敢着你有家难奔，有口难言，有气难呵。弄的个七上八落，只待睁着眼跳黄河。(净云)大姐，我恰才不道来？二十载绵花都不打紧，则娶大姐做个老婆。(正旦唱)。","chinese-poetry",""
"荆楚臣重对玉梳记・红绣鞋","元","贾仲明","按天际落霞孤鹜，映残阳老树啼乌，古道傍飘衰叶折枯蒲。蒹葭排雁字，云水捕鱼图，洒西风弹泪雨。","chinese-poetry",""
"荆楚臣重对玉梳记・迎仙客","元","贾仲明","转过这山额角生惨凄，见一簇恶林郎黑模糊，不由我心儿里猛然添怕惧。两耳火云烧，浑身冷汗出，似钩住我皮肤，把不定头梢儿竖。(梅香云)姐姐，早寻个灯火店安下也好。(净上喝，旦慌科)(正旦唱)。","chinese-poetry",""
"荆楚臣重对玉梳记・满庭芳","元","贾仲明","也是天然对付，险些儿身归地府，命掩泉途。(荆楚臣云)为甚这厮做出这等事来？(正旦唱)这厮只因饱暖生淫欲。(荆楚臣云)这是关系性命，暂时随顺，省致如此狼狈。(正旦唱)便休想似水如鱼。(荆楚臣云)权时之事，何故认真？(正旦唱)与这嘶待一时间莺俦燕侣，我情愿尽世儿凤只鸾孤。(荆楚巨云)且免一时危难，也不为过。(正旦唱)楚臣也，你深思虑，因何难共处？岂不闻冰炭不同炉？(荆楚臣云)左右，拿过那逆贼来！(祗从拿净跪，旦骂介)(净云)二十载绵花都送大姐。(正旦唱)。","chinese-poetry",""
"荆楚臣重对玉梳记・普天乐","元","贾仲明","这厮起荒淫，生嫉妒，抵多少守株待免，缘木求龟。(净做慌介)(正旦唱)贼汉意下慌，楚臣心头怒。(荆楚臣云)据这贼情理难容，该问死罪哩！(正旦唱)据此贼情理难容伤时务，坏人伦罪不容诛。一心待偎红倚翠，论黄数黑，恶紫夺朱。(云)楚臣，你好生施行此贼咱。(荆楚臣云)左右，将此贼押赴县里去者！(押净下)(正旦唱)。","chinese-poetry",""
"荆楚臣重对玉梳记・朝天子","元","贾仲明","自楚臣应举，听妾身拜覆，俺娘将我待嫁做商人妇。贤愚从来不并居，因此上不避红尘路。谁想来至中途，逢着贼徒，几乎问遭问阻。猛可里得遇，将妾身救取，方信道天自有安排处。(荆楚臣云)元来如此。你可来做甚么？我自有人来取你。(正旦云)楚臣，你如今那里为官？(荆楚臣云)今授句容县令，你也受用五花官诰，做夫人县君也。(正旦唱)。","chinese-poetry",""
"荆楚臣重对玉梳记・耍孩儿","元","贾仲明","原来这夫人也许俺娼人做，我则道尽肚儿常为妓女。不想粪堆上蓦然氏灵芝，鹊巢中生出鸾雏。显耀杀妾本云间住，光辉了君家淮甸居。恰才但有半点儿风声污，可不羞归西浙，耻向东吴。","chinese-poetry",""
"荆楚臣重对玉梳记・一煞","元","贾仲明","肩厮并比翼鸟，腮厮贴比目鱼，手厮把合欢带，同心结连枝树。头厮磕低凋儿歌金缕，腿厮压高擎着倒玉壶。臂厮搂似并头莲在鸳帏宿，尽情儿颠鸾倒凤，尽兴儿弄粉抟酥。","chinese-poetry",""
"荆楚臣重对玉梳记・煞尾","元","贾仲明","做男儿的除县宰称了心，为妻儿的号县君享受福。则我这香名儿贯满松江府，我与那普天下猱儿每可都做的主。(下)。","chinese-poetry",""
"荆楚臣重对玉梳记・驻马听","元","贾仲明","你如今位得荣迁，两行朱衣列马前。当初你身虽贫贱，也曾一春常费买花钱。则我这节妇牌旌表在丽春园，更和你紫泥宣颁降到临川县。这的是心坚石也穿，喜鸳鸯双锁黄金殴。","chinese-poetry",""
"荆楚臣重对玉梳记・落梅风","元","贾仲明","寻夫主真减志，盼京师不甚远。飕飕把风霜亲践，脚竹踵是脚心世踏破的茧，(荆楚臣云)生受夫人。(正旦云)休道生受。(唱)便死呵死而无怨。","chinese-poetry",""
"荆楚臣重对玉梳记・水仙子","元","贾仲明","你道我顾玉香是娇滴滴玉天仙，偏撞他柳盗跖恶哏哏做死冤。手持着明晃晃利刃如秋练，唬得我战钦钦魂灵儿飞半天。若不是你荆楚臣急忙忙剩到根前，将一个赤力力活擒拿，将一个喜孜孜生放免，怎能勾大和妇，美甘甘再得缠绵？。","chinese-poetry",""
"荆楚臣重对玉梳记・清江引","元","贾仲明","老鸨儿那个不爱钱？谁似你坐钱眼中间转。只争他少共多，再不问良和贱，也还比他二十载绵花好过遣。","chinese-poetry",""
"荆楚臣重对玉梳记・离亭宴煞","元","贾仲明","这里是阳春德泽桃花县，他怎肯将小民脂血做黄金辇，除了些月支的俸钱，无过是酒一尊琴三弄诗千卷。说甚三媒六证财，再受你百计千方骗。俺如今也得个夫人位转，若早上了你歹王魁贩茶船，可不干赚了我俏苏卿一世里蹇。","chinese-poetry",""
"张君瑞闹道场(第一本)・幺篇","元","王实甫","也不要香积厨，枯木堂。远着南轩，离着东墙，靠着西厢。近主廊，过耳房，都皆停当。(洁云)便不呵，就与老僧同处何如？(末笑云)要恁怎么。你是必休提着长老方丈。","chinese-poetry",""
"张君瑞闹道场(第一本)・赚煞","元","王实甫","饿眼望将穿，馋口涎空咽，空着我透骨髓相思病染，怎当他临去秋波那一转！休道是小生，便是铁石人也意惹情牵。近庭轩，花柳争妍，日午当庭塔影圆。春光在眼前，争奈玉人不见，将一座梵王宫疑是武陵源。(并下)。","chinese-poetry",""
"张君瑞闹道场(第一本)・迎仙客","元","王实甫","我则见他头似雪，鬓如霜，面如童，少年得内养；貌堂堂，声朗朗，头直上只少个圆光。恰便似捏塑来的僧伽像。","chinese-poetry",""
"张君瑞闹道场(第一本)・小梁州","元","王实甫","可喜娘的庞儿浅淡妆，穿一套缟素衣裳；胡伶渌老不寻常，偷睛望，眼挫里抹张郎。","chinese-poetry",""
"张君瑞闹道场(第一本)・耍孩儿","元","王实甫","当初那巫山远隔如天样，听说罢又在巫山那厢。业身躯虽是立在回廊，魂灵儿巴在他行。本待要安排心事传幽客，我只怕漏泄春光与乃堂。夫人怕女孩儿春心荡，怪黄莺儿作对，怨粉蝶儿成双。","chinese-poetry",""
"张君瑞闹道场(第一本)・五煞","元","王实甫","小姐年纪小，性气刚。张郎倘得相亲榜，乍相逢厌见何郎粉，看邂逅偷将韩寿香。才到得风流况，成就了会温存的娇婿，怕甚么能拘束的亲娘。","chinese-poetry",""
"张君瑞闹道场(第一本)・四煞","元","王实甫","夫人忒虑过，小生空妄想，郎才女貌合相仿。休直待眉儿浅淡思张敞，春色飘零忆阮郎，非是咱自夸奖：他有德言工貌，小生有恭俭温良。","chinese-poetry",""
"张君瑞闹道场(第一本)・三煞","元","王实甫","想着他眉儿浅浅描，脸儿淡淡妆，粉香腻玉搓咽项。翠裙鸳绣金莲小，红袖鸾销玉笋长。不想呵其实强：你撇下半天风韵，我拾得万种思量。却忘了辞长老。(见洁科)小生敢问长老，房舍如何？(洁云)塔院侧过西厢一间房，甚是潇洒，正可先生安下。现收拾下了，随先生早晚来。(末云)小生便回店中搬去。(洁云)吃斋了去。(末云)老僧收拾下斋，小生取行李便来。(洁云)既然如此，老僧准备下斋，先生是必便来。(下)(末云)若在店中人闹，倒好消遣；搬在寺中静处，怎么捱这凄凉也呵。","chinese-poetry",""
"张君瑞闹道场(第一本)・二煞","元","王实甫","院宇深，枕簟凉，一灯孤影摇书幌。纵然酬得今生志，着甚支吾此夜长。睡不着如翻掌，少可有一万声长吁短叹，五千遍捣枕槌床。","chinese-poetry",""
"张君瑞闹道场(第一本)・尾","元","王实甫","一天好事从今定，一首诗分明照证；再不向青琐闼梦儿中寻，则去那碧桃花树儿下等。(下)。","chinese-poetry",""
"张君瑞闹道场(第一本)・驻马听","元","王实甫","法鼓金铎，二月春雷响殿角；钟声佛号，半天风雨洒松梢。侯门不许老僧敲，纱窗外定有红娘报。害相思的馋眼脑，见他时须看个十分饱。(末见洁科)(洁云)先生先拈香，恐夫人问呵，则说是老僧的亲，(末拈香科)。","chinese-poetry",""
"张君瑞闹道场(第一本)・雁儿落","元","王实甫","我则道这玉天仙离了碧霄，原来是可意种来清醮。小子多愁多病身，怎当他倾国倾城貌。","chinese-poetry",""
"张君瑞闹道场(第一本)・得胜令","元","王实甫","恰便似檀口点樱桃，粉鼻儿倚琼瑶，淡白梨花面，轻盈杨柳腰。妖娆，满面儿扑堆着俏；苗条，一团儿是娇。","chinese-poetry",""
"张君瑞闹道场(第一本)・折桂令","元","王实甫","着小生迷留没乱，心痒难挠。哭声儿似莺啭乔林，泪珠儿似露滴花梢。大师也难学，把一个发慈悲的脸儿来朦着，击磬的头陀懊恼，添香的行者心焦。烛影风摇，香霭云飘；贪着莺莺，烛灭香消。","chinese-poetry",""
"张君瑞闹道场(第一本)・鸳鸯煞","元","王实甫","有心争似无心好，多情却被无情恼。劳攘了一宵，月儿沈，钟儿响，鸡儿叫。畅道是玉人归去得疾，好事收拾得早，道场毕诸人散了。酩子里各归家，葫芦提闹到晓。(并下)。","chinese-poetry",""
"张君瑞闹道场(第一本)・络丝娘煞尾","元","王实甫","则为你闭月羞花相貌，少不得剪草除根大小。","chinese-poetry",""
"中吕・朝天子秋夜客怀","元","周德清","月光，桂香，趁着风飘荡。砧声催动一天霜，过雁声嘹亮；叫起离情，敲残愁况，梦家山身异乡。夜凉，枕凉，不许愁人强。书所见鬓鸦，脸霞，屈杀将陪嫁；规模全是大人家，不在红娘下。笑眼偷瞧，文谈回话，真如解语花。若咱，得他，倒了葡萄架。","chinese-poetry",""
"中吕・满庭芳看岳王传","元","周德清","披文握武，建中兴庙宇，载青史图书。功成却被权臣妒，正落奸谋。闪杀人望旌节中原士夫，误杀人弃丘陵南渡銮舆！钱塘路，愁风怨雨，长是洒西湖！韩世忠安危属君，立勤王志节，比翊汉功勋。临机料敌存威信，际会风云。似恁地尽忠勇匡君报本，也消得坐都堂秉笏垂绅。闲评论，中兴宰臣，万古揖清芬！误国贼秦桧官居极品，欺天误主，贱土轻民。把一场和议为公论，妒害功臣。通贼虏怀奸诳君，那些儿立朝堂仗义依仁？英雄恨，使飞云幸存，那里有南北二朝分？张俊谋渊略广，论兵用武，立国安邦。佐中兴一代贤明将，怎生来险幸如狼？蓄祸心奸私放党，附权臣构陷忠良。朝堂上，把一个精忠岳王，屈死葬钱塘！。","chinese-poetry",""
"越调・天净沙嘲歌者茶茶","元","周德清","根窠生长灵芽，旗枪搠立烟花，不许冯魁串瓦。休抬高价，小舟来贩茶茶。舟阻女儿港庐山面已难寻，孤山鞋不曾沉，掩面留鞋意深。不知因甚，女儿港到如今。","chinese-poetry",""
"越调・柳营曲冬夜怀友","元","周德清","暮云收，冷风飕，到中宵月来清更幽。倚遍江楼，望断汀洲，雪月照人愁。舍梅花谁是交游？饮松醪自想期俦。王子猷干罢手，戴安道且蒙头。休，谁驾剡溪舟？别友一叶身，二毛人，功名壮怀犹未伸。夜雨论文，明月伤神，秋色淡离樽。离东君桃李侯门，过西风杨柳渔村。酒船同棹月，诗担自挑云。君，孤雁不堪听！有所思燕子来，海棠开，西厢尚愁音信乖。问柳章台，采药天台，归去却伤怀，恰嗔人踏破苍苔，不知他行出瑶阶。见刚刚三寸迹，想窄窄一双鞋。猜，多早晚到书斋？。","chinese-poetry",""
"南吕・一枝花遗张伯元","元","周德清","正伯牙志未谐，遇钟子心能解。使高山群虎啸，要流水老龙哀。洒落襟怀，一笑乾坤大，高谈云雾开。几行北雁吞声，一片西山失色。","chinese-poetry",""
"梁州・无人我惊心句险，有江山空日烟埋。相逢尽是他乡客。我淹吴楚，","元","周德清","君显江淮。雄游海宇，挺出人材。箕裘事业合该，簪缨苗裔传来。大胸襟进履圯桥壮游。玩乘槎大海，老风波走马章台。千载，后代，子孙更风流煞！万一见此豪迈。玉有润难明借月色，出落吾侪。","chinese-poetry",""
"隔尾・向管中窥豹那知外？坐井底观天又出来。运斧般门志何大！出削个","元","周德清","好歹，但成个架格，未敢望将如栋梁采。","chinese-poetry",""
"天净沙・盘中排营寨城池，眼前无弓箭旌旗，心内有刀枪剑戟。局面儿几","元","周德清","般形势，似英雄征战相持。","chinese-poetry",""
"小桃红・散二似萧何追韩言待回归，众军士傍观立。散三似敬德赶秦王不","元","周德清","相离，有叔宝后跟随。百一局似关云长独赴单刀会，败到这其间有几？赢了的百中无一，输了的似楚霸王刎江湄。","chinese-poetry",""
"虎牢关三战吕布・尾声","元","郑光祖","十载武夫闲，九得兵书看。八卦阵如同等闲，七禁令将军我小看。六丁神不许将我遮拦，者么是五云间，四壁银山，三姓家奴恁意儿反。(关末云)兄弟，想吕布十分英勇，又有八健将，则怕你难敌么？(正末唱)二哥哥你休将我小看，凭着我这一生得村汉。(关末云)兄弟也，两阵之间，你可怎生交马也？(正末唱)我可敢半空中滴溜扑番过那一座虎牢关。","chinese-poetry",""
"虎牢关三战吕布・驻马听","元","郑光祖","我可甚么高枕无忧？空抄定拽硬弓搠长枪阿呸我这对捉将手。我可是么低头来切肉？怒睁开我这辨风云别气色这一对杀人眸。大哥哥羞惭替他羞，二哥哥受苦甘心受。我则怕掉下一个树叶儿来呵我则怕倒打破您那头，(云)长沙太守孙坚！(唱)怎么来早是非只为多开口。","chinese-poetry",""
"虎牢关三战吕布・雁儿落","元","郑光祖","往常我观云间乌兔走，今日个看地下蚍蜉斗。姜太公渭水河边执着钓钩，今日个轮到俺辕门外打鼻钮。","chinese-poetry",""
"虎牢关三战吕布・得胜令","元","郑光祖","哥也更兀则这里怎敢不低头？似恁的几时得到摘星楼？别人去省部里标了名姓，哥也赤紧的俺县衙甲无甚解忧。(刘末云)但得个大小官职也罢。(正末唱)但得个知州，也是我不待屈不能勾。(刘末云)哎约！哎约！(正末唱)哎约屈的我冷汗便似浇流。(云)刘、关、张弟兄三人，破一百万黄巾贼，临了在辕门外与别人打躬。(唱)我可甚么男儿得志秋！(卒子云)平身。可不早说。喏！报的元帅得知，吕布索战。(孙坚云)我肚里疼了。(正末云)哥也，走了马也。(刘末云)在那里？(正末见孙坚科，云)喏，我医元帅肚里疼也！(孙坚云)你要医我的病，好个丑太医！你有甚么名方妙药，治我的病？你试说一遍，我试听咱。(正末唱)。","chinese-poetry",""
"虎牢关三战吕布・幺篇","元","郑光祖","恰离了军阵中，早来到林琅里。可又早解开擐带，松开戎装，脱下征衣。吕温侯他纵玉勒，再赶到，十里田地。(孙坚云)这个是我使的计来。(正末云)你那计，(唱)厮杀不到两三合脱的赤条条的。(孙坚云)这厮好无礼也，着言语讥讽我。你是一个掠阵使，别人都报了功也，你这早晚才来，你有什么功劳？(正末云)张飞有功劳来。(孙坚云)有什么功劳来？(正末唱)。","chinese-poetry",""
"虎牢关三战吕布・满庭芳","元","郑光祖","昨宵晚夕，长空淡淡，凉月辉辉，张屯来往巡绰拿住个奸细，手中将着几件东西。(孙坚云)莫不是两事家使的枪刀剑戟么？(正末唱)也不是两事家使的枪刀剑戟。(孙坚云)可是甚么那？(正末云)左右将来！(做将衣甲丢在当面科，唱)那一个诸侯王的这衣甲头盔。(孙坚云)哎哟，嗨！一个好先生，买命算卦，说我不合破财，果然今日还送将来了。(正末唱)唬的他一个呆痴的。(云)元帅你不道来，(唱)快将你那儿郎准备。(云)这衣袍铠甲，被别人夺将去了。(唱)这的是你那人和着凯歌回。","chinese-poetry",""
"虎牢关三战吕布・耍孩儿","元","郑光祖","我道来我道来。不是我说强嘴说强嘴，则我这点钢枪分付在那厮鼻凹里。遮截架解难投奔，则我这刺搠签创枪法疾。我是个好厮杀的天魔祟，从虎者应无善兽，好斗者必遇强敌。","chinese-poetry",""
"虎牢关三战吕布・正宫/端正好","元","郑光祖","今日个奉圣敕战温侯，驱士马擒贼将，俺弟兄每尽忠尽志气昂昂。(刘末云)三兄弟今日战退吕布，肃靖边关，俺保社稷之坚固，立家邦之永昌，方显大将之能也。(正末唱)俺将这汉朝社稷重开创，显耀处八面威风像。","chinese-poetry",""
"虎牢关三战吕布・滚绣球","元","郑光祖","则这个张翼德性气刚，(刘末云)俺二兄弟云长，勇烈刚强也。(正末唱)更和这关云长武艺强。(刘末云)这一场征战，皆托二兄弟之威也。(正末唱)若不是刘玄德一冲一撞，俺端的逞英雄恶战在杀场。(刘末云)那吕布恃强独霸，搅扰中原，威镇于虎牢关下，仗八健将之勇猛，谁想今日大败亏输，力不能敌也。(正末唱)逼的个吕温侯逃命荒，八健将已中伤，杀的那败残军尽皆失丧。(刘末云)俺杀的那吕温侯倒戈卸甲，血染黄沙。这场大战，非同小可也。(正末唱)恰便似卧麻般撇漾了些剑戟刀枪。杀的他冠斜獬豸将军败，血染征袍马带伤。四海名扬。(云)可早来到辕门首也。左右接了马者。小校报复去，道有刘、关、张弟兄三人，得胜而回也。(卒子云)报的元帅得知，有刘关张弟兄三人，得胜而回也。(袁绍云)道有请。(卒子云)理会的。有请。(见科)(刘末云)元帅，想刘备才德俱薄，兵微将寡，托赖圣人洪福、元帅之威，方得战退吕布也。(袁绍云)据玄德公声播寰区，名传海字，得胜英杰，才超俊士，况其二弟相扶，譬如猛虎，加之羽翼。因贼子反乱中原，四海之民，受其残暴，杀败十八路诸侯，拱手而伏，无能拒御。谁想三位将军，到于牢关，汗马之劳，战退了吕布，以解圣主之忧，救苍生涂炭之苦。今主上大喜，命某在此帅府，封官赐赏。这一场非同小可也。(曹操云)三位将军。勇于一战。温侯大败，余兵尽皆残灭。一赖圣恩洪福，二托将军之威也。(正末唱)。","chinese-poetry",""
"虎牢关三战吕布・小梁州","元","郑光祖","张飞我跃马横担丈八枪，舞梨花搅海翻江。(袁绍云)吕布可怎生对敌来？(正末唱)吕温侯方天画戟怎提防，杀的他无归向。今日个一阵定兴亡。","chinese-poetry",""
"闺怨佳人拜月亭・幺篇","元","关汉卿","行色一鞭催瘦马。（孤云了）（正旦唱）你直待白骨中原如卧麻。虽是这战伐，负着个天摧地塌，是必想着俺子母每早来家。（下）。","chinese-poetry",""
"闺怨佳人拜月亭・赚尾","元","关汉卿","然是弟兄心，殷勤意。本酒量窄推辞少吃，乐意开怀虽恁地，也省可里不记东西。（做扶着末科）（做寻思科）呵！我自思忆，想我那从你的行为，被这地乱天翻教我做不的伶俐。假妆些厮收厮拾，佯做个一家一计，且着这脱身术瞒过这打家贼。（下）。","chinese-poetry",""
"闺怨佳人拜月亭・南吕/一枝花","元","关汉卿","干戈动地来，横祸事从天降：爷娘三不归，家国一时亡。龙斗来鱼伤，情愿受消疏况。怎生般不应当，脱着衣裳，感得这些天行好缠仗。","chinese-poetry",""
"闺怨佳人拜月亭・梁州","元","关汉卿","恰似悒悒的锥挑太阳，忽忽的火燎胸膛。身沉体重难回项，口干舌涩，声重言狂。可又别无使数，难请街坊，则我独自一个婆娘，与他无明夜过药煎汤。呵！早是俺两口儿背井离乡！口应！则怏他一路上荡风打浪，嗨！谁想他百忙里卧枕着床。内伤、外伤，怕不待倾心吐胆尽筋竭力把个牙推请；则怕小处尽是打当。只愿的依本分伤家没变症，慢慢的传受阴阳。","chinese-poetry",""
"闺怨佳人拜月亭・收尾","元","关汉卿","休想我为翠屏红烛流苏帐，撇了你这黄卷青灯映雪窗。（孤云了）（末云了）（打别了）（嘱咐末科）你心间莫昏忘，你心间索记当：我言词更无妄，不须伊再审详。咱兀的做夫妻三个月时光，你莫不曾见您这歹浑家说个谎？（下）。","chinese-poetry",""
"闺怨佳人拜月亭・正宫/端正好","元","关汉卿","我想那受官厅，读书舍，谁不曾虎困龙蛰？（带云）信着我父亲呵，世间人把丹桂都休折，留着手把雕弓拽。","chinese-poetry",""
"闺怨佳人拜月亭・滚绣球","元","关汉卿","俺这个背晦爷，听的把古书说，他便恶忿忿的脑裂，粗豪的今古皆绝。您这些富产业，更怕我顾恋情惹，俺向那笔尖上自挣扎得些豪奢。搠起柄夫荣妇贵三檐伞，抵多少爷饭娘羹驷马车！两件儿浑别。","chinese-poetry",""
"闺怨佳人拜月亭・二煞","元","关汉卿","则就那里先肝肠眉黛千干结，烟水云山万万叠。他便似烈焰飘风，劣心卒性，怎禁那后拥前推、乱棒胡枷！呵，谁无个老父？谁无个尊君？谁无个亲爷？从头儿看来，都不似俺那狠爹爹！。","chinese-poetry",""
"闺怨佳人拜月亭・尾","元","关汉卿","他把世间毒害收拾彻，我将天下忧愁结缆绝。（小旦云了）没盘缠，在店舍，有谁人，厮抬贴？那消疏，那凄切，生分离，厮抛撇。从相别，恁时节，音书无，信息绝。我这些时眼跳腮红耳轮热，眠梦交杂不宁贴。您哥哥暑湿风寒纵较些，多被那烦恼忧愁上送了也！（下）。","chinese-poetry",""
"闺怨佳人拜月亭・驻马听","元","关汉卿","你贪着个断简残编，恭俭温良好缱绻；我贪着个轻弓短箭。粗豪勇猛恶因缘。（小旦云了）可知煞是也。您的管梦回酒醒诵诗篇，俺的敢灯昏人静夸征战；少不的向我绣帏边，说的些碜可可落得的冤魂现。","chinese-poetry",""
"闺怨佳人拜月亭・雁儿落","元","关汉卿","你而今病疾儿都较痊？你而今身体儿全康健？当初咱那埚儿各间别，怎承望这搭儿里重相见！。","chinese-poetry",""
"闺怨佳人拜月亭・水仙子","元","关汉卿","今日这半边鸾镜得团圆，早则那一纸鱼封不更传。（末云了）你说这话！（做意了）须是俺狠毒爷强匹配我成婚眷。不刺，可是谁央及你个蒋状元，一投得官也接了丝鞭！我常把伊思念，你不将人挂恋，亏心的上有青天！。","chinese-poetry",""
"闺怨佳人拜月亭・夜行船","元","关汉卿","须是我心上斜横着这美少年，你可别无甚闷缕愁牵。便坐驷马高车，管着满门良贱，但出入唾盂掌扇。","chinese-poetry",""
"中吕・喜春来过普天乐","元","赵岩","琉璃殿暖香浮细，翡翠帘深卷燕迟，夕阳芳草小亭西。间纳履，见十二个粉蝶儿飞。一个恋花心，一个搀春意。一个翩翻粉翅，一个乱点罗衣。一个掠草飞，一个穿帘戏。一个赶过杨花西园里睡，一个与游人步步相随。一个拍散晚烟，一个贪欢嫩蕊，那一个与祝英台梦里为期。","chinese-poetry",""
"耍孩儿・待向人前开口实羞赧，折腰处拳拳意懒。这回不免向君前，曲弓","元","董君瑞","弓冒突台颜。故来海上垂钩线，特向津头执钓竿，有意相侵犯。将你个高门谄媚，小子相干。","chinese-poetry",""
"六煞・知君廉俭犹清干，据头角轩昂见罕。即非面谕厮过从，将明公焉敢","元","董君瑞","相残？岂不知甜言与我三冬暧，恶语伤人六月寒？你是多少人称赞，道你量如江海，器若丘山。","chinese-poetry",""
"尾声・摆一个齐整欢筵会，做一段笑乐新杂剧。杂剧要旦末双全，筵席要","元","张碧山","水陆俱备。唱道趁着这美景良辰，请几个达时务英雄辈。劝你这知已的相识，知知不知在于你。","chinese-poetry",""
"双调・折桂令拟张鸣善","元","倪瓒","草茫茫秦汉陵阙，世代兴亡，却便似月影圆缺。山人家堆案图书，当窗松桂，满地薇蕨。侯门深何须刺谒，白云自可怡悦。到如今世事难说，天地间不见一个英雄，不见一个豪杰。辛亥过陆庄片帆轻水远山长，鸿雁将来，菊蕊初黄。碧海鲸鲵，兰苕翡翠，风露鸳鸯。问音信何人谛当，想情怀旧日风光。杨柳池塘，随处凋零，无限思量。","chinese-poetry",""
"锦云堂暗定连环计・南吕/一枝花","元","无名氏","急切里称不的王允心，酬不了吾皇愿，擒不到董太师，立不起汉山川。则着我算后思前，将百计搜寻遍，奈一时难布展，忧的我神思竭默默无言，愁的我魂胆丧兢兢打战。","chinese-poetry",""
"锦云堂暗定连环计・四块玉","元","无名氏","我则道他瘦恹恹苦病缠，却元来悄促促耽闺怨，方信道色胆从来大似天。(旦儿做泣科)(正末唱)则见他泪痕儿界破残妆面。我可甚治家如治国，他也不能守礼似守身，都做的顾后不顾前。(云)貂蝉，你在这里做甚么？敢如此大胆也。(梅香云)决撒了，老爷都听见了也。(旦儿云)你孩儿在此不曾说甚么，则为身子不快，特来烧香。(正末云)噤声。(唱)。","chinese-poetry",""
"锦云堂暗定连环计・骂玉郎","元","无名氏","还待要花言巧语将咱骗，你恰才个焚香拜旨青天，深深顶礼亲发愿。似这等心又虔、意又坚，可则是保你身无倦？。","chinese-poetry",""
"锦云堂暗定连环计・感皇恩","元","无名氏","呀，你说甚么再递丝鞭，重整良缘，是谁人打散了你这锦纹鸯，分开了双飞燕，斫断了并头莲？害的你一生恨惹，则为这两下情牵。(旦儿云)你孩儿并无此言。(正末云)你还赖哩。(唱)我则问你遭间阻，经离别，是何年？。","chinese-poetry",""
"锦云堂暗定连环计・隔尾","元","无名氏","一个眼传情羞掩芙蓉面，一个坐不稳难登玳瑁筵。则见他佯带酒推更衣且宽转。(吕布云)老宰辅，乞恕吕布疏狂之罪。(正末唱)请温侯稳便，(吕布做呕科，云)吕布酒醉了，混践华堂，岂不得罪？(正末唱)有甚么混践。(云)奉先请坐，老夫前后执料去咱。(唱)我口儿里说话，将身躯倒退的远。(虚下)(吕布低云)老宰辅去了也。貂蝉！(旦儿应科)(吕布云)妻也，你怎生却在这里？(旦儿云)自从俺临洮失散，流落在司徒府中，不想今日才得相见。奉先，则被你痛杀我也。(旦儿做哭、吕布掩泣科，云)貂蝉，兀的不想杀我也。(正末冲上，云)你两个说甚么哩？(吕布同旦儿跪科)(正末唱)。","chinese-poetry",""
"锦云堂暗定连环计・黄钟尾","元","无名氏","到明朝安排下鸿门摆设重瞳宴，准备着打凤机关吕后筵。用心肠，使机见。这权术，要巧便。奏笙歌，列管弦。花如锦，酒似川。我更谦下，做软善。董太师，酒性颠。见红颜，决顾恋。那其间我把这美貌貂蝉伪托献。暗暗的对天说咒愿。(带云)你道我愿甚的来？(唱)则愿的早灭了贼臣，将俺那圣明来显。(同季旅、祗候下)。","chinese-poetry",""
"锦云堂暗定连环计・正宫/端正好","元","无名氏","仗才能，凭谋量，不须动阔剑长枪，无非是偎红倚翠如屏障，早摆设的都停当。","chinese-poetry",""
"锦云堂暗定连环计・滚绣球","元","无名氏","炉焚着宝篆香，酒斟着玉液浆，奏笙歌乐声嘹亮，今日个画堂中别是风光。虽然是锦绣乡，暗藏着战斗场，则争无虎贲郎将，玳筵前拥出红妆。我只待窝弓药箭擒狼虎，布网张罗打凤凰，不比寻常。","chinese-poetry",""
"锦云堂暗定连环计・叨叨令","元","无名氏","见董卓厮琅琅将酒盏躬身放，(董卓云)好美貌的女子。我府里虽有千数丫鬟，并无一个能及之者。怎么这老头儿有那等好的？(正末唱)他把那娇滴滴艳质从头相。(董卓做扯旦儿科，云)你便近着我些，有何妨碍？(正末唱)见貂蝉羞答答身子儿难亲傍，(董卓做看旦儿科，云)好女子也！(正末唱)那老贼涎邓邓的眼脑儿偷睛望。(董卓云)好女子也，你靠前些。(正末唱)这厮早则中计也波哥，早则中计也波哥，我推个支分厨下离了筵上。","chinese-poetry",""
"锦云堂暗定连环计・耍孩儿","元","无名氏","觑你个吕温侯本是英雄将，则这条方天戟有谁人抵当。也曾虎牢关外把姓名扬，吓的众诸侯胆落魂亡。你本是扶持社稷擎天柱，平定乾坤架海粱。你有仁义他无辞让，怎将那连云相府，生扭做行雨高唐？。","chinese-poetry",""
"锦云堂暗定连环计・二煞","元","无名氏","他敛黄金尽四方，怕没红颜满洞房？怎么禽兽般做的能淫荡。你当初把离愁泣诉华筵畔，到今日将密爱轻分半壁厢。还顾甚多恩养，便不想臣能报国，也索要夫与妻纲。","chinese-poetry",""
"锦云堂暗定连环计・煞尾","元","无名氏","虽然是女娘家不气长，从来个做男儿当自强。若要你勃腾腾怒发三千丈，则除今夜里亲见貂蝉细细的访。(下)。","chinese-poetry",""
"锦云堂暗定连环计・驻马听","元","无名氏","董太师燕约莺期，欢喜杀肉重千斤新女婿。吕温侯鸾孤凤只，烦恼杀情分两处旧矫妻。貂蝉女泪珠儿滴满了凤凰杯，吕温侯怒风儿吹散了鸳鸯会。因此上自惊疑，则怕那一枝泄漏春消息。(吕布上，云)俺吕布一拳打倒那老贼，他必然差人来拿我。俺且躲在王司徒府中，与他商议，务要杀了那老贼，夺回貂蝉，才称我平生之愿。这是司徒府门首，待我唤咱。开门来！开门来！(正末云))这唤门的好似吕布的声音，这厮敢中计也。(唱)。","chinese-poetry",""
"锦云堂暗定连环计・雁儿落","元","无名氏","他下的你下的，你有义他无义。人无害虎心，虎有伤人意。","chinese-poetry",""
"锦云堂暗定连环计・得胜令","元","无名氏","方信道天网自恢恢，业重祸相随。他认做威福长堪假，怎知道江山不可移？今日个燃脐，也是他自做下舀天罪。我和你扬眉，不枉了舍残生救主危。","chinese-poetry",""
"锦云堂暗定连环计・水仙子","元","无名氏","元来那风道人掷布本仙机，蔡学士你为谋早预知。董太师果断送在连环计，吕温侯有胆力，如今个杨太尉奏上丹墀。(杨彪上，云)你众官望阙跪者，听圣人的命。(正末同众跪科)(杨彪云)卓本关西一武骑，自恃雄豪足盖世。亲提健卒入朝来，眼底全无汉皇帝。揽权擅威行不道，纳用子妻如狗彘。腹心牙爪尽崩离，已知此虏为天弃。即今斩首银台门，焚尸长安正厥罪。蔡邕学士多智谋，往来其间用游说。特加礼部侍郎衔，兼掌中书知诰制。吕布订贼建首功，封王出镇幽燕地。其妻貂蝉亦国君，随夫之爵身荣贵。李肃曾是卓家奴，晚能自拔来归义。可以骠骑大将军，仍领羽林作环卫。老臣王允怀主忧，当筵巧使连环计。是用报卿左丞相，与国同休永无替。(众谢恩科)(王允云)臣允老矣，恐不能久在朝端，扶助主上。(唱)愿圣主千年寿，保皇家万代基，容王允可便拂袖而归。(众下)。","chinese-poetry",""
"红绣鞋・往常时冬里卧芙蓉ブ褥，夏里铺藤席纱忄厨，但出门换套儿好衣","元","王氏","不应冯魁茶员外，茶员外钞姨夫，我则想俏双生为伴侣。","chinese-poetry",""
"耍孩儿・这厮不通今古通商贾，是贩卖俺愁人的客旅。守着这厮愁闷怎消","元","王氏","除，真乃是牛马而襟裾。斗筲之器成何用，粪土之墙不可圬。想俺爱钱娘乔为做，不分些好弱，不辨贤愚。","chinese-poetry",""
"三煞・娘呵你好下得好下得！忒狠毒忒狠毒！全没些子母情肠肚。则好教","元","王氏","三千场失火遭天震，一万处疔疮生背疽。怎不教我心中怒？你在钱堆受用，撇我在水面上遭徒。","chinese-poetry",""
"双调・折桂令桃花马","元","王元鼎","问刘郎骥控亭槐，觉红雨潇潇，乱落苍苔。溪上笼归，桥边洗罢，洞口牵来。摇玉辔春风满街，摘金鞍流水天台。锦绣毛胎，嘶过玄都，千树齐开。套数。","chinese-poetry",""
"双调・夜行船秋怀","元","萧德润","一夜秋声入井梧，碧纱厨枕剩珊瑚。秦凤东归，楚云西去，旧欢娱等闲辜负。","chinese-poetry",""
"鸳鸯煞・锦回文织就别离谱，碧云笺写遍伤心句。旧物空存，薄情何处？","元","萧德润","畅道往事千端，柔肠九曲，软玉温香，作念着何曾住？人问我秋到也较何如？怕的是战碎芭蕉画阑雨。","chinese-poetry",""
"仙吕・一半儿病酒","元","徐再思","昨宵中酒懒扶头，今日看花惟袖手，害酒愁花人问羞。病根由，一半儿因花一半儿酒。落花河阳香散唤提壶，金谷魂消啼鹧鸪，隋苑春归闻杜宇。片红无，一半儿狂风一半儿雨。春情眉传雨恨母先疑，眼送云情人早知，口散风声谁唤起。这别离，一半儿因咱一半儿你。","chinese-poetry",""
"中吕・朝天子西湖","元","徐再思","里湖，外湖，无处是无春处。真山真水真画图，一片玲珑玉。宜酒宜诗，宜晴宜雨。销金锅锦绣窟，老苏，老逋，杨柳堤梅花墓。手帕酒痕，泪痕，半带着胭脂润。鲛渊一片玉霄云，缕缕东风恨。待写回文，敷陈方寸，怕莺花说与春。使人，赠君，寄风月平安信。常山江行远山，近山，一片青无间。逆流流流诉上乱石滩，险似连云栈。落日昏鸦，西风归雁，叹崎岖途路难。得闲，且闲，何处无鱼羹饭？杨姬艳冶，唱彻，〔金缕〕歌全阕。秋娘声价有谁轶？曾奉黄金阙。歌扇生春，舞裙回雪，不风流不醉也。舞者，唱者，一曲秦楼月。","chinese-poetry",""
"中吕・满庭芳赠歌者","元","徐再思","犀梳玉簪，歌裙翠浅，舞袖红深。风流消得缠头锦，一笑千金。痛饮时花前痛饮，知音人席上知音。春无禁，蜂蝶快寻，先到海棠心。","chinese-poetry",""
"中吕・红绣鞋雪","元","徐再思","白鹭交飞溪脚，玉龙横卧山腰，满乾坤无处不琼瑶。因风吹柳絮，和月点梅梢，想孤山鹤睡了。半月泉凿透林间山溜，平分天上中秋，菱花分破印寒流。沁梅疏影缺，攀桂片云愁，待团圆掬在手。道院一榻白云竹径，半窗明月松声，红尘无处是篷瀛。青猿藏火枣，黑虎听《黄庭》，山人参内景。","chinese-poetry",""
"越调・小桃红花篮区髻","元","徐再思","东风攒簇一筐春，吹在秋蝉鬓，玉露凝香宝钗润。绿无尘，同心双挽蜂蝶阵。群芳顶上，连环枝下，分断楚山云。","chinese-poetry",""
"越调・天净沙探梅","元","徐再思","昨朝深雪前村，今宵淡月黄昏，春到南枝几分？水香冰晕，唤回逋老诗魂。吕侯席上素波笑浅流花，轻衫舞争飘霞，席上司空鬓华。酒阑歌罢，不知春在谁家？别高宰青山远远天台，白云隐隐萧台，回首江南倦客。西湖诗债，梅花等我归来。春情双双翠舞珠歌，卿卿酒病花魔，为问风流玉娥。海棠开过，牡丹消息如何？渔父忘形雨笠烟蓑，知心牧唱樵歌，明月清风共我。闲人三个，从他今古消磨。秋江夜泊斜阳万点昏鸦，西风两岸芦花，船系浔阳酒家。多情司马，青衫梦里琵琶。题情多才惹得多愁，多情便有多忧，不重不轻证候。甘心消受，谁教你会风流？。","chinese-poetry",""
"双调・沉醉东风息斋画竹","元","徐再思","葛陂里神龙蜕形，丹山中彩凤栖庭。风吹粉箨香，雨洗苍苔冷，老仙翁笔底春生。明月阑干酒半醒，对一片儿潇湘翠影。春情一自多才间阔，几时盼得成合。今日个猛见他门前过，待唤着怕人瞧科。我这里高唱当时《水调歌》，要识得声音是我。红灼灼花明翠牖。翠丝丝柳拂青楼。锦谷春，银瓶酒，玉天仙燕体莺喉。不向樽前醉后休，枉笑煞花间四友。","chinese-poetry",""
"双调・清江引苕溪","元","徐再思","驼风两桥分燕尾，人物风流地。白云四面山，明月双溪水，身在董元图画里。盘龙寺山僧定回月半吐，叱咤神龙处。空廊旧爪痕，古殿新盘路，卷起讲华台下雨。春夜云间玉箫三四声，人倚阑干听。风生翡翠棂，露滴梧桐井，明月半帘花弄影。私欢梧酮画阑明月斜，酒散笙歌歇。梅香走将来，耳畔低低说：后堂中正夫人沉醉也。笑靥儿东风不知何处来？吹动胭脂色。旋成一点春，添上十分态，有千金俏人儿谁共买。相思相思有如少债的，每日相催逼。常挑着一担愁，准不了三分利，这本钱见他时才算得。","chinese-poetry",""
"双调・寿阳曲梅影","元","徐再思","枝横水，花未雪，镜中春玉痕明灭。梨云梦残人瘦也，弄黄昏半窗明月。手帕香多处，情万缕，织春愁一方柔玉。寄多才怕不知心内苦，带胭脂泪痕将去。春情心疼事，肠断词，背秋千泪痕红渍。剔春纤碎榴花瓣儿，就窗纱砌成愁字。昨宵是，你自说，许是咱这般时节。到西厢等的人静也，又不成再推明夜。闲情绪，深院宇，正东风满帘飞絮。怕梨花不禁三月雨，是谁教燕衔春去？醉姬绯霞佩，金缕衣，枕东风美人深醉。便休将玉箫花下吹，怕惊回海棠春睡。柳腰连环玉，一搦酥，舞春风柳丝相妒。沈东阳带红香双抱住，怕随着彩云飞去。","chinese-poetry",""
"双调・水仙子夜雨","元","徐再思","一声梧叶一声秋，一点芭蕉一点愁，三更归梦三更后。落灯花棋未收，叹新丰孤馆人留。枕上十年事，江南二老忧，都到心头。弹唱佳人玉纤流恨出冰丝，瓠齿和春吐怨辞，秋波送巧传心事。似邻船初听时，问江州司马何之。青衫泪，锦字诗，总是相思。红指甲落花飞上笋牙尖，宫叶犹将冰箸粘，抵牙关越显得樱唇艳。怕伤春不卷帘，捧菱花香印妆奁。雪藕丝霞十缕，镂枣班血半点，掐刘郎春在纤纤。佳人钉履金莲脱瓣载云轻，红叶浮香带雨行，渍春泥印在苍苔径。三寸中数点星，玉玲珑环佩交鸣。溅越女红裙湿，沁湘妃罗袜冷，点寒波小小蜻蜓。春情九分恩爱九分忧，两处相思两处愁，十年迤逗十年受。几遍成几遍休，半点事半点惭羞。三秋恨三秋感旧，三春怨三春病酒，一世害一世风流。青玉花筒蜂房分蜜入乌云，莺嘴流金拂翠颦，鸾钗嵌玉浮红晕。似蕊珠宫内人，虚心腹管束东君。两朵儿瑶花弄色，半缕儿香绵沁粉，一泓儿碧露涵春。重九东篱重赋紫萸诗，北海深倾白玉卮，西风了却黄花事。是渊明酒醉时，笑人间名利孜孜。钻醯瓮，检故纸，再谁题归去来兮？马嵬坡翠华香冷梦初醒，黄壤春深草自青，羽林兵拱听将军令。拥鸾舆蜀道行，妾虽亡天子还京。昭阳殿梨花月色，建章宫梧桐雨声，马嵬坡尘土虚名。惠山泉自天飞下九龙涎，走地流为一股泉，带风吹作千寻练。问山僧不记年，任松梢鹤避青烟。湿云亭上，涵碧洞前，自采茶煎。","chinese-poetry",""
"双调・殿前欢钓台","元","徐再思","钓鱼台，便齐云安稳似云台。故人同榻成何碍，太史瘦哉。三台宰相阶，百两黄金带，万丈风波海。争如休去，胜似归来。杨总管玉堂臣，经纶大展致其身。腰间斗大黄金印，志在新民。文章汉子云，韬略吴公瑾，勋业商伊尹。一番桃李，两字麒麟。观音山眠松老苍龙，避乖高卧此山中。岁寒心不肯为梁栋，翠蜿蜒俯仰相从。秦皇旧日封，靖节何年种？丁固当时梦，半溪明月，一枕清风。","chinese-poetry",""
"双调・卖花声","元","徐再思","雪儿娇小歌《金缕》，老子婆娑倒玉壶，满身花影倩人扶。昨宵不记，雕鞍归去，问今朝酒醒何处？碧桃红杏桃源路，绿水青山水墨图，杖头挑着酒胡芦。行行觑着，山童分付，问前村酒家何处？红罗佩吐狮头玉，碧珥香衔凤口珠，风流相遇恨须臾。梨花淡月，楼台如故，教吹箫玉人何处？云深不见南来羽，水远难寻北去鱼，两年不寄半行书。危楼目断，云山无数，望天涯故人何处？。","chinese-poetry",""
"吕洞宾三醉岳阳楼・幺篇","元","马致远","想那等尘俗辈，恰便似粪土墙。王弘探客在篱边望，李白扪月在江心丧，刘伶荷锸在坟头葬。我则待朗吟飞过洞庭湖，须不曾摇鞭误入平康巷。(云)小二哥，打二百长钱酒来。(酒保云)先交了钱，然后吃酒。(正末云)你也说的是，与你这一锭墨，便当二百文钱的酒。(酒保云)笑杀我也。量这一锭墨有甚么好处，那里便值二百文钱？(正末云)我这墨非同小可，便当二百文钱也不多哩。(唱)。","chinese-poetry",""
"吕洞宾三醉岳阳楼・赚煞","元","马致远","似我这般抱定墨篮儿。(柳抱篮科，云)师父，这般将着可好么？(正末唱)兀的不才似一个人模样。(柳云)师父，你怎生识的小圣来。(正末唱)我底根儿把你来看生见长。(柳云)师父仙乡何处？(正末唱)我家住在白云缥缈乡。(柳云)那里幽静么？(正末唱)俺那里无乱蝉鸣聒噪斜阳。(柳云)徒弟去则去，则是舍不的这一派水也。(正末唱)量湖光，不大似半亩芳塘。(柳云)徒弟省了也。(正末唱)你险做了长亭系马桩。(柳云)敢问师父两句言语，合道不合道是怎么说？(正末云)你一句句问将来。(柳云)师父，合道是怎生？(正末唱)合道在章台路旁。(柳云)不合道可是怎生？(正末唱)不合道你则在灞陵桥上。(云)你若肯跟我出家，教你学取一个。(柳云)学取那一个？(正末唱)我着你学那吕岩前松柏耐风霜。(同下)。","chinese-poetry",""
"吕洞宾三醉岳阳楼・南吕/一枝花","元","马致远","犹兀自骑着个大肚驴，吃几顿黄粱饭。则今日有缘游阆苑，可正是无梦到邯郸。(云)有人说道，你这等醉生梦死的，那神仙大道却怎生得来？(唱)休笑我行步艰难，无症候装些残患。如今便岳阳楼来了两番，空听的骇浪惊涛，(带云)呆汉子，(唱)洗不净愚眉肉眼。","chinese-poetry",""
"吕洞宾三醉岳阳楼・隔尾","元","马致远","你休道这乞儿披定羊皮懒，你会首休猜做大卧单。(云)马儿，你吃了三盏茶，无一盏真的。(郭云)怎生无有一盏真的？(正末唱)我吐与你木瓜里枣、酥佥里脂、杏汤里瓣。(云)马儿，你吃了者。(郭云)吃不得。只恁般左难、右难。(云)马儿，吃了者。(郭云)其实吃不得。(正末云)你不吃，接了盏者。(正末哄科，云)打碎了盏儿也。(郭云)倒吓我一惊。(正末唱)我看你怎发付松风兔毛盏。","chinese-poetry",""
"吕洞宾三醉岳阳楼・三煞","元","马致远","想人能克己身无患，事不欺心睡自安，便百年能得几时闲？去向那石火光中，急措手如何迭办？你何不早回看，直到落日桑榆暮景残，方才道倦鸟知还。","chinese-poetry",""
"吕洞宾三醉岳阳楼・二煞","元","马致远","争如我盖间茅屋临幽涧，披片麻衣坐法坛。倒也躲是非忘宠辱无牵绊，不强似你在人我场中，把个茶博士终朝淘渲。(做笑科，云)郭马儿，你及早省悟，也是迟了。(唱)我笑你忒愚顽，枉了我度你亲身三两番，还不省也天上人间。","chinese-poetry",""
"吕洞宾三醉岳阳楼・黄钟尾","元","马致远","我着你看蓝采和舞春风六扇云阳板。(郭云)那一个呢？(正末唱)我着你看韩湘子开冬雪双茎锦牡丹。疾回头莫怠慢。(郭云)师父，我送你下楼去。(正末唱)下江楼近水湾。(云)呀，徐神翁等不的我，先去了也。(郭云)在那里？(正末唱)你与我撑开船，挂起帆。(云)郭马儿，上船来。(郭云)你先上船。(正末云)我先上船。(郭推正末科，云)推他娘在这水里。(正末云)呀，这厮险些儿不闪我在水里！(唱)行至蓬莱宫方丈山，俺那伙送行人世不曾西出阳关，早则不凝望渭城和泪眼。(下)。","chinese-poetry",""
"吕洞宾三醉岳阳楼・正宫/端正好","元","马致远","我劝你世间人，休争气，及早的归去来兮。可乾坤做一床黄绸被，单搦着陈抟睡。","chinese-poetry",""
"吕洞宾三醉岳阳楼・滚绣球","元","马致远","俺那里白云自在飞，仙鹤出入随。俺那里洞门不闭。(郭云)师父，则怕那里有俺媳妇么？(正末唱)你可也再休题家有贤妻。(郭云)师父，这里是那里？(正末云)马儿，你看波。(唱)这壁银河织女机，那壁洞中玉女扉，怎发付你那酒色财气。则你那送行人何曾道展眼舒眉，你是个红尘道上千年柳，你觑波白玉堂前一树梅。(旦儿上)(郭见科，云)兀的不是我浑家贺腊梅哩！(正末云)疾！(旦下)(郭云)师父，俺媳妇那里去了？才在这里，怎生不见了！(正末唱)怎知这就里玄机。","chinese-poetry",""
"吕洞宾三醉岳阳楼・沉醉东风","元","马致远","是我绾角儿缩缘伴侣，垂髫时儿女妻夫。是我的媳妇儿？泼男女，尚古自参不透野花村务。(郭云)你是个出家人，如何要老婆？(正末唱)道士须当配道姑。(带云)呆汉！(唱)则俺两口儿先生姓吕。","chinese-poetry",""
"吕洞宾三醉岳阳楼・收尾","元","马致远","则我向岳阳楼来往经三度，指引你双归紫府。方才识仙家的日月长，再不受人间的斧斤苦。","chinese-poetry",""
"宜秋山赵礼让肥・赚煞尾","元","秦简夫","我口不觉开合，脚不知高下，我则见天转山摇地塌。(跌科)(卜儿云)孩儿，你敢无食力么？(正末云)母亲，您孩儿没用，倒吓着母亲也。(唱)不是我无食力身躯闪这一滑，多管是少人行山路凹凸。(带云)母亲。(唱)你莫叫吖吖，你孩儿水米不曾粘牙，看来日饥时俺吃甚么？不冻杀多应饿杀。眼见的山间林下，可怜身死野人家。(同下)。","chinese-poetry",""
"宜秋山赵礼让肥・正宫/端正好","元","秦简夫","则我这身似病中鹤，心若云间鹗，我本待要驾清风万里扶摇。半生四海无着落，空着我穷似投林鸟。","chinese-poetry",""
"宜秋山赵礼让肥・滚绣球","元","秦简夫","您儿恰才山中觅吃食，不想疏林外遇着贼盗。他那片杀人心可敢替天行道，他便待下山来将您儿紧紧的相邀。他那里茶饭忒整齐，筵席忒宽绰，这恩临可端的杀身难报，他行那管夷吾德行才学。在先结下知心友，我可敢道今日番为刎颈交，也是我命运州招。","chinese-poetry",""
"宜秋山赵礼让肥・二煞","元","秦简夫","你道是办着一个耐心儿三口亲身告，恼犯那贼人瞪眼把俺来杀坏了。我宁可身做自当，自遭自受；我怎肯愁死愁生，向他行求免求饶！(带云)母亲。(唱)你省可里啼啼哭哭。怨怨哀哀，忄敞忄敞焦焦。我奈家贫也那亲老，穷火院怎生熬？。","chinese-poetry",""
"宜秋山赵礼让肥・一煞","元","秦简夫","我共埯哥哥半生情分干休了。(带云)母亲！(唱)这的是你养儿女一世前程无下梢。我不能勾进取功名，干撇下母亲兄长，割舍我七尺身躯，和这满腹文学。(云)母亲请坐！受您孩儿几拜。(唱)我这里拜辞在阶下，知咱每相见在何年？不想我死在今朝。(卜儿云)孩儿也！等哥哥见一面去也好。(正末唱)我也等不的哥哥来到，怎肯失口信与儿曹！。","chinese-poetry",""
"宜秋山赵礼让肥・随煞尾","元","秦简夫","我猛然拜罢那双脚。(卜儿哭云)儿也！则被你痛杀我也！(正末唱)哎呀！不阻防脑背后番身吃一交。(带云)母亲！(唱)那残病的身躯省懊恼，鼻痛心酸两泪抛，腹热肠慌乱刀绞。我想他毒害的强贼，我今日死不可逃。母亲也，则您这生分的孩儿，我其实送不的你那老！(哭下)。","chinese-poetry",""
"宜秋山赵礼让肥・凭阑人","元","秦简夫","由你将我身躯七事子开，由你将我心肝一件件摘。我道来、我道来，除死呵无大灾。(赵孝慌上，云)那里不寻我那兄弟？兀那里不是我兄弟！(赵孝见正末哭科，云)兄弟，痛杀我也！(马武云)好、好、好，又走将一头牛来了也。(正末唱)。","chinese-poetry",""
"宜秋山赵礼让肥・收尾","元","秦简夫","稳情取马步禁军都元帅。骨剌刺两面门旗展开。(带云)写着道是：风高放火，月黑杀人；图财致命，你死我活。(唱)我将你九江四海是非心，(带云)倒换做腰悬金印，身挂虎符，名标青史，图像麒麟。(唱)兀的万古千年那姓名来改。(并下)。","chinese-poetry",""
"宜秋山赵礼让肥・沉醉东风","元","秦简夫","想当时受尽了千辛万苦，谁承望有今日驷马安车。随着这同胞共乳兄，将着俺皓首苍颜母，稳请受皇家俸禄。煞强似一片荒山掘野蔬，才得个平生愿足。","chinese-poetry",""
"宜秋山赵礼让肥・雁儿落","元","秦简夫","休道是莽将军不重儒，肯放我泼书生还奉母。既当日你金银曾受来，我如今这酬答何推拒？。","chinese-poetry",""
"宜秋山赵礼让肥・得胜令","元","秦简夫","我可也须识报恩珠，怎敢便不饮盗泉余！若非你肯发慈悲念，准替咱存留冻饿躯？(马武云)贤士，你两个那孝顺不必说了；久闻你学问过人，文章盖世，直到今日，举荐入朝，也是迟哩！(正末唱)嗟吁！还说甚有学问千金赋，踌躇，干着了荐贤良一纸书。","chinese-poetry",""
"阀阅舞射柳蕤丸记・尾声","元","无名氏","则今日赍圣敕出皇都，驰驿马须行上，直至那云州地方，说与那延寿马将军疾便往。(范仲淹云)着延寿马与参谋使李信，便赴京师。(正末唱)命参谋转运军粮，他若是领儿郎，摆列着阔剑长枪，恁时节得胜也鞭敲金镫响。(范仲淹云)他若破虏之后，自有重赏加封官。(正末唱)稳情取封官重赏，不枉了我举贤才的当，(云)若得了胜呵，(唱)那其间衣锦却还乡，(下)。","chinese-poetry",""
"阀阅舞射柳蕤丸记・南吕/一枝花","元","无名氏","则要他黄公三略习，将吕望六韬记。摆顺天八卦盖，列五运转光旗。赳赳雄威，齐臻臻东西队，密匝匝前后围。锦衣郎枪挂珠璎，绣袄将幡悬画戟。","chinese-poetry",""
"阀阅舞射柳蕤丸记・四块玉","元","无名氏","则说他有见识，则说他多智谋。(陈尧佐云)将军有伊吕之才，管乐之术，凭着你手下将勇兵强，无人可及。(正末唱)你道我将勇兵强有谁及，争奈待罪犯歇马在这云州地。(陈尧佐云)据将军文武高强，智勇并行，手下军校，人人敢勇，个个当先，谁人可敌？(正末唱)小官可也武艺低，手下可也军校微，(陈尧佐云)将军挂了元戎印者，若是迟误，便抗违宣敕也。(正末唱)我怎敢道违宣敕。(陈尧佐云)将军与参谋使李信，领你手下十万雄兵，休避驱驰，便索长行也。(正末唱)。","chinese-poetry",""
"阀阅舞射柳蕤丸记・雁儿落","元","无名氏","锦标就地铺，翠柳阶傍竖。则听的箫韶彩仗摆，更和那鼓吹声喧助。","chinese-poetry",""
"阀阅舞射柳蕤丸记・得胜令","元","无名氏","呀，我在这鞍上整彪躯，手内月弯弧。远步马通先路，则他那双蹄口内吐。俺则辨个赢输，取胜如神助。(做射柳中科，云)射中了也。(唱)柳中这金镞，(云)监军，(唱)我和你敢再赌。(范仲淹云)延寿马射中了柳也。葛监军，你众官可打球门去。(葛监军云)这个可也不大紧，头里不干我事，是我这马眼叉把来走过去了。这打球门，我从小里可弄的熟。等我先打。(众做打球门科)(葛监军做打科，云)过去。(做打不中科)(范仲淹云)葛监军又打不中也。延寿马将军，你打球门去。(正末云)理会的。左右收了弓箭者。(正末做打球门科)(唱)。","chinese-poetry",""
"阀阅舞射柳蕤丸记・折桂令","元","无名氏","今日个贺丰年锦绣皇都，(正末做拜科)(韩琦云)当今圣主，豁达大度，宽仁厚德，万民安乐，端的是千邦纳贡朝仁主，一统乾坤永圣明。(正末唱)托赖着圣主宽仁，德胜唐虞。(韩琦云)大将威严，平定丑虏。(正末唱)见如今四海安宁，于邦纳土，一统车书。(正末做拜科)(韩琦云)为将者眠霜卧雪，多与皇家戮力。虽受了那百般苦楚，今日个坐享千钟。(正末唱)俺则待尽良忠开疆展土，辅助着万万年巩固皇图。(正末做拜科)(韩琦云)将军孝当竭力，于国尽忠，落一个青史标名。(正末唱)我如今秉笏披服，拜舞三呼。三舞蹈顿首减惶，赞明君慑伏的万国降服。(同下)。","chinese-poetry",""
"双调・殿前欢懒云窝","元","阿里西瑛","懒云窝，醒时诗酒醉时歌。瑶琴不理抛书卧，无梦南柯。得清闲尽快活，日月似撺梭过，富贵比花开落。青春去也，不乐如何？懒云窝，醒时诗酒醉时歌。瑶琴不理抛书卧，尽自磨陀。想人生待则么？富贵比花开落，日月似撺梭过。呵呵笑我，我笑呵呵。懒云窝，客至待如何？懒云窝里和衣卧，尽自婆娑。想人生待则么？贵比我高些个，富比我松些个，呵呵笑我，我笑呵呵。","chinese-poetry",""
"中吕・朝天子归隐","元","汪元亨","新诗吟兴浓，香醪量洪，好花插乌纱重。百年世事苦匆匆，莫把眉头纵。鸥鹭新盟，云山清兴，远红尘俗事冗。假石崇运能，能范丹命穷，总一枕南柯梦。长歌咏楚词，细赓和杜诗，闲临写羲之字。乱云堆里结茅茨，无意居朝市。珠履三千，金钗十二，朝承恩暮赐死。来商山紫芝，理桐江钓丝，毕罢了功名事。住茅舍竹篱，穿芒鞋布衣，啖霍食藜羹味。两轮日月走东西，搬今古兴和废。蕙帐低垂，柴门深闭，大斋时犹未起。叹苏卿牧羝，笑刘琨听鸡，睡不足三竿日。任薰莸不分，尽玉石共焚，由人海鱼龙混。长歌楚些吊湘魂，谁待看匡时论。身重千金，舌缄三寸，坐时安行处稳。醉看山倒樽，醒读书闭门，无半点尘俗闷。荣华梦一场，功名纸半张，是非海波千丈。马啼踏碎禁街霜，听几度头鸡唱。尘土衣冠，江湖心量，出皇家麟凤网。慕夷齐首阳，叹韩彭未央，早纳纸风魔状。功名辞凤阙，浮生寄蚁穴，醉入黄鸡社。取之无禁用无竭，江上风山间月。基业隋唐，干戈吴越，付渔樵闲话说。酒杯中影蛇，枕头上梦蝶，二十载花开谢。繁华景已休，功名事莫求，算富贵难消受。匡庐挂在屋西头，终日看云出岫。瓜地深锄，茅庵新沟，醉翁意不在酒。厌襟裾马牛，笑衣冠沐猴，拂破我归由袖。朱颜去不回，白发来暗催，黄金尽将时背。穷居野处保无危，俯仰心无愧。秋菊宜餐，春兰堪佩，度流光如逝水。高阳池举杯，灞陵桥探海，傲杀王侯贵。身不出敝庐，脚不登仕途，名不上功劳簿。窗前流水枕边书，深参透其中趣。大泽诛蛇，中原逐鹿，任江山谁做主。孟浩然跨驴，严子陵钓鱼，快快煞闲人物。风俗变甚讹，人情较太薄，世事处真微末。收拾琴剑入山阿，眼不见高轩过。性本疏慵，才非王佐，守一丘并一壑。算人生几何，惊头颅半皤，怕干惹萧墙祸。云林远市朝，烟村绝吏曹，风景隔长安道。淋漓醉墨湿宫袍，诗酒把王侯傲。南亩躬耕，东皋舒啸，看青山终日饱。携一琴一鹤，做半渔半樵，人不识予心乐。色侵阶碧苔，荫当门绿槐，香满瓮黄齑。青山招我赋归来，放浪形骸外。汉室三杰，唐家十宰，数英雄如过客。置轩车第宅，积子女玉帛，见多少成和败。逐东风看花，锄明月种瓜，趁春雨耘苗稼。堪嗟尘事手抟沙，较世味如嚼蜡。杖屦梅边，琴樽松下，锁心猿拴意马。鸱夷泛海槎，陶潜休县衙，入千古渔樵话。意堤防若城，口缄守似瓶，心磨拭如明镜。沧波照影鬓星星，莫行险图侥幸。松菊幽怀，莼鲈高兴，乐桑榆淹暮景。手执玉捧盈，足临深履冰，固君子知天命。两眉舒不攒，一身闲尽扌弃，百事了无羁绊。霜侵两鬓渐成斑，嗟暗里年光换。小可杯盘，寻常烟爨，客来时随意款。喜情欢量宽，乐心广体胖，生与死由天断。结构就草庵，葺理下药篮，整顿挑诗担。萧萧白发不胜簪，羞对青铜鉴。绝念荣华，甘心恬淡，安乐窝分付俺。饮壶觞半酣，共渔樵笑谈，乔公案无心勘。白茅葺短檐，黄芦编细帘，红槿插疏篱堑。诗成一笑写霜缣，诲不厌学不倦。伴侣猿鹤，生涯琴剑，设柴门常自掩。沽村醪价廉，挑野菜味甜，绝断了功名念。百篇诗细吟，一壶酒自斟，半间屋和云赁。粗衣淡饭且消任，得温饱思量甚。世态团蜂，人心毒鸩，是和非都在恁。枕床头素琴，坐门前绿阴，梦不入非熊魂。访壶公洞天，谒卢仝玉川，住潘岳河阳县。汉家陵寝草芊芊，叹世事云千变。暮鼓晨钟，秋鸿春燕，随光阴闲过遣。结茅庐数椽，和梅诗几篇，遂了俺平生愿。染风霜鬓斑，际风云兴阑，耽风月心全慢。天公容我老来间，且吃顿黄齑饭。并处贤愚，同炉冰炭，怪先生归去晚。拜韩侯上坛，放张良入山，谁身后无忧患。","chinese-poetry",""
"梁州・取崖畔枯藤作杖，伐江皋曲木为庐，主人素得林泉趣。烹茶扫叶，","元","汪元亨","引水通渠。钩帘待月，俯槛观鱼。耻于求自抱憨愚，厌追陪懒混尘俗。傲慢似去彭泽弃职陶潜，疏散如困夔俯豪吟杜甫，清高似老孤山不仕林逋。岂浊，不鲁。处酸寒紧闭乾坤目，躲风雷看乌兔。静掩柴扉春日哺，便休题黑漆似程途。","chinese-poetry",""
"尾・学不的睡不安苍荒拔剑鸡窗下舞，赶不上时未遇抖搜弹冠仕途上趋，","元","汪元亨","秉一段铁石心肠愈坚固。折莫你赵平原诱英雄计谋，齐孟尝待贤良肚腹，赚不去狗盗鸡鸣类儿数。","chinese-poetry",""
"海门张仲村乐堂・尾声","元","无名氏","我见他呵羞，我则推个逃席走，(防御云)老相公，再饮几杯。(拖下坐科)(正末唱)请你一个府尹官人放手。(云)同知！(唱)你可怎全不提防你那脑后忧，这的是你恋着金枷玉锁遭囚。我则怕你久已后，枉丁将你闲忧，我正是莫与儿孙作马牛。你如今贪杯恋酒，(云)你到的卧房中，将的镜子来，照你那面皮去波。(唱)则被这酒灌的你来黄干黑瘦，你正是养家活计下场头。(下)。","chinese-poetry",""
"海门张仲村乐堂・南吕/一枝花","元","无名氏","同知着我不将差罚当，专把征驼喂，喂的似按板肥，好马也，我与你刷刨的恰便似泼油光。索与你收拾了铺床，把骏骑牵在槽上，草料也拌上一筐。我与你拖着那半片席头，美也，我与你急转过前厅后堂。","chinese-poetry",""
"海门张仲村乐堂・梁州","元","无名氏","眷的是侧忄敝忄敝厨房中暄热，爱的是宽绰绰过道里风凉。夜深也无一个人来往。半片席斜铺在地下，两块砖掇在头行。正天炎似火，地热如炉。过道里不索开窗，洒家道来则这的便似天堂。我与你直挺挺忙拨倒身躯，就着这凉渗渗席垫着我这脊梁，美也，就着那风飕飕扇着我那胸膛。愁的是后晌，晌晌。我恰才煮料切草都停当，安排下搅草棒。喂的他槽上的征马宛有些肚囊，料煮到上半磁缸。(云)洒家与你睡一觉者。(做睡科)(王六斤同搽旦上，云)慢慢的走，赤、赤、赤。(搽旦、六斤做跳正末身上过)(打科)(正末云)哎哟，哎哟，甚么人劈劈泼泼，则管里打？(六斤云)是我都管。(正末云)都管，都管，你忒休都管了。(六斤云)夫人也在这里。(正末云)夫人，夫人，这早晚在这里。有甚么匀当？我别处睡去便了也。(下)(搽旦云)六斤也，我为你耽惊受怕，你休负了我心也。(六斤云)我若负心，我就该死也。(正末上)(唱)。","chinese-poetry",""
"海门张仲村乐堂・四块玉","元","无名氏","不索你厮掩藏，休倔强，(同知云)好是奇怪也，你回去罢。(正末云)洒家知道。(唱)我急走的去那厨房中我点着灯光，若是实呵小人请功赏。早来个可便黑洞洞的，如今照耀的来便刚朗朗，请同知觑见这二人的气象！。","chinese-poetry",""
"海门张仲村乐堂・幺篇","元","无名氏","则被这金晃的我这眼睛儿花腊搽，吓的我这手脚儿软剌答，可若是官司知道怎割杀？(云)后兴。(唱)你可是那里每将来，你与我疾道者，常好是心粗胆大。天也、天也，则被些小冤家送了这个忄敝知法。","chinese-poetry",""
"海门张仲村乐堂・殿前欢","元","无名氏","怕不待叙寒温，(云)同知。你不知道。(同知云)父亲道甚么来？(正末唱)又着你道不应江亲者强来亲。只因咱多话着你心怀恨，休怪咱波女婿郎君。(同知云)我一径的来告父亲来。(正末云)你告我怎么？(唱)放着你那筑坟台女赵贞，索甚么闲评论！两个人相般弄，一个叠尸的伯当，一个是贤德夫人！。","chinese-poetry",""
"随煞","元","杨景贤","雨余匀罢芝麻地，咱去那沤麻池里澡洗。唐三藏此日起身，他胖姑儿从头告诉了你。","chinese-poetry",""
"南吕/一枝花","元","杨景贤","大宛国天产才，渥洼水龙媒种。带轻云一块雪，走落日四蹄风。长尾银鬃，驮双将无嫌重，出群驽立大功。胜普贤白象身高，赛师利青狮性勇！。","chinese-poetry",""
"赵盼儿风月救风尘・幺篇","元","关汉卿","俺那妹子儿有见闻，可有福分，抬举的个丈夫俊上添俊，年纪儿恰正青春。（周舍云）我那里曾见你来？我在客伙里，你弹着一架筝，我不与了你个褐色绸缎儿？（正旦云）小的，你可见来？（小闲云）不曾见他有甚么褐色绸缎儿。（周舍云）哦，早起杭州客伙散了，赶到陕西客伙里吃酒，我不与了大姐一分饭来？（正旦云）小的每，你可见来？（小闲云）我不曾见。（正旦唱）你则是忒现新，忒忘昏，更做道你眼钝。那唱词话的有两句留文：咱也曾""武陵溪畔曾相识，今日佯推不认人。""我为你断梦劳魂。（周舍云）我想起来了，你敢是赵盼儿么？（正旦云）然也。（周舍云）你是赵盼儿，好，好！当初破亲也是你来！小二，关了店门，则打这小闲。（小闲云）你休要打我。俺姐姐将着锦绣衣服，一房一卧来嫁你，你倒打我？（正旦云）周舍，你坐下，你听我说。你在南京时，人说你周舍名字，说的我耳满鼻满的，则是不曾见你。后得见你呵，害的我不茶不饭，只是思想着你。听的你娶了宋引章，教我如何不恼？周舍，我待嫁你，你却着我保亲！（唱）。","chinese-poetry",""
"赵盼儿风月救风尘・赚煞","元","关汉卿","这妮子是狐魅人女妖精，缠郎君天魔祟。则他那裤儿里休猜做有腿，吐下鲜红血则当做苏木水。耳边休采那等闲食，那的是最容易、剜眼睛嫌的，则除是亲近着他便欢喜。(带云)着他疾省呵！(唱)哎，你个双郎子弟，安排下金冠霞帔。（带云）一个夫人来到手儿里了。（唱）却则为三千张茶引，嫁了冯魁。（下）。","chinese-poetry",""
"赵盼儿风月救风尘・浪里来煞","元","关汉卿","你收拾了心上忧，你展放了眉间皱，我直着""花叶不损觅归秋""。那厮爱女娘的心，见的便似驴共狗，卖弄他玲珑剔透。（云）我到那里，三言两句，肯写休书，万事俱休；若是不肯写休书，我将他掐一掐，拈一拈，搂一搂，抱一抱，着那厮通身酥，遍体麻。将他鼻凹儿抹上一块砂糖，着那厮舔又舔不着，吃又吃不着，赚得那厮写了休书。引章将的休书来，淹的撤了。我这里出了门儿，（唱）可不是一场风月，我着那汉一时休。（下）。","chinese-poetry",""
"赵盼儿风月救风尘・正宫/端正好","元","关汉卿","则为他满怀愁，心间闷，做的个进退无门。那婆娘家一涌性，无思忖，我可也强打入迷魂阵。","chinese-poetry",""
"赵盼儿风月救风尘・滚绣球","元","关汉卿","我这里微微的把气喷，输个姓因，怎不教那厮背槽抛粪！更做道普天下无他这等郎君。想着容易情，忒献勤，几番家待要不问；第一来我则是可怜见无主娘亲，第二来是我""惯曾为旅偏怜客，""第三来也是我""自己贪杯惜醉人""。到那里呵，也索费些精神。","chinese-poetry",""
"赵盼儿风月救风尘・小梁州","元","关汉卿","可不道一夜夫妻百夜恩！你可便息怒停嗔。你村时节背地里使些村，对着我合思忖：那一个双同叔打杀俏红裙？。","chinese-poetry",""
"赵盼儿风月救风尘・二煞","元","关汉卿","则这紧的到头终是紧，亲的原来只是亲。凭着我花朵儿身躯、笋条几年纪，为这锦片儿前程，倒赔了几锭儿花银。拚着个十米九糠，问甚么两妇三妻，受了些万苦千辛。我着人头上气忍，不枉了一世做郎君。","chinese-poetry",""
"赵盼儿风月救风尘・黄钟尾","元","关汉卿","你穷杀呵，甘心守分捱贫困；你富呵，休笑我饱暖生淫惹议论。您心中觑个意顺。但休了你这门内人，不要你钱财使半文。早是我走将来自上门。家业家私待你六亲，肥马轻裘待你一身，倒贴了奁房和你为眷姻。（云）我若还嫁了你，我不比那宋引章，针指油面，刺绣铺房，大裁小剪，都不晓得一些儿的。（唱）我将你写了的休书正了本。（同下）。","chinese-poetry",""
"赵盼儿风月救风尘・落梅风","元","关汉卿","则为你思虑，忒模糊。（周舍云）休书已毁了，你不跟我去待怎么？（外旦怕科）（正旦云）妹子休慌莫伯！咬碎的是假休书。（唱）我特故抄与你个休书。","chinese-poetry",""
"赵盼儿风月救风尘・得胜令","元","关汉卿","宋引章有亲夫，他强占作家属。淫乱心情歹，凶顽胆气粗，无徒！到处里胡为做。现放着体书，望恩官明鉴取。","chinese-poetry",""
"赵盼儿风月救风尘・收尾","元","关汉卿","对恩官一一说缘故，分剖开贪夫怨女。面糊盆再休说死生交，风月所重谐燕莺侣。","chinese-poetry",""
"幺篇・云鬓松，星眼朦胧，锦被重重，罗袜弓弓，粉汗溶溶。那些儿风流","元","于伯渊","受用，兀的不两意浓。言行功容，四德三从，孟光合配梁鸿，怎教他齐眉举案劳尊重，俏书生别有家风。金荷烧尽良宵永，怜香惜玉，倚翠偎红。","chinese-poetry",""
"赚煞・花月巧梳妆，脂粉娇调弄，没乱杀看花的眼睛，更那堪心有灵犀一","元","于伯渊","点通，恼春光烂熳娇慵，莫不是蕊珠宫天上飞琼。走向瑶台月下逢。比及他彩灯照梦，且看咱隔墙儿窥宋，俊宠儿娇怯海棠风。","chinese-poetry",""
"刘夫人庆赏五侯宴・正宫/端正好","元","关汉卿","则我这腹中愁、心间闷，俺穷滴滴举眼无亲，则俺这孤寒子母每谁瞅问？俺男儿半世苦受勤，但能勾得钱物，宁可着典咱身！（赵太公云）则今日埋殡你丈夫，便跟我家中去来。（正旦唱）则今日将俺夫主亲埋殡。（同下）。","chinese-poetry",""
"刘夫人庆赏五侯宴・尾声","元","关汉卿","儿也！则要你久已后报冤仇，托赖着伊家福，好共歹一处受苦。我指望待将傍的孩儿十四五，与人家作婢为奴。自踌蹰，堪恨这个无徒！（带云）儿也，你不成人便罢，倘或成了人呵，（唱）你穿着些布背子，排门儿告些故疏。恁时节老人家暮古，与人家重生活难做。哎，儿也！你寻些个口衔钱，赎买您娘那一纸放良书。（下）。","chinese-poetry",""
"刘夫人庆赏五侯宴・南吕/一枝花","元","关汉卿","恰才得性命逃，速速的离宅舍。我可便一心空硬咽，则我这两只脚可兀的走忙迭。我把这衣袂来忙遮，俺孩儿浑身上绵茧儿无一叶。我与你往前行，无气歇，眼见的无人把我来拦遮，我可便将孩儿直送到荒郊旷野。","chinese-poetry",""
"刘夫人庆赏五侯宴・梁州","元","关汉卿","我如今官差可便弃舍。哎，儿也！咱两个须索今日离别，这冤家必定是前生业。这孩儿仪容儿清秀，模样儿英杰。我熬煎了无限，受苦了偌些。我和他是吃了人多少唇舌，不由我感叹伤嗟！我、我、我，今日个母弃了儿，非是我心毒，是、是、是，更和这儿离了母如何的弃舍！哎！天也，天也！俺可便眼睁睁子母每各自分别，直恁般运拙。这冤家苦楚何时彻？谁能够暂时歇？若是我无你个孩儿伶俐些，那其间方得宁贴。","chinese-poetry",""
"刘夫人庆赏五侯宴・隔尾","元","关汉卿","我这里牵肠割肚把你个孩儿舍，跌脚捶胸自叹嗟。望得无人，拾将这草料儿遮，将乳食来喂些，我与你且住者。儿也！就在这官道旁边，敢将你来冻煞也！。","chinese-poetry",""
"刘夫人庆赏五侯宴・滚绣球","元","关汉卿","我这里立不定虚气喘，无筋力手腕软，瘦身躯急难动转。恰来到井口旁边，雪打的我眼怎开，风吹的我身倒偃，冻碌碌自嗟自怨，也是咱前世前缘。冻的我拿不的绳索拳挛着手，立不定身躯耸定肩，苦痛难言！。","chinese-poetry",""
"刘夫人庆赏五侯宴・啄木儿尾声","元","关汉卿","你是必传示与那李嗣源，道与俺那闵子骞，有时节教俺这子母每重相见。要相逢一面，则除是南柯梦里得团圆。（下）。","chinese-poetry",""
"苏子瞻醉写赤壁赋・幺篇","元","无名氏","今日有千钟禄，往常无半日粮。十年礼义勤习讲，半生盐菜贫修养，才落得金章紫绶高名望。我将这五车黄卷隐胸中，才博得一轮皂盖飞头上。(王云)左右将酒来，与学士满饮一杯。(与众把酒科，云)便好道筵前无乐，不成欢笑。小官有家乐数人，着筵前吹弹歌舞为乐。下次小的每，与我唤出那侍妾来者。(外扮旦引众旦上，云)妾身乃王安石夫人也。今有苏子瞻官拜端明殿大学士，俺相公今夜排设筵宴，请众官并子瞻学士。为何夜间排宴？因妾身闻知子瞻有贯世之才，妾身要见一面。筵间出家乐侍妾数人，妾身隐于侍女之中，必然见之。可早来到虚檐之下也。(见科，王云)你这十数个家乐侍女，则在于帘外，吹的吹，弹的弹，歌的歌。左右一壁厢将酒来，与学士、众位相公递一杯。(递酒，乐声响科，众看科，正末背云)此侍女中决有安石夫人。我着一个小伎俩，要赚出来。是好受用也呵。(唱)。","chinese-poetry",""
"苏子瞻醉写赤壁赋・尾声","元","无名氏","可惜玉山颓，尽教恁金波漾，拚了个前合后仰。终夜劳神将足下央，莫怪我酒席间言语疏狂。出雕墙，月下西厢，消洒西风将醉魂爽。恁把绛纱笼近掌，我紫丝缰款放，趁天风吹下五云乡。(下)(王云)苏轼去了。叵耐此人无礼。某请你家宴，小官侍妾，淫词戏却，更待干罢。我到来日见了圣人说过。一者此人不知黄州菊花谢，二者趁此机会，将他贬上黄州，趁了小官之愿。天色晚了也，左右收拾果桌。我无甚事，回后堂去也。(下)。","chinese-poetry",""
"苏子瞻醉写赤壁赋・南昌/一枝花","元","无名氏","则为我数杯狂酒终，今日个三唱阳关后。一鞭催行色，满马载离愁。羊角风飕飕，时遇冬天候，漫漫雪不休。我如今才出皇州，可又早渐入冰壶宇宙。","chinese-poetry",""
"苏子瞻醉写赤壁赋・梁州","元","无名氏","我则见银海冻花生的这眼底，玉楼寒耸起肩头。摇鞭袖袅深藏手。风掀毡帽，雪压寒裘。雕鞍懒坐，玉辔慵兜。银妆成山岳林丘，粉填合溪涧坑沟。这雪恰便似无影月淡朦朦光照人间，这雪有如那冻流水响叮叮冰生他这岸口，这雪浑似那不香花舞翩风落枝头。自思，故友，这其间销金帐底羊羔酒，燃宝篆焚香兽。簌地毡帘下玉钩，煞强如独钓在江头。(童云)那骑马的是俺相公，我在这里等一等咱。(解云)也说的是。(见末科，云)老相公，俺在前头走，你骑着马又在后头，俺在后头，你又往前头去了。似这般大风大雪，寻一个村房草店，买两钟酒吃了呵，可也好。(正末云)你也说的是。(唱)。","chinese-poetry",""
"苏子瞻醉写赤壁赋・耍孩儿","元","无名氏","咱本是翰林风月三知友，做了个犯省部条章一罪囚。再不去东华待漏五更头，再不向国史编修。都为那靠妻偎妇的禽兽，背地里厮谗奏。送的我伏侍君王不到头，不能勾故国神游。","chinese-poetry",""
"苏子瞻醉写赤壁赋・小桃红","元","无名氏","你看这鱼龙吹浪水云腥，月照江心静。船过冲开水中镜，橹声鸣，呀呀才过了芦花径。恰便似惊飞凤鸣，猛惊起白鹭双双并，因此上点破乱山青。","chinese-poetry",""
"苏子瞻醉写赤壁赋・煞","元","无名氏","举目看山青，侧耳听江声。隐遁养姓名，不恋恁世情。无利无名，耳根清净。一心定，不受恁是非忧宠辱惊。","chinese-poetry",""
"苏子瞻醉写赤壁赋・驻马听","元","无名氏","春事狼藉，桃李东风蝶梦回，离愁索系，关山夜月杜鹃啼。催促江水自奔驰，翰林风月教谁替。谩伤悲，滴不尽多少哭雄泪。","chinese-poetry",""
"苏子瞻醉写赤壁赋・雁儿落","元","无名氏","也不是徒流感圣德，他每才知我缧绁非其罪。我则想人无再少年，元来这花有重开日。","chinese-poetry",""
"郑月莲秋夜云窗梦・幺篇","元","无名氏","可知，可知，你可甚只愿儿孙个个贤。月缺又重圆，人老何曾再少年！舌尖无甜唾，口内有顽涎。虔婆，我委实难使燕莺怜。","chinese-poetry",""
"郑月莲秋夜云窗梦・赚煞","元","无名氏","赢得腹中愁，不趁心头愿，大刚来时乖命蹇。山海恩情方欲坚，被俺爱钱娘扑地掀天，坏了这好姻缘。我则索祷告青天，若到江心早挂帆，向金山那边，豫章城前面，一帆风剪碎了贩茶船。(下)(卜云)李官放心。我好歹完备了这场事。(同下)。","chinese-poetry",""
"郑月莲秋夜云窗梦・正宫/端正好","元","无名氏","诗酒翠红乡，风月莺花阵，酝酿出无边岸断梦劳魂。近新来添了眉尖恨，闪的我人远天涯近。","chinese-poetry",""
"郑月莲秋夜云窗梦・滚绣球","元","无名氏","倚仗蒙山顶上春，俺只爱菱花镜里人，敢教你有钱难奔，觑这贩茶船似风卷残云。留取那买笑的银。换取些贩茶的引。这其间又下江风顺，休恋我虚飘飘皓齿朱唇。如今这丽春园使不的冯魁俊，赤紧的平康巷时行有钞的亲，断送了多少郎君。(云)我待寄书与俺那秀才，又不知在那里。(唱)。","chinese-poetry",""
"郑月莲秋夜云窗梦・叨叨令","元","无名氏","两行诗写不尽丹枫恨，一封书空盼杀青鸾信。三停刀砍不断黄桑棍，九稍炮打不破迷魂阵。则是为他来也么哥，为他来也么哥，空教我立斜阳盼的双眸困。","chinese-poetry",""
"郑月莲秋夜云窗梦・二煞","元","无名氏","你个谢安把我携出东山隐，我怎肯教宋玉空闲了楚岫云。你则待酒酽花浓，月圆人静。便休想瓶坠簪折，镜破钗分。玉箫对品，彩鸾同乘，鸳枕相亲。一锅水正滚，怎教灶底去了柴薪。(净云)大姐，我醉了。(旦唱)。","chinese-poetry",""
"郑月莲秋夜云窗梦・迎仙客","元","无名氏","我这里忙接待，紧相迎，量妹妹有甚德能，教姐姐好看承。姐姐索厮敬重，真然是意重人情，把月莲真个的人钦敬。","chinese-poetry",""
"郑月莲秋夜云窗梦・红绣鞋","元","无名氏","我害的是闲愁闲闷，害的是多绪多情，害的是眉淡远山青。害的是伤心症，害的是断肠声，害的是绣衾中一半冷。","chinese-poetry",""
"郑月莲秋夜云窗梦・普天乐","元","无名氏","不是我酒中言，心头病，临风对月，见景生情。想起我旧日情，当时行。谁承望地北天南人孤另，两下里冷冷清清。缑山月明，蓝桥水淹，楚岫云平。","chinese-poetry",""
"郑月莲秋夜云窗梦・耍孩儿","元","无名氏","愁烦迭万簇，凄凉有四星。别离人更做到心肠硬，怎禁苍梧落叶凋金井，银烛秋光冷画屏。碧澄澄如悬磬，佳人有意，银汉无声。(云)我这般烦恼，怎禁耳边几件儿聒噪人也呵！(唱)。","chinese-poetry",""
"郑月莲秋夜云窗梦・四煞","元","无名氏","孤鸿枕畔哀，乱蛩砌下鸣，西风鹤唳秋天静。霜寒鸳帐愁无寐，云冷纱窗月半明。添愁病，惊回一堂春色，万籁秋声。","chinese-poetry",""
"郑月莲秋夜云窗梦・三煞","元","无名氏","战西风竹叶呜，捣秋霜砧杵清，一弄儿会把愁人并。恼人心半窗袅袅疏梅影，聒人耳万种萧萧落叶声。那堪听，檐间铁马，雨内梧声。","chinese-poetry",""
"郑月莲秋夜云窗梦・尾煞","元","无名氏","泪漫漫不暂停，哭啼啼不住声。不争这惊回一枕云窗梦，这烦恼直哭的西楼月儿冷。(下)(净上，云)小子李多是也。如今郑月莲被他母亲卖的洛阳张行首家中去了，我如今寻到那里，问亲去来。(卜儿上，云)李官，你须计较停当去，那妮子不肯便嫁你。(净云)洛阳府判是我叔父，到那里好歹娶了他。(卜云)好计，好计。(同下)。","chinese-poetry",""
"郑月莲秋夜云窗梦・驻马听","元","无名氏","幽梦初回，待教我一纸音书传信息。闲愁萦系，想当初一尊白酒话别离。不争秦台弄玉彩云低，都做了江州司马青衫湿。两下里，一般阻隔人千里。","chinese-poetry",""
"郑月莲秋夜云窗梦・夜行船","元","无名氏","我却待翠袖殷勤捧玉杯，觑绝时半晌痴迷。我认的是实，觑得仔细，掐皮肉犹疑是梦里。(云)张秀才，你好下的也！(末云)原来是俺大姐。你怎生到的这里来？教我怎生是好！(孤怒云)那妮子教你把盏，因何不把盏？(夫人云)这妮子觑看状元，眼去眉来，不知为甚？(旦云)相公听妾身说。(唱)。","chinese-poetry",""
"郑月莲秋夜云窗梦・折桂令","元","无名氏","再休题孟母三移，你狗行狼心，短命相识。恨惹情牵，魂劳梦断，雨约云期。今日个成就了鸾欢凤喜，何消你爱钱娘唱叫扬疾。今日个共守鸳帏，半掩朱扉，我待学村里夫妻，步步相随。(孤云)天下喜事，无过夫妇团圆。(下阕)。","chinese-poetry",""
"隔尾","元","杨景贤","汉明帝佛始来中国，唐太宗僧初入外夷。全仗着观音大慈力。则为他将蟠桃会闹起，今日将花果山镇伊！(行者云)山神救我咱。(山神云)我如何救得？你师父今日必到也。专等他来，他便救得你。(唐僧引龙马上，云)龙君，我和你行经数月。前面一座大山，一个金甲将军在彼，我去问他。将军，此是何处？小僧大唐三藏法师是也。(山神云)小圣非凡人，乃花果山之神。是好一个僧也呵。","chinese-poetry",""
"骂玉郎","元","杨景贤","俺这里山高险阻无存济，云惨淡雨霏微，毒蛇异兽难回避。(唐僧云)有斋僧的？(山神唱)俺这里难为卓锡居，怎做得香积厨？不是你那祗园地。","chinese-poetry",""
"采茶歌","元","杨景贤","花果山有山祗，云罗洞有幽微，则听得春风桃李杜鹃啼。(唐僧云)俺辞了尊神，趁早行，怕晚了。(山神唱)师父眼慧休愁红日晚，心明何怕黑云迷？。","chinese-poetry",""
"菩萨梁州","元","杨景贤","恰便似钉钉入头皮，胶粘在鬏髻。你那凡心若再起，敢着你魄散魂飞。为足下常有杀人机，因此上与师父留下这防身计，劣心肠再不可生奸意。如梦幻出尘世，至诚心谨护持，早去疾回。小圣对师父说；前面有一河，名曰流沙河。河内有怪，能伤人。行者，你小心护持师父者。师父，好生加持者。","chinese-poetry",""
"观音煞","元","杨景贤","感谢吾师收了妖孽，着老汉死有坟穴。你若西行仔细者，无限的艰难未断绝，我这里专望回来重酬谢。(下)。","chinese-poetry",""
"相国寺公孙合汗衫・赚煞尾","元","张国宾","岂不闻一饭莫忘怀，睚眦休成忿。这厮他记小过忘人大恩，这厮他胁底下插柴不自稳，那里也敬老怜贫。他怒嗔嗔，劈手里夺了他银。(带云)不争你夺将来了呵。(唱)显的我也惨，他也羞，陈虎口床，你也狠。(云)陈虎孩儿。自古以来，有两个贤人，你学一个，休学一个。(邦老云)父亲，您孩儿学那一个？(正末唱)你则学那灵辄般报恩。(邦老云)不学那一个？(正末唱)休学那庞涓般雪恨。休！休！休！我劝您这得时人，可便休笑恰才那失时人。(下)。","chinese-poetry",""
"相国寺公孙合汗衫・幺篇","元","张国宾","只为那当年认了个不良贼，送的俺一家儿横祸非灾。(小末云)你那孩儿那里去了？(正末唱)俺孩儿听了他胡言乱道巧差排，便待离家乡做些买卖，(小末云)他曾有书信来么？(正末云)俺孩儿去了十八年也。(唱)只一去不回来。","chinese-poetry",""
"相国寺公孙合汗衫・收尾","元","张国宾","我直从那水扑花儿抬举的偌来大，您将俺这两口儿生各支的撇下，空指着卧牛城内富人家。(卜儿云)咱如今往那里去好？(正末云)哎！婆婆也。我和你如今往那里去？只有个沿街儿叫化，学着那一声儿哩。(卜儿云)老的，是那一声？(正末云)婆婆也，你岂不曾听见那叫化的叫？我学与你听：那一个舍财的爹爹妈妈哦。(唱)少不的悲田院里，学那一声叫爹妈。(同下)。","chinese-poetry",""
"相国寺公孙合汗衫・朝天子","元","张国宾","哎哟！可则俺两口儿都老迈，肯分的便上该，天哪！天哪！也是俺注定的合受这饥寒债。我如今无铺无盖，教我冷难挨。肯分的雪又紧风偏大，到晚来可便不敢番身，拳成做一块。天哪！天哪！则俺两口儿受冰雪堂地狱灾，我这里跪在，大街，望着那发心的爷娘每拜。","chinese-poetry",""
"相国寺公孙合汗衫・耍孩儿","元","张国宾","你将这衫儿半壁亲稍带，只说是马行街公婆每都老惫。官人呵。这言语休着您爷知，(小末云)怎生休着他知道？(正末唱)则去那娘亲上分付明白。则要你一言说透千年事，俺也不怕十谒朱门九不开。那贼汉当天败，婆婆，这也是灾消福长，苦尽甘来。","chinese-poetry",""
"相国寺公孙合汗衫・清江引","元","张国宾","到晚来枕着的是多半个砖，每日在长街上转。口叫爷娘佛，(赵兴孙云)也有肯舍贫的么？(正末唱)无人可怜见，(赵兴孙云)陈虎那厮好狠也。(正末唱)陈虎口来我和你便有甚么那个杀父母的冤？(赵兴孙云)看那厮也好模好样的，可怎生这等歹心？(正末唱)。","chinese-poetry",""
"相国寺公孙合汗衫・雁儿落","元","张国宾","则你这恶芒神休厮缠，我待超度你在这金沙院。可怜我每日家思念你千万遭，口店题道有十余遍。","chinese-poetry",""
"相国寺公孙合汗衫・得胜令","元","张国宾","呀！原来这和尚每都会通仙，我活了七十岁不曾见。则你尸首归何处？儿也，你今日个阴魂在眼前。(云)你若是人呵，我叫你三声，你一声高一声。你若是鬼呵，我叫你三声，你一声低似一声。(张孝友云)你叫，我答应。(正末云)张孝友儿也。(张孝友云)哎！(正末云)是人，是人。张孝友儿也！(张孝友云)哎！(正末云)是人，是人。张孝友儿也！(张孝友云)偏生的堵了一口气儿。(做低应科，云)哎！(正末云)有鬼也。(张孝友云)父亲母亲，我不是鬼，是人。(正末唱)也是我心专，作念的一灵儿须活现，留得你生全，免的我两口儿长挂牵。","chinese-poetry",""
"感天动地窦娥冤・一半儿","元","关汉卿","为甚么泪漫漫不住点儿流？莫不是为索债与人家惹争斗？我这里连忙迎接慌问候，他那里要说缘由。（卜儿云）羞人答答的，教我怎生说波！（正旦唱）则见他一半儿徘徊一半儿丑。","chinese-poetry",""
"感天动地窦娥冤・赚煞","元","关汉卿","我想这妇人每休信那男儿口。婆婆也，怕没的贞心儿自守，到今日招着个村老子，领着个半死囚。（张驴儿做嘴脸料，云）你看我爷儿两个这等身段，尽也选得女婿过，你不要错过了好时辰，我和你早些儿拜堂罢。（正旦不礼科，唱）则被你坑杀人燕侣莺俦。婆婆也，你岂不知羞！俺公公撞府冲州，挣扎的铜斗儿家缘百事有。想着俺公公置就，怎忍教张驴儿情受？（张驴儿做扯正旦拜科，正旦推跌科，唱）兀的不是俺没丈夫的妇女下场头！（下）（卜儿云）你老人家不要恼躁。难道你有活命之恩，我岂不思量报你？只是我那媳妇儿气性最不好惹的，既是他不肯招你儿子，教我怎好招你老人家？我如今拚的好酒好饭，养你爷儿两个在家，待我慢慢的劝化俺媳妇儿。待他有个回心转意，再作区处。（张驴儿云）这歪剌骨！便是黄花女儿，刚刚扯的一把，也不消这等使性，平空的推了我一交，我肯干罢！就当面赌个誓与你：我今生今世不要他做老婆，我也不算好男子！（词云）美妇人我见过万千向外，不似这小妮子生得十分惫赖。我救了你老性命死里重生，怎割舍得不肯把肉身陪待？（同下）。","chinese-poetry",""
"感天动地窦娥冤・南吕/一枝花","元","关汉卿","他则待一生鸳帐眠，那里肯半夜空房睡；他本是张郎妇，又做了李郎妻。有一等妇女每相随，并不说家克计，则打听些闲是非；说一会不明白打风的机关，使了些调虚嚣捞龙的见识。","chinese-poetry",""
"感天动地窦娥冤・梁州第七","元","关汉卿","这一个似卓氏般当垆涤器，这一个似孟光般举案齐眉，说的来藏头盖脚多伶俐！道着难晓，做出才知。旧恩忘却，新爱偏宜；坟头上土脉犹湿，架儿上又换新衣。那里有奔丧处哭倒长城？那里有浣纱时甘投大水？那里有上山来便化顽石？可悲，可耻！妇人家直恁的无仁义。多淫奔，少志气，亏杀前人在那里，更休说百步相随。","chinese-poetry",""
"感天动地窦娥冤・隔尾","元","关汉卿","这厮搬调咱老母收留你，自药死亲爷待要唬吓谁？（张驴儿云）我家的老子，倒说是我做儿子的药死了，人也不信。（做叫科，云）四邻八舍听着：窦娥药杀我家老子哩！（卜儿云）罢么，你不要大惊小怪的，吓杀我也！（张驴儿云）你可怕么？（卜儿云）可知怕哩。（张驴儿云）你要饶么？（卜儿云）可知要饶哩。（张驴儿云）你教窦娥随顺了我，叫我三声嫡嫡亲亲的丈夫，我便饶了他。（卜儿云）孩儿也，你随顺了他罢。（正旦云）婆婆，你怎说这般言语！（唱）我一马难将两鞍鞴，想男儿在日曾两年匹配，却教我改嫁别人，其实做不得。","chinese-poetry",""
"感天动地窦娥冤・骂玉郎","元","关汉卿","这无情棍棒教我捱不的。婆婆也，须是你自做下，怨他谁？劝普天下前婚后嫁婆娘每，都看取我这般傍州例。","chinese-poetry",""
"感天动地窦娥冤・感皇恩","元","关汉卿","呀！是谁人唱叫扬疾，不由我不魄散魂飞。恰消停，才苏醒，又昏迷。捱千般打拷，万种凌逼，一杖下，一道血，一层皮。","chinese-poetry",""
"感天动地窦娥冤・采茶歌","元","关汉卿","打的我肉都飞，血淋漓，腹中冤枉有谁知！则我这小妇人毒药来从何处也？天那，怎么的覆盆不照太阳晖！。","chinese-poetry",""
"感天动地窦娥冤・黄锺尾","元","关汉卿","我做了个衔冤负屈没头鬼，怎肯便放了你好包荒淫漏面贼！想人心不可欺，冤枉事天地知，争到头，竞到底，到如今待怎的？情愿认药杀公公，与了招罪。婆婆也，我若是不死呵，如何救得你？（随祗候押下）。","chinese-poetry",""
"感天动地窦娥冤・正宫/端正好","元","关汉卿","没来由犯王法，不堤防遭刑宪，叫声屈动地惊天！顷刻间游魂先赴森罗殿，怎不将天地也生埋怨？。","chinese-poetry",""
"感天动地窦娥冤・滚绣球","元","关汉卿","有日月朝暮悬，有鬼神掌著生死权，天地也，只合把清浊分辨，可怎生糊突了盗跖、颜渊？为善的受贫穷更命短，造恶的享富贵又寿延。天地也，做得个怕硬欺软，却元来也这般顺水推船。地也，你不分好歹何为地？天也，你错勘贤愚枉做天！哎，只落得两泪涟涟。","chinese-poetry",""
"感天动地窦娥冤・耍孩儿","元","关汉卿","不是我窦娥罚下这等无头愿，委实的冤情不浅；若没些儿灵圣与世人传，也不见得湛湛青天。我不要半星热血红尘洒，都只在八尺旗枪素练悬。等他四下里皆瞧见，这就是咱苌弘化碧，望帝啼鹃。","chinese-poetry",""
"感天动地窦娥冤・二煞","元","关汉卿","你道是暑气暄，不是那下雪天；岂不闻飞霜六月因邹衍？若果有一腔怨气喷如火，定要感的六出冰花滚似绵，免着我尸骸现；要什么素车白马，断送出古陌荒阡！。","chinese-poetry",""
"感天动地窦娥冤・一煞","元","关汉卿","你道是天公不可期，人心不可怜，不知皇天也肯从人愿。做甚么三年不见甘霖降？也只为东海曾经孝妇冤，如今轮到你山阳县。这都是官吏每无心正法，使百姓有口难言！。","chinese-poetry",""
"感天动地窦娥冤・煞尾","元","关汉卿","浮云为我阴，悲风为我旋，三桩儿誓愿明题遍。（做哭科，云）婆婆也，直等待雪飞六月，亢旱三年呵，（唱）那其间才把你个屈死的冤魂这窦娥显！。","chinese-poetry",""
"感天动地窦娥冤・沉醉东风","元","关汉卿","我是那提刑的女孩，须不比现世的妖怪。怎不容我到灯影前，却拦截在门木呈外？（做叫科，云）我那爷爷呵，（唱）枉自有势剑金牌，把俺这屈死三年的腐骨骸，怎脱离无边苦海？（做入见哭科，窦天章亦哭科，云）端云孩儿，你在那里来？（魂旦虚下）（窦天章做醒科，云）好是奇怪也！老夫才合眼去，梦见端云孩儿，恰便似来我跟前一般；如今在那里？我且再看这文卷咱。（魂旦上，做弄灯科）（窦天章云）奇怪，我正要看文卷，怎生这灯忽明忽灭的？张千也睡着了，我自己剔灯咱。（做剔灯，魂旦翻文卷科）（窦天章云）我剔的这灯明了也，再看几宗文卷。""一起犯人窦娥，药死公公。……""（做疑怪科，云）这一宗文卷，我为头看过，压在文卷底下，怎生又在这上头？这几时问结了的，还压在底下，我别看一宗文卷波。（魂旦再弄灯科）（窦天章云）怎么这灯又是半明半暗的？我再剔这灯咱。（做剔灯，魂旦再翻文卷科。窦天章云）我剔的这灯明了，我另拿一宗文卷看咱。""一起犯人窦娥，药死公公。……""呸！好是奇怪！我才将这文书分明压在底下，刚剔了这灯，怎生又翻在面上？莫不是楚州后厅里有鬼么？便无鬼呵，这桩事必有冤枉。将这文卷再压在底上，待我另看一宗如何？（魂旦又弄灯科）（窦天章云）怎么这灯又不明了，敢有鬼弄这灯？我再剔一剔去。（做剔灯科，魂旦上，做撞见科，窦天章举剑击桌科，云）呸！我说有鬼！兀那鬼魂：老夫是朝廷钦差，带牌走马肃政廉访使。你向前来，一剑挥之两段。张千，亏你也睡的着！快起来，有鬼，有鬼。兀的不吓杀老夫也！（魂旦唱）。","chinese-poetry",""
"感天动地窦娥冤・雁儿落","元","关汉卿","你看这文卷曾道来不道来，则我这冤枉要忍耐如何耐？我不肯顺他人，倒着我赴法场；我不肯辱祖上，倒把我残生坏。","chinese-poetry",""
"感天动地窦娥冤・得胜令","元","关汉卿","呀，今日个搭伏定摄魂台，一灵儿怨哀哀。父亲也，你现拿着刑名事，亲蒙圣主差。端详这文册，那厮乱纲常，合当败。便万剐了乔才，还道报冤仇不畅怀！。","chinese-poetry",""
"感天动地窦娥冤・鸳鸯煞尾","元","关汉卿","从今后把金牌势剑从头摆，将滥官污吏都杀坏，与天子分忧，万民除害。（云）我可忘了一件：爹爹，俺婆婆年纪高大，无人侍养，你可收恤家中，替你孩儿尽养生送死之礼，我便九泉之下，可也瞑目。（窦天章云）好孝顺的儿也！（魂旦唱）嘱付你爹爹，收养我奶奶。要怜他无妇无儿，谁管顾年衰迈！再将那文卷舒开，（带云）爹爹，也把我窦娥名下，（唱）屈死的招伏罪名儿改。（下）（窦天章云）唤那蔡婆婆上来。你可认的我么？（蔡婆婆云）老妇人眼花了，不认的。（窦天章云）我便是窦天章。这才的鬼魂，便是我屈死的女孩儿端云。你这一行人，听我下断：张驴儿毒杀亲爷，谋占寡妇，合拟凌迟，押付市曹中，钉上木驴，剐一百二十刀处死。升任州守桃杌并该房吏典，刑名违错，各杖一百，永不叙用。赛卢医不合赖钱，勒死平民；又不合修合毒药，致伤人命，发烟瘴地面，永远充军。蔡婆婆我家收养。窦娥罪改正明白。（词云）莫道我念亡女与他又罪消愆，也只可怜见楚州郡大旱三年。昔于公曾表白东海孝妇，果然是感召得灵雨如泉。岂可便推诿道天灾代有，竟不想人之意感应通天。今日个将文卷重行改正，方显的王家法不使民冤。","chinese-poetry",""
"冻苏秦衣锦还乡・赚煞尾","元","无名氏","打灭了腹中饥，挣坐了身边冷。谢长者将咱厚赠，免的我流落穷途涕泪零。只今日便索长行，看鲰生，黄榜高登。博一个千万人中第一名。(王长者云)先生，此一去则要你着志者。(正末唱)我将这星辰再整，乾坤来扶定。(王长者云)先生，此一去投于何处？(正末云)小生往那里去的是，(唱)我只索占那虎狼丛卫觅前程。(下)。","chinese-poetry",""
"冻苏秦衣锦还乡・正宫/端正好","元","无名氏","叹书生，我这里便叹书生可兀的身无济，那里也荫子封妻。则俺那一般儿求仕的诸相识，他每都闪赚的我难回避。","chinese-poetry",""
"冻苏秦衣锦还乡・滚绣球","元","无名氏","这壁厢拜了一会，那壁厢问了一日，可怎生无一个将咱支对？则您这一家儿端的是嫌淮？(孛老云)嫌你，嫌你。你可怎么不做官来？(正末唱)俺爹娘他须是老背悔，(二旦云)苏秦，你得了官来，那个嫌你？(正未唱)妻也，你也好忒下的。(大旦云)苏秦，你选场中及第也不曾？(正夫唱)你问我选场中及第来不曾及第，你不看见我马头前列山行家朱衣。(孛老云)苏秦，我问你，你当日不做庄农生活，则去读书，要做官。你跟的张仪去了许多时光景，你如今得了个甚么官来？(正末唱)我恰才入门来休问荣枯事，可不道观着容颜兀的使得知？(带云)我这官职呵，(唱)大古里是箱儿里盛只。","chinese-poetry",""
"冻苏秦衣锦还乡・南吕/一枝花","元","无名氏","如今那有才学的受困穷，几时得居要路为卿相？我想那耕牛无宿料，仓鼠可兀的有余粮。十载寒窗，捱不出齑盐况。怎生那风共雪缠的我慌？则他好茶饭不济饥肠，这破衣衫偏歇着我脊梁。","chinese-poetry",""
"冻苏秦衣锦还乡・隔尾","元","无名氏","我喜则喜一盏琼花酿，恨则恨十分他这个冰雪般凉。(张仪云)这一杯酒，与兄弟荡寒咱。(正末唱)你待与我荡寒呵，你着那祗候人荡一荡。(张仪云)兄弟吃了者。(正末唱)小生咽下去怎当，冰断我这肚肠，(带云)哥哥先饮。(唱)这一盏酒推辞了多半晌。","chinese-poetry",""
"冻苏秦衣锦还乡・幺篇","元","无名氏","他赍发了我银两锭，我恰便似梦一场，着苏秦死生难忘。他是个祗候人的所为，可有那孟尝君的这度量。张仪也。你便头顶养军司库，脚踹着万年仓。说不尽宰相多荣贵，找苏秦也男儿当白强！(正末云)哥，我拿着你这两锭白银，再过去羞那厮一场。(陈用云)好、好、好，贤上，你过去。(正末做见张仪科，云)张仪，你看。(张仪云)你不是苏秦？两个手呈拿着许多东西。莫不是那里偷将来的？(正末云)我偷了你的末？你听者，我久后得官呵，必不在你之下！(张仪云)你怎生能勾为宫！我量着你一世儿不能发迹！你若能勾发迹呵，(诗云)则除是驴生笄角瓮生根，大教穷断脊梁筋。小物不堪成大用，苏秦则是旧苏秦！快出去！快出去！(正末唱)。","chinese-poetry",""
"冻苏秦衣锦还乡・黄钟尾","元","无名氏","罢、罢、罢！凭着我胸中豪气三千丈，笔下文才七步章。亲不亲是乡党；若今番，到举场；将万言书，见帝王；插官花，饮御觞；伞盖下，马儿上；请哥哥，再相访；我言语，个虚诳；这赍发，这觑当；两锭银，重百两，遮莫便十年呵，休想我贵人多忘。将你一个山海也似人恩人，(云)哥。你叫做陈用。(唱)我苏秦长则个今门般想。(下)。","chinese-poetry",""
"冻苏秦衣锦还乡・鸳鸯煞","元","无名氏","想当初风尘落落谁怜悯，到今日衣冠楚楚争亲近。畅道威震诸侯，腰悬六印，也索把世态炎凉，心中暗忖：假使一朝马死黄金尽，可不的依旧苏秦，做陌路看承被人晒！。","chinese-poetry",""
"梁州・寂然不动分毫志，炼金丹除了厄苦，离尘俗换了凡躯。忘言减语，","元","无名氏","片时间收敛铅汞聚。有根蒂伏朴归真，有志气腾云蹑雾，有缘分飞上天衢。初学笃志真言语，见世俗人贪财好欲，不顾残生一个个要亻赞金珠。大限到百事都无，费精神使得干枯。从今，至古，神仙本是凡人做。定浮沉认宾主，收汞收铅莫迟阻，自问他有有无无。","chinese-poetry",""
"煞尾・化金仙脱体乘风去，一道寒光满太虚。有婴儿有姹女，有黄婆配亲","元","无名氏","霎时间会云雨，众仙欢个个舞。出了世尘离爱欲，早则不回头，一心觅钟吕，直至蓬莱伴师祖。同共群仙一处宿，升降三宫到紫府。调息绵绵炼真土，收敛黄芽治龙虎，骑坐白鹤跨鸾辂，离却凡间登仙路。再共清风做伴侣，又共明月做道主，飞入天宫玩仙府。","chinese-poetry",""
"驻马听・行的是调息绵绵，呼吸风云有后先。比及得三宫升变，九还七返","元","无名氏","妙中玄。驾河车搬运走如烟，化清风直至金公院。若要道心坚，黄河浪滚泥丸转。","chinese-poetry",""
"沉醉东风・大限到来不选，也不论福富贵高官。直推到几时休几时休，每","元","无名氏","日价频发愿频发愿，今年推到来年。担阁修行行路儿远，生死轮回怎免！。","chinese-poetry",""
"雁儿落过得胜令・俺也曾遇明师将真道传，指与无边传。教我少贪心少爱","元","无名氏","欲，教俺多办工夫多修善。教俺休把利名牵，教俺多看些古书篇。尽都是通玄处，教俺共真师子细研。若是俺功全，得造化无人见。正是心也坚，心坚得自然。","chinese-poetry",""
"殿前欢・劝英贤，请君常看指玄篇。无为大道人都恋，要行满功圆。跨鹤","元","无名氏","儿飞上天，方才入无为传，早则趁了修行愿。修一个不来不去，谁肯恋在世长年！。","chinese-poetry",""
"鸳鸯煞・这回再谁把世俗缠？超凡入圣随机变。道法双忘，紧固抽添。唱","元","无名氏","道真至蓬莱阆苑，做下部自然集，早则是虚无篇，愿心满。","chinese-poetry",""
"滚绣球・办功夫定慧开，炼三皇结圣胎。婴儿猛然惊怪，须臾间飞过灵台。","元","无名氏","到黄庭内院欢，动阳关将龙虎排。霎时间打成一块，定浮沉煅炼三灾。三华聚顶泥丸路，五气朝元绕玉街，下十二楼台。","chinese-poetry",""
"迎仙客・长将他玉炉关，须要这八门开，用坎离颠倒栽。驾河车，牛旋买，","元","无名氏","搬载入宫来，收敛在三田外。","chinese-poetry",""
"红绣鞋・坐卧处阳升阴降，一窍开百窍齐开。九还七返定三灾。呼吸开归","元","无名氏","妙道，调真息透盈腮，治精华归气海。","chinese-poetry",""
"耍孩儿・初学笃志真心爱，广看些经书注解。忽然间心地悟豁然开，自想","元","无名氏","往日沉埋。果然实有登仙路，任意纵横到处该，还了这冤家债。这回万缘齐断，不染千灾。","chinese-poetry",""
"一煞・静中功默默的行，点刀圭分皂白，灵台无物当宁耐。脱离生死修真","元","无名氏","路，倒把枯松日夜栽。权且将时光来待，咫尺的是功圆行满，独步上天台。","chinese-poetry",""
"二煞・也不索看三教书，也不索学七步才，只要昏昏默默将功程捱。炼成","元","无名氏","玉体乘风去，一道寒光入圣阶。做一个蓬莱客，全凭三千功行满，便要离俗骨得仙胎。","chinese-poetry",""
"三煞・任时节跨青鸾飞上天，驾白鹤复地来，飞升变化登仙界。黄芽渐长","元","无名氏","人难识，玉兔窝中好避乖。权且将时光待，咫尺的功圆行满，独步上天台。","chinese-poetry",""
"滚绣球・千家饭足可求，百衲衣不害羞。问是么破设设遮着皮肉，傲人间","元","无名氏","伯子公侯。我则待闲遥遥唱个道情，醉醺醺的打个稽首。抄化圣汤仙酒，藜杖瓢钵便是俺的行头。我则待今朝有酒今朝醉，明日无钱明日求，到大来散诞无忧。","chinese-poetry",""
"滚绣球・恰才见元宵灯挑在手，又见清明门前插杨柳。正修禊传觞曲水，","元","无名氏","不觉的击黾鼓竞渡龙舟。恰才是七月七，又早是九月九。咱能够几番儿欢喜厮守？都在烦恼中过了春秋。你见这纷纷的世事恁待要随缘过，都不顾急急光阴似水流，白了人头。","chinese-poetry",""
"尾・休言功行何时就，得到玄关便可投。人我场中枉驰骤，苦海波中早回","元","无名氏","四大神游。三岛十洲，神仙隐迹埋名，他则待目前走。","chinese-poetry",""
"滚绣球・俺这里，笑一合，利名场朗然识破。没来由为儿女劫动波波，便","元","无名氏","亻赞下不义财，积下些无用货。死临头怎生逃躲，少不的打轮回作马骡。明放着天堂有路人行少，地狱无门去的多，落落魄魄。","chinese-poetry",""
"正宫・叨叨令过折桂令驮背妓名陈观音奴","元","无名氏","虾儿腰龟儿背玉连环系不起香罗带，脊儿高绞儿细绿茸毛生就的王八盖，眼儿眍鼻儿凸驱外走了猢狲怪，嘴儿尖舌儿快洛伽山怎受的菩萨戒！兀的不丑杀人也么哥，兀的不丑杀人也么哥，钩儿形条儿样烂茄瓜辱没杀莺花寨。莺花寨命里合该，一背儿残疾，一世儿裁划。便道是倒凤颠鸾，莺俦燕侣，弯不剌怎么安排！风月债休将人定害，俺则怕雨云浓厥杀乔才。你这形骸，其实歪揣。调稍弓着不的扯拽，窍头船趁早儿撑开。","chinese-poetry",""
"南吕・玉娇枝过四块玉","元","无名氏","休争闲气，都只是南柯梦里。想功名到底成何济？总虚华几人知！百般乖不如一就痴，十分醒争似三分醉。则这的是人生落得，不受用图个甚的！赤紧的乌紧飞，兔紧追，看看的老来催。人无百岁人，枉作千年计。将眉间闷锁开，休把心上愁绳系，则这的是延年益寿的理。","chinese-poetry",""
"中吕・迎仙客十二月","元","无名氏","头懒抬，眼慵开，花酒偶然都到来。酒浮香，花放彩。小玉前来，试演迎仙客。正月春气早，斗回杓，灯焰月明三五宵，绮罗人，兰麝飘。柳嫩梅娇，斗合鹅儿闹。二月春日暄，卖饧天，谁家绿杨不禁烟？闹花边，簇队仙。送起秋千，笑语如莺燕。三月修禊潭，水如蓝，车马胜游三月三。晚归来，酒半酣。笑指西南，月影蛾眉淡。四月红渐稀，绿成围，串烟碧纱窗外飞。洒蔷薇，香透衣。煮酒青梅，正好连宵醉。五月结艾人，赏蕤宾，菖蒲酒香开玉樽。彩丝缠，角粽新。楚些招魂，细写怀沙恨。六月庭院雅，闹蜂衙，开尽海榴无数花。剖甘瓜，点嫩茶。笋指韶华，又过了今年夏。七月乞巧楼，月如钩，聚散几回银汉秋。遣人愁，何日休？织女牵牛，万古情依旧。八月风露清，月华明，明月万家欢笑声。洗金觥，拂玉筝。月也多情，唤起南楼兴。九月湘水长，楚山花，染透满林红叶霜。采秋香，糁玉觞。好个重阳，落帽龙山上。十月万木枯，早梅疏，天气小春十月初。酒频沽，橙羡刳。暖阁红炉，胜有风流处。十一月暖律通，应黄钟，刺绣暗添一线功。小帘栊，斗帐中。玉软香浓，醉枕梅花梦。十二月春未回，雪成堆，新酿瓮头泼绿醅。恰传怀，人早催。赏罢红梅，准备藏阄会。唤玉蛾，捧金波，听遍四时行乐歌。得蹉跎，且快活。万事从他，醉倒和衣卧。","chinese-poetry",""
"中吕・朝天子","元","无名氏","尽教，便了，□尔纵横闹。纱笼影里马头高，早雪拥蓝关道。休喜休欢，休烦休恼，只争个迟共早。比甘罗不小，比太公未老，须有日应心道。一悭，二奸，困煞英雄汉。陈抟占却一半山，不复梦周公旦。雨笠烟蓑，星驰云栈，利和名自古难。这番，上杆，休□了梯儿看。尽教，便了，彼各休相笑。正沙堤稳稳马头高，又贬上潮阳道。休喜休欢，休烦休恼，只争个迟共早。比太公未老，比甘罢又不小，此一梦何时觉。杜康，醉乡，竹叶樽琼花酿。人生三万六千场，既有限谁无恙。眨眼秋霜，飞来头上，趁春光倒玉觞。唤将，四娘，燕子舞莺儿唱。画堂，绮窗，玉错落金波酿。春风枉羡杜韦娘，试听宣娥唱。月窟新声，云鬟宫样，怎禁他粉黛香。这场，醉乡，勒留住山中相。楚阑，小蛮，锦瑟调银筝按。西园公子兴未阑，盏到休辞惮。明月帘栊，疏星河汉，倚红楼十二阑。夜寒，烛残，酒尽后人方散。紫袍，战袍，送了些活神道。不比农夫有下梢，不识长安道。耕种锄刨，无烦无恼，卧东窗日影高。芭棚下饭饱，麦场上醉倒，快活煞村田乐！嘲妓家匾食白生生面皮，软溶溶肚皮，抄手儿得人意。当初只说假虚皮，就里多葱脍。水面上鸳鸯，行行来对对，空团圆不到底。生时节手儿上捏你，熟时节口儿里嚼你，美甘甘肚儿内知滋味。嘲人穿破靴两腮，绽开，底破帮儿坏。几番修补费钱财，还不彻王皮债。不敢大步阔行，只得徐行短迈，怕的是狼牙石龟背阶。上台基左歪右歪，又不敢着楦排，只好倒吊起朝阳晒。志感不读书有权，不识字有钱，不晓事倒有人夸荐。老人只恁忒心偏，贤和愚无分辨。折挫英雄，消磨良善，越聪明越运蹇！志高如鲁连，德过如闵骞，依本分只落的人轻贱。不读书最高，不识字最好，不晓事倒有人夸俏。老天不肯辨清浊，好和歹没条道。善的人欺，贫的人笑，读书人都累倒。立身则小学，修身则大学，智和能都不及鸭青钞。","chinese-poetry",""
"古水仙子・我、我、我，自叹吁，罢、罢、罢，姻缘簿仍将姓字书。是、","元","无名氏","是、是，断云将楚岫遮拦，敢、敢、敢，桃花把天台截住，来、来、来，生分开比目鱼，呀、呀、呀，两三朝鬼病揶揄，是、是、是，教吹箫月明无伴侣。他、他、他，把六朝金粉收拾去，单、单、单，留下写恨几行书。","chinese-poetry",""
"尾声・曾指归期在春暮，却又早霜冷菰蒲，把灯花影儿终夜卜。赏玩","元","无名氏","杨柳横塘淡烟锁，娇滴滴芙蕖万朵。微雨过晚凉多。蝉咽庭柯，午梦方惊破。重洗盏泛金波，细细南薰透轻葛。","chinese-poetry",""
"古水仙子・来、来、来，自忖度，罢、罢、罢，恐青镜流年两鬓皤。将、","元","无名氏","将、将，愁布袋丢开，把、把、把，闷葫芦摔破，呀、呀、呀，落些儿闲快活。休、休、休，走红尘万丈风波，喜、喜、喜，纵疏狂醉中天地阔。我、我、我，不干求到底无灾祸，他、他、他，进步是非多。","chinese-poetry",""
"尾声・才郎直恁忒渔滥，设下誓神灵恁甘，哎，你个再出世的狠王魁怎下","元","无名氏","的辜负俺。思忆雪月风花共裁剪，云雨梦香娇玉软。花正发月初圆，雪压风颠。正比人天涯远，欲寄断肠篇。争奈这无边岸相思。好教我难运转。","chinese-poetry",""
"幺篇・二三朝不见，浑如隔了十数年。无一顿茶饭不萦牵，无一刻光阴不","元","无名氏","怅念，无一个更儿里将他不梦见。","chinese-poetry",""
"水仙子・非干是我自专，真觅得鸾胶续断弦。记枕上盟言，念神前心愿，","元","无名氏","我心坚石也穿，暗暗的祷告青天，若咱家少他前世冤，俏冤家不称今生愿，俺、俺、俺、俺，那世里再团圆。","chinese-poetry",""
"尾・若把我双郎见时节，向三婆行诉不尽喉舌，则道是思量得小卿成病也。","元","无名氏","鸳鸯对，鸾凤鸣，恰寻着美满前程。团香惜玉好恩情，忽变做了充饥画饼。","chinese-poetry",""
"滚绣球・动羁怀的是淅零零暮雨晴，恼人肠的是日迟迟春昼暄，感离情的","元","无名氏","是娇滴滴弄喉舌啼莺语燕。舞飘飘乱纷纷柳絮飞绵，叹浮生的是草萋萋际碧天，绿茸茸柳带烟。流尽年光的是兀良响潺潺碧澄澄皱玻璃楚江如练，断送行人的是忄乞登登鞭羸马行色凄然。猛想起醉醺醺昨宵欢会知多少，陡恁的冷清清今日凄凉有万千，情默默无言。","chinese-poetry",""
"尾・三杯别酒肚肠断，一曲阳关离恨添。我上车儿倦向前，他上雕鞍懒赠","元","无名氏","比各无言两泪涟，各办坚心石也穿。两处相思情意牵，遥望见车儿渐渐的远。豪放不羁翠红乡莺花寨，占春风歌舞楼台。酒肠宽嫌杀金杯窄，会受用文章伯。","chinese-poetry",""
"滚绣球・都将着玉与帛，换做酒共色，尽教咱百年欢爱，管甚么万贯资财。","元","无名氏","鬓发白，容貌改，物和人知他谁在，青春去再不回来。一任教佳人宛转歌《金缕》，醉客佯狂饮绣鞋，便是英才。","chinese-poetry",""
"滚绣球・溜秋波情意タ，并香肩语话儿甜。你为我鸳鸯债此生少欠，我为","元","无名氏","你风月担尽力粘拈。我因你鱼书儿修以又修，你为我龟卦儿占了又占。想则想争想似更风流昔年双渐，猜则猜休猜做没出活今日江淹。则为这蝇头蜗角频勾引。非是这凤友鸾交厮弃嫌，辜负了等等潜潜。","chinese-poetry",""
"叨叨令・风月情待把青楼占，慷慨情不把黄金俭，锦绣肠堪把秋娘赡，花","元","无名氏","月貌争把檀郎验。想杀人也么哥，想杀人也么哥，娇滴滴美玉无暇玷。","chinese-poetry",""
"小梁州・妙舞清歌近绣と，不由人一笑掀髯，惜香怜玉那情タ，端的是心","元","无名氏","无厌，锦帐内效鹣鹣。","chinese-poetry",""
"正宫・汲沙尾南四景","元","无名氏","金殿锁鸳鸯，何时重会情娘。间阻佳期，咫尺雾迷云障。思量，常想那樽前席上。多丰韵容貌非常，风流艳妆，自古道淑女堪配才郎。","chinese-poetry",""
"脱布衫带过小梁州北・歌《白雪》余韵悠扬，红牙撒尽按宫商。品玉箫鸾","元","无名氏","鸣凤叶，舞《霓裳》翠盘宫样。解语知音所事强，端的是世上无双。冰弦慢拨趁奇腔，声嘹亮，口喷麝兰香。轻清韵美低低唱，启朱唇皓齿如霜。穿一套缟素衣，尽都是依宫样。又不是悲秋宋玉，可着我想像赋高唐。","chinese-poetry",""
"普天乐南・玩中秋明月朗，登高在楼台上。东篱下菊蕊含金，正消磨暑气","元","无名氏","秋光。捧玉觞，葡萄酿，酒友诗朋齐歌唱，玉山颓沉醉何妨。朱扉绿窗，任风吹落帽龙山赏重阳。","chinese-poetry",""
"煞尾・减精神，添憔悴，把我这瘦损庞儿整理。对着那镜儿里容颜不认得，","元","无名氏","呆答孩转转猜疑。瘦腰围，宽尽罗衣，一日有两三次频将带缋儿移。觑了这淹尖病体，比东阳无异，不似俺害相思出落与外人知。只为多情忒俊雅，月下星前拖逗煞。掩映着牡丹花，潜潜等等，不见劣冤家。","chinese-poetry",""
"煞尾・悄悄吁，低低话，厮抽抒粘粘掐掐。终是女儿家不惯耍，庞儿不甚","元","无名氏","挣达。透轻纱，双乳似白牙。插入胸前紧紧拿，光油油腻滑。颤巍巍拿罢，至今犹自手儿麻。春夜深沉庭院幽，偷访吹箫鸾凤友。良月过南楼，昨宵许俺，今夜结绸缪。","chinese-poetry",""
"煞尾・你温柔，咱清秀，本是一对儿风流配偶。咫尺相逢说上手，紧推辞","元","无名氏","不肯成头。又不敢久迟留，只怕奶母追求。料想伊家不自由，空耽着闷忧。虚陪了消瘦，不承望刚做了个口儿休。","chinese-poetry",""
"后庭花煞・有精神有伎俩，诸余里忒四行。出格心肠俏，过人手段强。细","元","无名氏","思量，风流模样，少个的亲心爱画眉郎。赠妓淡扫蛾眉，粉容香腻，娇无力。绿鬓云垂，旖旎腰肢细。","chinese-poetry",""
"尾声・跳不出引魂灵的绮罗丛，迷子弟莺花队，费精神花朝月夕。醉舞狂","元","无名氏","歌供宴集，樽席上做小伏低，敛愁眉强整容仪。你便是法酒肥羊不甚美，子不如绩麻拈絮，随缘活计，那其间方是得便宜。","chinese-poetry",""
"赚尾・为他娇，因他俊，迤逗的俺行痴立盹。便得后冤家行频觑付，偷工","元","无名氏","夫短命行温存。是费了些精神，一夜欢娱正了本。他于咱意亲，俺于他心顺，不由人终日脚儿勤。芳菲过眼，向玉砌雕阑，翠落红翻。都来一段，新愁旧恨相烦。帘垂永日人乍别，门掩东风花又残。无语问春归，天上人间。","chinese-poetry",""
"六幺遍・恨归期晚，寻芳懒。倚遍阑干，盼煞雕鞍，佳音越悭，啼泪不干。","元","无名氏","生睚厌厌相思恨，愁烦，闷来独把绣床攀。","chinese-poetry",""
"感皇恩・呀！骨剌剌风透纱厨，吉丁当漏滴铜壶。薄设设被儿单，昏昏惨","元","无名氏","惨灯儿暗，瘦厌厌影儿孤。思伊受苦，偏俺负你何辜。从春去，因应举，恋皇都。","chinese-poetry",""
"采茶歌・他去了半年余，闪得我受孤独，罗帏寂寞故人无。寒雁来时音信","元","无名氏","杳，雁还归去亦无书。","chinese-poetry",""
"尾・知他是谁家月馆风亭宿？何处山村野店居？锦堂春翻做阳关路。多情","元","无名氏","弄玉，若见吹箫伴侣，慢慢的说俺从前受过的苦。嘲黑妓脸如百草霜，唇注松烟墨。眼横潭底水，牙染连金泥。乌玉如肌，眉不显春山翠，似葡萄好乳垂。若不是薄荷煎每日充饥，渎牙药逐朝漱洗。","chinese-poetry",""
"梁州・我子道克剌张回回姊妹，却原来是大洪山三圣姨姨。猛回头错认做","元","无名氏","砂锅底。只合去烧窑淘炭，漆碗熏杯。怎生去迎新送旧，卖笑求食。便是块黑砂糖有甚希奇，便是块试金石难辨高低。莫不寨儿中书下的灵符，莫不是房儿中描来的黑鬼，莫不是酒楼前贴下钟馗。这妮子幼年间充着壬癸，生长在乌衣国。靠定门帘不动衣，百般的辨不得容仪。","chinese-poetry",""
"尾・不索你分星擘两显名儿唤，路上行人口胜碑，这娘子骂得他都易。泪","元","无名氏","滴下些黑汁，脚踢起些炭气，吁得青铜镜儿黑。惜春春阴低画阁，梅瓣琼英落。晓光浮绿野，草色翠纱娇。莺语般挑，断送得风光好，隔墙声尤自巧。道游人莫惜千金，春色渐三分过了。","chinese-poetry",""
"梁州・海棠睡娇容似醉，柳风轻绿线如缫，轮蹄碾破青青草。酒家何处，","元","无名氏","沾旆招摇；画船无数，舞袖翩跹。风流杀凤管鸾箫，多情杀翠髻云翘。梨花院爱月眠迟，杏花楼惜花起早，桃花庄觅句相嘲。鬓角，二毛。晓来镜里都知道，忽忽地又过了年少。苦雨酸风昨夜恶，恐一片花飘。","chinese-poetry",""
"尾・绿阴繁渐渐春风老，玉壶暖迟迟夜月高，九十日光阴能有几日笑。朱","元","无名氏","帘下着，低垂绣幄，休放那搅春梦呢喃燕来了。夏景池塘睡锦鸳，楼阁飞双燕。红榴招戏蝶，绿柳噪新蝉。葵火阶前，竹笋侵墙串，泉流草径边。绿茸茸蓑展青毡，密匝匝苔铺翠藓。","chinese-poetry",""
"隔尾・一弯新月添诗卷，十里香风助酒筵。向晚归来小庭院，簟纹铺水渊。","元","无名氏","纱厨挂雾烟，一枕珊瑚梦魂远。春雪和风动草芽，暖日催花萼。桃腮生红脸，柳眼发青胞。卷地风号，扑面梨花落，抵多少彤云埋树梢。我则见千百片柳絮飞扬，恰便似万万队蛾儿乱搅。","chinese-poetry",""
"梁州第七・担阁了闺院女西园斗草，误了你也富贵郎南陌东郊。只见白茫","元","无名氏","茫迷却前村道。那里也游蜂采蕊，那里也紫燕寻巢，那里也莺声恰恰，那里也蝶翅飘飘。洒歌楼酒力微消，望江天万里琼瑶。恰便似银砌就枯木寒鸦，玉琢就冰枝冻雀，粉妆成野杏山桃。浅桥，填了。负薪樵子归岩峤，渔翁冷怎垂钓？古寺里山僧煮茗瀹，对景寂寥。","chinese-poetry",""
"梁州・演步虚轻敲檀板，炼华池净洗胭脂。入山林远闺阁和街市。不跨鹤","元","无名氏","超凡小小，不乘鸾得道师师。惯弃俗缠头红锦，惯出家买笑金赀。风流客普化相思，疏狂士稽首相辞。碧玉簪芙蓉冠新入个名流，青霞帔逍遥服新裁个样子，黄金钟蕊珠经另打个腔儿。念兹，在兹。心中猿意内马情无二，多财舍有缘施。谁种红莲火里枝，朵朵灵芝。","chinese-poetry",""
"尾・参礼透朝云暮雨情如纸，戒得断酒病花愁气似丝，修养出丰标更谁似？","元","无名氏","蓬莱山降赐，蟠桃会宴侍，再谪下个神仙度脱你。莺眠柳嵌金，蝶宿梨藏玉。草泥迷燕嘴，花蕊上蜂须。春雨如酥，妆点繁华富，寻芳上苑初。花圃内蝶戏蜂游，柳塘边莺啼燕语。","chinese-poetry",""
"梁州・花似锦满枝开放，草如烟遍野均铺。海棠娇滴胭脂露。王孙宝马，","元","无名氏","仕女香车。踏青南陌，载酒西湖。一弄儿景致非俗，三般儿巧笔堪图。草如烟翠锦笼纱，梨花月琼林捧玉，杨柳露绿线穿珠。自想！老夫。侬家鹦鹉洲边住，那的是快活外。钓得鱼来卧看书，酒满葫芦。","chinese-poetry",""
"尾・绿杨影里鸠啼妇，红杏枝头燕引雏，锦片也似园林无半答儿空闲外。","元","无名氏","似邵平杜甫，仆僮共蹇驴，游遍春光看不足。渔隐不沽朝野名，自守烟波分。斜风新箬笠，细雨旧丝纶。志访玄真，家与秦淮近，清时容钓隐。相看着绿水悠悠，回避了红尘滚滚。","chinese-poetry",""
"骂玉郎・一篝灯下ド佳酝，身趔趄，醉醺醺，高歌细和沧浪韵。全不受利","元","无名氏","名拘，那里将兴亡记？把什么荣枯问？。","chinese-poetry",""
"采茶歌・山妻也最甘贫，稚子也颇通文，无忧无虑度朝昏。但得年年生意","元","无名氏","好，武陵何用访秦人。","chinese-poetry",""
"尾・茫茫烟水无穷尽，泛泛萍踪少定根。为甚生平怕求进？想王侯大勋，","元","无名氏","博渔樵一哂，争似我一叶江湖钓船稳。香绵梨云梦渺漫，柳絮春零乱。轻盈怜鲁缟，皎洁胜齐纨。雾霭雕盘，韩寿衣沾爨，风流引俊潘。蜘蛛丝晓挂雕檐，胡蝶粉时飘谢馆。","chinese-poetry",""
"尾・揭鹅脂铺锦被鸳鸯交颈三千段，分茧套办妆奁翡翠笼欢一万端。遮莫","元","无名氏","黑雪乌风夜将半，将着这几般，床儿上垛满，用意温存正睡得暖。盼望难摘镜里花，怎捞江心月？空闻三足乌，不识两头蛇。四件情节，堪比虚疼热。听叮咛仔细说，谎恩情如炭火上消冰，虚疼热似滚汤中化雪。","chinese-poetry",""
"尾・晓行藏知起倒翻身跳出鸳鸯社，能进退识高低大步冲开狼虎穴。暗想","元","无名氏","人儿性薄劣，再休寄陷郎君的缄贴。赚孤老的话啜，则今番辞了莺花路儿也。春日即事草堂外岚光映日妍，粉墙边梅萼冲寒谢。小沼上绿波随雨涨，画阑前新柳受风斜。春意奇绝，老眼偏欢悦，闲情且打叠。散床头有限黄金，怕镜里无情白雪。","chinese-poetry",""
"梁州・裁漉酒笼头纱帻，制踏青可脚乌靴。与知音三五词林社。超群洒落，","元","无名氏","异众豪杰。厌谈名利，不尚娇奢。喜的是一村村径路曲折，爱的是一程程风景全别。买花钱滴溜溜杖上挑着，沽酒店闹炒炒桥边问也，载诗囊胀膨膨驴背上驮者。看了他这些，那些。翠屏锦帐参差列，寻疏篱，觅茅舍。随定狂蜂与浪蝶，任意跋涉。","chinese-poetry",""
"尾・醉依芳草须拚藉，笑对青山不忍的别。残角江楼正呜咽，却又早鸦归","元","无名氏","古堞。烟迷绿野，堪付与老手王维画图中写。棋黄金罢酒筹，彩笔停诗兴。青云盈座榻，红日满檐楹。闲展揪枰，初布势求全胜，后分途起战争。保无虞端可藏机，观有衅方堪入境。","chinese-poetry",""
"梁州・响铮铮交锋递子，密匝匝彼此排兵。王质斧烂腰间柄。机深脱骨，","元","无名氏","智浅逢征。坚牢正走，取败斜行。势将颓锐意侵陵，局已胜专保求生。两家持各指鸿沟，几番诈宵奔马陵，数重围夜遁平城。猛听，一声。盘中子落将军令，黑白满势才定。紧紧收拾未见赢，怎敢消停。","chinese-poetry",""
"尾声・壮如霸王来扛鼎，险似韩侯出井陉。悬权岂敢轻相应，切勿食饵兵，","元","无名氏","便休图小成。细看来孙武权谋，其实的细相等。道情公行天理明，私意人心暗。古书读未了，世事饱经谙。图什么贪婪，名利境多坑陷，羡青门瓜正甘。园林茂堪置幽居，山水秀真为胜览。","chinese-poetry",""
"梁州・流水绕一村桑柘，乱山围四壁烟岚。颠峰倒影澄波蘸。遥岑叠翠，","元","无名氏","远水揉蓝。鸢飞鹭落，鱼跃深潭。偃怡场水府山岩，安乐窝土洞石龛。景不嫌物少人稀，食不厌茶浑酒淡，家不离水北山南。有何，不堪？篮舆到水轻舟泛，稼穑外得时暂。闲饮渔樵酒半酣，阔论高谈。","chinese-poetry",""
"迎仙客・一个带玉钗，一个插犀梳，天然一双美艳姝。一个是晓莺啼，一","元","无名氏","个是雏凤语。一个生长在皇都，一个妾本钱塘住。","chinese-poetry",""
"红绣鞋・一个看白草风吹北固，一个赏红莲烟水西湖。眼落处逢场取欢娱，","元","无名氏","向南来乘著画舸。投北去载着香车，同居深院宇。","chinese-poetry",""
"耍孩儿・桃腮杏脸娇人物，五百年姻缘眷属。一个入时颜色动京师，一个","元","无名氏","繁华南国娇姝。一个道杜鹃声里奴宅舍，一个道朝马尘中妾祖居，彼各夸乡故。一个道玩日华五云楼观，一个道看潮鸣八月江湖。","chinese-poetry",""
"三煞・仙衣观剪裁绮罗，新制出一个绣援蓝衫子拖他绿。一个白罗帕兜映","元","无名氏","遮尘笠，一个乌云髻斜簪压鬓梳。一个赴筵会娇乘翠辇，一个随人情稳坐肩舆。","chinese-poetry",""
"二煞・一个要白熟饼烂煮羊，一个要炊香粳喇纂鱼，同茶同饭同樽俎。醉","元","无名氏","来时枕遍黄金串，情极处亲偎白玉肤，相怜处。到夏里洒扫净凉亭水阁，到冬来安排着暖阁红炉。","chinese-poetry",""
"一煞・一个休寻常看侍妾，一个莫等闲抛调奴，把凭似玉天仙手掌擎心肝","元","无名氏","般戏。一个演习那渐间言语呼郎婿，一个撇着些都下乡音唤丈夫，休相妒。你莫琴书上意懒，你休针线上清疏。","chinese-poetry",""
"尾・一般儿难主张，两下里自暗忖。五花诰使不得人情与，看那一个娇羞","元","无名氏","做得主。阅世自汉浮生，怎生来恁般薄命。从幼年间踢透聪明，折末作文章，通经史，诗词歌咏。今日长达刑名，颇谙知古今律令。","chinese-poetry",""
"满庭芳・屈指数班行后生，少甚么无才无德，无义无能。一跳身平步登台","元","无名氏","省，一个头角峥嵘。更做八字拙难和我命争，怎生二十年一事无成。我这里羞临镜，我呆心儿自惊，又早白发鬓边生。","chinese-poetry",""
"耍孩儿・叹荣枯得失皆前定，富贵由人生五行。花花草草煞曾经，不恋他","元","无名氏","薄利虚名。则不如盖三间茅舍埋头住，买数亩荒田亲自耕。或临溪崖，或是环山径。受用些竹篱茅舍，拜辞了月馆风亭。","chinese-poetry",""
"尾・说着做郎君脸上羞，千功名脑袋疼。丽春园子弟埋名姓，邯郸道先生","元","无名氏","这回省。思情花落春残，舞东风乱红飘散，黛眉颦宝鉴空闲。似这般苦相思，活地狱，几曾经惯。隔天涯何处雕鞍，望关河杳无鱼雁。","chinese-poetry",""
"迎仙客・淹泪眼，锁愁颜，青丝半堆云乱挽。我则道歇秋千，闲画板。不","元","无名氏","能够遗兴消烦，则落的一口儿长吁叹。","chinese-poetry",""
"红绣鞋・盼子盼佳期枉盼，难应难要见应难，信音悭端的是信音悭。骂子","元","无名氏","骂谁行骂，还子还几时还，捱子捱捱不得恹恹红日晚。","chinese-poetry",""
"耍孩儿・金针绣作皆疏懒，方胜同心倦挽。回纹织锦断肠诗，无青鸾寄不","元","无名氏","到云间。屏闲孔雀金翎断，衾剩鸳鸯翠羽寒。倚枕春魂散，梦中唤觉，万水千山。","chinese-poetry",""
"般涉调・耍孩儿拘刷行院","元","无名氏","昨朝有客来相访，是几个知音故友。道我数载不疏狂，特地来邀请闲游。自开宝匣抬乌帽，遂掇雕鞍辔紫骝。联辔儿相驰骤，人人济楚，个个风流。","chinese-poetry",""
"十三煞・穿长街蓦短衢，上歌台入酒楼。忙呼乐探差祗候：众人暇日邀官","元","无名氏","舍，与你几贯青蚨唤粉头。休辞生受，请个有声名旦色，迭标垛娇羞。","chinese-poetry",""
"尾・老卜儿藉不得板一地走，狠撅丁夹着锣则顾得走。也不是沿村串疃钻","元","无名氏","山兽，则是喑气吞声丧家狗。","chinese-poetry",""
"梧叶儿・问明月浑无语，唤梅花不肯应，长叹倚空庭。何处品青鸾管？谁","元","无名氏","家奏彩凤笙？都吹出断肠声，不管离人怕听。","chinese-poetry",""
"尾声・他忧时为我忧，我病时因他病。我为了他害杀了有甚么不相应。有","元","无名氏","一日再团圆，画堂春自生。紧紧的将他搂定，我将这满怀愁尽向他耳朵儿里倾。喜相逢并头花下友，天配偶两娇羞。一对儿冤家合欠，还今生谐老鸳俦。意相投似漆如胶，契相合万种绸缪。画堂前满斟香糯酒，喜孜孜共饮金瓯。则吃的天边明月转，楼上换更筹。","chinese-poetry",""
"梧叶儿・相思病何时退？睡魔神镇日侮，害的我忒荼毒。刁骚了双蓬鬓，","元","无名氏","扑簌的两泪珠，缑山岭恁崎岖，隔断了吹箫伴侣。","chinese-poetry",""
"浪来里煞・杜少陵秋兴诗，欧阳子秋声赋。都对不着我的题目，大都来一","元","无名氏","见他万事足。别无甚忧虑，成就了碧桃花下凤鸾雏。佳遇记当年宴青楼初见影，兜的就飞去了俏魂灵。只疑是玉天仙空中谪降，又猜做美嫦娥月里相迎。猛可里翠屏帏密转秋波，没揣的绿纱窗暗恼春情。感承他会佳期预先花下等，成就了片霎儿前程。也不让人间秦弄玉，天上许飞琼。","chinese-poetry",""
"梧叶儿・愁填满东洋海，闷弥高太华峰，愁和闷锁眉丛。这些时笔砚无心","元","无名氏","近，经史不待攻。我这里怨天公，几时得凄凉卷终。","chinese-poetry",""
"尾・越思量越惨凄，转伤悲转疼痛，几宵魂梦与伊同。往常时醉归来画堂","元","无名氏","红袖拥，到如今有谁人陪奉，都做了断肠词权写付云鸿。夜深沉画堂门半掩，正明月转雕檐。响珊珊竹声幽院，颤巍巍花影重檐。酒才醒幽思沉沉，漏初分凉夜厌厌。早秋天万般愁闷添，更凄凉风景相兼。旧愁深肺腑，新恨上眉尖。","chinese-poetry",""
"尾・须将酩酊酬佳致，乐意开怀庆喜。但愿岁岁赏元宵，则这的是人生落","元","无名氏","得的。绿柳凋残，黄花放彻。塞雁声悲，寒蛩韵切。旧恨千般，新愁万叠。正美满，忍间别。雨歇云收，花残月缺。","chinese-poetry",""
"尾・受凄惶甚识分明夜，把捱过的凄凉记者。来时节一句句向枕头儿上言，","元","无名氏","一星星向被窝儿里说。半世飘蓬，闲茶浪洒。十载追陪，狂朋怪友。倚翠偎红，眠花卧柳。怪胆儿聪，耍性儿柔。成会了心厮爱夫妻，情厮当配偶。","chinese-poetry",""
"尾・花阴柳影，霎时驰骤，急回首三旬左右。罢却爱月惜花心，闲着题诗","元","无名氏","画眉手。（媚）（媚）姿姿，淹淹润润。袅袅婷婷，风风韵韵。脸衬朝霞，指如嫩笋。一搦腰，六幅裙，万种妖娆，千般可人。","chinese-poetry",""
"尾・好姻缘休到别离恨，只恐怕两下里魂牵梦引。我罗衫衤肯儿宽，你唐","元","无名氏","裙带儿尽。雪艳霜姿，香肌玉软。杏脸红娇，桃腮粉浅。金凤斜簪，云鬟半偏。插玉梳，贴翠钿。舞态轻盈，歌喉宛转。","chinese-poetry",""
"小桃红・初出兰堂立樽前，似月里嫦娥现，一撮精神胜飞燕。正当年，柳","元","无名氏","眉星眼芙蓉面。绛衣缥缈，麝兰琼树，花里遇神仙。","chinese-poetry",""
"尾・狠毒娘间阻得难相见，统镘的姨夫恋缠。我为甚着探脚儿勤，只恐怕","元","无名氏","离别路儿远。雨意云情，十朝五朝。霜艳天姿，千娇万娇。凤髻浓梳，蛾眉淡扫。樱桃口，杨柳腰。玉笋纤纤，金莲小小。","chinese-poetry",""
"小桃红・倚阑无语忆多才，往事今何在，玉体厌厌为谁害，瘦形骸，今春","元","无名氏","更比前春赛。雕阑玉砌，绿窗朱户，深院锁苍苔。","chinese-poetry",""
"天净沙・也是咱运拙时乖，致令得雨杳云埋，侧脚里相知不该。胡喧乱讲，","元","无名氏","纸糊锹怎撅得倒阳台。","chinese-poetry",""
"尾・把一片偷香窃玉心宁耐，喑气吞声慢捱。怕甚风月闷愁乡，烟波是非","元","无名氏","妓好睡莫不是陈抟的姨姨，庄周的妹妹，宰予的家属，谢安的亲戚。华胥梦里姻缘，邯郸道上配偶。两件儿，试问你，可甚爱月迟眠，惜花早起。","chinese-poetry",""
"小桃红・莫不是离魂倩女醉杨妃，是个有觉的平康妓。难道娇娥不出气，","元","无名氏","懵憧的最怜伊。颠鸾倒凤先及第，直压的珊瑚枕低。黄金钏碎，平地一声雷。","chinese-poetry",""
"尾・对苍天曾说牙疼誓，直睡到红日三竿未起。若要战退睡魔王，差三千","元","无名氏","个追魂大力鬼。离恨送玉傅香，撩蜂拨蝎。病枕愁衾，寻毒觅螫。掷闷果的心劳，画颦眉的手拙。恨岳高，泪海竭。难凭信鹊验龟灵。无定准鱼封雁帖。","chinese-poetry",""
"小桃红・锦笺和泪寄离别，好事成抛撇。恨杀梅香性偏劣，闭喉舌，今翻","元","无名氏","瘦损罗裙褶。他把那游蜂儿蜜劫，粉蝶儿香卸，生撅的风月担儿折。","chinese-poetry",""
"雁儿落得胜令・朝廷德化宣，台察清风宪。都堂有政声，枢府无征战。四","元","无名氏","海永安然，诸邦尽朝献。武将每黄阁麒麟上，宰相每青霄日月边。仰洪福齐天，无东面征西夷怨。君贤臣贤，庆吾皇泰定年。","chinese-poetry",""
"鸳鸯煞・万万载户口增田畴辟民归善，民归善省刑罚薄税敛差徭免差徭免，","元","无名氏","日月同明，日月同明嵩岳齐肩。唱道、唱道虎据中原，虎据中原龙飞九天，龙飞九天雨顺风调合天意随人愿。随人愿照百二山川，照百二山川一点金星瑞云里现。闲争夺鼎沸了丽春园，欠排场不堪久恋。时间相敬爱，端的怎团圆？白没事教人笑惹人怨。","chinese-poetry",""
"尾・料应也不得为姻眷，有了神前咒怨。为甚脚儿稀，尺紧得阳台路儿远。","元","无名氏","搅闲风吹散楚台云，天对付满怀愁闷。您那里欢娱嫌夜短，俺寂寞恨长更。恰似线断风筝，绝鱼雁杳音信。","chinese-poetry",""
"驻马听・黄诏奢豪，桑木剑熬乏古定刀；双郎穷薄，纸糊锹掘了点钢锹。","元","无名氏","怕不待争锋取债恋多娇，又索书名画字寻人保。枉徒劳，供钱买笑教人笑。","chinese-poetry",""
"离亭宴带歇指煞・佳人有意郎君俏，郎君没钞莺花恼。如今等惜花人弄巧，","元","无名氏","止不过美话儿排，虚科儿套，实心儿少。想着月下情，星前约，是则是花木瓜儿看好。李亚仙负心疾，郑元和下番早。暮春天气正愁人，对东风乱红成阵。愁白昼，恨黄昏。旧恨新愁，都在这时分。","chinese-poetry",""
"离亭宴煞・直吃到落花风散笙歌住，朦胧月转西楼去。舒翡翠被儿中眠，","元","无名氏","鸳鸯帐儿里宿。思情碧梧天静暮云收，入罗衣晚风凉透。屏开闲孔雀，帘簌控金钩。懒上危楼，书慵寄雁来候。","chinese-poetry",""
"驻马听・鬼病淹留，白发相如岂耐愁。泪痕依旧，青衫司马不禁秋。锦橙","元","无名氏","香绽露金柔，丹枫叶落霜红皱。俺倦凝眸，别离咫尺重阳又。","chinese-poetry",""
"得胜令・呀，思量来端的没来由，和您娘无事做敌头。不是这掷果的潘安","元","无名氏","俏，都则为当垆的卓氏羞。休忧，有日还成就；娇柔，忽的心上有。","chinese-poetry",""
"驻马听・蝶亻愁蜂亻孱，芳草天涯春事晚。莺慷燕懒，杏花帘幕雨声寒。","元","无名氏","秦楼寂寞玉箫闲，楚台容易朝云散。乍离别经这番，恁般懊恼谁曾惯。","chinese-poetry",""
"得胜令・自从那花底唱《阳关》，柳下送征鞍，经了些夜月孤帏静，望不","元","无名氏","见天涯一雁还。看看，业眼儿熬清旦；潸潸，泪珠儿落夜阑。","chinese-poetry",""
"折桂令・望蓝桥远似三山，烟水迷茫，道路艰难。瓶坠簪折，风酸月苦，","元","无名氏","雨涩支悭。长搀搀连理树柔条尽铲，碜可可比目鱼活水将干。他性格奸顽，不寄平安。章台柳恣意留连，蟾宫桂未许跻攀。","chinese-poetry",""
"尾声・两三番个嫁字儿看看道道，来到口角头连忙咽了。今世里离散买休","元","无名氏","多，欢娱的到头少。纵有阳台无故人，空闲了雨雨云云。彩凤空闲，玉箫声尽，风月数载绝伦。","chinese-poetry",""
"尾声・求知人意相随顺，简帖儿须当再本。口儿里不抢白，心儿里便是肯。忆所见","元","无名氏","缺月风帘碎影筛，碧纱厨酒乍醒来。雾鬓支鬟，柳腰花面，多情恁时安在。","chinese-poetry",""
"离亭宴煞・楚阳台步步荆榛隘，担阁下两厢情色。相思卷何年结束，糊突","元","无名氏","谜甚日明白。传示你权宁耐，切莫把鲰生见责。是送暖的意儿虚，非偷香的性儿歹。","chinese-poetry",""
"离亭宴煞・锦笺空写多情句，枉可惜口谈珠玉。假做苏卿伴侣，被冯魁已","元","无名氏","早图谋。使尽心，才得悟，则不如将取孛兰便数。咱看上脸儿甜，止不过钞儿苦。楚阳台远暮云遮，烟水恨连叠。沈郎多病腰肢怯，喜相逢可惯离别。悄悄鸳帏惭冷，薄怯怯绣衾空设。","chinese-poetry",""
"离亭宴煞・难睚漏水如年夜，正值着暮秋时节。坐不稳自敝自焦，睡不着","元","无名氏","不宁不帖。寒雁哀，寒蛩切，忽聚散阶前落叶。却是那透户一帘风，穿窗半弯月。夜阑深院暮寒加，愁听漏声多。银台画烛烧残蜡，伴离人心绪杂咱。有分红愁绿惨，无心赏白洒黄花。","chinese-poetry",""
"沉醉东风・全不想对月拈香剪发，指神誓奠酒浇茶。信口开，连心耍，向","元","无名氏","娼门买行踏。但有半句儿真诚敬重咱，无样般相思报答。","chinese-poetry",""
"离亭宴煞・早是可曾经心绪愁牵挂，又逢暮秋潇洒。恰不听寒蛩唧唧，又","元","无名氏","听的寒雁哑哑。傍枕衾，临床榻，暂合眼一时半霎。又听的疏雨洒窗纱，西风弄檐马。离情万金良夜霎时欢，犹恨不松宽。停延初试春风面，便安排病沈愁潘。从寄巧歌《金缕》，娇羞半掩霜纨。","chinese-poetry",""
"离亭宴煞・后期远约今秋判，那其间甚娘情款。受儿度枕冷衾寒，捱几宵","元","无名氏","月苦风酸。酒满斟，他亲劝，先摘得都无少半。本待一饮不留残，到被别离泪添满。","chinese-poetry",""
"雁儿落北・不觉的梧桐月转过西银台上，昏惨惨灯将灭。怎禁他纱窗外铁","元","无名氏","马儿敲，这些时一团娇香肌瘦怯。","chinese-poetry",""
"沉醉东风南・一团娇香肌瘦怯，半含羞翠钿轻帖。微笑对人悄说：休负了","元","无名氏","今宵月。等闲间将海棠偷折，山盟共设：不许暂时少撇，若有个负心的教他随灯儿便灭。","chinese-poetry",""
"得胜令北・呀，若有一个负心的教他随灯灭，惨可可山盟海誓对谁说。海","元","无名氏","神庙现放着勾魂帖，那神灵仔细写。你休要心斜，非是掩难割舍；你休要痴呆，殷勤将春心漏泄。","chinese-poetry",""
"南吕・一枝花四景春","元","无名氏","衮香绵柳絮飞，飘白雪梨花淡。怨东风墙杏色，醉晓日海堂酣。景物偏堪，车马人游览，赏清明三月三。绿苔撒点点青钱，碧草铺茸茸翠毯。","chinese-poetry",""
"梁州・流水泛江汀暖浪，轻云锁山市睛岚。恐无多光景疾相探。雕鞍玉辔，","元","无名氏","纱帽罗衫。珍羞满卓，玉液盈坛。歌姬舞妓那堪，诗朋酒侣相谈。生存花屋平昙，兴足竹林阮咸，醉居相府曹参。放开，酒胆。恨狂风尽把花摇憾，叹阳和又虚赚。拚了陶陶饮兴酣，于理相干。","chinese-poetry",""
"尾・紫霜毫入砚深深蘸，吟几首莺花诗满函，一望红稀绿暗。正游入不甘，","元","无名氏","奈顽童执骖，不由咱卷把骄骏辔头儿揽。夏蔷薇满院香，菡萏双池锦。海榴浓喷火，萱草淡堆金。暑气难禁，天地炎蒸甚，闲行近绿阴。清风台榭开怀，傍流水亭轩赏心。","chinese-poetry",""
"尾・倾残竹叶千尊，摘尽枇杷一树金。深喜娇娥见咱恁，向沙厨用心。安","元","无名氏","排下簟枕，专等归来醉时寝。秋金凤凋杨柳衰，玉露养芙蓉艳。竹轻摇苍凤尾，松密长老龙鳞。残暑都潜，爽气被楼台占，称情怀景色添。火龙鳞红叶萧萧，金兽眼黄花苒苒。","chinese-poetry",""
"梁州・南浦晓云飞画栎，西山暮雨洒珠帘。小糟酒摘珍珠酽。银盘馔满，","元","无名氏","生鼎香粘。黄橙味美，紫蟹肥甜。趁苍空天似白亻兼，玩清光月拥银蟾。不学那愁脉脉呆汉江淹，则学兴悠悠诗仙子瞻，陶陶醉客陶潜。意忻金樽到手谁曾厌，我待把醉乡占。不管衣襟被酒淹，无事拘钳。","chinese-poetry",""
"尾・赏心事休教欠，饮兴吟怀似妻添。醉倒尊前，任君潜扌弃。指点、便","元","无名氏","嫌，胜似你红尘路上险。冬青山失翠微，白玉无瑕玷。梨花和雨舞，柳絮带风ㄎ。泼粉堆盐，祥瑞天无欠，丰年气象添。乱飘湿僧舍茶烟，密洒透歌楼酒帘。","chinese-poetry",""
"梁州・金盏内羊羔满泛，红炉兽炭频添。兰堂画角多妆点。锦茵绣榻，翠","元","无名氏","幕毡帘。鸾箫谩品，颦鼓轻敲。唱仙音余韵淹淹，捧牙版玉指纤纤。绮筵间盏到休推，宝鸭内香残再拈，玉壶中酒尽重添。况兼、兴タ。金波潋滟霞光闪，接入手不辞厌。为爱琼瑶尽意瞻，赏玩休嫌。","chinese-poetry",""
"梁州・昨日闹垓垓兵临孟水，今日冷清清草满章华。叹兴亡世事如嚼蜡。","元","无名氏","则不如ド半缸绿蚁，啜一盏清茶。感时怀苦，对景嗟呀。水穿云碧玉流霞，山叠翠青锦蒙纱。黄菊绽猛兽睁睛，红叶落火龙退甲。苍松盘怪蟒张牙。景幽，静雅。一轮皓月林梢挂，醉后将骞驴跨。稚子山妻引到家，煞强如大纛高牙。","chinese-poetry",""
"尾・南山射虎弓藏，北海诛龙剑隐匣。两字功名不牵挂，书房中卧咱。松","元","无名氏","阴下坐咱，无是无非快活煞。","chinese-poetry",""
"小桃红・伯苏东云燕西飞，一点芳心醉。鱼雁无凭怎寻觅，信音稀。牙床","元","无名氏","冷落了鸳鸯被，减尽了千娇百媚。害的人一丝两气，方信道最苦是别离。","chinese-poetry",""
"尾声・别离苦恨从头记，有一日捱出凄凉日期。则俺那薄幸短命若回程，","元","无名氏","我将这一件件一桩桩诉与你。小令。","chinese-poetry",""
"尾・金钗钿盒重新整，翠被香温叙旧情，鲛绡带绾重再整。四时思慕","元","无名氏","柳径花溪，梅梢褪粉丽日迟，桃杏芬芳蜂媒蝶使。树拖烟笼绿柳，柳花绵片片飞。为咱思念伊，恐怕春又归。","chinese-poetry",""
"幺篇・彤云布，朔风起，遍长空柳花飘棉。几朵早梅开放蕊，销金帐共谁","元","无名氏","两个欢宴？独自个守炉边。想杀人也天，盼杀人也天，短命冤家，音稀信杳，莫不误约盟言。","chinese-poetry",""
"桃花女破法嫁周公・赚煞","元","王晔","直等到月转矮墙西，人约黄昏后。摆祭物浇茶奠酒，只待那七位星官来领受。伯伯也早唬的你颤笃波魂魄悠悠，那其间你可便休落了芒头，要记的语句儿滑熟，(彭大云)那星官是甚么形相？我可害怕，怎生告他来？(正旦唱)忍着怕担着惊告北斗，比似你做阴司下鬼囚，争似得他这天堂上阳寿，(带云)伯伯，则今夜且和俺父亲吃一个烂醉者，(唱)管着你笑吟吟同做醉乡侯。(下)。","chinese-poetry",""
"桃花女破法嫁周公・正宫/端正好","元","王晔","则为这镜儿昏，我可也难梳裹，就东庄头巧匠明磨。去时节大斋时，急回来可早日头儿末，不知俺家中有甚的人焦聒。","chinese-poetry",""
"桃花女破法嫁周公・滚绣球","元","王晔","我头直上发似揪，耳轮边热似火。我行行里袖传一课，急慌忙把脚步儿频挪。我这里穿人道桑拓林，穿小径荆棘科。(带云)早来到门首也。(唱)则见乱交加不知是那个，则听的沸滚滚热闹镬铎。(任二公云)彭大公，你使这等见识，我拼的和你做一场。(正旦唱)俺父亲揎拳捋袖因何事？(彭大云)你要打我么？由你打，由你打，只要许了这亲事便罢。(正旦云)原来是彭大公。(唱)他这般唱叫扬疾，不徕，便可也为甚么？(彭大做见正旦科，云)好、好、好！女孩儿来了也。我有说话，要和你讲哩。(正旦唱)有甚的好话评跋？。","chinese-poetry",""
"桃花女破法嫁周公・叨叨令","元","王晔","你道是石哥哥我不合救了他亡身祸，因此上被周公家知道我这赔钱货。我则道多是你这撮合山要赚松纹锞，那里管赤绳儿曾把姻缘缚？兀的不气杀人也波哥，兀的不气杀人也波哥。(带云)彭大公，你好歹也！(唱)我则问你个彭大公怎么的也这等迎风箕欠。","chinese-poetry",""
"桃花女破法嫁周公・煞尾","元","王晔","则怕我到家来有危有难如何躲，我劝你所作依公莫太过。投至得到我根前问个定夺，讨个提掇，决个死活。哎！周公徕，你便有灵验的阴阳，敢可也近不的我。(下)。","chinese-poetry",""
"桃花女破法嫁周公・迎仙客","元","王晔","他道是日游神为祸祟，我桃花女受灾危，怎知有千只眼先驱能辟鬼？(媒婆做扶出门科)(正旦唱)我行出宅门前，离得这闺阁里。我呵若不是妆束巍巍，险些儿被金神打的天灵碎。","chinese-poetry",""
"桃花女破法嫁周公・幺篇","元","王晔","我着这草喂了羊，谷喂了鸡。(带云)这铜钱呵，(唱)着小孩儿每，吵吵闹闹斗争相戏。趁哄里，向堂前，将身平立。哎！周公也可早则颓气了你那巽离坤兑。","chinese-poetry",""
"桃花女破法嫁周公・普天乐","元","王晔","我这里说真实，言端的今日是犯着丧门吊客。我早把弓箭忙射，弓拽开似明月弯，箭发去似流星坠。(石留住云)关上门者，等我射箭。一箭，两箭，三箭。(正旦唱)我这里笑吟吟挪身来宅内，周公也可不教我直挺挺板死在门闱？羞杀你晓三才的孔明，知六壬的鬼谷，画八卦的伏羲。","chinese-poetry",""
"桃花女破法嫁周公・尾煞","元","王晔","算人间死与生，较阴阳高共低。再休提天文地理星家历，周公也你在我桃花女根前如何过去得。(下)。","chinese-poetry",""
"桃花女破法嫁周公・雁儿落","元","王晔","我这里困腾腾睡正浓，则听的闹嚷嚷声惊动。还不够半竿日影斜，早唤醒一枕游仙梦。","chinese-poetry",""
"桃花女破法嫁周公・得胜令","元","王晔","呀，笑杀那注《易》的老周公，枉了也砍折这小桃红。他道是推休咎凭他用，怎如我转阴阳妙不穷。他道是英雄，要把我残生送。我如今从也波容，也等他一家儿似梦中。","chinese-poetry",""
"桃花女破法嫁周公・鸳鸯煞尾","元","王晔","从今后再休提一求一肯机谋中，越显你千占千验声名重。也不索家贮神龟，户纳钱龙。畅道术似君平，财如邓通，赢得个车马填门四远里人传颂。你知我为甚的所事儿玲珑？则我这桃花元是那上天的种。","chinese-poetry",""
"尾声・若道是成就了洞房中惜玉怜香愿，媒合了翠馆内清风皓月筵，六片","元","萨都剌","儿香皮做烟眷。茶コ架边，蔷薇洞前，管教你到底团圆不离了半步儿远。","chinese-poetry",""
"赵匡义智娶符金锭・赚煞尾","元","无名氏","不承望有今朝，到着我愁无计，又怕俺双亲得知，忙步金莲趁早回，休忘厂蝶使蜂媒。(赵匡义云)小娘子，我便着官媒来议亲也呵。(正旦唱)便休要忒延迟误了佳期，准备兰堂宴罢归。(家童冲上，云)姐姐，相公有请。(梅香云)叫我们哩。我去来。(正旦唱)你休要喧喧闹起，再无个商议。(云)二舍，你休怪，我去也。(唱)抵多少青楼歌罢宴酣回。(同梅香家童下)。","chinese-poetry",""
"赵匡义智娶符金锭・南吕/一枝花","元","无名氏","俺须是官员仕宦家，又不是黎庶闾阎客。俺兄弟养成彪虎志，久以后必有胆天才。好着我心下疑猜，恨不的两步为一蓦，急煎煎不放怀。俺兄弟困恹恹病在膏肓，猛可里便苦腾腾石沉大海。","chinese-poetry",""
"赵匡义智娶符金锭・梁州","元","无名氏","自从俺已有了徐卿二子，怕甚么令巍峨王氏三槐。俺门户中未有三千客，出来的谈天论地，胸卷江淮。不离了龙韬虎略，弓箭旗牌。展胸襟个个英才，论机谋转转安排。大兄弟虎狼丛惹事招非，刀剑洞大宽地窄，死生巢一迷里裁排。威哉？壮哉？博一个腰金衣紫官三代。暗地里自分解，不知是暑湿风寒天降来，不见个明白。","chinese-poetry",""
"赵匡义智娶符金锭・隔尾","元","无名氏","他莫不是功名不遂心无奈？(赵弘殷云)不是。(正旦唱)他莫不是思念哥哥不下怀？(赵弘殷云)不是。(正旦唱)莫不是少欠人钱使人怪？(赵弘殷云)不是。孩儿，你都猜不着。(正旦唱)这谜儿怎猜。我实难布摆。天那，莫不他斗打相争受了些外人的歹？。","chinese-poetry",""
"赵匡义智娶符金锭・骂玉郎","元","无名氏","我这里听言道罢添惊怪，有甚么难分诉你与我诉个明白。你莫不在章台走马垂杨陌？(赵匡义云)姐姐，我这病则为前日赏春去，遇着个女子，以此上得了这个病证也。(正旦唱)您将那心上愁，腹内思，悦与我方何碍。","chinese-poetry",""
"赵匡义智娶符金锭・感皇恩","元","无名氏","呀，便着你鱼水和谐，你也可稳放宽怀。我如今遣官媒，亲问候，便有个好音来。(赵匡义云)姐姐，你不知韩松那厮，倚逞权豪，他要强娶他哩。(正旦云)不妨事。(唱)遮莫他官居一品，怕甚么日转千街，凭着俺人力勇，弟兄多，便着他有非灾。","chinese-poetry",""
"赵匡义智娶符金锭・采茶歌","元","无名氏","父亲你走将来快安排，今日个洛阳花酒一时来。(赵匡义云)姐姐，那韩松若知道呵，必然与俺争竞也。(正旦云)不怕他。(唱)统领军卒驱士马，我着他闻咱名姓命先衰。","chinese-poetry",""
"赵匡义智娶符金锭・煞","元","无名氏","心中愁闷当时解，参透韩松大会垓。兄弟你今朝且耽待。我忙回住宅，自有个计划。便着你花烛筵开会宾客。(下)。","chinese-poetry",""
"赵匡义智娶符金锭・迎仙客","元","无名氏","父亲你听拜禀，诉衷肠，这亲礼两家儿两家儿可便那下里强？(王朴云)小姐，你则心顺的便成也。(正旦唱)我若是肯依随，休要讲，主张在尊堂。(夫人云)你休要这般说，我自有个主意也。(正旦唱)母亲你便有主张休谦让。","chinese-poetry",""
"赵匡义智娶符金锭・红绣鞋","元","无名氏","狠媒证人前闲强，你着我嫁韩松罗锦千箱，我则待布袄荆钗守寒窗。(媒婆云)他家那饮馔也用不了。(正旦唱)便做道珍羞百味，干使碎你那好心肠。(媒婆云)你可嫁也不嫁？(正旦唱)劝你这强媒人休再往。","chinese-poetry",""
"赵匡义智娶符金锭・幺篇","元","无名氏","他那里慢慢的来，我这里暗暗的慌。羞的我不敢抬头，连忙遮面，无处潜藏。(梅香云)绣球儿在这里，丢下去罢。(正旦唱)一见了绣球儿，心中悒怏，我着他霎时间共同鸳帐。","chinese-poetry",""
"赵匡义智娶符金锭・般涉调耍孩儿","元","无名氏","我这里可咛觑了他模样，办着片志诚心便央。我则见军民士户在楼前，唬的我不敢名扬。(梅香云)姐姐丢下去罢。(正旦唱)我待要时间抛掷心中惧，又则怕错了教他向那厢。(梅香云)姐姐，你则望着我这赵姐夫抛了罢。(正旦唱)你也有心偏向，我将这绣球儿抛下。准备着齐整的陪房。(正旦云)我望着这赵匡义身上丢下去。(做抛下绣球科，赵匡义做接了科，韩松做夺了绣球科，云)是我的，你将的那里去？两个兄弟，俺得了绣球儿也，俺回家去来。(同胡缠歪缠下)(郑恩云)这厮好无礼也。是你的绣球儿，他夺的去了，更待干罢。俺打这厮去来。(符彦卿云)赵匡义，你休赶他去，我见绣球儿已是你的，你明日拣好日辰来娶，休要致怨。小姐，你下楼来，先回去罢。(正旦同做下楼科，云做见科，下)(唱)。","chinese-poetry",""
"赵匡义智娶符金锭・煞尾","元","无名氏","到今日趁了心，绣球儿有忖量，至来朝约定同鸳帐，成就了一世儿夫妻慢慢的赏。(同梅香下)。","chinese-poetry",""
"赵匡义智娶符金锭・雁儿落","元","无名氏","情理这韩松使燥暴、脑背后都来到。俺这里郑恩暗暗的藏，他那里不在声高高的闹。(赵弘殷云)他临后怎么去了来？(正旦唱)。","chinese-poetry",""
"赵匡义智娶符金锭・得胜令","元","无名氏","呀，打的是无处乱奔逃，那其间怒气怎生消。才得今朝定，则他这将军个个劳。(符彦卿云)既亏了郑恩，俺慢慢的谢他也。(正旦唱)父亲你量度，便把他恩临报。郑恩你休焦，今日个婚姻已定了。","chinese-poetry",""
"中吕・红绣鞋题小山苏堤渔唱","元","冯子振","东里先生酒兴，南州高士文声，玉龙嘶断彩鸾鸣。水空秋月冷，山小暮天青，苏公堤上景。","chinese-poetry",""
"尾・意无聊，愁无限，花落也莺慵燕懒。两地相思会面难，上危楼凭暖雕","元","高安道","畅心烦，盼杀人也秋水春山！几时看宝髻蓬松云乱绾？怕的是樽空酒阑，月斜人散，背银灯偷把泪珠弹。","chinese-poetry",""
"般涉调・哨遍嗓淡行院","元","高安道","暖日和风清昼，茶馀饭饱斋时候。自汉抱官囚，被名缰牵挽无休。寻故友，出来的衣冠济楚，像儿端严，一个个特清秀，都向门前等候。待去歌楼作乐，散闷消愁。倦游柳陌恋烟花，且向棚阑玩俳优。赏一会妙舞清歌，瞅一会皓齿明眸，躲一会闲茶浪酒。","chinese-poetry",""
"耍孩儿・诧跋的单脚实村纣，呼喝的扌且扌来每叫吼。瞅粘的绿老更昏花，","元","高安道","把棚的莽壮真牛。吹笛的把瑟歪着尖嘴，擂鼓的撅丁瘤着左手，撩打的腔腔嗽。靠棚头的先虾着脊背，卖薄荷的自肿了咽喉。","chinese-poetry",""
"七煞・坐排场众女流，乐床上似兽头，栾睃来报是些十分丑。一个个青布","元","高安道","裙紧紧的兜着奄老，皂纱片深深的裹着额楼。棚上下把郎君溜，喝破子把腔儿莽诞，打讹的将纳老胡风彡。","chinese-poetry",""
"尾・梁园中可惯经，桑园里串的熟。似兀的武光头、刘色长、曹娥秀，则","元","高安道","索赶科地沿村转疃走。皮匠说谎十载寒窗诚意，书生皆想登科记。奈时运未亨通，混尘嚣日日衔杯，厮伴着青云益友。谈笔忘机，出语无俗气。偶题起老成靴脚，人人道好，个个称奇。若要做四缝磕瓜头，除是南街小王皮。快做能裁，着脚中穿，在城第一。","chinese-poetry",""
"七煞・探头休蹴尖，衬薄怕汗湿。减刮的休显刀痕迹，剜裁的脸戏儿微分","元","高安道","间短，拢揎得腮帮儿省可里肥。要着脚随人意，休教脑窄，莫得趺低。","chinese-poetry",""
"邯郸道省悟黄粱梦・一半儿","元","马致远","如今人宜假不宜真，则敬衣衫不敬人。题起修行耳怕闻，直恁的没精神，一半儿应承一半儿盹。","chinese-poetry",""
"邯郸道省悟黄粱梦・赚煞","元","马致远","羽衣轻，霓旌迅，有十二金童接引。万里天风归路稳，向蓬莱顶上朝真。笑欣欣。袖拂白云，宴罢瑶池酒半醺。争奈你个唐吕岩性蠢，偏不肯受汉钟离教训，又则索跨苍鸾飞上九天门。(下)(洞宾梦上，云)兀那王婆，那先生去了也。(王婆云)去久了。(洞宾云)饭熟也未？(王婆云)还饶一把火儿。(洞宾云)王婆，我也等不的你那饭了，误了我程途。我上的蹇驴，便索长行去也。(下)(王婆云)吕岩去了也。他那里知道我非凡人，乃骊山老母一化。上仙法旨，着吕岩看破了酒色财气，人我是非，那其间才得返本朝元，重回正道。(诗云)汉钟离点化玄机，度吕岩省悟心回。待此人功成行满，同共赴阆苑瑶池。(下)。","chinese-poetry",""
"邯郸道省悟黄粱梦・幺篇","元","马致远","满饮阳关酒一杯。(洞宾做吐科，云)您孩儿吃不得了，心中有些不好，吐了两口血。这酒元来伤人。您孩儿再也不吃这酒了。(高太尉云)既是伤着你心，再也休吃这酒罢。(洞宾云)父亲放心，您孩儿不吃了，辞别父亲，便索长行。(高太尉云)你休忘了我的言语，着心记者。(唱)则要你在意扶持唐社稷，嘱付了又重题。但愿的功成破敌，早唱凯歌回。(下)。","chinese-poetry",""
"邯郸道省悟黄粱梦・随调煞","元","马致远","好教我回去艰难，谁似你步行的快。望不见。走上望高台，空目断一天残照霭。不知俺哥哥安在？(做叫科云)哥哥！(洞宾远应科)(正末唱)看时节隔疏林风送过哭声来。(下)。","chinese-poetry",""
"邯郸道省悟黄粱梦・玉翼蝉煞","元","马致远","那先生自舞自歌，吃的是仙酒仙桃，住的是草舍茅庵，强如龙楼凤阁。白云不扫，苍松自老；青山围绕，淡烟笼罩。黄精自饱，灵丹自烧。崎岖峪道，凹答岩壑；门无绰楔，洞无销钥；香焚石桌，笛吹古调；云黯黯，水迢迢，风凛凛，雪飘飘，柴门静，竹篱牢。过了那峻岭尖峰，曲涧寒泉，长林茂草，便望见那幽雅仙庄，这些是道。(带云)君子，你休迷了正道。你听者，(唱)你可也休错去了。(下)(洞宾云)孩儿也，你才听的那哥哥说来，兀那山崦里有一家人家，吃的也有，穿的也有，宿处也有。咱直到那里觅一宵宿去来。(同下)。","chinese-poetry",""
"邯郸道省悟黄粱梦・滚绣球","元","马致远","你那罪过，怎过活，做的来实难结末，自揽下千丈风波。谁教你向界河，受财货，将咱大军折挫？似这等不义财贪得如何，道不的""殷勤过日灾须少，侥幸成家祸必多""，枉了张罗。(洞宾云)不好了，我不问那里逃命去来。(正末仗剑赶洞宾。躲科)(正末唱)。","chinese-poetry",""
"邯郸道省悟黄粱梦・煞尾","元","马致远","你正果正是修行果，你灾咎皆因我度脱。早则绝忧愁、没恼聒，行处行，坐处坐，闲处闲，陀处陀。屈着指，自数过，真神仙，是七座，添伊家，总八个。道与哥哥，非是风魔，这个爱吃酒的钟离便是我。","chinese-poetry",""
"越调・凭阑人题曹云西翁赠妓小画","元","邵亨贞","谁写江南一段秋，妆点钱塘苏小楼？楼中多少愁！楚山无断头。","chinese-poetry",""
"焦尾辞","元末明初","杨维桢","焦尾器犹在，焦尾音无遗。眷兹古人器，縆以今人丝。纤手弄掩抑，类作箜篌悲。赤城有佳士，今人古人师。独作古先操，颀然如见之。饮以化人酒，此味从谁知。","Werneror",""
"拟古十首 卖花声 拟顺庵 其五 早朝应制","元末明初","邵亨贞","烟树重重，春在景阳宫殿。翠柳深、笼寒尚浅。千官过处，有黄鹂百啭。五云中、渐移龙扇。钧天九奏，迤逦霞觞催献。笑声喧、霓裳舞遍。香烟满袖，更宫花迎面。喜新来、太平重见。","Werneror",""
"追和赵文敏公旧作十首 感皇恩 其三 忆梅","元末明初","邵亨贞","客里访南枝，几番愁恼。石径苍苔倩谁扫。江畔人家，篱外一枝开早。雪中回首处，春犹好。如此清香，寒蜂应饱。醉帽斜簪任欹倒。而今相见，那似向时怀抱。旧游长入梦，孤山道。","Werneror",""
"张文学席上咏灯镜尘尾 其一","元末明初","徐贲","曲屏启云母，华灯绘洛神。带新看剪绮，花明识镂银。光淡楹间月，烟融阁里春。红荧照多处，怜有按歌人。","Werneror",""
"张文学席上咏灯镜尘尾 其二","元末明初","徐贲","质镕藉金冶，托影待珠铅。藏将绣囊护，临向玉台悬。全明物自照，半掩体仍圆。应当频摩拂，谁得避媸妍。","Werneror",""
"张文学席上咏灯镜尘尾 其三","元末明初","徐贲","山䴥谁?尾，缤纷缦长缨。微拂尘应却，频挥风屡生。野性知慕洁，素手喜便轻。相将恒在握，逢人幸资评。","Werneror",""
"满庭芳　 咏荷花","元末明初","刘基","杨柳烟销，梨花云散，瑶台别是风光。翠霞深处，谁舞白霓裳？三十六宫向晓，凤绡拥、红粉成行。珠帘外，风翻瑞葆，惊起紫鸳鸯。含情，空怅望，衾寒鄂渚，佩冷潇湘。怨凌波尘袜，不度银潢。只恐青娥娇妒，相将见、苇白芹黄。凄凉也，一天坠露，明月在池塘。","Werneror",""
"满庭芳　 二月十一日寿石末公","元末明初","刘基","岳气钟嵩，星精降昴，五云光映麟书。绿明红媚，风暖日长初？金翿斜开洞府，群仙拥、翠佩琼裾。收拾尽，乾坤清淑，为瑞在扶舆。文韬，兼武略，南阳诸葛，东海穰苴。有貔虎龙蛇，深护储胥。制胜不妨谈笑，莺声里、旗影徐徐。行看取，非熊应兆，沙路辗高车。","Werneror",""
"满庭芳　 重九","元末明初","刘基","雨歇凉生，天高气爽，又是一岁重阳。雁声来处，云白草茫茫？黄菊知人无酒，也不惜、椷死幽芳。龙山上，西风暝霭，落日下牛羊。登楼，何限兴，一齐分付，络纬寒螀。把古今闲事，莫更思量。坐到银河案户，城角尽、月转空墙。凝眸久，惊乌蜚起，零露湿衣裳。","Werneror",""
"满庭芳　 清明","元末明初","刘基","积雨沉春，昏烟酣昼，不知还又清明。榆钱柳絮，飞逐斗轻盈？芳径莓苔渐满，青蘋与、白芷俱生。疏篱畔，海棠间竹，有个鹁鸠鸣。宽心，应是酒，酒冲愁阵，彊似奇兵。爱星星白发，知我生平。底用登楼看镜，误身世、只是虚名。空凝伫，落花如雪，云雾琐高城。","Werneror",""
"张文学席上咏灯镜尘尾","元末明初","徐贲","曲屏启云母，华灯绘洛神。带新看剪绮，花明识镂银。光淡楹间月，烟融阁里春。红荧照多处，怜有按歌人。质镕藉金冶，托影待珠铅。藏将绣囊护，临向玉台悬。全明物自照，半掩体仍圆。应当频摩拂，谁得避媸妍。山䴥谁?尾，缤纷缦长缨。微拂尘应却，频挥风屡生。野性知慕洁，素手喜便轻。相将恒在握，逢人幸资评。","Werneror",""
"猴牛尾狸图","宋末元初","方回","宣城牛尾雪天狸，梅老馋涎为赋诗。曾与沐猴戏相得，脂膏争奈猎人知。","Werneror",""
"送金寿之江正写金字经","宋末元初","方回","碧落金仙蹑汉庭，梵书翻写过东溟。宰官尝领润文使，法帖尚传遗教经。子敬比踪洛神赋，率更媲美醴泉铭。梦中五色文章笔，视草鳌扉趁妙龄。","Werneror",""
"题苏东坡书楚颂并菩萨蛮满庭芳词卷后","宋末元初","白珽","南荒九死幸生还，种树书成手自删。赤壁梦难同楚颂，洞庭乐不减商山。人生堕地少如意，老子对天无愧颜。千古菟裘有遗恨，断圭残璧自人间。","Werneror",""
"次黄山中首尾吟","宋末元初","杨公远","双井源流绰有声，襟期一片玉壶清。吟成物外风骚句，付与人间月旦评。随柳问花知雅兴，论心握手见交情。英雄标致真难敌，双井源流绰有声。","Werneror",""
"题敬威卿参政赠许正卿针诗卷末敬公之章许卿之艺诸君发挥尽矣终以二绝貂续尾蛇添足乎","宋末元初","陆文圭","江左知名许叔微，公来示之衡气机。天下呻吟尚未息，公持肘后将安归。正人一脉系安危，温公身事亦付医。此身强健无著处，不如枕卧看儿嬉。","Werneror",""
"用同官南楼韵尾联以慰李倅子发","宋末元初","陈杰","年时歌管萦云处，閒倚栏干水拍空。万古胡床自明月，几行官柳又西风。鬅鬙那复梳千下，磊磈聊须酒一中。更忆翘材人独自，夜灯寒雁耳偏聪。","Werneror",""
"明月棹孤舟/夜行船 木樨","宋末元初","黄公绍","雁带愁来寒事早。西风把鬓华吹老。猛省中秋，都来几日，先自木樨开了。淰淰轻阴天弄晓。平白地、被花相恼。一枕云闲，半窗秋晓，时有阵香吹到。","Werneror",""
"中吕·朝天子","明","王磐","喇叭，锁哪，曲儿小，腔儿大。官船来往乱如麻，全仗你抬身价。军听了军愁，民听了民怕，那里去辨什么真共假？眼见的吹翻了这家，吹伤了那家，只吹的水尽鹅飞罢。","Werneror",""
"乙丑孟秋下旬四日杨中丞绝命诏狱是夜初昏时有气如白练起尾箕间扫紫微掩天枢五星时在燕邸目睹感赋二首","明","顾大武","满地苌弘血染衣，补天功业竟安归。犹余万丈长虹气，此夕骖箕叩紫微。十叶山河一线悬，老成只手欲回天。杀身岂足辞臣责，长绕精诚紫极边。","Werneror",""
"由雀儿岭入阆川青梁尾 其一","明","刘崧","历险非吾意，临危信此生。一家微命在，百里畏途轻。草屋怜蜂聚，松崖愧蚁行。喧喧豺虎急，向晚慎前征。","Werneror",""
"由雀儿岭入阆川青梁尾 其二","明","刘崧","路折千湾水，天垂四面山。野人初问战，过客乍投关。地僻烧畬遍，溪深采葛閒。时时听鼙鼓，怅望不知还。","Werneror",""
"题陈郎中哀挽卷并跋尾一首","明","湛若水","菊坡乡里许谁伦，圣祖龙飞第一人。天造英雄多伏死，先生明哲不谋身。谴严日远心空赤，战苦云深箭不神。若与睢阳留宇宙，寓坟何必更招魂。","Werneror",""
"题苏武牧牴图图尾细书马远字其真赝亦无以辨之（代旧园给谏作旧园讶而不用姑自存之）","明","纪坤","散牧羝羊四五群，自持秃节卧寒云。汉廷卿相无穷事，十九年中幸不闻。","Werneror",""
"首尾吟六首 其一","明","陶安","人生何苦走西东，眼底浮云迹易空。远路挈家经至险，大船鬻货伏真穷。马行蜀栈高天碧，猿啸巫山落日红。木叶萧萧时序晏，人生何苦走西东。","Werneror",""
"首尾吟六首 其二","明","陶安","人生何苦走西东，琴剑淹留邸舍中。故陇楸梧几寒食，荒庭松菊自秋风。天涯月色伤心曲，镜里年华入鬓蓬。但见知归鸿燕去，人生何苦走西东。","Werneror",""
"首尾吟六首 其三","明","陶安","祸福皆由自己为，莫谈气数怠脩持。壮夫饮酖难逃死，贫者营资不绝炊。贵骨插身遭斲凿，饿文入口繫安危。鬼神予夺无他意，祸福皆由自己为。","Werneror",""
"首尾吟六首 其四","明","陶安","祸福皆由自己为，古来家国亦如之。隐情毕达群黎悦，谏口才钳万事隳。汉祖宽仁兼楚地，商辛炮烙动周师。兴亡未必俱天定，祸福皆由自己为。","Werneror",""
"首尾吟六首 其五","明","陶安","报应随心理最真，枢机为主此为宾。杀蛇曾作国中相，度蚁当魁天下人。然火请君先入瓮，出门无验莫容身。快寻善恶源头看，报应随心理最真。","Werneror",""
"首尾吟六首 其六","明","陶安","报应随心理最真，当存仁厚作贤臣。从来出尔仍反尔，无或刑人更杀人。没后方知廉是伪，生前独以刻为淳。自经沟渎将谁咎，报应随心理最真。","Werneror",""
"首尾吟二十首 其一","明","陶安","达观万象付评量，性命元机孰主张。天地无穷皆一物，帝王有统始三皇。衮衣制礼兴周室，科斗成文出孔堂。可喜生民殊鬼蜮，达观万象付评量。","Werneror",""
"首尾吟二十首 其二","明","陶安","达观万象付评量，底事虚空一色苍。高大绝伦包六合，运行无息系三光。忍令颜蹠殊脩短，偏遇尧汤久雨旸。此意微茫还识否，达观万象付评量。","Werneror",""
"首尾吟二十首 其三","明","陶安","达观万象付评量，今古人间一素王。曾孟有书明道学，汉唐无统烂词章。澄渊静绝风涛险，灵府虚含日月光。参透考亭宗旨后，达观万象付评量。","Werneror",""
"首尾吟二十首 其四","明","陶安","达观万象付评量，自昔王畿制四方。天设函关雄百二，地环洛邑定中央。鹰扬西土功成速，鹿走中原力逐彊。有德易兴无德否，达观万象付评量。","Werneror",""
"首尾吟二十首 其五","明","陶安","达观万象付评量，多少英雄古战场。曾见雌雄分楚汉，从来揖让只虞唐。马牛谣谶归江左，龙凤姿容起晋阳。天命人心非倖致，达观万象付评量。","Werneror",""
"首尾吟二十首 其六","明","陶安","达观万象付评量，过眼荣华梦一场。不把聪明补名教，枉将心志变荒唐。穷经如睹行天日，涉难须经肃物霜。方寸尽能藏宇宙，达观万象付评量。","Werneror",""
"首尾吟二十首 其七","明","陶安","达观万象付评量，欲访丹邱不死乡。天上玉棺如实事，山中金鼎岂良方。偷桃浪尔奇方朔，辟谷飘然独子房。椎碎三神驱恍惚，达观万象付评量。","Werneror",""
"首尾吟二十首 其八","明","陶安","达观万象付评量，楼殿如星起宝坊。唱佛狂谈如有理，参禅兀坐畏无常。法传心印皆文字，形寓阎浮即色香。未必真空都绝物，达观万象付评量。","Werneror",""
"首尾吟二十首 其九","明","陶安","达观万象付评量，大化茫茫气翕张。地辟天开呈海岳，春生秋杀运阴阳。先王礼乐光三代，列国干戈起四方。正闰相承离又合，达观万象付评量。","Werneror",""
"首尾吟二十首 其十","明","陶安","达观万象付评量，司造神功挈纪纲。刬尽剑门除割据，荡平滟滪作康庄。太空日月明无蚀，永夜星辰净敛芒。长愿清宁天地好，达观万象付评量。","Werneror",""
"首尾吟二十首 其十一","明","陶安","达观万象付评量，积石龙门势渺茫。西渎流长多润泽，中原地决废耕桑。近年有路通星海，终古无人凿吕梁。莫信槎仙说葱岭，达观万象付评量。","Werneror",""
"首尾吟二十首 其十二","明","陶安","达观万象付评量，轗轲由天莫可禳。文士有才多薄命，忠臣仗节或罹殃。鳄鱼遁迹潮民喜，蜃气凌寒海市张。造物还能爱瑰杰，达观万象付评量。","Werneror",""
"首尾吟二十首 其十三","明","陶安","达观万象付评量，气化参差亦泛常。美矣长松生涧底，时哉雌雉在山梁。数年许史荣西汉，千古夷齐饿首阳。往事纷纭何止此，达观万象付评量。","Werneror",""
"首尾吟二十首 其十四","明","陶安","达观万象付评量，政教流行国祚昌。皇极居尊施五福，人文成化立三纲。世家公子歌麟趾，天下奇才睹凤凰。更有山林安分者，达观万象付评量。","Werneror",""
"首尾吟二十首 其十五","明","陶安","达观万象付评量，治日无多乱日长。汉火渐寒三国战，晋疆顿削五湖攘。诫忘金鉴成天宝，法变青苗厄靖康。一统山河忽如此，达观万象付评量。","Werneror",""
"首尾吟二十首 其十六","明","陶安","达观万象付评量，历代人才志气扬。佐国大家钟鼎贵，开边能将甲兵彊。乘时立见功名显，持满无如礼法将。骄傲谦恭悬绝甚，达观万象付评量。","Werneror",""
"首尾吟二十首 其十七","明","陶安","达观万象付评量，恶物蕃滋苦见妨。秋雨稻畦稂莠长，春风花圃草莱荒。满家厌听喧蝇蚋，当路惊闻走虎狼。元气生生何糅杂，达观万象付评量。","Werneror",""
"首尾吟二十首 其十八","明","陶安","达观万象付评量，事遇成全又不长。井邑繁华龙斗野，池台歌舞鹿游场。人情正好生离别，花艳方新遇折伤。郊外行春风雨至，达观万象付评量。","Werneror",""
"首尾吟二十首 其十九","明","陶安","达观万象付评量，静玩羲图理数彰。五月豕羸防至弱，六阳龙亢戒全刚。弥纶道妙天无间，辅相功神世永康。太极更求形上者，达观万象付评量。","Werneror",""
"首尾吟二十首 其二十","明","陶安","达观万象付评量，喜有贤能列庙堂。多病数年亲药饵，远游千里忆松篁。当门湖水涵天阔，隔树山禽语昼长。岩壑轩裳随所遇，达观万象付评量。","Werneror",""
"首尾吟七首 其一","明","陶安","人于物外莫容心，贫贱何忧富不淫。待价有如藏椟玉，引年无意乞骸金。深山鹿豕情依旧，高阁麒麟事属今。天爵在躬怀至宝，人于物外莫容心。","Werneror",""
"首尾吟七首 其二","明","陶安","人于物外莫容心，内境神光万象森。衽席严持师保训，羹墙宛见圣贤临。游居道阃清平旦，耕穫书田惜寸阴。陋巷岩廊俱自得，人于物外莫容心。","Werneror",""
"首尾吟七首 其三","明","陶安","人于物外莫容心，己不求人人自寻。莘野得君亡夏日，傅岩起相作商霖。鹰扬功在九韬略，龙跃威施七纵擒。事业时来皆分内，人于物外莫容心。","Werneror",""
"首尾吟七首 其四","明","陶安","人于物外莫容心，往事骄盈可作箴。七叶貂蝉权位赫，五侯蜡烛宠恩深。酒肴腐败饥人死，裘马轻肥杰士沈。损抑自无欹器覆，人于物外莫容心。","Werneror",""
"首尾吟七首 其五","明","陶安","人于物外莫容心，古淡情怀付雅琴。山阁松风贞白氅，野窗梅月杜陵衾。入厨空寂惟存菜，锄地清高不拾金。须信豪奢非久耐，人于物外莫容心。","Werneror",""
"首尾吟七首 其六","明","陶安","人于物外莫容心，谩有声华动士林。将帅威行丸走坂，君臣道合芥投针。瑟工不计人憎爱，酒旨还随量浅深。老大青天应未负，人于物外莫容心。","Werneror",""
"首尾吟七首 其七","明","陶安","人于物外莫容心，名教无惭我所歆。正笏立朝安进退，点书教子细披吟。青山渺渺频来梦，华发萧萧渐满簪。齑瓮茶铛清味足，人于物外莫容心。","Werneror",""
"一半儿 其一","明","李昌祺","长河新涨漫平沙。古冢断碑横旷野。日晚牧童争望家。笑喧哗。一半儿骑牛，一半儿马。","Werneror",""
"一半儿 其二","明","李昌祺","临流农圃蔓瓜苗。拍岸客船依苇筱。月落五更风露饶。橹双摇。一半儿犹昏，一半儿晓。","Werneror",""
"一半儿","明","李昌祺","长河新涨漫平沙。古冢断碑横旷野。日晚牧童争望家。笑喧哗。一半儿骑牛，一半儿马。临流农圃蔓瓜苗。拍岸客船依苇筱。月落五更风露饶。橹双摇。一半儿犹昏，一半儿晓。","Werneror",""
"题仲昭为陈御史写丹厓凤尾竹","明","韩雍","玉箫吹月綵鸾飞，飞下江南览德辉。看舞天风上阿阁，九韶声振九苞威。","Werneror",""
"景云田蓢尾","明","陈献章","蓑笠堪从事，少年农圃情。乘潮打两桨，落日照孤城。山庙题诗过，汀鸥伐鼓惊。提携新耒耜，寂寞旧棋枰。挟被防春冷，拥书读晚晴。儿曹依本分，吾道在躬耕。","Werneror",""
"予来滇南一载始得寄书人便书成特附四韵楮尾","明","童轩","天涯薄宦苦相羁，回首西风又一期。住久苍头迎客惯，路遥黄耳到家迟。人情尽似饥鸢竞，心事唯应倦鸟知。倚遍阑干意难写，夕阳孤角起高陴。","Werneror",""
"谢程篁墩赠龙尾砚","明","沈周","篁墩品砚歙居右，雅称先生翰墨手。先生与砚俱歙产，眉子罗纹誇富有。椟中种种自怀玉，能割一爱到石叟。自嫌隅处小有病，临出摩挲要难授。我云先生岂无药，庸贲一铭如砭灸。冁然捉笔从背书，石上煌煌丽星斗。头巾折角与人传，此砚因铭名亦久。尚怜龙尾是奇材，东坡何以嘲牛后。","Werneror",""
"谢计桃源惠孔雀毙于途以尾至","明","沈周","珍禽笼万里，未见意先叨。饮啄违尘目，文章剩俊毫。重须论马首，轻敢喻鹅毛。馀采贤郎得，留形上绣袍。","Werneror",""
"题四小景 其一 道院迎仙客","明","程敏政","日日栖空馆，呼童扫径苔。飘然骑鹤侣，时自海东来。","Werneror",""
"桐川儒学杂咏十七首 其十七 龙尾冈","明","周瑛","忆昔侍金銮，顾瞻龙尾道。今日登高冈，彷佛梦中到。","Werneror",""
"友人依首尾对格赋一律余亦效颦次韵","明","黄淮","十年冀北淹尘迹，万里瓯东忆故乡。春树笼云音信远，圜扉扃月梦魂长。旧时亲友多应少，负郭湖田半已荒。自愧驾骀犹伏枥，不如鸿雁得随阳。","Werneror",""
"水仙子过折桂令 九日思亲","明","黄淮","翠丝风剪绿杨稀。缬锦霜凋红叶飞。金钱露染黄花缀，正龙山佳会，集望庭闱。无限伤悲。任泪雨，缘腮落，将愁山，着意推。盼佳期，何日南归。盼佳期，何日南归。水远山遥，目断神驰。齧指情深，趋庭训切，戏綵心违。寄信息、难凭锦鲤，对茱萸、慵泛金杯。暮景休催。壮志难摧。仰望皇恩，趋拜天墀。","Werneror",""
"戊戌秋明堂礼成庆成宴乐章七首 其二 朝天子","明","陆深","宫悬绣帘，黼座黄金殿。雕龙彩凤簇琼筵，湛露初沾宴。尧舜重逢，唐虞再见。五云天，御炉烟，遥瞻圣颜，雉尾开宫扇。","Werneror",""
"戊戌冬至南郊礼成庆成宴乐章四十九首 其二 朝天子","明","陆深","满前瑞烟，香绕蓬莱殿。风回韶律鼓渊渊，列陛旌旗绚。日至朱躔，阳生赤殿。气融和，彻上玄，历年万千，长庆天宫宴。","Werneror",""
"戊戌冬至南郊礼成庆成宴乐章四十九首 其十五 殿前欢","明","陆深","瑞云晴霭浮宫殿。一脉阳和转。礼成交泰开周宴。凤笙调，龙幄展。天心感格人欢忭。四海讴歌遍。","Werneror",""
"戊戌冬至南郊礼成庆成宴乐章四十九首 其二十一 水仙子","明","陆深","万方安堵乐康宁。九域同仁荷圣明。千年抚运承天命。露垂甘，河献清。见双岐秀麦连茎。喜雪随冬应。睹祥云拂曙生。神与化，并运同行。","Werneror",""
"戊戌冬至南郊礼成庆成宴乐章四十九首 其二十九 殿前欢","明","陆深","万年礼乐中兴，日大化，睹重熙。河清海晏臻祥瑞。五行顺，七政齐。超三迈，五贞元会。既醉颂凫鹥。","Werneror",""
"戊戌冬至南郊礼成庆成宴乐章四十九首 其三十二 五奏感皇恩之曲","明","陆深","双阙五星光。霓旌树，紫盖张。璇台玉历转新阳。钧天广乐谐宫商。恩深露湛，喜溢霞觞。日月焕龙章。地久天长。","Werneror",""
"戊戌冬至南郊礼成庆成宴乐章四十九首 其四十五 清江引","明","陆深","黄钟既奏阳和长。德感天心贶。人文日月明。国势山河壮。衢室民谣频击壤。","Werneror",""
"戊戌冬至南郊礼成庆成宴乐章四十九首 其四十六 清江引","明","陆深","钧天毕奏日方中。既醉欢声动。云章傍衮龙。飙势翔威凤。万方安乐兴嘉颂。","Werneror",""
"戊戌冬至南郊礼成庆成宴乐章四十九首 其四十八 朝天子","明","陆深","文班武班。欢动承明殿。礼成乐备颂声喧。真咫尺，仰天颜。日照龙鳞，风回雉扇。翠蕤旋，奉仙銮。云间斗间。五色奎章灿。","Werneror",""
"十四夜月下微醺仿邵尧夫首尾吟","明","孙一元","薄晚微醺对月圆，此时意象独能传。皇王有用从千古，鱼鸟无言共一天。好句忽成幽径里，春风初到野梅边。襟怀老大元无事，薄晚微醺对月圆。","Werneror",""
"水仙子　秋思","明","韩邦奇","月娟娟，空上海棠枝。风瑟瑟，催残杨柳丝。露零零，易落梧桐泪，倚西楼，看雁归。隔天涯，万里相思。休说到，梦中是假，暂欢娱，还胜醒时。夜迢迢，梦也还稀。","Werneror",""
"折桂令　金陵","明","韩邦奇","上高城、叹息金陵。望不尽、万树楸梧，何处是、六代宫庭。陈宋繁华，齐梁文藻，王谢流风，都做了、一场话柄。还落不得，半个虚名。只有那、江汉多情。依旧朝宗，寂寞杀、夜半石头，潮打空城。","Werneror",""
"驻马听　春思","明","韩邦奇","春思依依。习习和风春昼迟。看他游春，杜甫喜见，春来又怕春归。耽春不觉鬓如丝。向海棠、还问春消息，燕语莺啼。碧阑干外，春光有几。","Werneror",""
"满庭芳　洛阳怀古","明","韩邦奇","深秋旅程。邙山云起，洛浦风生。风悲云惨斜阳映。往事伤情。牛羊坂，是英雄坟冢。禾黍场，是帝王宫庭。今和古，成长梦。只丢下些，虚名虚姓。模糊在、断碑中。","Werneror",""
"驻马听　寄答世宁进士壬申","明","韩邦奇","别意悠悠。又是西风万里秋。那堪云迷白雁，露冷黄花，月满朱楼。柳条折断水东流。思君一夜，把潘腰瘦。多少离愁。轻尘弱草，人非如旧。","Werneror",""
"清江引　晓秋","明","韩邦奇","银箭催更天渐晓。金井梧桐落劳。西风小阁寒，残月疏帘照。王仲宣，此际愁多少。绿树满庭清气生。宝鸭消银鼎。风传玉雁声，霜没金蝉影。就不是宋玉，也愁难整。楼上残更鸡叫彻。银蜡还明灭。笛飘别院风，砧急长廊月。萧条庾信愁难说。河汉西倾生白露。三四寒鸦语。黄花月下残，红叶风前舞。张衡到此，把愁添做五。","Werneror",""
"驻马听　饯尧甫举人时在关中弘治乙丑","明","韩邦奇","夜色苍苍，酒满芳樽恨转长。那堪声沉玉漏，香尽金炉，烛冷银缸。离情才说两三行。檐前却早鸡三唱。休题起行装。却早把、残魂销尽，不须到灞陵桥上。","Werneror",""
"水仙子　同州道中怀古","明","韩邦奇","落花不见采莲舟。乱柳难寻沙苑楼。莎青白冢清明后，长春宫，麋鹿游。把豪华都做了，一望荒丘。长扬坂繁烟埋恨，夕阳亭落日生愁。留不住，渭水东流。","Werneror",""
"满庭芳　送宗周举人已已京师","明","韩邦奇","阳关柳新。玉河波煖，燕阁春深。斜阳满目增愁闷。别酒重斟。北邙坂，英雄休问。霸陵桥，芳胜休寻。越兜起，离人恨。似这等、浮名绊引。只待长卧华山云。","Werneror",""
"驻马听　过北邙","明","韩邦奇","落日荒荒。羸马西风度北邙。但见寒鸦古木，衰草平原，残柳长岗。累累高冢卧斜阳。知他是、何朝何代何卿相。展转思量。荣华富贵，古为今样。终岁奔忙。十度驱车过北邙。当时朱颜绿鬓，如今短发萧萧，古貌苍苍。五十年一枕梦黄梁。到醒来、回首堪惆怅。世路茫茫。山河如旧，人情新样。","Werneror",""
"新水令带过折桂令　秋思客","明","韩邦奇","窗风雨苦潇潇。几番将、离魂惊觉。晚沙秦苑迥，秋水灞陵遥。极目迢迢。又天涯一夜晓。短发彫、搔病不相饶。愁不相饶。为病多、减了酒量，为愁多、瘦了诗腰。酒量减，刘伶潦倒。诗腰瘦，庾信萧条。雁下空壕。叶落庭皋。不晓事、草砌寒蛩，夜深时、絮絮叨叨。","Werneror",""
"新水令带过折桂令　别仲华进士辛巳","明","韩邦奇","晓亭三叠奏阳关。共离情、春愁黯黯。莺声遥入座，花气细侵帘。梅雨无端。把韶光一夜换。休怪我、懒上雕鞍。量这些、过隙浮踪，消几度、千里关山。柳折金丝，酒斟玉斝，诗满云笺。魏俊逸，才高子建。晋风流，年少潘安。苑草芊芊。渭水川川。也知到后会多期，再来时，只怕我、两鬓斑斑。","Werneror",""
"雁儿落联得胜令　闽中秋邀杨乔夫饮弘治乙夘","明","韩邦奇","斫霜螯，紫蟹鲜。倾秋露，芳樽满。小园中，绿橘垂，疏篱下，黄花绽。碧亭亭、窗外两峰寒。却不觉、身在瘴江边。金陡潼关道，天台玉瀑泉。望乡园。万里云山远。且追欢。醉如泥，锦瑟前。","Werneror",""
"太华寺席上文似山咏郭舟屋湖势欲浮双塔去山形如拥五华来之句爱其善状景物而惜其全篇未称也属余易其首尾","明","杨慎","仙人掌上梵王台，雨霁秋清望眼开。湖势欲浮双塔去，山形如拥五华来。摩天鹳鹤窥明镜，呷浪鱼龙引渡杯。金碧西南无此景，为君扶病一徘徊。","Werneror",""
"洪庆寺马尾松","明","黎民表","亭亭垂翠盖，趺坐一僧来。梁栋非吾事，青黄是木灾。枝连拂衣石，凉荫译经台。樗散拚人弃，摩挲愧汝才。","Werneror",""
"咏园中杂草八首 其七 凤尾竹","明","王立道","紫文何葳蕤，采采露华滋。不向高冈上，常依白石墀。","Werneror",""
"尤子求尝自言其手画苏长公后赤壁赋甚精索余书赋其尾未果今年冬子求忽使阿獠携此卷来乞二金为腊夕之资余如数与之还其卷为书赋且题一五言律子求可付虎儿善藏之勿售非其人也","明","王世贞","只倚曹韩贵，穷来泥所如。真成乞米帖，吾岂换鹅书。笔底青山在，灯前白发疏。吴门有长铗，慎莫叹无鱼。","Werneror",""
"立春日与吴峻伯席上分韵呼采得一枝花","明","王世贞","绮裀分彩占年华，叠翅鸳鸯色并誇。最是夜来春信早，就中呼得一枝花。","Werneror",""
"折桂令二首 其一","明","王世贞","问先生酒后如何。潦倒模糊，偃蹇婆娑。枕底烟霞，杖头日月，门外风波。尽皇都、眼眶瞧破。仗青天、信脚胡过。好也由他。歹也由他。便做公卿，当甚么么。","Werneror",""
"折桂令二首 其二","明","王世贞","问先生不饮何如。一点篝灯，数卷残书。冷却扁舟，闷他五柳，淡杀三闾。太行路、都来胸腹。帝京尘、满上头颅。睡也忧虞。醒也忧虞。不得酕醄，怎便糊涂。","Werneror",""
"首夏少傅赵公斋头纵观宋元本朝书画名迹出家藏焦尾命作梅花三弄饭罢奕棋留连浃日即席赋诗","明","胡应麟","画槛雕楹白玉堂，高山流水落胡床。墙头树色分长乐，户外花枝接上阳。笔札西清悬琬琰，图书东壁散琳琅。翛然一枕蓬壶畔，卧听棋声入梦长。","Werneror",""
"麈尾","明","何绛","王谢当时物，高人日以挥。无言开妙论，不悟解玄机。来去情难定，尘埃性所违。微风亦有意，于汝独依依。","Werneror",""
"麈尾","明","胡应麟","玉柄蟠蛟螭，隐见前朝字。逍遥七百言，花照瓦棺寺。","Werneror",""
"闺情 卖花声","明","徐熥","远信阻青禽。幽怨难禁。寒更孤枕半边衾。铁马声残金鸭冷，月在花阴。双靥泪痕深。湿透罗襟。当初谁信有于今。衣带渐宽腰渐减，空结同心。","Werneror",""
"春怨 卖花声","明","徐熥","春雨夜潇潇。目断蓝桥。梦中犹忆翠云翘。觉后泪痕空自湿，无限魂销。瘦损沈郎腰。虚度良宵。何时金屋贮妖娆。灯下凝眸羞不语，同解罗绡。","Werneror",""
"王子章以道院迎仙客书堂隐相儒为题以栖字金字为韵 其一","明","郑真","琳宫瑶宇迓佺期，弱水蓬莱路不迷。宝剑光寒珠斗泾，长裾影动彩云低。池深碧藻春龙蛰，月满苍松夜鹤栖。况有笙箫谐律吕，好将法酒醉玻瓈。","Werneror",""
"王子章以道院迎仙客书堂隐相儒为题以栖字金字为韵 其二","明","郑真","投老星星鬓发侵，经纶事业岂无心。半生独对孙康雪，万里终为傅说霖。碧草窗前空日暮，紫薇垣底自春深。夜来有客欣相问，卖得文章几百金。","Werneror",""
"入龙尾关","明","程本立","山为城郭海为池，一卒当关万卒窥。越隽郡开通汉使，吐蕃兵结覆唐师。只知地险如难服，岂信天亡遂不支。历览华夷每怀古，临风倚马读残碑。","Werneror",""
"出龙尾关之永昌","明","程本立","崎岖万里入遐陬，尚觉山川是壮游。倒海鲸波奔石马，极天鸟道凿金牛。昔人于此成三窟，老我而今隘九州。生入玉门班定远，未归能不悔封侯。","Werneror",""
"学懒首尾吟","明","张弼","学懒年来苦未能，鸡声催促每晨兴。行亲农亩春耕具，坐伴儿曹夜读灯。起凤腾蛟词不及，春蛇秋蚓笔堪憎。劳形碌碌徒为耳，学懒年来苦未能。","Werneror",""
"乙卯贱辰买舟抵北溪课耕时儿孙及叶印峰堪舆蔡同州楷书同行而西席黄悟一亦尾舟后至呼卢剧饮颇属胜游为赋近体四首 其一","明","林熙春","花甲周过四，韶华玉兔移。虽云胸愈赤，转觉鬓成丝。曕日依南极，溯流憩北溪。山川閒寄傲，敢诵主恩垂。","Werneror",""
"乙卯贱辰买舟抵北溪课耕时儿孙及叶印峰堪舆蔡同州楷书行而西席黄悟一亦尾舟后至呼卢剧饮颇属胜游为赋近体四首 其一","明","林熙春","为忆劬劳日，无烦长者车。飞帆如海鹢，举网得江鱼。樵冶供村酒，儿孙馈野蔬。山高迟日出，稳睡更何如。","Werneror",""
"十尾神龟寿人","明","徐庸","龟为四灵一，玉色体抱玄。甲类寔推长，十尾逾千年。禹昔治洪水，嘉运启自天。洛水负书出，阴阳备其传。至宝数存九，神功孰敢先。至今衍生息，质同金石坚。王君遇初度，捧献登华筵。愿言致永寿，侑之以诗篇。","Werneror",""
"纪赐十二绝 其七 赐银鱼百尾","明","严嵩","宝坻产嘉鱼，纤纤白似银。贡来供玉食，何意得尝珍。","Werneror",""
"题子昂松树障子歌盖王成之所藏者纸尾云大德八年正月廿夜灯下书","明","贝琼","吴兴华法兼钟王，不独醉草过张旭。既无河朔少年之沓拖，又无深山羽人之退缩。故人相遇乞何夕，银烛吐光如月白。手写青松障子歌，百金一子无所惜。何物小儿憎妩媚，玉环飞燕皆倾国。嗟我平生秃千兔，夜写蝇头愧无益。王孙骑鹤去不还，日落太湖云气赤。君家此木世希有，词翰风流与之敌。纷纷真赝那足辩，珷玞敢厕连城璧。勿同玉枕永和书，一閟昭陵永相失。","Werneror",""
"赤城吕徽之博闻强识宋亡遂晦不仕一日大雪中至巨家易谷立堂下久之堂东偏众客方咏雪有分韵得蝶字者艾思不就徽之不觉失笑咸诘之曰汝何笑曰吾欲用滕王蛱蝶事耳众客皆惊阴知其为徽之也延之坐不可欲赒以谷辞既去使人尾之至其居地极幽阻及雪霁候焉荆扉竹屋不蔽风雨见桶中坐一妇人盖其妻也问徽之所在曰出捕鱼矣得于溪上具言所以来之意曰诸子可少留乃换酒共饮返宿道傍大楼下主人怪舆马之盛因言其状主人亦不知有徽之也明日求之则已迁居矣徽之","明","贝琼","空山积雪深一尺，车马何来野老疑。溪上捕鱼归换酒，更无人识吕徽之。","Werneror",""
"清江引 其一","明","孙承恩","篷窗雨来声洒洒。静听心神快。持杯怅远人，厌世羞尘壒。吾将乘桴浮碧海。","Werneror",""
"清江引 其二","明","孙承恩","篷窗雨来人未寝。早已知寒信。暂借酒留春，无奈霜堆鬓。兰缸幽幽频落烬。","Werneror",""
"清江引 其三","明","孙承恩","篷窗雨来声可数。洒壁还飘户。香醪且自斟，佳句谁同赋。离愁黯然怀极浦。","Werneror",""
"清江引 其四","明","孙承恩","篷窗悄然闻夜雨。淅沥无时住。飘萧风送来，倏忽还吹去。前溪水深添几许。","Werneror",""
"清江引 其五","明","孙承恩","篷窗雨声长复短。半是风吹乱。鹧鸪巫峡中，杜宇潇湘岸。平生壮游今已懒。","Werneror",""
"清江引 其六","明","孙承恩","篷窗雨来声滴点。惹起情无限。春风杨柳枝，流水桃花片。我思美人南浦远。","Werneror",""
"清江引 其七","明","孙承恩","篷窗雨声纷复整。飘忽全无定。频添霜雪髭，渐减风云兴。病来瘦容羞对影。","Werneror",""
"清江引 其八","明","孙承恩","篷窗雨来鸣屋瓦。良友同佳话。浮生固有涯，老健应无价。镜中朱颜何处也。","Werneror",""
"清江引 其九","明","孙承恩","篷窗雨声鸣复绝。小酌消长夜。聊将忘世纷，且共耽清暇。人生百年谁是者。","Werneror",""
"清江引 其十","明","孙承恩","篷窗雨馀还袅袅。静听吾情好。弦中山水音，笛里关山调。明朝小庭生碧草。","Werneror",""
"清江引 其十一","明","孙承恩","篷窗雨来声渐响。默坐心虚旷。萧萧丛竹间，簌簌梧桐上。灞陵潇湘真髴髣。","Werneror",""
"清江引 其十二","明","孙承恩","沉沉雨深当夜午。爽气浮轩户。情忘水竹居，梦断长安路。洗胸中从来尘与土。","Werneror",""
"清江引 其十三","明","孙承恩","耳边萧萧还袅袅。风雨同时到。前村烟花微，远寺钟声杳。可人不来添静悄。","Werneror",""
"清江引 其十四","明","孙承恩","兰灯摇摇秋夜永。淅沥生清听。平添烟水深，洗濯苔矶净。朝来吾将乘钓艇。","Werneror",""
"清江引 其十五","明","孙承恩","风声雨声连四野。萧散篷窗下。一杯聊自持，万虑无萦挂。长安道中泥没马。","Werneror",""
"黄莺儿四首 其一 风","明","孙承恩","阵阵扫浮埃。汎虞弦，上楚台。飘飏兰蕙吹罗带，残云捲开。明月送来。赵家姊妹难禁耐，透人怀。千金无买，宋玉赋应裁。","Werneror",""
"黄莺儿四首 其二 花","明","孙承恩","绰约见婵娟。颤巍巍，百种妍。慇勤多费东君剪，欲言不言。端详可怜。含颦凝思如幽怨，看嫣然。春心无限，偎倚在、晚风前。","Werneror",""
"黄莺儿四首 其三 雪","明","孙承恩","万里正同云。看飘扬，密更匀。素鸾皓鹤来无尽，灞桥苦唫。梁园倒樽。蓝关马足行难进，转缤纷。天寒地凛，妆出个、玉乾坤。","Werneror",""
"黄莺儿四首 其四 月","明","孙承恩","冉冉上遥天。散清辉，满大千。霓裳缥缈清虚殿，更筹正传。玉人未眠。栏杆十二凭来遍，对婵娟。莫教云掩，我欲醉西园。","Werneror",""
"初度自寿十三首 其七 满庭芳","明","孙承恩","吾行潦倒，疏慵成癖，不任煎熬。忆当年家食，将宠辱都抛。草堂中，听雨坐深宵。篷窗下，待月观潮。兀自揣，玉阶金阙无缘到。荷圣主、垂仁用草茅。因此上、八座幸虚叨。","Werneror",""
"初度自寿十三首 其八 三煞","明","孙承恩","享厚禄，已馀饶。只有个、终天一念，忍听风木悲号。那更扊扅，人一去，音尘杳。鹡鸰声断，死生骨肉，暗自魂消。愁绪千条。兀的是、一时凑着。","Werneror",""
"人言凤尾蕉花于某县庭命作","明","徐渭","凤尾本蕉材，红花绿叶毸。县庭今一见，蛮地不曾开。孔雀羞金翠，萧娘坐粉腮。颖川黄霸在，辛苦送祥来。","Werneror",""
"过伯升宅玩骨董而菖蒲尤盛鱼有红色有蓝色有玉有锦俱三尾如鼎又有水晶四尾者","明","徐渭","菖蒲钵钵虎须抽，玳瑁盆盆锦鲫浮。衰老一尘几不染，小儿百件欲拿周。言归肯问迟和早，再到宁知得与不。落日青山三四点，几回舟子促回舟。","Werneror",""
"孙荣祖氏所降仙笔贻我金书阴符经跋尾云文阳真人得道时所说白玉蟾翁始表见于世又以长歌四百九十字见赠颇及前生事勉以修持且劝檀施聊此奉酬并效薄见于奉行仙童宜真子","明","王世贞","坛烟袅空笼曙星，翔阳鼓籁调流铃。尔时班管正驰骤，为我写就阴符经。行间隐隐金玉润，势表郁郁蛟龙腾。三仓以前鲜此迹，八会之后不可征。此经黄帝疲警跸，上感玄女停辎軿。天真皇人为解说，一帚净扫乾坤兵。鼎湖雕弓坠霄汉，宛委丹检函精灵。贞观小隶付欧褚，李荃而下训故兴。蚕丝刿缕转成赘，貂尾媟渎那堪凭。玉蟾散吏最晚出，真取捷要披榛荆。三十六天不可问，四千余年劳证明。仙翁一一为指说，敢以抵牾忘服膺。更诵长歌五百言，如啖火枣通三生。子瞻梦悟五祖戒，次律赖遇真人邢。惜哉二子不自振，晚途岭蜀长飘零。即令来路未明晓，忍恋浊世甘膻腥。陶君已拜都水监，胜力菩萨为前盟。白叟愿生兜率界，海山丈室留居停。乃知大道绝町畛，两者同出而异名。鲰生掉头出苦海，眷属聚散如漂萍。把茅盖头足舒缩，一瓢以外无经营。晨吸清和入玄牝，夕敛沆瀣归黄庭。檀施小果敢云倦，人天有漏吾何矜。更烦转示宜真子，返照面目思前程。任是逍遥鲜挂碍，未免流转趋沈冥。权奇狡狯亦细事，麻姑见哂王方平。上真重关挂玉钥，西竺觉路悬金绳。精心九渊骊颔易，失足一堕鸿毛轻。百年倏忽若流电，我为后继谁先登。功成帝命有时下，拍手呼鸾游太清。","Werneror",""
"唐人有画葛稚川移居图者与妇各骑一觠角牛前后五白羊从之一赤脚担装又一少女从之手携束书且行且读妇所乘牛背大幞一婴儿在焉其用笔颇雅劲山谷老人书七言律于尾似不能悉稚川事故为补题一首","明","王世贞","勾漏归来里舍亡，山中丹井未全荒。骑将老子双青犊，叱得初平五白羊。宅相婴儿似南海，徒行少妇学东方。刀圭纵有难从乞，祗要姑姑艾一囊。","Werneror",""
"迭前韵奉酬徐宗伯见和之作时公有书劝驾诗尾亦及之","明","王世贞","三见咸阳哭李斯，一归东海十成期。毋论启事人堪笑，忽得除书已亦疑。野性云霄终自浅，主恩天地欲谁私。纵令伏枥雄心在，犹忆羊肠踠足时。","Werneror",""
"为胡元瑞题绿萝馆二十咏 其十四 麈尾","明","王世贞","爱君两手色，白于手中玉。第深无诤义，麈尾何必秃。","Werneror",""
"梧州公署新作竹亭喜汪二府诸公见过首尾吟二章 其一","明","符锡","我有尘襟何处开，竹亭长夏思悠哉。痴儿解与移花活，佳客偶能骑马来。总喜军门聊暇日，不妨江馆暂持杯。自怜浮浪君休讶，散局元非用世才。","Werneror",""
"梧州公署新作竹亭喜汪二府诸公见过首尾吟二章 其二","明","符锡","我有尘襟何处开，竹亭长夏思悠哉。疏帘日为看山捲，方帽时因避暑来。诗到忘情空对景，酒缘多病省贪杯。自怜浮浪君休讶，散局元非用世才。","Werneror",""
"已邜避地宿宜阳梦绣领二方谩云杜云采色三秋动而首尾俱忘醒念兹游不及秋而黄鸟碧云皆不晓所谓姑续成之以俟","明","符锡","渺渺沅湘路，征人入梦初。晴穿黄岛岭，庙下碧云梳。采色三秋动，云程一鸮孤。何时重沽酒，风雨谢泥途。","Werneror",""
"书尾以济川见期非所望也因述鄙怀以报","明","袁宏道","巨川舟楫竟如何，不那湖湘烟水多。荇藻自然生远沚，凫鸥终是乐清波。环池匝木仲长统，细雨斜风张志和。白日黄鸡底相恼，玲珑争不为君歌。","Werneror",""
"舟次见新漕衔尾而北錻以志喜","明","张国维","鹢迅飙为楫，鳌连嵓□波。千仓求峙少，万斛泛舟多。摇影逢津树，腾欢杂榜歌。回思焦土日，劳者涕成河。","Werneror",""
"游黄岩寺登双剑峰石塔观尾泉","明","黎贞","行到山深处，禅林迤逦开。云从双剑起，泉自半空来。境别浮屠塔，真空明镜台。扪萝登绝顶，临眺重徘徊。","Werneror",""
"何村八景 其七 岗尾樵歌","明","吴琏","未遇谁能识买臣，半生樵担困红尘。放歌岗下醒如醉，射策廷中屈见伸。自信老儒终显迹，独矜愚妇不甘贫。人生穷达寻常事，头白无忘一斧斤。","Werneror",""
"首尾吟二首 其一","明","苏葵","老夫非是爱谈虚，世事纷纷与梦俱。莫道忘羊专博塞，须知得鹿亦蘧庐。曾闻聃叟论刀密，欲起坡翁笑磨驴。信有眼前一杯酒，老夫非是爱谈虚。","Werneror",""
"首尾吟二首 其二","明","苏葵","老夫非是爱闲言，膏火怜渠谩自煎。汉史偶观方技传，南华深契达生篇。贤愚贵贱真同尽，才辨聪明不要全。几个孟郊鸣未了，老夫非是爱闲言。","Werneror",""
"嘉定泛舟南下马尾滩恶既过赋此","明","苏葵","学仙曾未列仙班，犹在尘埃扰扰间。满路旌麾偏骇鹤，片时尊俎偶看山。一江衿带连诸郡，万石巉岩折几湾。湍险是谁忘怖慑，中流惟我觉安閒。","Werneror",""
"拟东流杨景昌首尾吟","明","陈繗","乘舟不是打秋风，沧海南来庾岭东。十载交游萍水上，一天愁思树云中。杏园自愧无门入，花县宁知有路通。为爱山阴寒夜雪，乘舟不是打秋风。","Werneror",""
"不寐作首尾吟","明","王缜","夜来何事大关情，卧数更筹直彻明。院落沉沉人语静。巾衫寂寂旅魂惊。敢言宣父思无益，可是周公欲急行。检点此心无一物，夜来何事太关情。","Werneror",""
"作首尾三叠送朱则之还郴阳兼似诸同志 其一","明","湛若水","自笑铅刀不割疑，不疑行处是中思。四时百物皆同运，我得无言送则之。","Werneror",""
"作首尾三叠送朱则之还郴阳兼似诸同志 其二","明","湛若水","我得无言送则之，中思元只是无思。一条正正堂堂路，掉臂安行更不疑。","Werneror",""
"作首尾三叠送朱则之还郴阳兼似诸同志 其三","明","湛若水","掉臂安行更不疑，千秋遗叹未之思。即思仁在其中矣，不是他乡外至之。","Werneror",""
"时有冯甥仕卿同游白云因为首尾吟以足其胜","明","湛若水","悄翁一笑破群忧，况有冯甥与共游。三生一派增江水，一幅青天无限秋。","Werneror",""
"己酉岁壬辰之夜梦与三洲李丈登高台遥望中原但见齐州九点在苍霭中隐隐可辨三洲曰宇宙内事吾儒分内事也曰子知分内之事则知尽分内之道乎三洲又曰吾今乃知居高则明处下则塞曰子知明塞之义则知尽居处之道矣三洲又曰天地山河存乎两界秦晋为首闽越为尾馀皆毛发肢节也曰子通督任之义则知通致理之源矣须臾云霞四歛皎日照衣环顾太和万物融合浑为一丸三洲曰此所谓弄丸者耶曰子知转九之义则宇宙之柄在手矣语罢而觉遂赋四章以纪其事因以赠三洲之","明","王渐逵","中原膴膴，谁其域之。四隩既同，谁其宅之。赫赫神禹，应龙翼之。谁谓天远，倾耳听之。谁谓地广，跂而罄之。我思荩臣，上帝命之。抑抑荩臣，神明其德。上帝之司，下土之式。九围同人，翊我皇极。春阳载和，春日晶晶。有鸣鸧鹒，念我友生。登高作赋，送子于行。","Werneror",""
"印唐宅效首尾吟","明","张子翼","看竹何须问主人，东风和煦草堂春。如屏天远诸峰出，傍户声幽一鸟驯。池向山头分月晓，石于花圃绣苔匀。眼前佳景宜行乐，看竹何曾问主人。","Werneror",""
"江南弄八景 其五 冈尾樵歌","明","霍与瑕","南山山上郁青松，南山山下游儿童，三三两两笑歌浓。笑歌浓，归路晚。牛下山，月出阪。","Werneror",""
"自淮扬舟还竹圃李文中邀同陈大士杨维斗艾千子顾孝侯吴次尾诸子酌牡丹花前拈得娇字","明","黎遂球","不住扬州听玉箫，相思连夜泛江潮。几多花落几多雨，廿四风来廿四桥。下水只愁千片尽，待人还见一丛娇。自今系艇频沉醉，趁值晴林晚步遥。","Werneror",""
"山中八景为友人赋 其三 冈尾朝阳","明","欧必元","朝暾初上斋头，曜色已映冈址。中酒堪嗔主人，高枕西窗未起。","Werneror",""
"将米从蛋户换得鲤鱼一尾重二十斤鲇鱼一尾重三十六斤放生","明","释今无","方乞桃花米，先将换活鱼。红云生锦浪，绿背拔青蕖。万事浮生似，孤舟且慰予。龙门他日起，风雨慎村庐。","Werneror",""
"舟至胥口有鲇鱼一尾重十四斤复买放生","明","释今无","复解鲇鱼索，全倾乞食囊。原无开济力，只检养心方。水更微生得，天从覆物长。年来衰白意，不可问沧浪。","Werneror",""
"观李雪樵明府新制龙尾车图式述为长歌寄邑明府姚齐州兼广其传","明","成鹫","近水知有龙，近山知有虎。我住白鹅潭，自称老渔父。问我何所见，问我何所睹。我实无所见，我实无所睹。七月八月天暵乾，神龙致雨涳濛閒。屈伸垂尾搅云脚，天旋地转波涛翻。云中隐隐见水气，逆流喷薄疑飞湍。商量拟作激水法，心口愤悱神力殚。曾闻西洋利玛窦，师心巧过公输般。制器尚象无不有，玉衡平衡浑等閒。竹木为车效龙尾，剜转汲乾沧海水。倾湫倒峡挽天河，日浸桑田盈十里。见所未见闻所闻，想像虚无空拟议。古今作述谁后先，泷水神君绥山李。生来博学早成名，作令爱民如爱子。前年大旱草木枯，田家争水犹争珠。神君蒿目桔槔拙，县门揭出龙车图。鸠工庀材集众巧，运斤絜矩随奔趋。初为轮轴持两极，循环转毂同天枢。三围四方五斜杀，纵横不爽锱与铢。爰命筠工剖巨竹，截钉编筏旋螺腹。中分水道自逶迤，一脉泉原通九曲。松膏镕液胶漆牢，周遭肉好无盈缩。从容刳木为车墙，合体成圆用各方。精金百炼作簨簴，卧轮旁击相低昂。大器晚成姑小试，一夫抽水如抽汤。中虚外直通大道，事半功倍宁荒唐。留将榜样似同志，语大语小皆精义。同身尺寸随短长，应运风雷起平地。持来古寺逢老僧，妙用当前得未曾。四大假合幻非幻，天工人代能者能。神君大笑入帘去，为雨为霖留不住。缄书寄语姚令公，莫放龙车宿烟雾。","Werneror",""
"补牛尾八阕乐歌辞 其一 载氏","明","张孟兼","彼民之初生兮靡慝。彼熙载兮不知不识。彼一人兮操要会以立极。","Werneror",""
"补牛尾八阕乐歌辞 其二 玄鸟","明","张孟兼","鸸之来，民迎禖矣。鸸之归，民财阜矣。相甲历以制宜，之子兮勤施。","Werneror",""
"补牛尾八阕乐歌辞 其三 遂草木","明","张孟兼","而萌肇茁，而汇弥稷。乃攘乃剔，蕃其质。中我宫室，中我琴瑟。","Werneror",""
"补牛尾八阕乐歌辞 其四 奋五谷","明","张孟兼","种之嘉，播乃畬。出而作，赵其镈。仓斯千，祝百年。乃昭率育，乃游鼓腹。","Werneror",""
"补牛尾八阕乐歌辞 其五 敬天常","明","张孟兼","聿康回自神兮，彼天折其柱。维民彝俶乱兮，畴日监而在兹。乃维其斁，乃安其度。","Werneror",""
"补牛尾八阕乐歌辞 其六 达地功","明","张孟兼","若掘大象兮，调太鸿。乘精拱默兮，耳目内通。维率九寰以承流兮，顺轨从。风亮天工兮，一人斯隆。","Werneror",""
"补牛尾八阕乐歌辞 其七 依地德","明","张孟兼","彼奠而靡隳兮惟厚。取财而勿匮兮，惟百耕者馀饩宿陇首。俾我不武，法其阴德。","Werneror",""
"补牛尾八阕乐歌辞 其八 总万物之极","明","张孟兼","眷群生，气莫阏。芸万百，一何轕。应不求兮，聚必夺。绍物开智兮，一物胥达。","Werneror",""
"焦尾词","明","胡奎","龙门千尺桐，化为爨下焦。不遇蔡中郎，大音终寂寥。所以九苞凤，千年鸣一朝。","Werneror",""
"龙尾山隐者歌","明","胡奎","龙尾之山青蜿蟺，何年跃出东南天。夸娥不能为之员，祖龙不能为之鞭。雷公电母相后先，珠光璧采生重渊。中有幽人颜色好，自采青芝拾瑶草。大丹鍊就金芙蓉，世人得之如得宝。我昨乘閒一访君，清昼柴扉封白云。欲觅仙踪不知处，薜萝凉月秋纷纷。我无隋侯珠，何以报区区。明当南还大庾岭，青鸟来时须寄书。","Werneror",""
"寄升庵调黄莺儿","明","杨安人黄氏","晴雨酿春寒，见繁花树树，残泥涂满眼。登临倦，江流几湾？云山几盘？天涯极目空肠断，寄书难。无情征雁，飞不到滇南。","Werneror",""
"帝王膺受天命至圣之德格于天心故三光全而寒暑时群生和而万物育是以上天昭锡景贶以彰盛美钦惟皇上统绍鸿基主宰神人宵旰图治至仁孚于海内至信昭于天下华夷效顺海宇清宁雨旸晦明各顺其叙时和岁登家给人足乃永乐十一年春二月皇上再狩北京行庆赏黜陟之典田野之民莫不鼓舞欢跃瞻仰日月之光华以为盛世太平之贺乃夏五月丁未山东兖州府曹县以驺虞来献白质黑章五采绚烂目光如电尾长倍躯起伏蹲卧不扰不惊在廷臣僚洎蛮夷酋长与夫工商舆?之徒莫","明","金幼孜","圣皇握乾符，御统膺宝历。宵衣运神化，日昃弗遑息。上追虞周治，远迈汉唐迹。礼乐聿昭宣，人文焕奎壁。雨旸既顺序，寒暑靡差忒。闾阎底丰富，男女乐耕织。洪纤悉包含，物各遂生植。熙然际时雍，鼓舞歌帝力。天心屡眷顾，祖考亦昭格。垂休降纯嘏，咸俾跻寿域。奇祥粲缤纷，和气寔充塞。芳甸荐神龟，南郊醴泉溢。庆云䴡层霄，膏露时委积。赤麟与紫凤，文采何辉奕。维兹邹鲁区，神禹所经画。地灵协坤珍，光气常閟匿。萃精毓仁兽，于以符至德。祥飙振丛薄，瑞采动厓壁。神明为呵护，民庶惊辟易。二虎从左右，驯狎如服役。及兹应时至，入献彤墀侧。猊首而虎躯，黑章而质白。般般云霞文，粲粲雪霜色。双瞳夹明镜，紫电光相射。尾长倍其身，墨花绚胸臆。初阳发光彩，清冰助标格。生刍足不践，生物性不食。俯仰帖不惊，举动甚安适。回翔荷恩宠，天颜惟咫尺。率舞同百兽，跄然中仪则。群臣拜且抃，圣情倍欢怿。缅思仁兽瑞，旷世斯一获。周南托佳咏，千古垂简籍。自从三代降，兹事遂寥寂。我皇继天位，功烈超古昔。往年致嘉祥，来献自藩国。兹晨忽再睹，奇异诚难测。自非神圣功，上瑞何由得。我皇乃弗居，诚心愈谦抑。兢业同禹舜，罔敢怠朝夕。微臣迩清光，谬沗承明直。愧乏班马资，献纳鲜裨益。耿耿怀丹忠，再拜陈悃愊。皇图万姬周，历年逾八百。圣寿天地俱，宝祚绵万亿。作诗谐颂声，庶以播无极。","Werneror",""
"同吴次尾过东林废址","明","顾杲","秋阳暴东林，巍然道南峙。先帝重贤者，拆毁不及此。讲堂遂荒芜，斯道亦已矣。小人紊忠奸，君子杂怒喜。朝野学渐绝，吾汝乃奋起。一二同心人，往往隔千里。春秋偶相过，必求是非理。庶几化党同，他日能不倚。悲风自南来，衰草满基址。垣墉昔谁勤，何以为后死。","Werneror",""
"弘治三年春三月望上御奉天殿亲策天下贡士命公卿及文学之臣赴东阁读卷都宪屠公赋诗以纪盛事诸公相属和之仆忝同事谨步严韵不自知狗尾续貂之不可也 其一","明","何乔新","御柳低垂禁苑春，临轩又睹缛仪新。群英献策陈王道，诸老赓歌颂帝仁。待漏金门晨整佩，论文玉署昼垂绅。连宵襆被容台宿，遥望奎光映紫宸。","Werneror",""
"登西梁矶尾","明","吴与弼","暂纵棱层咫尺踪，江山一览已增雄。脱令病骨生轻翰，飞步危巅又不同。","Werneror",""
"承颜弟书来有眼底流涎摇尾之叹诗以复之","明","庄昶","商人门户几黄昏，云际疏星过雨痕。赤脚大匡千丈雪，婆娑短褐半生温。","Werneror",""
"六十三初度君谦以词为寿和之 其三 驻马听","明","王鏊","镇日逍遥。过去韶华不可招。幸有还丹大药，绝胜盐梅金鼎和调。百年过半总劳劳。奔名逐利何时了。慨彼时豪。东门黄犬，徒增烦恼。","Werneror",""
"六十三初度君谦以词为寿和之 其四 清江引","明","王鏊","古来富贵谁长保。早是抽身好。裴相午桥庄，疏傅都门道。到如今，尚瞻高节操。","Werneror",""
"梁州序 吴惟谦同年寿词","明","王鏊","投簪前日，悬弧今旦，节值中秋刚半。玉山回首，升沈眼见多般。幸有丹崖翠壑，明月清风，天与吾人管。任他荣贵也高眠，无喜无忧便是仙。攀桂侣，曲江宴。看英雄三百纷消散。年七十，几人健。","Werneror",""
"梁州序 过太湖","明","王鏊","东山如画，西山如黛，七十峰峦映带。白银堆里，分明涌出楼台。最喜微风不起，明月高悬，万顷玻璃碎。始知世上，也有蓬莱。濯足船头好快哉。笳鼓闹，管弦沸。看画船摇曳人初醉。千载后，定谁继。","Werneror",""
"梁州序 贺秉之授经府","明","王鏊","山林岑寂，官曹喧闹，吏隐中间最妙。圣恩隆重，天书一纸亲教。管领西湖风月，南国烟霞，尽与舒吟啸。清朝鹓鹭，似总贤劳。输与伊人一著高。莲幕俊，玉堂老。宴高楼日日笙歌绕。尘世梦，几人觉。","Werneror",""
"梁州序 戊寅腊月予幸七十初度同年王守溪少傅寄梁州序为寿依韵奉答","明","谢迁","茫茫江海，悠悠昏旦，叹惜年光易换。迷途世故，从来百样千般。眼底翻云覆雨，狂浪颓波，天也那能管。白云堆稳，也与公眠。吴越相望两地仙，传雅调正家宴便。当筵高咏愁怀散，赓一阕，赛强健。","Werneror",""
"梁州序 守溪明年亦七十中秋后二日其初度也仍用前调一阕寄寿","明","谢迁","中秋前夕，今辰初度，万里清光快睹。香生丛桂，广寒真境清虚。但见斗牛相映，奎璧联辉，元是文章府。洞庭深处，好胜蓬壶。青雀西来蚤寄书，王母降，玉娥舞。笑鹤南飞吾来暮，遥祝赞，寿彭祖。","Werneror",""
"尾溪","明","许相卿","海上烟云朝暮奇，山中日月了残棋。秋来无那顽腰脚，得句寻僧过尾溪。","Werneror",""
"首尾吟二首效宋人体 其一","明","杨巍","我思尧舜时，寮寀尽师师。犹谨危微念，长歌喜起诗。中天悬日月，万古仰纲维。击壤人不见，我思尧舜时。","Werneror",""
"首尾吟二首效宋人体 其二","明","杨巍","我思孔孟时，人得圣贤师。六籍咸遵古，七篇半引诗。无非明帝道，总是正天维。异说纷然出，我思孔孟时。","Werneror",""
"龙尾沟","明","谢士元","当时仲达号知兵，此地如何驻魏营。惧战却甘巾帼辱，至今沟水寂无声。","Werneror",""
"折桂令二首","明","王世贞","问先生酒后如何。潦倒模糊，偃蹇婆娑。枕底烟霞，杖头日月，门外风波。尽皇都、眼眶瞧破。仗青天、信脚胡过。好也由他。歹也由他。便做公卿，当甚么么。问先生不饮何如。一点篝灯，数卷残书。冷却扁舟，闷他五柳，淡杀三闾。太行路、都来胸腹。帝京尘、满上头颅。睡也忧虞。醒也忧虞。不得酕醄，怎便糊涂。","Werneror",""
"由雀儿岭入阆川青梁尾","明","刘崧","历险非吾意，临危信此生。一家微命在，百里畏途轻。草屋怜蜂聚，松崖愧蚁行。喧喧豺虎急，向晚慎前征。路折千湾水，天垂四面山。野人初问战，过客乍投关。地僻烧畬遍，溪深采葛閒。时时听鼙鼓，怅望不知还。","Werneror",""
"清江引","明","孙承恩","篷窗雨来声洒洒。静听心神快。持杯怅远人，厌世羞尘壒。吾将乘桴浮碧海。篷窗雨来人未寝。早已知寒信。暂借酒留春，无奈霜堆鬓。兰缸幽幽频落烬。篷窗雨来声可数。洒壁还飘户。香醪且自斟，佳句谁同赋。离愁黯然怀极浦。篷窗悄然闻夜雨。淅沥无时住。飘萧风送来，倏忽还吹去。前溪水深添几许。篷窗雨声长复短。半是风吹乱。鹧鸪巫峡中，杜宇潇湘岸。平生壮游今已懒。篷窗雨来声滴点。惹起情无限。春风杨柳枝，流水桃花片。我思美人南浦远。篷窗雨声纷复整。飘忽全无定。频添霜雪髭，渐减风云兴。病来瘦容羞对影。篷窗雨来鸣屋瓦。良友同佳话。浮生固有涯，老健应无价。镜中朱颜何处也。篷窗雨声鸣复绝。小酌消长夜。聊将忘世纷，且共耽清暇。人生百年谁是者。篷窗雨馀还袅袅。静听吾情好。弦中山水音，笛里关山调。明朝小庭生碧草。篷窗雨来声渐响。默坐心虚旷。萧萧丛竹间，簌簌梧桐上。灞陵潇湘真髴髣。沉沉雨深当夜午。爽气浮轩户。情忘水竹居，梦断长安路。洗胸中从来尘与土。耳边萧萧还袅袅。风雨同时到。前村烟花微，远寺钟声杳。可人不来添静悄。兰灯摇摇秋夜永。淅沥生清听。平添烟水深，洗濯苔矶净。朝来吾将乘钓艇。风声雨声连四野。萧散篷窗下。一杯聊自持，万虑无萦挂。长安道中泥没马。","Werneror",""
"黄莺儿四首 风","明","孙承恩","阵阵扫浮埃。汎虞弦，上楚台。飘飏兰蕙吹罗带，残云捲开。明月送来。赵家姊妹难禁耐，透人怀。千金无买，宋玉赋应裁。绰约见婵娟。颤巍巍，百种妍。慇勤多费东君剪，欲言不言。端详可怜。含颦凝思如幽怨，看嫣然。春心无限，偎倚在、晚风前。万里正同云。看飘扬，密更匀。素鸾皓鹤来无尽，灞桥苦唫。梁园倒樽。蓝关马足行难进，转缤纷。天寒地凛，妆出个、玉乾坤。冉冉上遥天。散清辉，满大千。霓裳缥缈清虚殿，更筹正传。玉人未眠。栏杆十二凭来遍，对婵娟。莫教云掩，我欲醉西园。","Werneror",""
"补牛尾八阕乐歌辞 载氏","明","张孟兼","彼民之初生兮靡慝。彼熙载兮不知不识。彼一人兮操要会以立极。鸸之来，民迎禖矣。鸸之归，民财阜矣。相甲历以制宜，之子兮勤施。而萌肇茁，而汇弥稷。乃攘乃剔，蕃其质。中我宫室，中我琴瑟。种之嘉，播乃畬。出而作，赵其镈。仓斯千，祝百年。乃昭率育，乃游鼓腹。聿康回自神兮，彼天折其柱。维民彝俶乱兮，畴日监而在兹。乃维其斁，乃安其度。若掘大象兮，调太鸿。乘精拱默兮，耳目内通。维率九寰以承流兮，顺轨从。风亮天工兮，一人斯隆。彼奠而靡隳兮惟厚。取财而勿匮兮，惟百耕者馀饩宿陇首。俾我不武，法其阴德。眷群生，气莫阏。芸万百，一何轕。应不求兮，聚必夺。绍物开智兮，一物胥达。","Werneror",""
"首尾吟二首效宋人体","明","杨巍","我思尧舜时，寮寀尽师师。犹谨危微念，长歌喜起诗。中天悬日月，万古仰纲维。击壤人不见，我思尧舜时。我思孔孟时，人得圣贤师。六籍咸遵古，七篇半引诗。无非明帝道，总是正天维。异说纷然出，我思孔孟时。","Werneror",""
"首尾吟二首","明","苏葵","老夫非是爱谈虚，世事纷纷与梦俱。莫道忘羊专博塞，须知得鹿亦蘧庐。曾闻聃叟论刀密，欲起坡翁笑磨驴。信有眼前一杯酒，老夫非是爱谈虚。老夫非是爱闲言，膏火怜渠谩自煎。汉史偶观方技传，南华深契达生篇。贤愚贵贱真同尽，才辨聪明不要全。几个孟郊鸣未了，老夫非是爱闲言。","Werneror",""
"王子章以道院迎仙客书堂隐相儒为题以栖字金字为韵","明","郑真","琳宫瑶宇迓佺期，弱水蓬莱路不迷。宝剑光寒珠斗泾，长裾影动彩云低。池深碧藻春龙蛰，月满苍松夜鹤栖。况有笙箫谐律吕，好将法酒醉玻瓈。投老星星鬓发侵，经纶事业岂无心。半生独对孙康雪，万里终为傅说霖。碧草窗前空日暮，紫薇垣底自春深。夜来有客欣相问，卖得文章几百金。","Werneror",""
"首尾吟六首","明","陶安","人生何苦走西东，眼底浮云迹易空。远路挈家经至险，大船鬻货伏真穷。马行蜀栈高天碧，猿啸巫山落日红。木叶萧萧时序晏，人生何苦走西东。人生何苦走西东，琴剑淹留邸舍中。故陇楸梧几寒食，荒庭松菊自秋风。天涯月色伤心曲，镜里年华入鬓蓬。但见知归鸿燕去，人生何苦走西东。祸福皆由自己为，莫谈气数怠脩持。壮夫饮酖难逃死，贫者营资不绝炊。贵骨插身遭斲凿，饿文入口繫安危。鬼神予夺无他意，祸福皆由自己为。祸福皆由自己为，古来家国亦如之。隐情毕达群黎悦，谏口才钳万事隳。汉祖宽仁兼楚地，商辛炮烙动周师。兴亡未必俱天定，祸福皆由自己为。报应随心理最真，枢机为主此为宾。杀蛇曾作国中相，度蚁当魁天下人。然火请君先入瓮，出门无验莫容身。快寻善恶源头看，报应随心理最真。报应随心理最真，当存仁厚作贤臣。从来出尔仍反尔，无或刑人更杀人。没后方知廉是伪，生前独以刻为淳。自经沟渎将谁咎，报应随心理最真。","Werneror",""
"首尾吟二十首","明","陶安","达观万象付评量，性命元机孰主张。天地无穷皆一物，帝王有统始三皇。衮衣制礼兴周室，科斗成文出孔堂。可喜生民殊鬼蜮，达观万象付评量。达观万象付评量，底事虚空一色苍。高大绝伦包六合，运行无息系三光。忍令颜蹠殊脩短，偏遇尧汤久雨旸。此意微茫还识否，达观万象付评量。达观万象付评量，今古人间一素王。曾孟有书明道学，汉唐无统烂词章。澄渊静绝风涛险，灵府虚含日月光。参透考亭宗旨后，达观万象付评量。达观万象付评量，自昔王畿制四方。天设函关雄百二，地环洛邑定中央。鹰扬西土功成速，鹿走中原力逐彊。有德易兴无德否，达观万象付评量。达观万象付评量，多少英雄古战场。曾见雌雄分楚汉，从来揖让只虞唐。马牛谣谶归江左，龙凤姿容起晋阳。天命人心非倖致，达观万象付评量。达观万象付评量，过眼荣华梦一场。不把聪明补名教，枉将心志变荒唐。穷经如睹行天日，涉难须经肃物霜。方寸尽能藏宇宙，达观万象付评量。达观万象付评量，欲访丹邱不死乡。天上玉棺如实事，山中金鼎岂良方。偷桃浪尔奇方朔，辟谷飘然独子房。椎碎三神驱恍惚，达观万象付评量。达观万象付评量，楼殿如星起宝坊。唱佛狂谈如有理，参禅兀坐畏无常。法传心印皆文字，形寓阎浮即色香。未必真空都绝物，达观万象付评量。达观万象付评量，大化茫茫气翕张。地辟天开呈海岳，春生秋杀运阴阳。先王礼乐光三代，列国干戈起四方。正闰相承离又合，达观万象付评量。达观万象付评量，司造神功挈纪纲。刬尽剑门除割据，荡平滟滪作康庄。太空日月明无蚀，永夜星辰净敛芒。长愿清宁天地好，达观万象付评量。达观万象付评量，积石龙门势渺茫。西渎流长多润泽，中原地决废耕桑。近年有路通星海，终古无人凿吕梁。莫信槎仙说葱岭，达观万象付评量。达观万象付评量，轗轲由天莫可禳。文士有才多薄命，忠臣仗节或罹殃。鳄鱼遁迹潮民喜，蜃气凌寒海市张。造物还能爱瑰杰，达观万象付评量。达观万象付评量，气化参差亦泛常。美矣长松生涧底，时哉雌雉在山梁。数年许史荣西汉，千古夷齐饿首阳。往事纷纭何止此，达观万象付评量。达观万象付评量，政教流行国祚昌。皇极居尊施五福，人文成化立三纲。世家公子歌麟趾，天下奇才睹凤凰。更有山林安分者，达观万象付评量。达观万象付评量，治日无多乱日长。汉火渐寒三国战，晋疆顿削五湖攘。诫忘金鉴成天宝，法变青苗厄靖康。一统山河忽如此，达观万象付评量。达观万象付评量，历代人才志气扬。佐国大家钟鼎贵，开边能将甲兵彊。乘时立见功名显，持满无如礼法将。骄傲谦恭悬绝甚，达观万象付评量。达观万象付评量，恶物蕃滋苦见妨。秋雨稻畦稂莠长，春风花圃草莱荒。满家厌听喧蝇蚋，当路惊闻走虎狼。元气生生何糅杂，达观万象付评量。达观万象付评量，事遇成全又不长。井邑繁华龙斗野，池台歌舞鹿游场。人情正好生离别，花艳方新遇折伤。郊外行春风雨至，达观万象付评量。达观万象付评量，静玩羲图理数彰。五月豕羸防至弱，六阳龙亢戒全刚。弥纶道妙天无间，辅相功神世永康。太极更求形上者，达观万象付评量。达观万象付评量，喜有贤能列庙堂。多病数年亲药饵，远游千里忆松篁。当门湖水涵天阔，隔树山禽语昼长。岩壑轩裳随所遇，达观万象付评量。","Werneror",""
"首尾吟七首","明","陶安","人于物外莫容心，贫贱何忧富不淫。待价有如藏椟玉，引年无意乞骸金。深山鹿豕情依旧，高阁麒麟事属今。天爵在躬怀至宝，人于物外莫容心。人于物外莫容心，内境神光万象森。衽席严持师保训，羹墙宛见圣贤临。游居道阃清平旦，耕穫书田惜寸阴。陋巷岩廊俱自得，人于物外莫容心。人于物外莫容心，己不求人人自寻。莘野得君亡夏日，傅岩起相作商霖。鹰扬功在九韬略，龙跃威施七纵擒。事业时来皆分内，人于物外莫容心。人于物外莫容心，往事骄盈可作箴。七叶貂蝉权位赫，五侯蜡烛宠恩深。酒肴腐败饥人死，裘马轻肥杰士沈。损抑自无欹器覆，人于物外莫容心。人于物外莫容心，古淡情怀付雅琴。山阁松风贞白氅，野窗梅月杜陵衾。入厨空寂惟存菜，锄地清高不拾金。须信豪奢非久耐，人于物外莫容心。人于物外莫容心，谩有声华动士林。将帅威行丸走坂，君臣道合芥投针。瑟工不计人憎爱，酒旨还随量浅深。老大青天应未负，人于物外莫容心。人于物外莫容心，名教无惭我所歆。正笏立朝安进退，点书教子细披吟。青山渺渺频来梦，华发萧萧渐满簪。齑瓮茶铛清味足，人于物外莫容心。","Werneror",""
"梧州公署新作竹亭喜汪二府诸公见过首尾吟二章","明","符锡","我有尘襟何处开，竹亭长夏思悠哉。痴儿解与移花活，佳客偶能骑马来。总喜军门聊暇日，不妨江馆暂持杯。自怜浮浪君休讶，散局元非用世才。我有尘襟何处开，竹亭长夏思悠哉。疏帘日为看山捲，方帽时因避暑来。诗到忘情空对景，酒缘多病省贪杯。自怜浮浪君休讶，散局元非用世才。","Werneror",""
"作首尾三叠送朱则之还郴阳兼似诸同志","明","湛若水","自笑铅刀不割疑，不疑行处是中思。四时百物皆同运，我得无言送则之。我得无言送则之，中思元只是无思。一条正正堂堂路，掉臂安行更不疑。掉臂安行更不疑，千秋遗叹未之思。即思仁在其中矣，不是他乡外至之。","Werneror",""
"题四小景 道院迎仙客","明","程敏政","日日栖空馆，呼童扫径苔。飘然骑鹤侣，时自海东来。万卷芸香里，萧斋绝点尘。须知调鼎客，原是断齑人。琅玕亲手种，早见拂云梢。要叶虞廷管，殷勤待凤巢。小小储金鲤，池波一镜平。不须桃浪暖，头角亦峥嵘。","Werneror",""
"北仙吕·一半儿","明末清初","尤侗","清和天气晓寒余，客梦江干赋索居，风动琐□绿满除。漫摊书，一半儿斜阳一半儿雨。","Werneror",""
"满庭芳　满城惜别","明末清初","屈大均","金粟堆边，冰蒲水畔，紫骝迢递迎来。月中惊见，光艳似云开。桑落沾唇半醉，将长笛，弄向秦台。天明去，挥鞭岸曲，愁杀渡人催。徘徊。空叹惜，桃花易嫁，凤子难媒。和香雨氤氲，飞作尘埃。坠井银瓶永绝，谁复取、仙液盈杯。应知尔，三春绣阁，幽寂委苍苔。","Werneror",""
"满庭芳　　道场山麓，太白山人亭成吴园次置酒同诸子分韵得人字","明末清初","吴伟业","铁笛横腰，鹤瓢在手，乌巾白袷行吟。仙踪恍惚，埋玉旧烟林。多少唐陵汉寝，王孙梦、一样销沈。残碑在、诗人高士，留得到而今。云深。记此地，相逢五隐，白石同心。喜今朝吾辈，酹酒登临。忽听松风骤响，苏门啸、仿佛遗音。归来晚、峰头斜景，明日约重寻。","Werneror",""
"满庭芳　　水明楼观竞渡","明末清初","吴伟业","紫盖黄旗，白袍银浆，画角声撼潜虬。漦馋鬣怒，热动汨罗愁。最忆龙艘凤舸，迎鸾曲、唱彻扬州。风吹散、残鳞零申，金鼓霎时休。悠悠。来此地，张牙弄爪，睹甚王侯。像重分无楚，巧赛孙刘。回首烟波香霭，斜阳外、几点沙鸥。鸡豚社、村箫蛮管，灯火水明楼。","Werneror",""
"卖花声　晓起买花有感","明末清初","沈谦","风雨连朝，春色不知馀几。见筠篮、粉红香腻。高呼低唤，奈绣帘深闭。料多娇、惺忪犹未。惜花人早，买得酴醾半蕊。手擎来、燕随莺睨。兰闺昔日，有翠螺新髻。今教我、寄将谁是。","Werneror",""
"蝶恋小桃红　秋思","明末清初","沈谦","多情却被秋僝僽。冷落西风，正在重阳后。别泪淋漓淹锦袖。漫将人憔悴比黄花，比黄花还瘦。三年不鼓求凰奏。愁压眉山，镜里时时斗。剔尽残灯挨玉漏。要纱厨重照影儿双，问今生能彀。","Werneror",""
"满庭芳•题金虎文峤庵词","明末清初","沈谦","树合清圆，波澄潋滟，算来几日新秋。风帘自上，虹见雨初收。肠断花间妙句，桐阴下，引满金瓯。都休论，移宫换羽，一味是离愁。高楼。窥淡月，鹦哥影动，茉莉香幽。教雪儿缓唱，试谱箜篌。翻忆历城淮海，千年后、再见风流。空筵伫，芙蓉未老，白鹭下汀洲。","Werneror",""
"昼夜乐•亡妇遗钗，有火珠一颗。今失所在，怅然赋此","明末清初","沈谦","清和风暖樱桃醉。记合卺、成佳会。玉楼向晚妆成，亲见珠钗低坠。椽烛光寒新月晦。红影动、斜飞襟袂。回首漠阜空，竟难寻仙佩。香奁狼藉孤灯背。但留些、断金翠。几番悔恨当时，不与蝶裙同施。簸土扬灰休细觅，怎再上、别人头髻。只道落怀中，却原来是泪。","Werneror",""
"二月九日再过永兴看梅梅花烂发仿佛有怀适仲芳以画册索题遂作短歌书于纸尾","明末清初","钱谦益","西溪梅花千万树，低亚凝香塞行路。永兴两树最绰约，素艳孤荣门相顾。飘黄拂绿傍香楼，春寒日暮含清愁。依然翠袖修林里，遥忆美人溪水头。徙倚沉吟正愁绝，见君画册思飘瞥。开怀落落生云山，触眼纷纷缀香雪。羡君画高神亦闲，趣在苍茫近远间。仲圭残墨泼武水，子久粉本留虞山。我将梅花比君画，月地云阶吐光怪。乞君挥洒墨汁馀，向我萧闲草堂挂。草堂深柳净无尘，淡墨疏窗会赏真。还将玉雪横斜意，举似凌风却月人。","Werneror",""
"采茶歌","明末清初","王邦畿","南山有田不种桑，南山有地不种羊，南山有女不缝裳。女儿七岁学采茶，采茶换得金虾蟆。虾蟆趯趯背光湿，飞作金钗鬓边立。大姑小姑相欢呼，提筐戴笠日未晡。春风冉冉吹百草，今朝不采明朝老。蚕女贤，茶女贤，火云生火烧目前。解得目前渴，南山山雨来屋角。","Werneror",""
"咏尾生","明末清初","陈子升","浮云无特操，皦日中自持。尾生赴梁下，誓从女子期。敢谓断金谬，鸐立俟音仪。不惜久延伫，所嗟子不来。水盈何漫漫，身复安所之。人生不失信，之死甘若饴。梁柱有坚心，悠悠使我思。","Werneror",""
"既作前诗因阅袁公安即事起语云个是春江旧舞楼海棠花下小梁州爱其尖丽复演前意效而小变焉题曰个是","明末清初","陈子升","个是春江绝艳船，芙蓉塘外小游仙。偶看竹泪回双袖，全谱枫香入四弦。细马驮来羞虢国，流莺惊起隔韩嫣。东南亦有秦家女，白日高楼只爱眠。","Werneror",""
"麈尾","明末清初","陈恭尹","麈尾谁家物，谈时废弗能。将无欺白发，喜不受青蝇。饰玉身虽贵，怀琼岁莫徵。山中乐仙隐，非愿有名称。","Werneror",""
"田尾村居","明末清初","屈大均","葛蔓滋三径，榕阴蔽数家。农收霜降稻，圃落小寒瓜。鱼戏流云乱，蝉嘶落日斜。杖藜无事极，吟绕未开花。","Werneror",""
"卖花声　旧曲中","明末清初","屈大均","桃叶渡东西。白鹭飞低。裙腰草长与桥齐。一代曲中人已尽，剩有香溪。脂水半成泥。流入湖堤。荷花欲踏紫骝嘶。燕子衔将魂片片。可是深闺。","Werneror",""
"天净沙　塞上　八首 其一","明末清初","屈大均","沙如乱雪非来。风吹忽作龙堆。塞水横冲不开。马蹄深陷，一鞭飞上平台。","Werneror",""
"天净沙　塞上　八首 其二","明末清初","屈大均","桑乾浊似黄河。冰开难饮明驼。滑滑春泥苦多。卤儿呼渡，雌雄两两吹螺。","Werneror",""
"天净沙　塞上　八首 其三","明末清初","屈大均","关门一线浮图。黄云半塞飞狐。雪尽莺花未藓，骆驼鞍暖，春宵卧过庐奴。","Werneror",""
"天净沙　塞上　八首 其四","明末清初","屈大均","千山已作边墙。长城更与天长。一望教人断肠。紫荆关外，茫茫只有牛羊。","Werneror",""
"天净沙　塞上　八首 其五","明末清初","屈大均","天寒雉兔偏多。挥鞭跃渡洋河。一箭双穿驾鹅。鱼鹰饥汝，鞍边割肉峨峨。","Werneror",""
"天净沙　塞上　八首 其六","明末清初","屈大均","天明已饭黄羊。笳声催上辞乡。泪落边因夕阳。蔚州煤好，春寒可代衣裳。","Werneror",""
"天净沙　塞上　八首 其七","明末清初","屈大均","盘山下见卢龙。三盘始上三峰。欲去依依暮钟。可怜明月，秋来之照边烽。","Werneror",""
"天净沙　塞上　八首 其八","明末清初","屈大均","居庸一口容人。开门谁揖黄巾。虎豹何曾苦辛。黑松林里，无劳间道通秦。","Werneror",""
"天净沙　塞上　八首","明末清初","屈大均","沙如乱雪非来。风吹忽作龙堆。塞水横冲不开。马蹄深陷，一鞭飞上平台。桑乾浊似黄河。冰开难饮明驼。滑滑春泥苦多。卤儿呼渡，雌雄两两吹螺。关门一线浮图。黄云半塞飞狐。雪尽莺花未藓，骆驼鞍暖，春宵卧过庐奴。千山已作边墙。长城更与天长。一望教人断肠。紫荆关外，茫茫只有牛羊。天寒雉兔偏多。挥鞭跃渡洋河。一箭双穿驾鹅。鱼鹰饥汝，鞍边割肉峨峨。天明已饭黄羊。笳声催上辞乡。泪落边因夕阳。蔚州煤好，春寒可代衣裳。盘山下见卢龙。三盘始上三峰。欲去依依暮钟。可怜明月，秋来之照边烽。居庸一口容人。开门谁揖黄巾。虎豹何曾苦辛。黑松林里，无劳间道通秦。","Werneror",""
"红楼梦十二曲 收尾 其十四 飞鸟各投林","清","曹雪芹","为官的家业凋零，富贵的金银散尽。有恩的死里逃生，无情的分明报应。欠命的命已还，欠泪的泪已尽：冤冤相报自非轻，分离聚合皆前定。欲知命短问前生，老来富贵也真侥幸。看破的遁入空门，痴迷的枉送了性命。好一似食尽鸟投林，落了片白茫茫大地真干净！","Werneror",""
"感皇恩•咏镜","清","董以宁","有福共婵娟，相依白首。看尽双蛾似垂柳。此中何处，有个人儿争瘦。笑效颦难效、肠回九。春尘飞处，有时昏黝。拂拭红绵劳玉手。芙蓉映入，疑是潇湘清浏。怪东风起处，吹难皱。","Werneror",""
"五夜余澹心涂次尾及同乡诸兄招饮河房时大雨如注经宵不歇醉归走笔记之","清","李元鼎","插艾怜时序，衔杯共友朋。可堪今夜雨，偏妒一年镫。舫静歌声邈，波喧岸影增。天涯萍聚处，痛饮记吾曾。","Werneror",""
"寄刘伯宗兼问次尾诸孤 其一","清","梅磊","九子山头草木悲，五年江上雁鸿迟。吹箫食拟从人乞，吞炭声还畏友知。吾道荆榛空岁序，中原战斗几须眉。只今才彦看将尽，爱尔冰霜独自持。","Werneror",""
"寄刘伯宗兼问次尾诸孤 其二","清","梅磊","黄云晻暧凤凰台，六代烟花一草莱。覆瓮少虚皇甫誉，衔杯老忆谪仙才。春风蜡屐游应数，夜月然藜阁好开。回首楼山堂上客，遗书孤子重堪哀。","Werneror",""
"梁州","清","吕履恒","蜀道天难上，梁州路已遥。岷嶓蟠北戒，江汉导南条。落日七盘岭，晴天万里桥。独留怀古意，歌哭未能销。","Werneror",""
"蕴山以近诗寄惠州舟中点定漫书纸尾","清","翁方刚","此事辟如作画然，得意乃在笔墨先。龙晴一点却飞去，金针欲渡何由缘。道子之笔项容墨，尚闻洪谷讥其专。象外虽云得摩诘，设色何必非龙眠。吾观营邱华原辈，胸中本有全山川。层峦叠嶂架楼阁，野桥细路分水泉。天然远近与向背，依约脉络相蝉联。然后淡浓视意到，变化开阖非言诠。此须多识多阅历，目存心鉴日复年。位置乃能一一合，孰为粉墨黄朱铅。洎乎神来气来候，但见一片成云烟。向来所取尽糟粕，或进于道通于禅。裹粮方能办远适，求鱼且莫思忘筌。不到解衣盘礴裸，敢希神妙秋毫巅。谢生新诗录寄我，正值惠州初放船。短篷晴日为点定，罗浮日日横几前。偶因即自悟妙理，再书纸尾词牵连。生如问我何处得，得自远麓空江边。","Werneror",""
"闻卖花声","清","秦瀛","一架荼蘼映画屏，卖花声里梦初醒。浑忘八十年光近，还似儿童枕上听。","Werneror",""
"芦墅放舟同映川兄弟蕙畴稚存尚之渊如应尾","清","杨伦","为访招提去，轻桡指曲塍。秋风千顷稻，夜雨半湖菱。潦草杯柈具，喧呼涧谷应。回舟防月黑，林际闪疏镫。","Werneror",""
"读蒋心余先生集书卷尾","清","李如筠","作佛应须慧业身，要知饶舌免回轮。偶然歌哭藏今古，自有文章役鬼神。野史尽翻新乐府，达官谁念老诗人。虚空粉碎知何住，碧落依稀有侍宸。","Werneror",""
"孟蜀石经传世已希闻程芳林明府藏有左传残本顷偶过茂堂段先生斋适见此册于案头急假归摩娑数日字较唐刻稍小而结体端劲仍不让焉册尾有翁阁学诗跋因追和其韵兼呈段先生","清","瞿中溶","王鳣祥写《莲华经》，绀塔遭劫多飘零。昨年友人携以示，楷法尚有唐仪型。柰何孟蜀九经刻，残本仅得仇彤廷。芳林先生今贾服，疏解经谊析渭泾。丰城作令识剑气，获此至宝光晶荧。轻装载归傲廉石，护持千古多神灵。我闻汲汲访石室，舟中空望蓬莱青。神仙之境不可接，伏生口授音难聆。前继开成后嘉祐，安得于此分畦町。酉阳斋头今忽睹，如睹天外堕凤翎。细溯源流叩梗概，一时欲撞洪钟莛。公言武林有一本，夭夭恐鞠心常名。山谷家中实藏弆，张君亲款嫏嬛扃。我应唯唯挟册走，直判一借酒罄瓶。归来挑镫数较录，墨采眩目如奔星。文为鲁昭二年传，征南注并雕岭嵤。六物之占证册府，李君笔记嗤道听。长歌追和纪岁月，后十五载摹轩棂。","Werneror",""
"辛巳除夕与彭同年同宿道观中彭出平生诗读之竟夜遂书其卷尾","清","龚自珍","亦是三生影，同听一杵钟。挑镫人海外，拔剑梦魂中。雪色憺恩怨，诗声破苦空。明朝客盈坐，谁信去年踪。","Werneror",""
"采茶歌","清","许观身","采茶早，冰芽小。采茶晚，绿云满。顾渚蒙顶春风多，女儿连袂来山阿。惊雷之莱吉祥蕊，社前细雨连番过。抽芽纤纤嫩于玉，绿痕瘦比蛾眉绿。山厨欲焙逢禁烟，限期只恐头纲促。茶纲作贡自年年，寒食清明断雪天。制得密云龙小样，君谟搜取入茶笺。公家榷茶问茶户，上品缄斟奉官府。此时但解嗜茶甘，此际谁知采茶苦。今年叶卷芽枯焦，恰值三春少雷雨。荈园早晚偿茶租，田间菜麦还乾枯。","Werneror",""
"书寄陈昼卿书尾","清","陈寿祺","欲归还小住，杯酒许重斟。信宿分离后，相思直到今。大江流远梦，小雅托哀音。记否中山夜，绳床听雨心。","Werneror",""
"病中蒙潘伯寅少宰饷群籍并示消夏六咏率成长歌跋于纸尾","清","王颂蔚","长安六月积淫潦，键关卧病车罕过。欲藉古人起废疾，随身书卷携无多。伻来陈讯走流汗，瑶华循诵颜先和。发函突兀见精椠，如遇卢扁疗沈疴。诸公衮衮富述作，津逮末学犹江河。《消夏六咏》最奇崛，知君饕古穷羲娲。南皮张饮自矜许，邺中七子真幺么。何如锐精究篆古，取证经义功不磨。少宰斋中富藏弆，商周典物如星罗。抉扬土花发奇字，粟雨鬼哭群灵呵。吉金摹据良不易，康成误解凤尾娑。盉煮荐体本非镬，孙陆瞽说殊沿讹。希冯乃以盉为味，《玉篇》传后将谁詑。颉诵不作古文晦，弡释为张池为沱。京洛冠盖掩群雅，崡穆虽博难同科。沙南片石释者鲜，安世默识论不颇。获奋字谊本洨长，钩据脱尽前人窠。隐侯见之必狂喜，可惜宿草归山阿。古印累累亦典贵，嬴刘爵号能缕覼。持此上补百官表，淹贯岂让扶风娥。咄哉彦远不识字，胡言斫玉藐毋驮。石斋遗砚失复得，流传墨妙由东坡。群儿但宝香姜瓦，狗脚邺焉足诃。世间神物各有数，汉百碑砚归烟萝。吴会藏书甲天下，绛云传是扬其波。佞宋主人最后起，爱书成癖犹金陀。一廛百宋悉善本，况有涧翁相切劘。越来溪边石鼓吼，南中旧椠灰兵戈。君家赐书本充栋，一朝化去如龙梭。方今粲晏右文学，明堂黼黻登雅歌。少宰遍窥中秘籍，论思扃禁吟羔紽。月廪悉以置篇简，古绨鼊首熏沈螺。搉扬文史盍朋戠，躧履蹋残厅事莎。孤寒三百尽頫首，搜扬潜逸来槃薖。男儿性命在文字，一卷能寿非坎轲。牟首尽载士安序，传播奚止一刹那。走也浅学本肤受，石墨金薤空摩挲。观碑太学但自恨，鱮柳不辨成蹉跎。君今赠我宛委秘，贫儿暴富惭颜酡。惜我不寻比邻住，假观宝墨穷籀蝌。会当归去访林屋，禹书窃读惊蛟鼍。","Werneror",""
"发石坝往派尾","清","郭传昌","日色不下地，山光一棱云。濛濛松顶雾，摵摵蔗田风。客路黄尘里，人家绿树中。村民如见诧，行李几倥匆。","Werneror",""
"力疾作书寄外因题纸尾","清","姚益敬","尺素初题罢，轻罗泪未干。离愁不堪寄，聊复报平安。","Werneror",""
"听黔调山坡羊","清","弘智","调自边关到石城，此方弦管更多情。游人借得东风力，吹入江南后一声。犹忆秦淮赛《竹枝》，青楼沈水易相思。眼看到处生离别，何故多弹《子夜》词。","Werneror",""
"扶风君有私印曰「黛玉性情、香菱遭际」，钤之牍尾，意有所感，书此为寄 其一","清","丘逢甲","离恨天宫幻色身，散花又坠劫中尘。难消悼玉怜香意，證果红楼梦里人。","Werneror",""
"尾溪","清","孙元衡","雕阴山下绥州道，擂紫骝冲无定河。水回沙走不敢立，停留顷刻身蹉跎。行到天南渡吼尾，涾?不啻重经过。自斗六门绕柴社，派分贯串东西螺。是时秋旱井泉涸，荡潏盘?旋为涡。方春一雨鼋鼍舞，纵有班匠无轻艖。当年上马身手捷，银鞍不动根连柯；今乘笋舆仗人力，诸番火伴来奔波。蚪螭罔象竞擎捧，爬沙百脚工腾那。昔不动颜今股慄，织愁编臆纷乾梭。平生作事耿奇气，履险弗惧心靡他。毋乃勇怯随年改，念此迸泪双滂陀！","Werneror",""
"续美人诗二首前首续上二句后首续下二句凫胫接鹤狗尾续貂两美同心并蒙印可","清","孙原湘","浴罢轻衫出洞房，寻寻觅觅费思量。梧桐月色炎如昼，忆著郎来便觉凉。手搴芍药坐凝思，地久天长在后时。只写灵飞经数字，无人知道定情诗。","Werneror",""
"连理一枝花 送黄大宗归淮阴","清","丁澎","枫冷西陵棹。帆落烟波小。楚天西望，淮阴旧里，当年垂钓。怅归去王孙，已历遍、天涯芳草。霜雁迎寒早。画阁眉重扫。词客飘零，怀中剩有，哀蝉幽掺。好续冰弦，休辜负、凤帏人老。","Werneror",""
"词变 步蟾宫     其二十八 变夜行船","清","丁澎","晓风帘竹吹烟细。揉酥玉、新妆粉腻。鸟愁花怨怯还扶，早鸠啼、好天晴未。小凤留钗看欲醉。凭栏曲、袖罗轻倚。扫淡蛾尖，暗消香袅，花飞阁、茵铺翠。","Werneror",""
"词变 夜行船     其二十九 回前调","清","丁澎","翠铺茵阁飞花袅。香消暗、尖蛾淡扫。倚轻罗袖曲栏凭，醉欲看钗留凤小。未晴天好啼鸠早。扶还怯、怨花愁鸟。腻粉妆新玉酥揉，细烟吹、竹帘风晓。","Werneror",""
"由睫巢移居竹尾小楼","清","张问陶","筑楼不居人，楼已成弃掷。逆彼郢匠心，聊取蔽庭隙。上下数十年，积尘高一尺。如英雄失路，惨澹无颜色。卑陋在一隅，拳曲乾坤窄。空椽啸狐鼠，杂处鬼与蜮。当窗好竹树，翠雨收不得。岂称高明居，宜付穷途客。我昔居虽狭，完小殊清洁。魍魉迫我去，安能恋十笏。大地无所逃，倦羽聊此集。人有阮生泪，楼绝庾公迹。抚兹悟生理，物我成其僻。朅来拨重关，忽入鳅蛇窟。怪形印鹤爪，阴气结人立。恍惚若有凭，森然竖毛发。似非身可托，且庆俗已隔。脱帽执箕帚，祛尘小收拾。撩草罗衾裯，艳之以文墨。何物讶见人，梁间声咄咄。雨檐闻鼠鼬，短檠飞蟙蟔。天以昌吾诗，何以呼逼仄。苍茫十斛酒，浩荡千古月。境遇本漠然，壮心多所激。","Werneror",""
"菩萨蛮•京口遣信南归，因题书尾 其一","清","彭孙遹","绣衾孤拥春寒峭。窗前小玉迎人笑。报道远人回。郎君有信来。循环都读遍。腹内车轮转。何日却归家。恹恹瘦损花。","Werneror",""
"菩萨蛮•京口遣信南归，因题书尾 其二","清","彭孙遹","中秋月落催兰棹。清明寒食逡巡到。青鸟纵传书。不归仍是虚。旧欢真似梦。毕竟功名重。含泪待归期。从头细问伊。","Werneror",""
"菩萨蛮•京口遣信南归，因题书尾 其三","清","彭孙遹","去年除夕兰缸下。熏香被酒更深罢。鸣指又嘉平。迢遥蓟北行。门庭清似水。泪滴鸳鸯被。夜夜捧心眠。何人著意怜。","Werneror",""
"菩萨蛮•京口遣信南归，因题书尾 其四","清","彭孙遹","断红小颊芙蓉浅。檀痕新渍香襟暖。雁字下平芜。还胜雁也无。情知归不得。不是轻抛掷。寄语好加餐。春来风雨寒。","Werneror",""
"摘红英•客中闻卖花声","清","彭孙遹","东风景。吹芳信。卖花声隔墙头粉。耽人恨。教人困。赊得春光，为谁簪鬓。青儿嫩。红儿褪。梦回蝴蝶难重认。情儿闷。心儿忖。别来几日，玫瑰开尽。","Werneror",""
"夜行船•花底私语","清","彭孙遹","半蝉鸳绡轻蘸碧。软春纤湘纨无力。圆靥初分，横波欲泻，心事有谁知得。解意芳姿偏作剧。故意儿弄人羞涩。笑指莲花，向侬偷问，可似粉郎颜色。","Werneror",""
"感皇恩•题北隐山房","清","彭孙遹","深户映花关，纸窗茅屋。栽就潇湘万竿竹。捎云拂日，染出一庭浓绿。石床欹枕处、茶初熟。中有高人，栖迟空谷。冰雪潆洄绝尘俗。欲遗杂佩，采采露兰霜菊。相思何处也、人如玉。","Werneror",""
"小桃红•题悔庵桃花源乐府","清","彭孙遹","好把荷衣制。归隐从兹始。烟外迷津，云中问渡，桃花春水。想武陵当日避秦人，五柳前身是。一曲红牙试。千载还神似。玉骨蝉轻，仙踪羽化，碧霄高逝。想世间不屑折腰人，今古皆如此。","Werneror",""
"满庭芳•晚景和少游韵","清","彭孙遹","饮水虹明，蒸山霞烂，乱帆争渡津门。离人向夕，无绪对芳樽。几上层楼极目，疏林外、落照缤纷。空凝望，天边白苧，烟雨锁空村。羁魂。飞欲去，清江千里，南北中分。怅瑶琴徒在，锦瑟空存。肠断萧娘一纸，罗巾剩、万点檀痕。凭传语，玉儿憔悴，终不负东昏。","Werneror",""
"哨遍•春情和东坡韵","清","彭孙遹","拾翠年时，踏青节候，芳草纷铺地。弄阴晴，景色遍园林，屈指到清明天气。小池边，紫燕欲寻新垒。红襟对掠桃花水。正山杏笼烟，海棠经雨，秾艳天然无比。映高楼何处绿杨枝，又搓得鹅黄千尺丝。总酿就、迷花病酒，怀人几般滋味。素手好同携，郁金屏外朱栏里。欲诉绸缪，鹦鹉生憎忒伶俐。看弱不胜衣，柔如无骨，仙裾怕逐东风起。墨染乌阑，袖沾红唾，脉脉春愁无际。渐画烛烧残繁英飞。坠似绮丛蛱蝶向花低。忙不了、窃香私意。任取粉销春老，一梦消身世。蓬莱水浅，沧海尘扬，毕竟此情难已。九天莺鹤倘相招，为报人生行乐耳。","Werneror",""
"小桃红•手书","清","董以宁","郎写梅花体。轻软如郎意。别后涛笺，叠成双鲤，倩鸿来寄。怎书中柳骨与颜筋，不比当初字。再认棠花记。还是郎亲制。想是年来，摹成旧拓，砚花开矣。莫非他冶貌与柔心，一变都如此。","Werneror",""
"哨遍• 送孙无言从广陵归黄山","清","董以宁","为问先生，且住为佳，何事成归计。却道是、十载趁萍踪，漫逍遥、蜉蝣天地。季主帘边，韩康市上，阅尽人间世。便功业萧曹，文章燕许，不过如斯而已。况他家父子是和非，问商山何与乃公事。白社遗民，黄冠故里，犹然迟矣。再莫羡、扬州佳丽。负了山灵誓。阁梅堤柳，当年几下芜城泪。绣瓦宫娥，银床宾客，只今名姓谁为记。天台可赋，苏门堪啸，奚必江东虎视。把芒鞋整顿，归来閒憩。向轩皇、铸鼎旧高台，饵丹砂、身名俱避。有时来往空庭，一二庄生老子。倘教他日少微星耀，天上来徵处士。好教童子护柴门，道先生高眠未起。","Werneror",""
"夜行船•本意","清","董以宁","青雀舟来新水泻。正怀人、嫦娥欲下。慧山浜里，黄埠墩前，游子最宜今夜。邻舫蝉纱窗亚亚。风过处、微闻兰麝。又还听说，月华将近，多半倚栏看也。","Werneror",""
"感皇恩二首 其一","清","王时翔","寒色乱昏鸦，小窗人醉。袖捧金钗拥衣睡。几条凉月，闲共碧笼烟细。醒时眠不得、还重起。旧梦已遥，后欢难继。一点真诚感郎意。倚屏无语，残灯落灺红碎。只将鸳锦带、揩双泪。","Werneror",""
"感皇恩二首 其二","清","王时翔","小阁俛澄湾，水窗低挂。团扇纱裙坐良夜。荷风消暑，叶叶清香无价。月明星影淡、银河泻。玉体易凉，冰肌生粟。的皪真珠露流乍。兰房深靓，背壁烛花将谢。被轻珍簟滑、金钩下。","Werneror",""
"卖花声二首 其一","清","王时翔","晚镜倦临妆。只坐熏香。是谁蝶梦绕回廊。窥见露寒花有恨，玉泪盈眶。何似淡相忘。不要思量。针儿难透线儿长。渺渺茫茫天一角，隔了疏窗。","Werneror",""
"卖花声二首 其二","清","王时翔","却立看梳妆。暗惹衣香。下楼携手坐西廊。良会乍圆光怕别，袖掩啼眶。是处最难忘。那不思量。路儿争比意儿长。判把勤勤心一片，抛与璚窗。","Werneror",""
"满庭芳•怀霍松林羊城","清","陈匪石","笼柳堤烟，过墙淮月，寄情今古悠悠。径开三益，松菊几番秋。琴趣无弦有会，新声播、山晚青留。烟波外，连绵不断，天北是神州。云浮。游子意，秦关万里，终日凝眸。溯书光藜杖，机影灯篝。无恙春晖寸草，归期阻、清渭东流。桄榔下，鹩枝偶托，重赋仲宣楼。","Werneror",""
"满庭芳•太平花，依程垓体","清","陈匪石","妆靥春迟，繁英雪缀，望中柯叶离披。午阴浓处，香色一般宜。井水能歌柳七，蓬莱醉、还欠新词。仙城迥，青光荡射，丰瑞漫然疑。无穷今古事，琼华价重，瑶圃根移。要普天开遍，玉树交枝。廿四番风过也，芳盟订、多少心期。车书一，衣冠万国，同咏放翁诗。","Werneror",""
"独宿扈尾山庄梦亡室感作","清","林占梅","纸窗飒飒觉风生，一穗明灯暗复明。独夜凄凉真鬼境，空山寂寞少人声。招魂不作蘅芜梦，营葬徒伤宿草情。起坐支颐孤枕上，泪痕如水尚盈盈。","Werneror",""
"过茅港尾庄","清","林占梅","腥血吹风扑面凉，萧条何处觅村庄。千堆白骨皆新冢，十里平沙是战场。落日昏黄闻鬼哭，啼禽呜咽断人肠。当年此地人居密，转眼荒凉倍可伤。","Werneror",""
"台南盐政归台道督办而积弊甚深皆由委员少廉洁者殊可慨也亲饷大鲢鱼双尾赋谢","清","唐赞衮","牢盆习以疲，国课日以竭。况有儇薄徒，罔利穷杪忽。鼠窃术诡憸，狼吞贿乾没。流极将何穷，黯思竖毛发。","Werneror",""
"七月五日阅邸抄知闽马尾基隆有警","清","李望洋","海外音书断几年，南天又报起烽烟。彼苍偏抑英雄志，吾道难期遇合缘。北斗七星光渐动，东瀛一岛势孤悬。自来中外皆遵约，何意西人启衅先。","Werneror",""
"凤邑傀儡山脚有溪曰排律其水甚大长流不绝原水路从北而出外溪突于嘉庆乙亥1815年溪门大塌水势直冲各处田园几变沧海大昆麓陈君廷瑜庄业也适瑜到即倡捐金赀劝勉番仔崙北旗尾埔头三庄业主均同捐金令佃人累石筑堤阔一丈馀长五六丈于是各处田园无致被水冲陷亦全无派累佃农分毫故庄人喜之而作此诗","清","赖纯光","为障狂澜累石头，保全庐井免横流。和虞叠载怀襄患，且庆丰年黍稻谋。不是捐金资倡始，安能决水易田畴。他时结伴坚堤上，须把苏公姓字留。","Werneror",""
"虎尾溪","清","阮蔡文","东螺虎尾之分派，北流西折而联界。去年虎尾宽，今年虎尾隘。去年东螺乾，今年东螺浍。大宗盛时支子依，支子若强大宗坏。馀流附入阿拔泉，虎尾之名犹相沿。阿拔之源阿里山，虎尾之源水沙连。譬如兄弟阋墙变，却于异性共周旋。水有源头木有本，不信但看棠棣篇。","Werneror",""
"虎尾溪","清","陈学圣","履险曾传虎尾滩，沙泥浊涌水奔湍。黄河亦有澄清日，真比包公一笑难。","Werneror",""
"台俗除夕门设纸虎祭以鸭焚之谓可厌煞余名之曰焚虎元夕女子偷折人家花枝谓异日可得佳婿余名之曰窃花往时在京师作梦树堂花二诗谓事极韵且可举以为偶也今兹将毋同因赋四绝句","清","范咸","阶前金薄印于菟，燃虎焚香达九衢。好趁春前辟虚耗，新年事事要欢娱。","Werneror",""
"长尾三娘","清","六十七","翠羽光华绶带长，如云委地美人妆。命名当日非无意，谓胜黄家第四娘。","Werneror",""
"旂尾秋蒐","清","林材","山如展旆簇东南，讲武年年秋待三。风动龙旌辉凤岫，日临?铠耀蛟潭。飞麋不逐金弹落，狡兔乍逢雕羽探。岂是振威徒纵猎，欲教深谷避髼鬖。","Werneror",""
"由洲仔尾到新港夜宿张家书馆","清","郑兼才","是谁首祸煽愚蒙，此地经过感慨同。劫烬黄沙埋白骨，尘踪衰鬓冷悲风。临风市舍无人管，隔里村齐有路通。款客园林曾选胜，槟榔树下竹阴中。","Werneror",""
"经旗尾山","清","郑兼才","层蓝叠翠峙村西，旗尾排风落影齐。天遣好山标两邑，地随流水隔长溪。弥浓庄近笼烟迥，傀儡峰高障雾低。空阔迷濛东港口，年来潮信息鲸鲵。","Werneror",""
"题红蕙花诗册尾 其一","清","龚自珍","香满吟笺酒满卮，枫桥宾客夜灯时。故家池馆今何许，红蕙花开空染枝。","Werneror",""
"题红蕙花诗册尾 其二","清","龚自珍","读罢一时才子句，《骚》香汉艳各精神。十年我恨生差晚，不见风流种蕙人。","Werneror",""
"题红蕙花诗册尾 其三","清","龚自珍","歌板无聊舞袖凉，江南词话断人肠。人生合种闲花草，莫遣黄金怨国香。","Werneror",""
"题红蕙花诗册尾 其四","清","龚自珍","眼前谁是此花身，寂寞猩红万古春。花有家乡侬替管，五湖添个泛舟人。","Werneror",""
"吴市得题名录一册，乃明崇祯戊辰科物也，题其尾一律","清","龚自珍","天心将改礼闱徵，养士犹传十四陵。板荡人材科目重，蓁芜文体史家凭。朱衣点过无光气，淡墨堆中有废兴。资格未高沧海换，半为义士半为僧。","Werneror",""
"折尾滩祀张桓侯庙有作 其一","清","金科豫","千古威灵共水长，江滨俎豆日馨香。暗中回得狂澜转，不使奔涛滞客航。","Werneror",""
"折尾滩祀张桓侯庙有作 其二","清","金科豫","岩顶烟云郁不开，江间波浪吼如雷。从今寄语操舟者，不必仍前对我来。","Werneror",""
"沪尾晓望","清","洪繻","三面青山一面水，一山云霞连海底。人家半在画中看，结水为邻山为市。我来此地欲登舟，风信迟人二日秋。昨夜月明船上望，碧天如水入云飞。水气腥臊船气热，轻移小艇岸傍朅。雨送海风入艇凉，半夜归潮两岸齧。潮头已落岸头高，晓天曙色鸣波涛。帆樯尽在日中悬，日出峰容处处多。峰头犹含昨夜雨，苍崖翠滴浓于乳。高从东岸望汪洋，远天树树青可数。今朝喜得饱眼看，潇洒不知行路难。地经百里风景异，归向舟中话故山。","Werneror",""
"寄讯友人自台北城移居淡水尾","清","洪繻","达士襟怀信不虚，江山随地是吾庐。王维辋水临川墅，潘岳河阳背郭居。千里琴樽千日酒，一房花木一床书。遥知淡水兰溪上，风月烟波结比闾。","Werneror",""
"顾渚采茶歌 其一","清","许传霈","阿侬生小住田家，不惯采花惯采茶。犹喜名山邻顾渚，归来半里路嫌赊。","Werneror",""
"顾渚采茶歌 其二","清","许传霈","同侪约出古鄣城，趁此春和雨乍晴。过尽山头全不管，茶歌一路听分明。","Werneror",""
"顾渚采茶歌 其三","清","许传霈","胜他齿白色鲜妍，却值良辰谷雨前。生怕清香输越宿，忙行馀不一溪烟。","Werneror",""
"顾渚采茶歌 其四","清","许传霈","当年人说石蒲斋，一卷茶笺风味佳。新斗旗枪誇境内，白岩罗嶰早安排。","Werneror",""
"卖花声/浪淘沙","清","蔡琬","西阁旧帷空。惆怅音容。拈花看竹与谁同。记得鸾钗斜插鬓，翠袖香浓。短梦更朦胧。肠断东风。清明寒食过匆匆。一缕香魂招不得，满砌残红。","Werneror",""
"一半儿令","清","陈作芝","昨宵急雪逐风斜。玉树堆成顷刻花。晓起侍儿声忽哗。日烘他。一半儿存留，一半儿化。","Werneror",""
"寿阳曲 道旁孤梅著花，睹此生感","清","许德蘋","一树疏花发，众芳都不如。向天涯、赠将何处。甚殷勤、暗香留几许。轻试问、是谁为主。","Werneror",""
"凤尾冈望海","清","徐昂发","侧磴缘秋毫，连岩眩明晦。蜷局逾积阻，旷望霄宇大。凤翥振华尾，下视九州隘。我来蹑其颠，若陟灵羽背。一身与云轻，迥出天地外。峦岭何隐轸，草树纷映暧。仿佛鱼龙沸，万里沧溟汇。神山恍可接，灏气吞南戒。飒沓风雨来，萧萧鸣众籁。鞺鞳重潮奔，铿鍧群壑会。长啸顾向途，邈然阅人代。","Werneror",""
"恭寿先生于黄山深谷得杖一枝双茎盘曲节目轮囷首尾仍合并为一极离奇瑰异之观为作短歌","清","华龙翔","恭寿之杖一而两，夏后双龙落吾掌。恭寿之杖两而一，駏蛩相合几忘匹。骊珠百六节可数，追琢丁丁缺鬼斧。八年刊木遍神州，遗却黄山笑神禹。或言轩辕丹灶多遗薪，烬馀裂石蟠灵根。双丫竞茁不相让，欲劈未劈成轮囷。或言扶桑相纠老东溟，孙枝迸出仍骈颖。九乌长喙日夜啄，节目蚴虬堕残梗。我来欲把不敢触，恐是生蛟遭缚束。先生兴至时捉之，不借云軿驾双鹄。世途夔峡从崎嵚，扶携直过三山曲。","Werneror",""
"满庭芳五首 其五","清","史承谦","灯影分红，帘痕映翠，朝来独倚雕阑。诗慵酒懒，谁与慰愁颜。晴色渐苏梅柳，风和雪、忽又阑珊。春情远，千回万转，才肯到人间。斑斑听细雨，寒威未减，闷掩重关。叹鬓丝如许，那禁摧残。屈指踏青挑菜，西园路，盼断双弯。怕伊也，生生憔悴，依旧锁眉山。","Werneror",""
"满庭芳五首 其一","清","史承谦","雾盎移根，风廊分种，几枝浅露嫣然。周遮嫩叶，围住碧云鲜。又是梅黄时候，闲阶畔、香到帘前。思量起，同心名字，小摘晚凉天。欹斜添鬓畔，爱他清绝，好伴闲眠。便夜深花气，梦醒犹怜。一种撩人风韵，还应许、莱莉齐肩。斜桥外，薰风几日，吹到小吴船。","Werneror",""
"满庭芳五首 其二","清","史承谦","约采金英，欲携红袖，无端惜别匆匆。鞭丝帽影，肠断短亭东。几夜霜清露冷，秋林色、已作深红。闲商略、旧题诗处，何日碧纱笼。堪悲身世苦，才华如许，也叹文穷。笑画眉深浅，毕竟谁工。且向尊前沉醉，明朝路、愁水愁风。殷勤嘱，玉梅开后，莫忘陇头封。","Werneror",""
"满庭芳五首 其三","清","史承谦","别院霜砧，短亭风笛，听来无限伤神。回思前事，春梦了无痕。未免猿啼鹤怨，心情减、倦谱罗裙。空弹指、露杯分酒，相对月如银。新来添怅望，绵绵远道，楚水湘云。怕粉憔脂悴，无计留春。已是欢丛去眼，今生料、空盼横陈。危栏外，寒鸦落木，愁杀倚楼人。","Werneror",""
"满庭芳五首 其四","清","史承谦","芍药初红，樱挑乍熟，楚天一笑相亲。琴歌酒颂，酬答动兼旬。忽向津亭解缆，离筵畔、檀板频频。梅风过，夕阳烟雨，中有未归春。年来憎蚤虱，流传赋笔，多少伤神。叹骅骝老大，騕袅清新。何事悲沉怫郁，探佳丽、与拂诗尘。西湖畔，冰荷仙桂，留待苦吟人。","Werneror",""
"夜行船二首 其一","清","奕绘","三尺鲤鱼供晚醉。好凉天、蓼花红矣。儿女披蓑，妻孥把柁，坐船头船尾。古今成败浑闲事。有谁争、一江秋水。冷雨敲篷，孤灯结网，说笑大家欢喜。","Werneror",""
"夜行船二首 其二","清","奕绘","三尺鲤鱼供晚醉。好凉天、蓼花红矣。儿女披蓑，妻孥把柁，坐满船头船尾。南朝成败浑闲事，有谁争、一江秋水。冷雨敲篷，孤灯结网，说笑大家欢喜。","Werneror",""
"梁州新郎三首 其一","清","蒋士铨","朱栏三摺幽花，一径留下，当时人影。竹香兰露，玉箫低度谁听。漫忆乘鸾烟雾，踏翠郊原，总是伤心境。怕回风、吹去也断肠声惭愧，千家紫凤笙。秦楼换巫云，凝可怜宵燕子，今番定思，往事向谁明。","Werneror",""
"梁州新郎三首 其二","清","蒋士铨","半螺残墨一边，明镜自写，空庭愁影。长齐绣佛，中年应悔多情。为甚彭家宜慰，李氏征蛮，也有风流性。赚金钱、遥卖我恨冯生，把画像流传，各峒营流星。度金丸迸谢，扬州陆弼弓衣咏，省识处胜丹青。","Werneror",""
"梁州新郎三首 其三","清","蒋士铨","朝衫初脱篮舆，过岭阅遍，炎荒风景。会江楼小，相依嘉佑窗棂。最爱白鹤峰间，无邪齐静，新鉴甘泉井。秋来家、贝足谢居停荔子，垂垂拂户青碧，落洞堪游骋。倚桄榔愿作，遨头领真，一共酩酊。","Werneror",""
"红绣鞋","清","蒋士铨","把笔处，掀髯微笑。构思时，吟鬓斜搔。移宫换羽自推敲。歌来仙吏校，传去解人钞，付卿卿共评度。","Werneror",""
"泊雷尾","清","郑珍","醉灶明朝感客思，密缝衣已就烦挼。九溪三浪平安过，欲乞灵鸦报阿㜷。","Werneror",""
"杏村绘溪山于扇头，自谓得意之作，余既赞赏，不可无诗，因题款尾","清","严金清","风景溪山丽，青青草色齐。板桥春水满，村市酒帘低。游兴随时适，新诗到处题。清明三月未，花雨乱莺啼。","Werneror",""
"感皇恩二首","清","王时翔","寒色乱昏鸦，小窗人醉。袖捧金钗拥衣睡。几条凉月，闲共碧笼烟细。醒时眠不得、还重起。旧梦已遥，后欢难继。一点真诚感郎意。倚屏无语，残灯落灺红碎。只将鸳锦带、揩双泪。小阁俛澄湾，水窗低挂。团扇纱裙坐良夜。荷风消暑，叶叶清香无价。月明星影淡、银河泻。玉体易凉，冰肌生粟。的皪真珠露流乍。兰房深靓，背壁烛花将谢。被轻珍簟滑、金钩下。","Werneror",""
"卖花声二首","清","王时翔","晚镜倦临妆。只坐熏香。是谁蝶梦绕回廊。窥见露寒花有恨，玉泪盈眶。何似淡相忘。不要思量。针儿难透线儿长。渺渺茫茫天一角，隔了疏窗。却立看梳妆。暗惹衣香。下楼携手坐西廊。良会乍圆光怕别，袖掩啼眶。是处最难忘。那不思量。路儿争比意儿长。判把勤勤心一片，抛与璚窗。","Werneror",""
"扶风君有私印曰「黛玉性情、香菱遭际」，钤之牍尾，意有所感，书此为寄","清","丘逢甲","离恨天宫幻色身，散花又坠劫中尘。难消悼玉怜香意，證果红楼梦里人。独怜天付与情痴，妃子琴言弟子诗。此玉不磨香不灭，心头供养已多时。菱镜愁秋怨折磨，西风颦损黛双娥。琼花莫怪无人护，浊气熏天禄蠹多。恨未能离处士家，香零玉堕触情芽。平生揾尽英雄泪，惯向人间吊落花。菱花香瘦剧堪怜，更道蓝田玉化烟。咒玉作仙香作佛，多生同管有情天。悼红轩里笔花忙，院本重翻玉茗堂。王是觉华仙警幻，可怜袍笏未收场。","Werneror",""
"满庭芳五首","清","史承谦","雾盎移根，风廊分种，几枝浅露嫣然。周遮嫩叶，围住碧云鲜。又是梅黄时候，闲阶畔、香到帘前。思量起，同心名字，小摘晚凉天。欹斜添鬓畔，爱他清绝，好伴闲眠。便夜深花气，梦醒犹怜。一种撩人风韵，还应许、莱莉齐肩。斜桥外，薰风几日，吹到小吴船。约采金英，欲携红袖，无端惜别匆匆。鞭丝帽影，肠断短亭东。几夜霜清露冷，秋林色、已作深红。闲商略、旧题诗处，何日碧纱笼。堪悲身世苦，才华如许，也叹文穷。笑画眉深浅，毕竟谁工。且向尊前沉醉，明朝路、愁水愁风。殷勤嘱，玉梅开后，莫忘陇头封。别院霜砧，短亭风笛，听来无限伤神。回思前事，春梦了无痕。未免猿啼鹤怨，心情减、倦谱罗裙。空弹指、露杯分酒，相对月如银。新来添怅望，绵绵远道，楚水湘云。怕粉憔脂悴，无计留春。已是欢丛去眼，今生料、空盼横陈。危栏外，寒鸦落木，愁杀倚楼人。芍药初红，樱挑乍熟，楚天一笑相亲。琴歌酒颂，酬答动兼旬。忽向津亭解缆，离筵畔、檀板频频。梅风过，夕阳烟雨，中有未归春。年来憎蚤虱，流传赋笔，多少伤神。叹骅骝老大，騕袅清新。何事悲沉怫郁，探佳丽、与拂诗尘。西湖畔，冰荷仙桂，留待苦吟人。灯影分红，帘痕映翠，朝来独倚雕阑。诗慵酒懒，谁与慰愁颜。晴色渐苏梅柳，风和雪、忽又阑珊。春情远，千回万转，才肯到人间。斑斑听细雨，寒威未减，闷掩重关。叹鬓丝如许，那禁摧残。屈指踏青挑菜，西园路，盼断双弯。怕伊也，生生憔悴，依旧锁眉山。","Werneror",""
"顾渚采茶歌","清","许传霈","阿侬生小住田家，不惯采花惯采茶。犹喜名山邻顾渚，归来半里路嫌赊。同侪约出古鄣城，趁此春和雨乍晴。过尽山头全不管，茶歌一路听分明。胜他齿白色鲜妍，却值良辰谷雨前。生怕清香输越宿，忙行馀不一溪烟。当年人说石蒲斋，一卷茶笺风味佳。新斗旗枪誇境内，白岩罗嶰早安排。","Werneror",""
"折尾滩祀张桓侯庙有作","清","金科豫","千古威灵共水长，江滨俎豆日馨香。暗中回得狂澜转，不使奔涛滞客航。岩顶烟云郁不开，江间波浪吼如雷。从今寄语操舟者，不必仍前对我来。","Werneror",""
"夜行船二首","清","奕绘","三尺鲤鱼供晚醉。好凉天、蓼花红矣。儿女披蓑，妻孥把柁，坐船头船尾。古今成败浑闲事。有谁争、一江秋水。冷雨敲篷，孤灯结网，说笑大家欢喜。三尺鲤鱼供晚醉。好凉天、蓼花红矣。儿女披蓑，妻孥把柁，坐满船头船尾。南朝成败浑闲事，有谁争、一江秋水。冷雨敲篷，孤灯结网，说笑大家欢喜。","Werneror",""
"寄刘伯宗兼问次尾诸孤","清","梅磊","九子山头草木悲，五年江上雁鸿迟。吹箫食拟从人乞，吞炭声还畏友知。吾道荆榛空岁序，中原战斗几须眉。只今才彦看将尽，爱尔冰霜独自持。黄云晻暧凤凰台，六代烟花一草莱。覆瓮少虚皇甫誉，衔杯老忆谪仙才。春风蜡屐游应数，夜月然藜阁好开。回首楼山堂上客，遗书孤子重堪哀。","Werneror",""
"题红蕙花诗册尾","清","龚自珍","香满吟笺酒满卮，枫桥宾客夜灯时。故家池馆今何许，红蕙花开空染枝。读罢一时才子句，《骚》香汉艳各精神。十年我恨生差晚，不见风流种蕙人。歌板无聊舞袖凉，江南词话断人肠。人生合种闲花草，莫遣黄金怨国香。眼前谁是此花身，寂寞猩红万古春。花有家乡侬替管，五湖添个泛舟人。","Werneror",""
"菩萨蛮•京口遣信南归，因题书尾","清","彭孙遹","绣衾孤拥春寒峭。窗前小玉迎人笑。报道远人回。郎君有信来。循环都读遍。腹内车轮转。何日却归家。恹恹瘦损花。中秋月落催兰棹。清明寒食逡巡到。青鸟纵传书。不归仍是虚。旧欢真似梦。毕竟功名重。含泪待归期。从头细问伊。去年除夕兰缸下。熏香被酒更深罢。鸣指又嘉平。迢遥蓟北行。门庭清似水。泪滴鸳鸯被。夜夜捧心眠。何人著意怜。断红小颊芙蓉浅。檀痕新渍香襟暖。雁字下平芜。还胜雁也无。情知归不得。不是轻抛掷。寄语好加餐。春来风雨寒。","Werneror",""
"梁州新郎三首","清","蒋士铨","朱栏三摺幽花，一径留下，当时人影。竹香兰露，玉箫低度谁听。漫忆乘鸾烟雾，踏翠郊原，总是伤心境。怕回风、吹去也断肠声惭愧，千家紫凤笙。秦楼换巫云，凝可怜宵燕子，今番定思，往事向谁明。半螺残墨一边，明镜自写，空庭愁影。长齐绣佛，中年应悔多情。为甚彭家宜慰，李氏征蛮，也有风流性。赚金钱、遥卖我恨冯生，把画像流传，各峒营流星。度金丸迸谢，扬州陆弼弓衣咏，省识处胜丹青。朝衫初脱篮舆，过岭阅遍，炎荒风景。会江楼小，相依嘉佑窗棂。最爱白鹤峰间，无邪齐静，新鉴甘泉井。秋来家、贝足谢居停荔子，垂垂拂户青碧，落洞堪游骋。倚桄榔愿作，遨头领真，一共酩酊。","Werneror",""
"越调·小桃红","金末元初","杨果","碧湖湖上采芙蓉，人影随波动，凉露沾衣翠绡重。月明中。画船不载凌波梦。都来一段，红幢翠盖，香尽满城风。","Werneror",""
