"题目","朝代","作者","内容","来源","词牌"
"郑伯克段于鄢","先秦","左丘明","初，郑武公娶于申，曰武姜，生庄公及共叔段。庄公寤生，惊姜氏，故名曰寤生。遂恶之。爱共叔段，欲立之。亟请于武公，公弗许。‖及庄公即位，为之请制。公曰：“制，岩邑也。虢叔死焉，他邑唯命。”请京，使居之，谓之京城大叔。‖祭仲曰：“都城过百雉，国之害也。先王之制，大都不过参国之一，中五之一，小九之一。今京不度，非制也。君将不堪。”公曰：“姜氏欲之，焉辟害！”‖对曰：“姜氏何厌之有！不如早为之所。无使滋蔓。蔓，难图也。蔓草犹不可除，况君之宠弟乎！”公曰：“多行不义必自毙。子姑待之。”‖既而大叔命西鄙、北鄙贰于己。公子吕曰：“国不堪贰，君将若之何？欲与大叔，臣请事之；若弗与，则请除之。无生民心。”公曰：“无庸，将自及。”‖大叔又收贰以为己邑，至于廪延。子封曰：“可矣，厚将得众。”公曰：“不义不昵，厚将崩。”‖大叔完聚，缮甲兵，具卒乘，将袭郑。夫人将启之。公闻其期，曰：“可矣！”‖命子封帅车二百乘以伐京。京叛大叔段。段入于鄢。公伐诸鄢。五月辛丑，大叔出奔共。‖书曰：“郑伯克段于鄢。”段不弟，故不言弟；如二君，故曰克；称郑伯，讥失教也，谓之郑志。不言出奔，难之也。‖遂置姜氏于城颍，而誓之曰：“不及黄泉，无相见也。”既而悔之。颍考叔为颍谷封人，闻之，有献于公。公赐之食。食舍肉。公问之。对曰：“小人有母，皆尝小人之食矣，未尝君之羹，请以遗之。”公曰：“尔有母遗，繄我独无！”‖颍考叔曰：“敢问何谓也？”公语之故，且告之悔。对曰：“君何患焉！若阙地及泉，隧而相见，其谁曰不然？”公从之。公入而赋：“大隧之中，其乐也融融！”‖姜出而赋：“大隧之外，其乐也泄泄！”遂为母子如初。‖君子曰：“颖考叔，纯孝也。爱其母，施及庄公。《诗》曰：‘孝子不匮，永锡尔类。’其是之谓乎！”","古文观止",""
"周郑交质","先秦","左丘明","郑武公、庄公为平王卿士。王贰于虢，郑伯怨王。王曰：“无之。”故周、郑交质。王子狐为质于郑，郑公子忽为质于周。王崩，周人将畀虢公政。四月，郑祭足帅师取温之麦；秋，又取成周之禾。周、郑交恶。‖君子曰：“信不由中，质无益也。明恕而行，要之以礼，虽无有质，谁能间之？苟有明信，涧、溪、沼、沚之毛，苹、蘩、蕰藻之菜，筐、筥、锜、釜之器，潢污、行潦之水，可荐于鬼神，可羞于王公，而况君子结二国之信，行之以礼，又焉用质？《风》有《采蘩》、《采苹》，《雅》有《行苇》、《泂酌》，昭忠信也。”","古文观止",""
"石碏谏宠州吁","先秦","左丘明","卫庄公娶于齐东宫得臣之妹，曰庄姜。美而无子，卫人所为赋《硕人》也。‖又娶于陈，曰厉妫，生孝伯，蚤死。其娣戴妫生桓公，庄姜以为己子。‖公子州吁，嬖人之子也。有宠而好兵，公弗禁，庄姜恶之。‖石碏谏曰：“臣闻爱子，教之以义方，弗纳于邪。骄、奢、淫、佚，所自邪也；四者之来，宠禄过也。将立州吁，乃定之矣；若犹未也，阶之为祸。夫宠而不骄，骄而能降，降而不憾，憾而能眕者，鲜矣。且夫贱妨贵，少陵长，远间亲，新间旧，小加大，淫破义，所谓‘六逆’也；君义，臣行，父慈，子孝，兄爱，弟敬，所谓‘六顺’也。去顺效逆，所以速祸也。君人者，将祸是务去，而速之，无乃不可乎？”‖弗听。其子厚与州吁游，禁之，不可。桓公立，乃老。","古文观止",""
"臧僖伯谏观鱼","先秦","左丘明","春，公将如棠观鱼者。‖臧僖伯谏曰：“凡物不足以讲大事，其材不足以备器用，则君不举焉。君将纳民于轨物者也。故讲事以度轨量，谓之‘轨’；取材以章物采，谓之‘物’。‖不轨不物，谓之乱政。乱政亟行，所以败也。故春搜、夏苗、秋狝、冬狩，皆于农隙以讲事也。三年而治兵，入而振旅，归而饮至，以数军实。昭文章，明贵贱，辨等列，顺少长，习威仪也。鸟兽之肉，不登于俎，皮革齿牙、骨角毛羽，不登于器，则君不射，古之制也。若夫山林川泽之实，器用之资，皂隶之事，官司之守，非君所及也。”‖公曰：“吾将略地焉。”遂往，陈鱼而观之。‖僖伯称疾不从。‖书曰“公矢鱼于棠”非礼也，且言远地也。","古文观止",""
"郑庄公戒饬守臣","先秦","左丘明","秋七月，公会齐侯、郑伯伐许。庚辰，傅于许。颍考叔取郑伯之旗蝥弧以先登，子都自下射之，颠。瑕叔盈又以“蝥弧”登，周麾而呼曰：“君登矣！”郑师毕登。壬午，遂入许。许庄公奔卫。齐侯以许让公，公曰：“君谓许不共，故从君讨之。许既伏其罪矣，虽君有命，寡人弗取与闻。”乃与郑人。‖郑伯使许大夫百里奉许叔以居许东偏，曰：“天祸许国，鬼神实不逞于许君，而假手于我寡人。寡人唯是一二父兄不能共亿，其敢以许自为功乎？寡人有弟，不能和协，而使糊其口于四方，其况能久有许乎？吾子其奉许叔以抚柔此民也，吾将使获也佐吾子。若寡人得没于地，天其也礼，悔祸于许，无宁兹许公复奉其社稷。唯我郑国之有请谒焉，如旧昏媾，其能降以相从也。无滋他族实逼处此，以与我郑国争此土也。吾子孙其覆亡之不暇，而况能禋祀许乎？寡人之使吾子处此，不惟许国之为，亦聊以固吾圉也。”乃使公孙获处许西偏，曰：“凡而器用财贿，无置于许，我死，乃亟去之。吾先君新邑于此；王室而既卑矣，周之子孙日失其序。夫许，大岳之胤也。天而既厌周德矣，吾其能与许争乎？”‖君子谓“郑庄公于是乎有礼。礼，经国家，定社稷，序人民，利后嗣者也。‖许无刑而伐之，服而舍之；度德而处之，量力而行之，相时而动，无累后人，可谓知礼矣。”","古文观止",""
"臧哀伯谏纳郜鼎","先秦","左丘明","夏四月，取郜大鼎于宋，纳于大庙。非礼也。‖臧哀伯谏曰：“君人者，将昭德塞违，以临照百官；犹惧或失之，故昭令德以示子孙。是以清庙茅屋，大路越席，大羹不致，粢食不凿，昭其俭也。衮、冕、黻、珽，带、裳、幅、舄，衡、𬘘、纮、𫄧，昭其度也。藻、率、鞞、鞛，鞶、厉、游、缨，昭其数也。火、龙、黼、黻，昭其文也。五色比象，昭其物也。‖钖、鸾、和铃，昭其声也。三辰旗旗，昭其明也。夫德，俭而有度，登降有数。‖文、物以纪之，声、明以发之，以临照百官。百官于是乎戒俱而不敢易纪律。今灭德立违，而置其赂器于大庙，以明示百官。百官象之，其又何诛焉？国家之败，由官邪也；官之失德，宠赂章也。郜鼎在庙，章孰甚焉？武王克商，迁九鼎于洛邑，义士犹或非之，而况将昭违乱之赂器于大庙，其若之何？”公不听。‖周内史闻之，曰：“臧孙达其有后于鲁乎，君违，不忘谏之以德。”","古文观止",""
"季梁谏追楚师","先秦","左丘明","楚武王侵随，使䓕章求成焉，军于瑕以待之。随人使少师董成。斗伯比言于楚子曰：“吾不得志于汉东也，我则使然。我张吾三军，而被吾甲兵，以武临之，彼则惧而协以谋我，故难间也。汉东之国，随为大。随张，必弃小国。小国离，楚之利也。少师侈，请羸师以张之。”熊率且比曰：“季梁在，何益？”斗伯比曰：“以为后图，少师得其君。”王毁军而纳少师。‖少师归，请追楚师。随侯将许之，季梁止之曰：“天方授楚，楚之羸，其诱我也，君何急焉？臣闻小之能敌大也，小道大淫。所谓道，忠于民而信于神也。‖上思利民，忠也。祝史正辞，信也。今民馁而君逞欲，祝史矫举以祭，臣不知其可也。”公曰：“吾牲牷肥腯，粢盛丰备，何则不信？”对曰：“夫民，神之主也。是以圣王先成民而后致力于神。故奉牲以告曰：‘博硕肥腯。’谓民力之普存也，谓其畜之硕大蕃滋也，谓其不疾瘯蠡也，谓其备腯咸有也。奉盛以告曰‘洁粢丰盛。’谓其三时不害，而民和年丰也。奉酒醴以告曰：‘嘉栗旨酒’。谓其上下皆有嘉德，而无违心也。所谓馨香，无谗慝也。故务其三时，修其五教，亲其九族，以致其禋祀。于是乎民和而神降之福，故动则有成。今民各有心，而鬼神乏主，君虽独丰，其何福之有？君姑修政而亲兄弟之国，庶免于难。”随侯惧而修政，楚不敢伐。","古文观止",""
"曹刿论战","先秦","左丘明","齐师伐我。公将战。曹刿请见。其乡人曰：“肉食者谋之，又何间焉？”刿曰：“肉食者鄙，未能远谋。”遂入见。‖问：“何以战？”公曰：“衣食所安，弗敢专也，必以分人。”对曰：“小惠未遍，民弗从也。”公曰：“犠牲玉帛，弗敢加也，必以信。”对曰：“小信未孚，神弗福也。”公曰：“小大之狱，虽不能察，必以情。”对曰：“忠之属也，可以一战。战则请从。”‖公与之乘，战于长勺。公将鼓之，刿曰：“未可。”齐人三鼓，刿曰：“可矣。”齐师败绩。公将驰之，刿曰：“未可。”下，视其辙，登轼而望之，刿曰：“可矣。”遂逐齐师。‖既克，公问其故。对曰：“夫战，勇气也。一鼓作气；再而衰；三而竭。彼竭我盈，故克之。夫大国，难测也，惧有伏焉。吾视其辙乱，望其旗靡，故逐之。”","古文观止",""
"齐桓公伐楚盟屈完","先秦","左丘明","春，齐侯以诸侯之师侵蔡，蔡溃，遂伐楚。楚子使与师言曰：“君处北海，寡人处南海，唯是风马牛不相及也，不虞君之涉吾地也，何故？”管仲对曰：“昔召康公命我先君太公曰：五侯九伯，女实征之，以夹辅周室。赐我先君履东至于海，西至于河，南至于穆陵，北至于无棣。尔贡包茅不入，王祭不共，无以缩酒，寡人是征。昭王南征而不复，寡人是问。”对曰：“贡之不入，寡君之罪也，敢不共给。昭王之不复，君其问诸水滨！”师进，次于陉。‖夏，楚子使屈完如师。师退，次于召陵。齐侯陈诸侯之师，与屈完乘而观之。‖齐侯曰：“岂不谷是为？先君之好是继。与不谷同好，何如？”对曰：“君惠徼福于敝邑之社稷，辱收寡君，寡君之愿也。”齐侯曰：“以此众战，谁能御之？‖以此攻城，何城不克？”对曰：“君若以德绥诸侯，谁敢不服？君若以力，楚国方城以为城，汉水以为池，虽众，无所用之。”‖屈完及诸侯盟。","古文观止",""
"宫之奇谏假道","先秦","左丘明","晋侯复假道于虞以伐虢。宫之奇谏曰：“虢，虞之表也。虢亡，虞必从之。‖晋不可启，寇不可玩，一之为甚，其可再乎？谚所谓‘辅车相依，唇亡齿寒’者，其虞、虢之谓也。”‖公曰：“晋，吾宗也。岂害我哉？”对曰：“大伯、虞仲，大王之昭也。大伯不从，是以不嗣。虢仲、虢叔，王季之穆也。为文王卿士，勋在王室，藏于盟府。将虢是灭，何爱于虞？且虞能亲于桓、庄乎，其爱之也？桓、庄之族何罪，而以为戮，不唯逼乎？亲以宠逼，犹尚害之，况以国乎？”‖公曰：“吾享祀丰洁，神必据我。”对曰：“臣闻之，鬼神非人实亲，惟德是依。故《周书》曰：‘皇天无亲，惟德是辅。’又曰：‘黍稷非馨，明德惟馨。’又曰：‘民不易物，惟德繄物。’如是，则非德民不和，神不享矣。神所冯依，将在德矣。若晋取虞而明德以荐馨香，神其吐之乎？”‖弗听，许晋使。宫之奇以其族行，曰：“虞不腊矣。在此行也，晋不更举矣。”‖冬晋灭虢。师还，馆于虞，遂袭虞，灭之，执虞公。","古文观止",""
"齐桓下拜受胙","先秦","左丘明","会于葵丘，寻盟，且修好，礼也。王使宰孔赐齐侯胙，曰：“天子有事于文武，使孔赐伯舅胙。”齐侯将下拜。孔曰：“且有后命。天子使孔曰：‘以伯舅耋老，加劳，赐一级，无下拜。’”对曰：“天威不违颜咫尺，小白余敢贪天子之命‘无下拜！’？恐陨越于下，以遗天子羞。敢不下拜！”下，拜，登，受。","古文观止",""
"阴饴甥对秦伯","先秦","左丘明","十月，晋阴饴甥会秦伯，盟于王城。秦伯曰：“晋国和乎？”对曰：“不和。‖小人耻失其君而悼丧其亲，不惮征纟善以立圉也。曰：‘必报仇，宁事戎狄。’君子爱其君而知其罪，不惮征纟善以待秦命。曰：‘必报德，有死无二。’以此不和。”秦伯曰：“国谓君何？”对曰：“小人戚，谓之不免；君子恕，以为必归。小人曰：‘我毒秦，秦岂归君？’君子曰：‘我知罪矣，秦必归君。贰而执之，服而舍之，德莫厚焉，刑莫威焉。服者怀德，贰者畏刑，此一役也，秦可以霸。纳而不定，废而不立，以德为怨，秦不其然。’”秦伯曰：“是吾心也。”‖改馆晋侯，馈七牢焉。","古文观止",""
"子鱼论战","先秦","左丘明","楚人伐宋以救郑。宋公将战。大司马固谏曰：“天之弃商久矣，君将兴之，弗可赦也已。”弗听。‖及楚人战于泓。宋人既成列，楚人未既济，司马曰：“彼众我寡，及其未既济也，请击之。”公曰：“不可。”既济而未成列，又以告。公曰：“未可。”‖既陈而后击之，宋师败绩，公伤股，门官歼焉。‖国人皆咎公。公曰：“君子不重伤，不禽二毛。古之为军也，不以阻隘也。‖寡人虽亡国之余，不鼓不成列。”子鱼曰：“君未知战。勍敌之人，隘而不列，天赞我也。阻而鼓之，不亦可乎？犹有惧焉。且今之勍者，皆吾敌也。虽及胡耇，获则取之，何有于二毛？明耻教战，求杀敌也。伤未及死，如何勿重？若爱重伤，则如勿伤；爱其二毛，则如服焉。三军以利用也，金鼓以声气也。利而用之，阻隘可也。声盛致志，鼓儳可也。”","古文观止",""
"寺人披见文公","先秦","左丘明","吕、郤畏逼，将焚公宫而弑晋侯。寺人披请见。公使让之，且辞焉。曰：“蒲城之役，君命一宿，女即至。其后，余从狄君以田渭滨，女为惠公来求杀余，命女三宿，女中宿至。虽有君命，何其速也？夫袪犹在，女其行乎！”对曰：“臣谓君之入也，其知之矣；若犹未也，又将及难。君命无二，古之制也。除君之恶，唯力是视。蒲人、狄人余何有焉？今君即位，其无蒲、狄乎？齐桓公置射钩而使管仲相，君若易之，何辱命焉？行者甚众，岂唯刑臣？”‖公见之，以难告。‖晋侯潜会秦伯于王城。己丑晦，公宫火。瑕甥、郤芮不获公，乃如河上，秦伯诱而杀之。","古文观止",""
"介之推不言禄","先秦","左丘明","晋侯赏从亡者，介之推不言禄；禄亦弗及。‖推曰：“献公之子九人，唯君在矣。惠、怀无亲，外内弃之。天未绝晋，必将有主。主晋祀者，非君而谁？天实置之，而二三子以为己力，不亦诬乎？窃人之财，犹谓之盗，况贪天之功以为己力乎？下义其罪，上赏其奸，上下相蒙，难与处矣。”‖其母曰：“盍亦求之？以死谁怼？”对曰：“尤而效之，罪又甚焉。且出怨言，不食其食。”其母曰：“亦使知之，若何？”对曰：“言，身之文也；身将隐，焉用文之？是求显也。”其母曰：“能如是乎？与汝偕隐。”遂隐而死。‖晋侯求之不获，以绵上为之田。曰：“以志吾过，且旌善人。”","古文观止",""
"展喜犒师","先秦","左丘明","齐孝公伐我北鄙。公使展喜犒师，使受命于展禽。齐侯未入竟，展喜从之，曰：“寡君闻君亲举玉趾，将辱于敝邑，使下臣犒执事。”齐侯曰：“鲁人恐乎？”‖对曰：“小人恐矣，君子则否。”齐侯曰：“室如县罄，野无青草，何恃而不恐？”‖对曰：“恃先王之命。昔周公、大公，股肱周室，夹辅成王。成王劳之，而赐之盟。曰：‘世世子孙，无相害也。’载在盟府，太师职之。桓公是以纠合诸侯，而谋其不协，弥缝其阙，而匡救其灾，昭旧职也。及君即位，诸侯之望曰：‘其率桓之功。’我敝邑用不敢保聚，曰：‘岂其嗣世九年，而弃命废职，其若先君何？’君必不然。恃此以不恐。”‖齐侯乃还。","古文观止",""
"烛之武退秦师","先秦","左丘明","晋侯、秦伯围郑，以其无礼于晋，且贰于楚也。晋军函陵，秦军泛南。佚之狐言于郑伯曰：“国危矣！若使烛之武见秦君，师必退。”公从之。辞曰：“臣之壮也，犹不如人；今老矣，无能为也已。”公曰：“吾不能早用子，今急而求子，是寡人之过也。然郑亡，子亦有不利焉！”许之。‖夜缒而出。见秦伯曰：“秦、晋围郑，郑既知亡矣。若亡郑而有益于君，敢以烦执事。越国以鄙远，君知其难也。焉用亡郑以陪邻？邻之厚，君之薄也。若舍郑以为东道主，行李之往来，共其乏困，君亦无所害。且君尝为晋君赐矣，许君焦、瑕，朝济而夕设版焉，君之所知也。夫晋何厌之有？既东封郑，又欲肆其西封。若不阙秦，将焉取之？阙秦以利晋，唯君图之。”‖秦伯说，与郑人盟，使杞子、逢孙、杨孙戍之，乃还。子犯请击之。公曰：“不可。微夫人之力不及此。因人之力而敝之，不仁；失其所与，不知；以乱易整，不武。吾其还也。”亦去之。","古文观止",""
"蹇叔哭师","先秦","左丘明","杞子自郑使告于秦曰：“郑人使我掌其北门之管，若潜师以来，国可得也。”‖穆公访诸蹇叔，蹇叔曰：“劳师以袭远，非所闻也。师劳力竭，远主备之，无乃不可乎？师之所为，郑必知之。勤而无所，必有悖心。且行千里，其谁不知？”‖公辞焉。召孟明、西乞、白乙，使出师于东门之外。蹇叔哭之，曰：“孟子，吾见师之出而不见其入也。”公使谓之曰：“尔何知！中寿，尔墓之木拱矣！”‖蹇叔之子与师，哭而送之，曰：“晋人御师必于殽。殽有二陵焉：其南陵，夏后皋之墓也；其北陵，文王之所辟风雨也。必死是间，余收尔骨焉。”秦师遂东。","古文观止",""
"郑子家告赵宣子","先秦","左丘明","晋侯合诸侯于扈，平宋也。于是晋侯不见郑伯，以为贰于楚也。‖郑子家使执讯而与之书，以告赵宣子。曰：“寡君即位三年，召蔡侯而与之事君。九月，蔡侯入于敝邑以行。敝邑以侯宣多之难，寡君是以不得与蔡侯偕。‖十一月，克减侯宣多，而随蔡侯以朝于执事。十二年六月，归生佐寡君之嫡夷，以请陈侯于楚，而朝诸君。十四年七月，寡君又朝，以蒇陈事。十五年五月，陈侯自敝邑往朝于君。往年正月，烛之武往朝夷也。八月，寡君又往朝。以陈、蔡之密迩于楚而不敢贰焉，则敝邑之故也。虽敝邑之事君，何以不免？在位之中，一朝于襄，而再见于君。夷与孤之二三臣相及于绛，虽我小国，则蔑以过之矣。‖今大国曰：‘尔未逞吾志。’敝邑有亡，无以加焉。古人有言曰：‘畏首畏尾，身其余几？’又曰；‘鹿死不择音。’小国之事大国也，德，则其人也；不德，则其鹿也。铤而走险，急何能择。命之罔极，亦知亡矣，将悉敝赋，以待于鯈，唯执事命之。文公二年，朝于齐。四年，为齐侵蔡，亦获成于楚。居大国之间而从于强令，岂其罪也大国若弗图，无所逃命。”‖晋巩朔行成于郑，赵穿、公婿池为质焉。","古文观止",""
"王孙满对楚子","先秦","左丘明","楚子伐陆浑之戎，遂至于洛，观兵于周疆。定王使王孙满劳楚子。楚子问鼎之大小轻重焉。对曰：“在德不在鼎。昔夏之方有德也，远方图物，贡金九牧。‖铸鼎象物，百物而为之备，使民知神奸。故民入川泽山林，不逢不若。螭魅罔两，莫能逢之。用能协于上下，以承天休。桀有昏德，鼎迁于商，载祀六百。商纣暴虐，鼎迁于周。德之休明，虽小，重也；其奸回昏乱，虽大，轻也。天祚明德，有所底止。成王定鼎于郏鄏，卜世三十，卜年七百，天所命也。周德虽衰，天命未改。鼎之轻重，未可问也。”","古文观止",""
"齐国佐不辱命","先秦","左丘明","晋师从齐师，入自丘舆，击马陉。齐侯使宾媚人赂以纪甗、玉磬与地。“不可，则听客之所为。”‖宾媚人致赂，晋人不可，曰：“必以萧同叔子为质，而使齐之封内尽东其亩。”‖对曰：“萧同叔子非他，寡君之母也。若以匹敌，则亦晋君之母也。吾子布大命于诸侯，而曰必质其母以为信，其若王命何？且是以不孝令也。《诗》曰：‘孝子不匮，永锡尔类’若以不孝令于诸侯，其无乃非德类也乎？先王疆理天下，物土之宜而布其利。故《诗》曰：‘我疆我理，南东其亩。’今吾子疆理诸侯，而曰‘尽东其亩’而已，唯吾子戎车是利，无顾土宜，其无乃非先王之命也乎？反先王则不义，何以为盟主？其晋实有阙！四王之王也，树德而济同欲焉；五伯之霸也，勤而抚之，以役王命。今吾子求合诸侯，以逞无疆之欲。《诗》曰：‘布政优优，百禄是乃。’子实不优，而弃百禄，诸侯何害焉！不然，寡君之命使臣，则有辞矣。曰：‘子以君师辱于敝邑，不腆敝赋，以犒从者。畏君之震，师徒挠败，吾子惠徼齐国之福，不泯其社稷，使继旧好。唯是先君之敝器土地不敢爱。‖子又不许。请收合余烬，背城借一。敝邑之幸，亦云从也。况其不幸，敢不唯命是听’”","古文观止",""
"楚归晋知䓨","先秦","左丘明","晋人归楚公子谷臣与连尹襄老之尸于楚，以求知䓨，于是，荀首佐中军矣，故楚人许之。‖王送知䓨，曰：“子其怨我乎？”对曰：“二国治戎，臣不才，不胜其任，以为俘馘。执事不以衅鼓，使归即戮，君之惠也。臣实不才，又谁敢怨？”王曰：“然则德我乎？”对曰：“二国图其社稷，而求纾其民。各惩其忿，以相宥也。‖两释累囚，以成其好。二国有好，臣不与及，其谁敢德？”王曰：“子归，何以报我？”对曰：“臣不任受怨，君亦不任受德，无怨无德，不知所报。”王曰：“虽然，必告不谷。”对曰：“以君之灵，累臣得归骨于晋，寡君之以为戮，死且不朽。若从君惠而免之，以赐君之外臣首，首其请于寡君，而以戮于宗，亦死且不朽。若不获命，而使嗣宗职，次及于事，而帅偏师以修封疆，虽遇执事，其弗敢违。其竭力致死，无有二心，以尽臣礼，所以报也。”王曰：“晋未可与争。”‖重为之礼而归之。","古文观止",""
"吕相绝秦","先秦","左丘明","晋侯使吕相绝秦，曰：昔逮我献公及穆公相好，戮力同心，申之以盟誓，重之以昏姻。天祸晋国，文公如齐，惠公如秦。无禄，献公即世。穆公不忘旧德，俾我惠公用能奉祀于晋。‖又不能成大勋，而为韩之师。亦悔于厥心，用集我文公，是穆之成也。‖文公躬擐甲胄，跋履山川，逾越险阻，征东之诸侯——虞、夏、商、周之胤——而朝诸秦，则亦既报旧德矣。郑人怒君之疆埸，我文公帅诸侯及秦围郑。秦大夫不询于我寡君，擅及郑盟。诸侯疾之，将致命于秦。文公恐惧，绥靖诸侯。‖秦师克还，无害，则是我有大造于西也。‖无禄，文公即世，穆不为吊，蔑死我君，寡我襄公，迭我殽地，奸绝我好，伐我保城，殄灭我费滑，散离我兄弟，挠乱我同盟，倾覆我国家。我襄公未忘君之旧勋，而惧社稷之陨，是以有殽之师。犹愿赦罪于穆公。穆公弗听，而即楚谋我。天诱其衷，成王陨命，穆公是以不克逞志于我。‖穆、襄即世，康、灵即位。康公我之自出，又欲阙剪我公室，倾覆我社稷，帅我蟊贼，以来荡摇我边疆。我是以有令狐之役。康犹不悛，入我河曲，伐我涑川，俘我王官，剪我羁马。我是以有河曲之战。东道之不通，则是康公绝我好也。‖及君之嗣也，我君景公引领西望，曰：“庶抚我乎？”君亦不惠称盟。利吾有狄难，入我河县，焚我箕、郜，芟夷我农功，虔刘我边陲。我是以有辅氏之聚。‖君亦悔祸之延，而欲徼福于先君献、穆，使伯车来命我景公，曰：“吾与女同好弃恶，复修旧德，以追念前勋。”言誓未就，景公即世。我寡君是以有令狐之会。‖君又不祥，背弃盟誓。白狄及君同州，君之仇雠，而我之昏姻也。君来赐命曰：“吾与女伐狄”寡君不敢顾昏姻，畏君之威，而受命于使。君有二心于狄，曰：“晋将伐女。”狄应且憎，是用告我。楚人恶君之二三其德也，亦来告我曰：“秦背令狐之盟，而来求盟于我，昭告昊天上帝、秦三公，楚三王，曰：‘余虽与晋出入，余唯利是视，不谷恶其无成德，是用宣之，以惩不一。”诸侯备闻此言，斯是用痛心疾首，昵就寡人。寡人帅以听命，惟好是求。君若惠顾诸侯，矜哀寡人，而赐之盟，则寡人之愿也。其承宁诸侯以退，岂敢徼乱？君若不施大惠，寡人不佞，其不能以诸侯退矣。‖敢尽布之执事，俾执事实图利之！","古文观止",""
"驹支不屈于晋","先秦","左丘明","会于向，将执戎子驹支。‖范宣子亲数诸朝。曰：“来，姜戎氏！昔秦人迫逐乃祖吾离于瓜州，乃祖吾离被苫盖，蒙荆棘，以来归我先君。我先君惠公有不腆之田，与女剖分而食之。‖今诸侯之事我寡君，不如昔者，盖言语漏泄。则职女之由。诘朝之事，尔无与焉！‖与，将执女！”‖对曰：“昔秦人负恃其众，贪于土地，逐我诸戎。惠公蠲其大德，谓我诸戎，是四岳之裔胄也，毋是剪弃。赐我南鄙之田，狐狸所居，豺狼所嗥。我诸戎除翦其荆棘，驱其狐狸豺狼，以为先君不侵不叛之臣，至于今不贰。昔文公与秦伐郑，秦人窃与郑盟，而舍戍焉，于是乎有殽之师。晋御其上，戎亢其下，秦师不复，我诸戎实然。譬如捕鹿，晋人角之，诸戎掎之，与晋踣之，戎何以不免？自是以来，晋之百役，与我诸戎，相继于时，以从执政，犹殽志也。岂敢离遏？今官之师旅，无乃实有所阙，以携诸侯，而罪我诸戎！我诸戎饮食衣服，不与华同，贽币不通，言语不达，何恶之能为？不与于会，亦无瞢焉！”赋《青蝇》而退。‖宣子辞焉，使即事于会，成恺悌也。","古文观止",""
"祁奚请免叔向","先秦","左丘明","栾盈出奔楚。宣子杀羊舌虎，囚叔向。人谓叔向曰：“子离于罪，其为不知乎？”叔向曰：“与其死亡若何？《诗》曰：‘优哉游哉，聊以卒岁’，知也。”‖乐王鲋见叔向曰：“吾为子请。”叔向弗应，出不拜。其人皆咎叔向。叔向曰：“必祁大夫。”室老闻之曰：“乐王鲋言于君无不行。求赦吾子，吾子不许。‖祁大夫所不能也，而曰必由之，何也？”叔向曰：“乐王鲋从君者也，何能行？‖祁大夫外举不弃仇，内举不失亲，其独遗我乎？《诗》曰：‘有觉德行，四国顺之。’夫子，觉者也。”‖晋侯问叔向之罪于乐王鲋，对曰：“不弃其亲，其有焉？”‖于是祁奚老矣，闻之，乘驲而见宣子，曰：“《诗》曰：‘惠我无疆，子孙保之。’《书》曰：‘圣有谟勋，明征定保。’夫谋而鲜过，惠训不倦者，叔向有焉。社稷之固也。犹将十世宥之，以劝能者。今壹不免其身，以弃社稷，不亦惑乎？鲧殛而禹兴，伊尹放大甲而相之，卒无怨色。管、蔡为戮，周公右王。若之何其以虎也弃社稷？子为善，谁敢不勉，多杀何为？”宣子说，与之乘，以言诸公而免之。不见叔向而归，叔向亦不告免焉而朝。","古文观止",""
"产告范宣子轻币","先秦","左丘明","范宣子为政，诸侯之币重。郑人病之。‖二月，郑伯如晋。子产寓书于子西以告宣子，曰：“子为晋国，四邻诸侯，不闻令德，而闻重币，侨也惑之。侨闻君子长国家者，非无贿之患，而无令名之难。夫诸侯之贿聚于公室，则诸侯贰。若吾子赖之，则晋国贰。诸侯贰，则晋国坏；晋国贰，则子之家坏。何没没也！将焉用贿？夫令名，德之舆也；德，国家之基也。有基无坏，无亦是务乎！有德则乐，乐则能久。《诗》云：‘乐只君子，邦家之基。’有令德也夫！‘上帝临女，无贰尔心。’有令名也夫！恕思以明德，则令名载而行之，是以远至迩安。毋宁使人谓子‘子实生我’，而谓‘子浚我以生’乎？象有齿以焚其身，贿也。”‖宣子说，乃轻币。","古文观止",""
"晏子不死君难","先秦","左丘明","崔武子见棠姜而美之，遂取之。庄公通焉。崔子弑之。‖晏子立于崔氏之门外，其人曰：“死乎？”曰：“独吾君也乎哉，吾死也？”‖曰：“行乎？”曰：“吾罪也乎哉，吾亡也？”曰：“归乎？”曰：“君死安归？‖君民者，岂以陵民？社稷是主；臣君者，岂为其口实，社稷是养。故君为社稷死，则死之；为社稷亡，则亡之；若为己死，而为己亡，非其私昵，谁敢任之？且人有君而弑之，吾焉得死之？而焉得亡之？将庸何归？”‖门启而入，枕尸股而哭，兴，三踊而出。人谓崔子：“必杀之。”崔子曰：“民之望也，舍之得民。”","古文观止",""
"季札观周乐","先秦","左丘明","吴公子札来聘，请观于周乐。使工为之歌《周南》、《召南》，曰：“美哉！‖始基之矣，犹未也，然勤而不怨矣！”为之歌《邶》、《鄘》、《卫》，曰：“美哉，渊乎！忧而不困者也。吾闻卫康叔、武公之德如是，是其《卫风》乎？”‖为之歌《王》，曰：“美哉！思而不惧，其周之东乎？”为之歌《郑》，曰：“美哉！其细已甚，民弗堪也。是其先亡乎？”为之歌《齐》，曰：“美哉！泱泱乎，大风也哉！表东海者，其大公乎？国未可量也。”为之歌《豳》，曰：“美哉，荡乎！乐而不淫，其周公之东乎？”为之歌《秦》，曰：“此之谓夏声。‖夫能夏则大，大之至也！其周之旧乎？”为之歌《魏》，曰：“美哉，沨沨乎！大而婉，险而易行。以德辅此，则明主也！”为之歌《唐》，曰：“思深哉！‖其有陶唐氏之遗民乎？不然，何忧之远也？非令德之后，谁能若是？”为之歌《陈》，曰：“国无主，其能久乎？”自《郐》以下，无讥焉。‖为之歌《小雅》，曰：“美哉！思而不贰，怨而不言，其周德之衰乎？犹有先王之遗民焉！”为之歌《大雅》，曰：“广哉，熙熙乎！曲而有直体，其文王之德乎！”‖为之歌《颂》，曰：“至矣哉！直而不倨，曲而不屈；迩而不逼，远而不携；迁而不淫，复而不厌；哀而不愁，乐而不荒；用而不匮，广而不宣；施而不费，取而不贪；处而不底，行而不流。五声和，八风平；节有度，守有序。盛德之所同也。”‖见舞《象箾》、《南籥》者，曰：“美哉！犹有憾。”见舞《大武》者，曰：“美哉！周之盛也，其若此乎！”见舞《韶濩》者，曰：“圣人之弘也，而犹有惭德。圣人之难也。”见舞《大夏》者，曰：“美哉！勤而不德，非禹，其谁能修之？”见舞《韶箾》者，曰：“德至矣哉！大矣，如天之无不帱也，如地之无不载也！虽甚盛德，其蔑以加于此矣。观止矣！若有他乐，吾不敢请已！”","古文观止",""
"子产坏晋馆垣","先秦","左丘明","子产相郑伯以如晋，晋侯以我丧故，未之见也。子产使尽坏其馆之垣，而纳车马焉。士文伯让之曰：“敝邑以政刑之不修，寇盗充斥，无若诸侯之属辱在寡君者何？是以令吏人完客所馆，高其闬闳，厚其墙垣，以无忧客使。今吾子坏之。‖虽从者能戒，其若异客何？以敝邑之为盟主，纟善完葺墙，以待宾客，若皆毁之，其何以共命？寡君使匄请命。”对曰：“以敝邑褊小，介于大国，诛求无时，是以不敢宁居，悉索敝赋，以来会时事。逢执事之不闲，而未得见；又不获闻命，未知见时。不敢输币。亦不敢暴露。其输之，则君之府实也，非荐陈之，不敢输也。其暴露之，则恐燥湿之不时而朽蠹，以重敝邑之罪。侨闻文公之为盟主也，宫室卑庳，无观台榭，以崇大诸侯之馆，馆如公寝。库厩缮修，司空以时平易道路，圬人以时塓馆宫室。诸侯宾至，甸设庭燎，仆人巡宫，车马有所，宾从有代，巾车脂辖，隶人牧圉，各瞻其事；百官之属，各展其物。公不留宾，而亦无废事；忧乐同之，事则巡之；教其不知，而恤其不足。宾至如归，无宁菑患？不畏寇盗，而亦不患燥湿。今铜鞮之宫数里，而诸侯舍于隶人。门不容车，而不可逾越。盗贼公行，而天厉不戒。宾见无时，命不可知。若又勿坏，是无所藏币，以重罪也。敢请执事，将何所命之？虽君之有鲁丧，亦敝邑之忧也。若获荐币，修垣而行，君之惠也，敢惮勤劳？”‖文伯复命。赵文子曰：“信。我实不德，而以隶人之垣以赢诸侯，是吾罪也。”‖使士文伯谢不敏焉。‖晋侯见郑伯，有加礼，厚其宴、好而归之。乃筑诸侯之馆。‖叔向曰：“辞之不可以已也如是夫！子产有辞，诸侯赖之，若之何其释辞也？‖《诗》曰：‘辞之辑矣，民之协矣；辞之怿矣，民之莫矣’，其知之矣。”","古文观止",""
"子产论尹何为邑","先秦","左丘明","子皮欲使尹何为邑。子产曰：“少，未知可否。”子皮曰：“愿，吾爱之，不吾叛也。使夫往而学焉，夫亦愈知治矣。”子产曰：“不可。人之爱人，求利之也。今吾子爱人则以政，犹未能操刀而使割也，其伤实多。子之爱人，伤之而已，其谁敢求爱于子？子于郑国，栋也。栋折榱崩，侨将厌焉，敢不尽言？子有美锦，不使人学制焉。大官大邑，身之所庇也，而使学者制焉。其为美锦，不亦多乎？侨闻学而后入政，未闻以政学者也。若果行此，必有所害。譬如田猎，射御贯则能获禽，若未尝登车射御，则败绩厌覆是惧，何暇思获？”子皮曰：“善哉！虎不敏。吾闻君子务知大者远者，小人务知小者近者。我，小人也！衣服附在吾身，我知而慎之；大官、大邑，所以庇身也，我远而慢之。微子之言，吾不知也。他日我曰：‘子为郑国，我为吾家，以庇焉，其可也。’今而后知不足。‖自今请虽吾家，听子而行。”子产曰：“人心之不同，如其面焉，吾岂敢谓子面如吾面乎？抑心所谓危，亦以告也。”子皮以为忠，故委政焉。子产是以能为郑国。","古文观止",""
"子产却楚逆女以兵","先秦","左丘明","楚公子围聘于郑，且娶于公孙段氏。伍举为介。将入馆，郑人恶之。使行人子羽与之言，乃馆于处。‖既聘，将以众逆。子产患之，使子羽辞曰：“以敝邑褊小，不足以容从者，请𫮃听命！”令尹使太宰伯州犁对曰：“尹辱贶寡大夫围，谓围：‘将使丰氏抚有而室。’围布几筵，告于庄、共之庙而来。若野赐之，是委君贶于草莽也！‖是寡大夫不得列于诸卿也！不宁唯是，又使围蒙其先君，将不得为寡君老，其蔑以复矣。唯大夫图之！”子羽曰：“小国无罪，恃实其罪。将恃大国之安靖己，而无乃包藏祸心以图之。小国失恃而惩诸侯，使莫不憾者，距违君命，而有所壅塞不行是惧！不然，敝邑，馆人之属也，其敢爱丰氏之祧？”‖伍举知其有备也，请垂櫜而入。许之。","古文观止",""
"子革对灵王","先秦","左丘明","楚子狩于州来，次于颍尾，使荡侯、潘子、司马督、嚣尹午、陵尹喜帅师围徐以惧吴。楚子次于干溪，以为之援。雨雪，王皮冠，秦复陶，翠被，豹舄，执鞭以出，仆析父从。‖右尹子革夕，王见之。去冠被，舍鞭，与之语曰：“昔我先王熊绎与吕伋、王孙牟、燮父、禽父，并事康王，四国皆有分，我独无有。今吾使人于周，求鼎以为分，王其与我乎？”对曰：“与君王哉！昔我先王熊绎，辟在荆山，筚路蓝缕，以处草莽，跋涉山林，以事天子，唯是桃弧、棘矢，以共御王事。齐，王舅也；晋及鲁、卫，王母弟也。楚是以无分，而彼皆有。今周与四国服事君王，将唯命是从，岂其爱鼎？”王曰：“昔我皇祖伯父昆吾，旧许是宅。今郑人贪赖其田，而不我与。我若求之，其与我乎？”对曰：“与君王哉！周不爱鼎，郑敢爱田？”王曰：“昔诸侯远我而畏晋，今我大城陈、蔡、不羹，赋皆千乘，子与有劳焉。诸侯其畏我乎？”对曰：“畏君王哉！是四国者，专足畏也，又加之以楚，敢不畏君王哉？”‖工尹路请曰：“君王命剥圭以为钅戚柲，敢请命。”王入视之。‖析父谓子革：“吾子，楚国之望也！今与王言如响，国其若之何？”子革曰：“摩厉以须，王出，吾刃将斩矣。”‖王出，复语。左史倚相趋过。王曰：“是良史也，子善视之。是能读《三坟》、《五典》、《八索》、《九丘》。”对曰：“臣尝问焉，昔穆王欲肆其心，周行天下，将皆必有车辙马迹焉。祭公谋父作《祈招》之诗，以止王心，王是以获没于祗宫。臣问其诗而不知也；若问远焉，其焉能知之？”王曰：“子能乎？”对曰：“能。其《诗》曰：‘祈招之愔愔，式昭德音。思我王度，式如玉，式如金。‖形民之力，而无醉饱之心。’”‖王揖而入，馈不食，寝不寐，数日。不能自克，以及于难。‖仲尼曰：“古也有志：‘克己复礼，仁也。’信善哉！楚灵王若能如是，岂其辱于干溪？”","古文观止",""
"子产论政宽猛","先秦","左丘明","郑子产有疾。谓子大叔曰：“我死，子必为政。唯有德者能以宽服民，其次莫如猛。夫火烈，民望而畏之，故鲜死焉；水懦弱，民狎而玩之，则多死焉。故宽难。”疾数月而卒。‖大叔为政，不忍猛而宽。郑国多盗，取人于萑苻之泽。大叔悔之曰：“吾早从夫子，不及此。”兴徒兵以攻萑苻之盗，尽杀之。盗少止。‖仲尼曰：“善哉！政宽则民慢，慢则纠之以猛；猛则民残，残则施之以宽。‖宽以济猛，猛以济宽，政是以和。”《诗》曰：‘民亦劳止，汔可小康。惠此中国，以绥四方。’施之以宽也。‘毋从诡随，以谨无良。式遏寇虐，惨不畏明。’纠之以猛也。‘柔远能迩，以定我王。’平之以和也。又曰，‘不竞不絿，不刚不柔。布政优优，百禄是乃。’和之至也。”及子产卒，仲尼闻之，出涕曰：“古之遗爱也！”","古文观止",""
"吴许越成","先秦","左丘明","吴王夫差败越于夫椒，报槜李也。遂入越。越子以甲楯五千保于会稽，使大夫种因吴太宰嚭以行成。吴子将许之。‖伍员曰：“不可。臣闻之：‘树德莫如滋，去疾莫如尽。’昔有过浇杀斟灌以伐斟𬩽，灭夏后相。后缗方娠，逃出自窦，归于有仍，生少康焉，为仍牧正。‖惎浇能戒之。浇使椒求之，逃奔有虞，为之庖正，以除其害。虞思于是妻之以二姚，而邑诸纶，有田一成，有众一旅。能布其德，而兆其谋，以收夏众，抚其官职；使女艾谍浇，使季杼诱豷，遂灭过、戈，复禹之绩。祀夏配天，不失旧物。‖今吴不如过，而越大于少康，或将丰之，不亦难乎？勾践能亲而务施，施不失人，亲不弃劳，与我同壤而世为仇雠。于是乎克而弗取，将又存之，违天而长寇雠，后虽悔之，不可食已。姬之衰也，日可俟也。介在蛮夷，而长寇雠，以是求伯，必不行矣。”‖弗听。退而告人曰：“越十年生聚，而十年教训，二十年之外，吴其为沼乎！”","古文观止",""
"祭公谏征犬戎","先秦","左丘明","穆王将征犬戎。祭公谋父谏曰：“不可！先王耀德不观兵。夫兵，戢而时动，动则威；观则玩，玩则无震。是故周文公之《颂》曰：‘载戢干戈，载櫜弓矢。‖我求懿德，肆于时夏。允王保之。’先王之于民也，茂正其德，而厚其性；阜其财求，而利其器用；明利害之乡，以文修之，使务利而避害，怀德而畏威。故能保世以滋大。”‖“昔我先世后稷，以服事虞、夏；及夏之衰也，弃稷弗务。我先王不窋用失其官，而自窜于戎、翟之间。不敢怠业，时序其德，纂修其绪，修其训典；朝夕恪勤，守以惇笃，奉以忠信；奕世载德，不忝前人。至于武王，昭前之光明，而加之以慈和，事神保民，莫不欣喜。商王帝辛，大恶于民，庶民弗忍，欣戴武王，以致戎于商牧。是先王非务武也，勤恤民隐而除其害也。”‖“夫先王之制：邦内甸服，邦外侯服，侯、卫宾服，蛮、夷要服，戎、翟荒服。甸服者祭，侯服者祀，宾服者享，要服者贡，荒服者王。日祭、月祀、时享、岁贡、终王，先王之训也。有不祭则修意，有不祀则修言，有不享则修文，有不贡则修名，有不王则修德；序成而有不至，则修刑。于是乎有刑不祭，伐不祀，征不享，让不贡，告不王。于是乎有刑罚之辟，有攻伐之兵，有征讨之备，有威让之令，有文告之辞。布令陈辞而又不至，则又增修于德，无勤民于远。是以近无不听，远无不服。”‖“今自大毕、伯仕之终也，犬戎氏以其职来王，天子曰：‘予必以不享征之，且观之兵。’其无乃废先王之训，而王几顿乎？吾闻夫犬戎树惇能帅旧德而守终纯固，其有以御我矣！”‖王不听，遂征之，得四白狼、四白鹿以归。自是荒服者不至。","古文观止",""
"召公谏厉王止谤","先秦","左丘明","厉王虐，国人谤王。召公告曰：“民不堪命矣！”王怒，得卫巫，使监谤者。‖以告，则杀之。国人莫敢言，道路以目。‖王喜，告召公曰：“吾能弭谤矣，乃不敢言。”召公曰：“是鄣之也。防民之口，甚于防川。川壅而溃，伤人必多，民亦如之。是故为川者。决之使导；为民者，宣之使言。故天子听政，使公卿至于列士献诗，瞽献典，史献书，师箴，瞍赋，蒙诵，百工谏，庶人传语，近臣尽规，亲戚补察，瞽、史教诲，耆、艾修之，而后王斟酌焉，是以事行而不悖。‖民之有口也，犹土之有山川也，财用于是乎出；犹其有原隰衍沃也，衣食于是乎生。口之宣言也，善败于是乎兴；行善而备败，所以阜财用、衣食者也。夫民虑之于心而宣之于口，成而行之，胡可壅也？若壅其口，其与能几何？”‖王弗听，于是国人莫敢出言，三年，乃流王于彘。","古文观止",""
"襄王不许请隧","先秦","左丘明","晋文公既定襄王于郏，王劳之以地，辞，请隧焉。王弗许，曰：“昔我先王之有天下也，规方千里，以为甸服，以供上帝山川百神之祀，以备百姓兆民之用，以待不庭、不虞之患。其余，以均分公、侯、伯、子、男，使各有宁宇，以顺及天地，无逢其灾害。先王岂有赖焉？内官不过九御，外官不过九品，足以供给神祇而已，岂敢厌纵其耳目心腹，以乱百度？亦唯是死生之服物采章，以临长百姓而轻重布之，王何异之有？‖“今天降祸灾于周室，余一人仅亦守府，又不佞以勤叔父，而班先王之大物以赏私德，其叔父实应且憎，以非余一人，余一人岂敢有爱也？先民有言曰：‘改玉改行。’叔父若能光裕大德，更姓改物，以创制天下，自显庸也，而缩取备物，以镇抚百姓，余一人其流辟于裔土，何辞之有与？若犹是姬姓也，尚将列为公侯，以复先王之职，大物其未可改也。叔父其茂昭明德，物将自至，余何敢以私劳变前之大章，以忝天下，其若先王与百姓何？何政令之为也？若不然，叔父有地而隧焉，余安能知之？”‖文公遂不敢请，受地而还。","古文观止",""
"单子知陈必亡","先秦","左丘明","定王使单襄公聘于宋，遂假道于陈，以聘于楚。火朝觌矣，道茀不可行也，侯不在疆，司空不视涂，泽不陂，川不梁，野有庾积，场功未毕，道无列树，垦田若蓺，膳宰不致饣气，司里不授馆，国无寄寓，县无旅舍，民将筑台于夏氏。‖及陈，陈灵公与孔宁、仪行父南冠以如夏氏，留宾弗见。‖单子归，告王曰：“陈侯不有大咎，国必亡。”王曰：“何故？”对曰：“夫辰角见而雨毕，天根见而水涸，本见而草木节解，驷见而陨霜，火见而清风戒寒。故先王之教曰：‘雨毕而除道，水涸而成梁，草木节解而备藏，陨霜而冬裘具，清风至而修城郭宫室。’故《夏令》曰：‘九月除道，十月成梁。’其时儆曰：‘收而场功，偫而畚挶，营室之中，土功其始。火之初见，期于司里。’此先王之所以不用财贿，而广施德于天下者也。今陈国：火朝觌矣，而道路若塞，野场若弃，泽不陂障，川无舟梁，是废先王之教也。‖“周制有之曰：‘列树以表道，立鄙食以守路：国有郊牧，畺有寓望，薮有圃草，囿有林池，所以御灾也。其余无非谷土，民无悬耜，野无奥草，不夺农时，不蔑民功。有优无匮，有逸无罢；国有班事，县有序民。’今陈国道路不可知，田在草间，功成而不收，民罢于逸乐，是弃先王之法制也。‖“周之《秩官》有之曰：‘敌国宾至，关尹以告，行理以节逆之，候人为导，卿出效劳，门尹除门，宗祝执祀，司里授馆，司徒具徒，司空视涂，司寇诘奸，虞人入材，甸人积薪，火师监燎，水师监濯，膳宰致飧，廪人献饣气，司马陈刍，工人展车，百官各以物至，宾入如归。是故小大莫不怀爱。其贵国之宾至，则以班加一等，益虔。至于王使，则皆官正莅事，上卿监之。若王巡守，则君亲监之。’今虽朝也不才，有分族于周，承王命以为过宾于陈，而司事莫至，是蔑先王之官也。‖“先王之令有之曰：‘天道赏善而罚淫，故凡我造国，无从匪彝，无即慆淫；各守尔典，以承天休。’今陈侯不念胤续之常，弃其伉俪妃嫔，而帅其卿佐以淫于夏氏，不亦渎姓矣乎？陈，我大姬之后也；弃衮冕而南冠以出，不亦简彝乎？是又犯先王之令也。”‖“昔先王之教，茂帅其德也，犹恐陨越；若废其教而弃其制，蔑其官而犯其令，将何以守国？居大国之间而无此四者，其能久乎？”‖六年，单子如楚。八年，陈侯杀于夏氏。九年，楚子入陈。","古文观止",""
"展禽论祀爰居","先秦","左丘明","海鸟曰“爰居”，止于鲁东门之外二日。臧文仲使国人祭之。展禽曰：“越哉，臧孙之为政也！夫祀，国之大节也，而节，政之所成也。故慎制祀以为国典。‖今无故而加典，非政之宜也。‖“夫圣王之制祀也，法施于民则祀之，以死勤事则祀之，以劳定国则祀之，能御大灾则祀之，能捍大患则祀之。非是族也，不在祀典。昔烈山氏之有天下也，其子曰柱，能植百谷百蔬；夏之兴也，周弃继之，故祀以为稷。共工氏之伯九有也，其子曰后土，能平九土，故祀以为社。黄帝能成命百物，以明民共财，颛顼能修之。帝喾能序三辰以固民，尧能单均刑法以仪民，舜勤民事而野死，鲧障洪水而殛死，禹能以德修鲧之功，契为司徒而民辑，冥勤其官而水死，汤以宽治民而除其邪，稷勤百谷而山死，文王以文昭，武王去民之秽。故有虞氏禘黄帝而祖颛顼，郊尧而宗舜；夏后氏禘黄帝而祖颛顼，郊鲧而宗禹；商人禘舜而祖契，郊冥而宗汤；周人禘喾而郊稷，祖文王而宗武王。幕，能帅颛顼者也，有虞氏报焉；杼，能帅禹者也，夏后氏报焉；上甲微，能帅契者也，商人报焉；高圉、太王，能帅稷者也，周人报焉。凡禘、郊、祖、宗、报，此五者国之典祀也！”‖“加之以社稷、山川之神，皆有功烈于民者也；及前哲令德之人，所以为明质也。及天之三辰，民所以瞻仰也；及地之五行，所以生殖也；及九州名山川泽，所以出财用也。非是不在祀典。”‖“今海鸟至，己不知而祀之，以为国典，难以为仁且知矣。夫仁者讲功，而知者处物。无功而祀之，非仁也；不知而不问，非知也。今兹海其有灾乎？夫广川之鸟兽恒知而避其灾也。”‖是岁也，海多大风，冬暖。文仲闻柳下季之言，曰：“信吾过也，季子之言不可不法也。”使书以为三䇲。","古文观止",""
"里隔断罟匡君","先秦","左丘明","宣公夏滥于泗渊，里革断其罟而弃之，曰：“古者大寒降，土蛰发，水虞于是乎讲罛罶，取名鱼，登川禽，而尝之寝庙，行诸国人，助宣气也。鸟兽孕，水虫成，兽虞于是乎禁罝罗，矠鱼鳖以为夏槁，助生阜也。鸟兽成，水虫孕，水虞于是乎禁罝{罒鹿}，设阱鄂，以实庙庖，畜功用也。且夫山不槎蘖，泽不伐夭，鱼禁鲲鲕，兽长麑{鹿夭}，鸟翼鷇卵，虫舍蚳蝝，蕃庶物也，古之训也。‖今鱼方别孕，不教鱼长，又行网罟，贪无艺也。”‖公闻之曰：“吾过而里革匡我，不亦善乎！是良罟也，为我得法。使有司藏之，使吾无忘谂。”师存侍，曰：“藏罟不如置里革于侧之不忘也。”","古文观止",""
"敬姜论劳逸","先秦","左丘明","公父文伯退朝，朝其母，其母方绩。文伯曰：“以歜之家，而主犹绩，惧干季孙之怒也，其以歜为不能事主乎！”其母叹曰：“鲁其亡乎！使僮子备官而未之闻邪？居，吾语女。‖“昔圣王之处民也，择瘠土而处之，劳其民而用之，故长王天下。夫民劳则思，思则善心生；逸则淫，淫则忘善，忘善则恶心生。沃土之民不材，淫也；瘠土之民莫不向义，劳也。‖是故天子大采朝日，与三公、九卿祖识地德；日中考政，与百官之政事，师尹惟旅牧，相宣序民事。少采夕月，与太史、司载纠虔天刑；日入监九御，使洁奉禘、郊之粢盛，而后即安。‖诸侯朝修天子之业命，昼考其国职，夕省其典刑，夜儆百工，使无慆淫，而后即安。卿大夫朝考其职，昼讲其庶政，夕序其业，夜庀其家事，而后即安。‖士朝受业，昼而讲贯，夕而习复，夜而计过无憾，而后即安。自庶人以下，明而动，晦而休，无日以怠。‖王后亲织玄𬘘，公侯之夫人加之以纮、𫄧，卿之内子为大带，命妇成祭服，列士之妻加之以朝服，自庶士以下，皆衣其夫。‖社而赋事，烝而献功，男女效绩，愆则有辟，古之制也。君子劳心，小人劳力，先王之训也。自上以下，谁敢淫心舍力？‖“今我寡也，尔又在下位，朝夕处事，犹恐忘先人之业；况有怠惰，其何以避辟？吾冀而朝夕修我曰：‘必无废先人。’尔今曰：‘胡不自安？’以是承君之官，余惧穆伯之绝祀也！”‖仲尼闻之曰：“弟子志之，季氏之妇不淫矣。”","古文观止",""
"叔向贺贫","先秦","左丘明","叔向见韩宣子，宣子忧贫，叔向贺之。宣子曰：“吾有卿之名，而无其实；无以从二三子，吾是以忧。子贺我，何故？”‖对曰：“昔栾武子无一卒之田，其宫不备其宗器，宣其德行，顺其宪则，使越于诸侯。诸侯亲之，戎、狄怀之，以正晋国，行刑不疚，以免于难。及桓子，骄泰奢侈，贪欲无艺，略则行志，假货居贿，宜及于难，而赖武之德，以没其身。‖及怀子，改桓之行，而修武之德，可以免于难；而离桓之罪，以亡于楚。夫郤昭子，其富半公室，其家半三军，恃其富宠，以泰于国。其身尸于朝，其宗灭于绛。‖不然，夫八郤五大夫三卿，其宠大矣；一朝而灭，莫之哀也，惟无德也！‖今吾子有栾武子之贫，吾以为能其德矣，是以贺。若不忧德之不建，而患货之不足，将吊不暇，何贺之有？”‖宣子拜，稽首焉，曰：“起也将亡，赖子存之。非起也敢专承之，其自桓叔以下，嘉吾子之赐。”","古文观止",""
"王孙圉论楚宝","先秦","左丘明","王孙圉聘于晋，定公飨之。赵简子鸣玉以相，问于王孙圉曰：“楚之白珩犹在乎？”对曰：“然。”简子曰：“其为宝也，几何矣？”曰：“未尝为宝。楚之所宝者，曰观射父，能作训辞，以行事于诸侯，使无以寡君为口实。又有左史倚相，能道训典，以叙百物，以朝夕献善败于寡君，使寡君无忘先王之业；又能上下说乎鬼神，顺道其欲恶，使神无有怨痛于楚国。又有薮曰云连徒洲，金、木、竹、箭之所生也，龟、珠、角、齿、皮、革、羽、毛，所以备赋，以戒不虞者也。‖所以共币帛，以宾享于诸侯者也。若诸侯之好币具，而导之以训辞，有不虞之备，而皇神相之，寡君其可以免罪于诸侯，而国民保焉。此楚国之宝也。若夫白珩，先王之玩也，何宝焉？”‖“圉闻国之宝，六而已：圣能制议百物，以辅相国家，则宝之；玉足以庇荫嘉谷，使无水旱之灾，则宝之；龟足以宪臧否，则宝之；珠足以御火灾，则宝之；金足以御兵乱，则宝之；山林薮泽，足以备财用，则宝之。若夫哗嚣之美，楚虽蛮夷，不能宝也。”","古文观止",""
"诸稽郢形成于吴","先秦","左丘明","吴王夫差起师伐越，越王勾践起师逆之江。‖大夫种乃献谋曰：“夫吴之与越，唯天所授，王其无庸战。夫申胥、华登，简服吴国之士于甲兵，而未尝有所挫也。夫一人善射，百夫决拾，胜未可成。夫谋必素见成事焉，而后履之，不可以授命。王不如设戎，约辞行成，以喜其民，以广侈吴王之心。吾以卜之于天，天若弃吴，必许吾成而不吾足也，将必宽然有伯诸侯之心焉；既罢弊其民，而天夺之食，安受其烬，乃无有命矣。”‖越王许诺，乃命诸稽郢行成于吴，曰：“寡君勾践使下臣郢，不敢显然布币行礼，敢私告于下执事曰：‘昔者，越国见祸，得罪于天王，天王亲趋玉趾，以心孤句践，而又宥赦之。君王之于越也，繄起死人而肉白骨也。孤不敢忘天灾，其敢忘君王之大赐乎？今句践申祸无良，草鄙之人，敢忘天王之大德，而思边陲之小怨，以重得罪于下执事？句践用帅二三之老，亲委重罪，顿颡于边。今君王不察，盛怒属兵，将残伐越国。越国固贡献之邑也，君王不以鞭棰使之，而辱军士，使寇令焉！勾践请盟。一介嫡女，执箕帚以晐姓于王宫；一介嫡男，奉盘匜以随诸御。春秋贡献，不解于王府。天王岂辱裁之？亦征诸侯之礼也。’“夫谚曰：‘狐埋之而狐搰之，是以无成功。’今天王既封殖越国，以明闻于天下，而又刈亡之，是天王之无成劳也。虽四方之诸侯，则何实以事吴？敢使下臣尽辞，唯天王秉利度义焉！”","古文观止",""
"申胥谏许越成","先秦","左丘明","吴王夫差乃告诸大夫曰：“孤将有大志于齐，吾将许越成，而无拂吾虑。若越既改，吾又何求？若其不改，反行，吾振旅焉。”‖申胥谏曰：“不可许也。夫越非实忠心好吴也，又非慑畏吾甲兵之强也。大夫种勇而善谋，将还玩吴国于股掌之上，以得其志。夫固知君王之盖威以好胜也，故婉约其辞，以从逸王志，使淫乐于诸夏之国，以自伤也。使吾甲兵钝弊，民人离落，而日以憔悴，然后安受吾烬。夫越王好信以爱民，四方归之，年谷时熟，日长炎炎，及吾犹可以战也。为虺弗摧，为蛇将若何？”‖吴王曰：“大夫奚隆于越？越曾足以为大虞乎？若无越，则吾何以春秋曜吾军士？”乃许之成。‖将盟，越王又使诸稽郢辞曰：“以盟为有益乎？前盟口血未干，足以结信矣。‖以盟为无益乎？君王舍甲兵之威以临使之，而胡重于鬼神而自轻也。”吴王乃许之，荒成不盟。","古文观止",""
"春王正月","先秦","公羊高","元年者何？君之始年也。春者何？岁之始也。王者孰谓？谓文王也。曷为先言“王”而后言“正月？”王正月也。何言乎王正月？大一统也。‖公何以不言即位？成公意也。何成乎公之意？公将平国而反之桓。曷为反之桓？桓幼而贵，隐长而卑。其为尊卑也微，国人莫知。隐长又贤，诸大夫扳隐而立之。隐于是焉而辞立，则未知桓之将必得立也；且如桓立，则恐诸大夫之不能相幼君也。故凡隐之立，为桓立也。隐长又贤，何以不宜立？立适以长不以贤，立子以贵不以长。桓何以贵？母贵也。母贵，则子何以贵？子以母贵，母以子贵。","古文观止",""
"宋人及楚人平","先秦","公羊高","外平不书，此何以书？大其平乎己也。何大其平乎己？庄王围宋，军有七日之粮尔！尽此不胜，将去而归尔。于是使司马子反乘堙而窥宋城。宋华元亦乘堙而出见之。司马子反曰：“子之国何如？”华元曰：“惫矣！”曰：“何如？”‖曰：“易子而食之，析骸而炊之。”司马子反曰：“嘻！甚矣，惫！虽然，吾闻之也，围者柑马而秣之，使肥者应客。是何子之情也？”华元曰：“吾闻之：君子见人之厄则矜之，小人见人之厄则幸之。吾见子之君子也，是以告情于子也。”‖司马子反曰：“诺，勉之矣！吾军亦有七日之粮尔！尽此不胜，将去而归尔。”‖揖而去之。‖反于庄王。庄王曰：“何如？”司马子反曰：“惫矣！”曰：“何如？”曰：“易子而食之，析骸而炊之。”庄王曰：“嘻！甚矣，惫！虽然，吾今取此，然后而归尔。”司马子反曰：“不可。臣已告之矣，军有七日之粮尔。”庄王怒曰：“吾使子往视之，子曷为告之？”司马子反曰：“以区区之宋，犹有不欺人之臣，可以楚而无乎？是以告之也。”庄王曰：“诺，舍而止。虽然，吾犹取此，然后归尔。”司马子反曰：“然则君请处于此，臣请归尔。”庄王曰：“子去我而归，吾孰与处于此？吾亦从子而归尔。”引师而去之。故君子大其平乎己也。此皆大夫也。其称“人”何？贬。曷为贬？平者在下也。","古文观止",""
"吴子使札来聘","先秦","公羊高","吴无君、无大夫，此何以有君、有大夫？贤季子也。‖何贤乎季子？让国也。‖其让国奈何？谒也、余祭也、夷昧也，与季子同母者四。季子弱而才，兄弟皆爱之，同欲立之以为君。谒曰：“今若是迮而与季子国，季子犹不受也。请无与子而与弟，弟兄迭为君，而致国乎季子。”皆曰：“诺”。故诸为君者，皆轻死为勇，饮食必祝曰：“天苟有吴国，尚速有悔于予身！”故谒也死，余祭也立；余祭也死，夷昧也立；夷昧也死，则国宜之季子者也。‖季子使而亡焉。僚者，长庶也，即之。季子使而反，至而君之尔。阖闾曰：“先君之所以不与子国而与弟者，凡为季子故也。将从先君之命与，则国宜之季子者也。如不从先君之命与，则我宜立者也。僚恶得为君乎？”于是使专诸刺僚，而致国乎季子。季子不受曰：“尔弑吾君，吾受尔国，是吾与尔为篡也；尔杀吾兄，吾又杀尔，是父子兄弟相杀，终身无已也！”去之延陵，终身不入吴国。故君子以其不受为义，以其不杀为仁。‖贤季子，则吴何以有君、有大夫？以季子为臣，则宜有君者也。‖“札”者何？吴季子之名也。‖《春秋》贤者不名，此何以名？许夷狄者，不一而足也。‖季子者，所贤也，曷为不足乎季子？许人臣者必使臣，许人子者必使子也。","古文观止",""
"郑伯克段于鄢","先秦","谷梁赤","克者何？能也。何能也？能杀也。何以不言杀？见段之有徒众也。‖段，郑伯弟也。何以知其为弟也？杀世子、母弟，目君，以其目君，知其为弟也。‖段，弟也而弗谓弟；公子也而弗谓公子，贬之也，段失子弟之道矣。贱段而甚郑伯也。‖何甚乎郑伯？甚郑伯之处心积虑，成于杀也。‖于鄢，远也。犹曰取之其母之怀中而杀之云尔，甚之也。‖然则为郑伯者，宜奈何？缓追逸贼，亲亲之道也。","古文观止",""
"虞师晋师灭夏阳","先秦","谷梁赤","非国而曰“灭”，重夏阳也。虞无师，其曰“师”，何也？以其先晋，不可以不言师也。其先晋何也？为主乎灭夏阳也。夏阳者，虞、虢之塞邑也，灭夏阳而虞、虢举矣。‖虞之为主乎灭夏阳，何也？晋献公欲伐虢，荀息曰：“君何不以屈产之乘、垂棘之璧，而借道乎虞也？”公曰：“此晋国之宝也。如受吾币，而不借吾道，则如之何？”荀息曰：“此小国之所以事大国也。彼不借吾道，必不敢受吾币；如受吾币而借吾道，则是我取之中府，而藏之外府；取之中而厩置之外厩也。”‖公曰：“宫之奇存焉，必不使受之也。”荀息曰：“宫之奇之为人也，达心而懦，又少长于君。达心则其言略，懦则不能强谏，少长于君则君轻之。且夫玩好在耳目之前，而患在一国之后，此中知以上乃能虑之；臣料虞君，中知以下也。”公遂借道而伐虢。‖宫之奇谏曰：“晋国之使者，其辞卑而币重，必不便于虞。”虞公弗听，遂受其币，而借之道。宫之奇又谏曰：“语曰：‘唇亡则齿寒。’其斯之谓与！”‖挈其妻子以奔曹。‖献公亡虢，五年，而后举虞。荀息牵马操璧而前曰：“璧则犹是也，而马齿加长矣！”","古文观止",""
"晋献公杀世子申生","先秦","戴圣","晋献公将杀其世子申生。公子重耳谓之曰：“子盖言子之志于公乎？”世子曰：“不可。君安骊姬，是我伤公之心也。”曰：“然则盖行乎？”世子曰：“不可。君谓我欲弑君也。天下岂有无父之国哉？吾何行如之？”　使人辞于狐突曰：“申生有罪，不念伯氏之言也，以至于死，申生不敢爱其死。虽然，吾君老矣，子少，国家多难，伯氏不出而图吾君，伯氏苟出而图吾君，申生受赐而死。”再拜稽首，乃卒。是以为恭世子也。","古文观止",""
"曾子易箦","先秦","戴圣","曾子寝疾，病。乐正子春坐于床下，曾元、曾申坐于足，童子隅坐而执烛。‖童子曰：“华而睆大夫之箦与？”子春曰：“止！”曾子闻之，瞿然曰：“呼！”‖曰：“华而睆，大夫之箦与？”曾子曰：“然斯季孙之赐也，我未之能易也。元起易箦。”曾元曰：“夫子之病革矣！不可以变。幸而至于旦，请敬易之！”曾子曰：“尔之爱我也，不如彼。君子之爱人也以德，细人之爱人也以姑息。吾何求哉？吾得正而毙焉，斯已矣！”举扶而易之，反席未安而没。","古文观止",""
"有子之言似夫子","先秦","戴圣","有子问于曾子曰：“问丧于夫子乎？”曰：“闻之矣：‘丧欲速贫，死欲速朽’。”有子曰：“是非君子之言也。”曾子曰：“参也闻诸夫子也。”有子又曰：“是非君子之言也。”曾子曰：“参也与子游闻之。”有子曰：“然。然则夫子有为言之也。”‖曾子以斯言告于子游。子游曰：“甚哉，有子之言似夫子也！昔者，夫子居于宋，见桓司马自为石椁，三年而不成。夫子曰：‘若是其靡也，死不如速朽之愈也。’‘死之欲速朽’，为桓司马言之也。南宫敬叔反，必载宝而朝。夫子曰：‘若是其货也，丧不如速贫之愈也。’丧之欲速贫，为敬叔言之也。”‖曾子以子游之言告于有子。有子曰：“然！吾固曰非夫子之言也。”曾子曰：“子何以知之？”有子曰：“夫子制于中都：四寸之棺，五寸之椁。以斯知不欲速朽也。昔者夫子失鲁司寇，将之荆，盖先之以子夏，又申之以冉有。以斯知不欲速贫也。”","古文观止",""
"子重耳对秦客","先秦","戴圣","晋献公之丧，秦穆公使人吊公子重耳，且曰：“寡人闻之：‘亡国恒于斯，得国恒于斯。’虽吾子俨然在忧服之中，丧亦不可久也，时亦不可失也，孺子其图之！”以告舅犯。舅犯曰：“孺子其辞焉！丧人无宝，仁亲以为宝。父死之谓何？又因以为利，而天下其孰能说之？孺子其辞焉！”‖公子重耳对客曰：“君惠吊亡臣重耳。身丧父死，不得与于哭泣之哀，以为君忧。父死之谓何？或取有他志以辱君义。”稽颡而不拜，哭而起，起而不私。‖子显以致使于穆公。穆公曰：“仁夫！公子重耳。夫稽颡而不拜，则未为后也，故不成拜。哭而起，则爱父也；起而不私，则远利也。”","古文观止",""
"杜篑扬觯","先秦","戴圣","知悼子卒，未葬，平公饮酒，师旷、李调侍，鼓钟。杜蒉自外来，闻钟声，曰：“安在？”曰：“在寝。”杜蒉入寝，历阶而升，酌曰：“旷饮斯！”又酌曰：“调饮斯！”又酌，堂上北面坐饮之。降趋而出。‖平公呼而进之，曰：“蒉！曩者尔心或开予，是以不与尔言。尔饮旷，何也？”‖曰：“子卯不乐。知悼子在堂，斯其为子卯也大矣！旷也，太师也。不以诏，是以饮之也。”“尔饮调，何也？”曰：“调也，君之亵臣也。为一饮一食忘君之疾，是以饮之也。”“尔饮，何也？”曰：“蒉也，宰夫也，非刀匕是共，又敢与知防，是以饮之也。”平公曰：“寡人亦有过焉，酌而饮寡人。”杜蒉洗而扬觯。公谓侍者曰：“如我死，则必毋废斯爵也！”‖至于今，既毕献，斯扬觯，谓之“杜举”。","古文观止",""
"晋献文子成室","先秦","戴圣","晋献文子成室，晋大夫发焉。张老曰：“美哉，轮焉，美哉，奂焉。歌于斯，哭于斯，聚国族于斯！”文子曰：“武也，得歌于斯、哭于斯、聚国族于斯，是全要领以从先大夫于九京也。”北面再拜稽首。君子谓之善颂、善祷。","古文观止",""
"苏秦以连横说秦","先秦","刘向","苏秦始将连横说秦惠王，曰：“大王之国，西有巴、蜀、汉中之利，北有胡貉代马之用，南有巫山、黔中之限，东有殽、函之固。田肥美，民殷富，战车万乘，奋击百万，沃野千里，蓄积饶多，地势形便，此所谓天府，天下之雄国也。‖以大王之贤，士民之众，车骑之用，兵法之教，可以并诸侯，吞天下，称帝而治。‖愿大王少留意，臣请奏其效。”秦王曰：“寡人闻之，毛羽不丰满者，不可以高飞；文章不成者，不可以诛罚；道德不厚者，不可以使民；政教不顺者，不可以烦大臣。今先生俨然不远千里而庭教之，愿以异日。”‖苏秦曰：“臣固疑大王之不能用也。昔者神农伐补遂，黄帝伐涿鹿而禽蚩尤，尧伐驩兜，舜伐三苗，禹伐共工，汤伐有夏，文王伐崇，武王伐纣，齐桓任战而霸天下。由此观之，恶有不战者乎？古者使车毂击驰，言语相结，天下为一。约从连横，兵革不藏，文士并饬，诸侯乱惑，万端俱起，不可胜理！科条既备，民多伪态。书策稠浊，百姓不足。上下相愁，民无所聊。明言章理，兵甲愈起。辩言伟服，战攻不息。繁称文辞，天下不治。舌敝耳聋，不见成功。行义约信，天下不亲。于是乃废文任武，厚养死士，缀甲厉兵，效胜于战场。夫徒处而致利，安坐而广地，虽古五帝、三王、五霸，明主贤君，常欲坐而致之，其势不能，故以战续之。宽则两军相攻，迫则杖戟相撞，然后可建大功。是故兵胜于外，义强于内，威立于上，民服于下。今欲并天下，凌万乘，诎敌国，制海内，子元元，臣诸侯，非兵不可。今之嗣主，忽于至道，皆惛于教，乱于治，迷于言，惑于语，沉于辩，溺于辞。以此论之，王固不能行也。”‖说秦王书十上，而说不行。黑貂之裘敝，黄金百斤尽，资用乏绝。去秦而归，赢縢履𫏋，负书担囊，形容枯槁，面目黧黑，状有愧色。归至家，妻不下纟任，嫂不为炊，父母不与言。苏秦喟然叹曰：“妻不以我为夫，嫂不以我为叔，父母不以我为子，是皆秦之罪也。”乃夜发书，陈箧数十，得太公《阴符》之谋，伏而诵之，简练以为揣摩。读书欲睡，引锥自刺其股，血流至足。曰：“安有说人主不能出其金玉锦绣，取卿相之尊者乎？”期年，揣摩成，曰：“此真可以说当世之君矣！”‖于是乃摩燕乌集阙，见说赵王于华屋之下，抵掌而谈。赵王大悦，封为武安君，受相印。革车百乘，锦绣千纯，白璧百双，黄金万镒，以随其后。约从散横，以抑强秦。故苏秦相于赵，而关不通。‖当此之时，天下之大，万民之众，王侯之威，谋臣之权，皆欲决于苏秦之策。‖不费斗粮，未烦一兵，未战一士，未绝一弦，未折一矢，诸侯相亲，贤于兄弟。‖夫贤人在而天下服，一人用而天下从。故曰：“式于政，不式于勇；式于廊庙之内，不式于四境之外。”当秦之隆，黄金万镒为用，转毂连骑，炫煌于道，山东之国，从风而服，使赵大重。‖且夫苏秦，特穷巷掘门、桑户棬枢之士耳，伏轼撙衔，横历天下，庭说诸侯之主，杜左右之口，天下莫之伉。‖将说楚王，路过洛阳。父母闻之，清宫除道，张乐设饮，郊迎三十里；妻侧目而视，侧耳而听；嫂蛇行匍伏，四拜自跪而谢。苏秦曰：“嫂！何前倨而后卑也？”嫂曰：“以季子之位尊而多金。”苏秦曰：“嗟乎！贫穷则父母不子，富贵则亲戚畏惧，人生世上，势位富厚，盖可以忽乎哉？”","古文观止",""
"司马错论伐蜀","先秦","刘向","司马错与张仪争论于秦惠王前。司马错欲伐蜀，张仪曰：“不如伐韩。”王曰：“请闻其说！”‖对曰：“亲魏善楚，下兵三川，塞轘辕、缑氏之口，当屯留之道，魏绝南阳，楚临南郑，秦攻新城、宜阳，以临二周之郊，诛周主之罪，侵楚、魏之地。周自知不救，九鼎宝器必出。据九鼎，按图籍，挟天子以令天下，天下莫敢不听，此王业也。今夫蜀，西僻之国，而戎狄之长也。敝兵劳众，不足以成名；得其地，不足以为利。臣闻争名者于朝，争利者于市。今三川、周室，天下之市朝也，而王不争焉，顾争于戎狄，去王业远矣。”‖司马错曰：“不然。臣闻之，欲富国者，务广其地，欲强兵者，务富其民，欲王者，务博其德。三资者备，而王随之矣。今王之地小民贫，故臣愿从事于易。‖夫蜀，西僻之国也，而戎狄之长也，而有桀、纣之乱。以秦攻之，譬如使豺狼逐群羊也。取其地足以广国也，得其财足以富民缮兵，不伤众而彼已服矣。故拔一国而天下不以为暴，利尽西海，诸侯不以为贪。是我一举而名实两附，而又有禁暴止乱之名。今攻韩，劫天子，劫天子，恶名也，而未必利也，又有不义之名，而攻天下之所不欲，危！臣请谒其故：周，天下之示室也；韩，周之与国也。周自知失九鼎，韩自知亡三川，则必将二国并力合谋，以因乎齐、赵，而求解乎楚、魏。以鼎与楚，以地与魏，王不能禁。此臣所谓‘危’，不如伐蜀之完也。”‖惠王曰：“善！寡人听子。”卒起兵伐蜀。十月取之，遂定蜀。蜀主更号为侯，而使陈庄相蜀。蜀既属，秦益强富厚，轻诸侯。","古文观止",""
"范雎说秦王","先秦","刘向","范雎至，秦王庭迎范雎，敬执宾主之礼。范雎辞让。是日见范雎，见者无不变色易容者。秦王屏左右，宫中虚无人。秦王跪而进曰：“先生何以幸教寡人？”‖范雎曰：“唯唯。”有间，秦王复请。范雎曰：“唯唯。”若是者三。秦王跽曰：“先生不幸教寡人乎？”‖范雎谢曰：“非敢然也。臣闻：始时，吕尚之遇文王也，身为渔父，而钓于渭阳之滨耳。若是者，交疏也。已一说而立为太师，载与俱归者，其言深也。故文王果收功于吕尚，卒擅天下，而身立为帝王。即使文王疏吕望而弗与深言，是周无天子之德，而文武无与成其王也。今臣，羁旅之臣也，交疏于王，而所愿陈者，皆匡君臣之事处人骨肉之间，愿以陈臣之陋忠，而未知王心也所以王三问而不对者，是也。”‖“臣非有所畏而不敢言也。知今日言之于前，而明日伏诛于后，然臣弗敢畏也。大王信行臣之言，死不足以为臣患，亡不足以为臣忧；漆身而为厉，被发而为狂，不足以为臣耻。五帝之圣而死，三王之仁而死，五霸之贤而死，乌获之力而死，奔、育之勇而死。死者，人之所必不免，处必然之势；可以少有补于秦，此臣之所大愿也，臣何患乎？”‖“伍子胥橐载而出昭关，夜行而昼伏，至于菱水，无以糊其口，膝行蒲伏，乞食于吴市，卒兴吴国，阖闾为霸。使臣得进谋如伍子胥，加之以幽囚不复见，是臣说之行也，臣何忧乎？箕子、接舆，漆身而为厉，被发而为狂，无益于殷楚。‖使臣得同行于箕子、接舆，可以补所贤之主，是臣之大荣也，臣又何耻乎？”‖“臣之所恐者，独恐臣死之后，天下见臣尽忠而身蹶也，是以杜口裹足，莫肯即秦耳。足下上畏太后之严，下惑奸臣之态，居深宫之中，不离保傅之手，终身暗惑，无与照奸。大者宗庙灭覆，小者身以孤危，此臣之所恐耳。若夫穷辱之事，死亡之患，臣弗敢畏也。臣死而秦治，贤于生也。”‖秦王跪曰：“先生，是何言也！夫秦国僻远，寡人愚不肖，先生乃幸至此，此天以寡人慁先生，而存先王之庙也。寡人得受命于先生，此天所以幸先生而不弃其孤也。先生奈何而言若此？事无大小，上及太后，下至大臣，愿先生悉以教寡人，无疑寡人也。”范雎再拜，秦王亦再拜。","古文观止",""
"邹忌讽齐王纳谏","先秦","刘向","邹忌修八尺有余，而形貌昳丽。朝服衣冠，窥镜，谓其妻曰：“我孰与城北徐公美？”其妻曰：“君美甚，徐公何能及君也！”城北徐公，齐国之美丽者也。忌不自信，而复问其妾曰：“吾孰与徐公美？”妾曰：“徐公何能及君也？”‖旦日，客从外来，与坐谈，问之：“吾与徐公孰美？”客曰：“徐公不若君之美也！”‖明日，徐公来。熟视之，自以为不如；窥镜而自视，又弗如远甚。暮，寝而思之，曰：“吾妻之美我者，私我也；妾之美我者，畏我也；客之美我者，欲有求于我也。”‖于是入朝见威王，曰：“臣诚知不如徐公美。臣之妻私臣，臣之妾畏臣，臣之客欲有求于臣，皆以美于徐公。今齐地方千里，百二十城，宫妇左右莫不私王，朝廷之臣莫不畏王，四境之内莫不有求于王。由此观之，王之蔽甚矣！”‖王曰：“善。”乃下令：“群臣吏民能面刺寡人之过者，受上赏；上书谏寡人者，受中赏；能谤议于市朝，闻寡人之耳者，受下赏。”令初下，群臣进谏，门庭若市；数月之后，时时而间进；期年之后，虽欲言，无可进者。燕、赵、韩、魏闻之，皆朝于齐。此所谓战胜于朝廷。","古文观止",""
"颜斶说秦王","先秦","刘向","齐宣王见颜斶曰：“斶前！”斶亦曰：“王前！”宣王不说。左右曰：“王，人君也；斶，人臣也；王曰‘斶前’，斶亦曰‘王前’，可乎？”斶对曰：“夫前为慕势，王前为趋士。与斶使为慕势，不如使王为趋士。”王忿然作色曰：“王者贵乎？士贵乎？”对曰：“士贵耳，王者不贵！”王曰：“有说乎？”斶曰：“有。昔者秦攻齐，令曰：‘有敢去柳下季垄五十步而樵采者，死不赦！’令曰：‘有能得齐王头者，封万户侯，赐金千镒！’由是观之，生王之头，曾不若死士之垄也。”‖宣王曰：“嗟乎！君子焉可侮哉？寡人自取病耳！愿请受为弟子。且颜先生与寡人游，食必太牢，出必乘车，妻子衣服丽都。”颜斶辞去，曰：“夫玉生于山，制则破焉，非弗宝贵矣，然太璞不完。士生乎鄙野，推选则禄焉，非不得尊遂也，然而形神不全。斶愿得归，晚食以当肉，安步以当车，无罪以当贵，清净贞正以自虞。”则再拜而辞去。‖君子曰：“斶知足矣，归真反璞，则终身不辱。”","古文观止",""
"冯谖客孟尝君","先秦","刘向","齐人有冯谖者，贫乏不能自存，使人属孟尝君，愿寄食门下。孟尝君曰：“客何好？”曰：“客无好也。”曰：“客何能？”曰：“客无能也。”孟尝君笑而受之，曰：“诺。”左右以君贱之也，食以草具。‖居有顷，倚柱弹其剑，歌曰：“长铗归来乎！食无鱼。”左右以告。孟尝君曰：“食之，比门下之客。”居有顷，复弹其铗，歌曰：“长铗归来乎！出无车。”‖左右皆笑之，以告。孟尝君曰：“为之驾，比门下之车客。”于是乘其车，揭其剑，过其友曰：“孟尝君客我。”后有顷，复弹其剑铗，歌曰：“长铗归来乎！‖无以为家。”左右皆恶之，以为贪而不知足。孟尝君问：“冯公有亲乎？”对曰：“有老母。”孟尝君使人给其食用，无使乏。于是冯谖不复歌。‖后孟尝君出记，问门下诸客：“谁习计会，能为文收责于薛者乎？”冯谖署曰：“能。”孟尝君怪之，曰：“此谁也？”左右曰：“乃歌夫‘长铗归来’者也！”孟尝君笑曰：“客果有能也！吾负之，未尝见也。”请而见之，谢曰：“文倦于事，愦于忧，而性懦愚，沉于国家之事，开罪于先生。先生不羞，乃有意欲为收责于薛乎？”冯谖曰：“愿之！”于是约车治装，载券契而行，辞曰：“责毕收，以何市而反？”孟尝君曰：“视吾家所寡有者。”驱而之薛，使吏召诸民当偿者，悉来合券。券遍合，赴矫命，以责赐诸民，因烧其券，民称万岁。‖长驱到齐，晨而求见。孟尝君怪其疾也，衣冠而见之，曰：“责毕收乎？来何疾也？”曰：“收毕矣。”“以何市而反？”冯谖曰：“君云‘视吾家所寡有者’，臣窃计，君官中积珍宝，狗马实外厩，美人充下陈；君家所寡有者，以义耳，窃以为君市义。”孟尝君曰：“市义奈何？”曰：“今君有区区之薛，不拊爱子其民，因而贾利之；臣窃矫君命，以责赐诸民，因烧其券，民称万岁，乃臣所以为君市义也。”孟尝君不说，曰：“诺。先生休矣！”‖后期年，齐王谓孟尝君曰：“寡人不敢以先王之臣为臣。”孟尝君就国于薛，未至百里，民扶老携幼，迎君道中终日。孟尝君顾谓冯谖：“先生所为文市义者，乃今日见之！”‖冯谖曰：“狡兔有三窟，仅得免其死耳；今君有一窟，未得高枕而卧也。请为君复凿二窟。”孟尝君予车五十乘，金五百斤。西游于梁，谓梁王曰：“齐放其大臣孟尝君于诸侯，先迎之者，富而兵强。”于是，梁王虚上位，以故相为上将军，遣使者黄金千斤，车百乘，往聘孟尝君。冯谖先驱，诫孟尝君曰：“千金，重币也；百乘，显使也。齐其闻之矣。”梁使三反，孟尝君固辞不往也。‖齐王闻之，君臣恐惧，遣太傅赍黄金千斤，文车二驷，服剑一，封书谢孟尝君曰：“寡人不祥，被于宗庙之祟，沉于谄谀之臣，开罪于君！寡人不足为也。‖愿君顾先王之宗庙，姑反国统万人乎！”冯谖诫孟尝君曰：“愿请先王之祭器，立宗庙于薛！”庙成，还报孟尝君曰：“三窟已就，君姑高枕为乐矣。”‖孟尝君为相数十年，无纤介之祸者，冯谖之计也。","古文观止",""
"赵威后问齐使","先秦","刘向","齐王使使者问赵威后，书未发，威后问使者曰：“岁亦无恙耶？民亦无恙耶？‖王亦无恙耶？”使者不说，曰：“臣奉使使威后，今不问王而先问岁与民，岂先贱而后尊贵者乎？”威后曰：“不然。苟无岁何有民？苟无民何有君？故有问，舍本而问末者耶？”‖乃进而问之曰：“齐有处士曰钟离子，无恙耶？是其为人也，有粮者亦食，无粮者亦食；有衣者亦衣，无衣者亦衣。是助王养其民者也，何以至今不业也？‖叶阳子无恙乎？是其为人，哀鳏寡，恤孤独，振困穷，补不足。是助王息其民者也，何以至今不业也？北宫之女婴儿子，无恙耶？撤其环瑱，至老不嫁，以养父母。是皆率民而出于孝情者也，胡为至今不朝也？此二士弗业，一女不朝，何以王齐国，子万民乎？于陵子仲尚存乎？是其为人也，上不臣于王，下不治其家，中不索交诸侯。此率民而出于无用者，何为至今不杀乎？”","古文观止",""
"庄辛论幸臣","先秦","刘向","臣闻鄙语曰：“见兔而顾犬，未为晚也；亡羊而补牢，未为迟也。”臣闻昔汤、武以百里昌，桀、纣以天下亡。今楚国虽小，绝长续短，犹以数千里，岂特百里哉？‖王独不见夫蜻蛉乎？六足四翼，飞翔乎天地之间，俯啄蚊虻而食之，仰承甘露而饮之，自以为无患，与人无争也；不知夫五尺童子，方将调饴胶丝，加己乎四仞之上，而下为蝼蚁食也。‖夫蜻蛉其小者也，黄雀因是以。俯噣白粒，仰栖茂树，鼓翅奋翼，自以为无患，与人无争也；不知夫公子王孙左挟弹，右摄丸，将加己乎十仞之上，以其类为招。昼游乎茂树，夕调乎酸咸。倏忽之间，坠于公子之手。‖夫雀其小者也，黄鸪因是以。游乎江海，淹乎大沼，俯噣鳝鲤，仰啮菱衡，奋其六翮，而凌清风，飘摇乎高翔，自以为无患，与人无争也；不知夫射者，方将修其碆卢，治其矰缴，将加己乎百仞之上。彼监刂磻，引微缴，折清风而抎矣。故昼游乎江湖，夕调乎鼎鼐。‖夫黄鹄其小者也，蔡灵侯之事因是以。南游乎高陂，北陵乎巫山，饮茹溪流，食湘波之鱼。左抱幼妾，右拥嬖女，与之驰骋乎高蔡之中，而不以国家为事；不知夫子发方受命乎灵王，系己以朱丝而见之也。‖蔡灵侯之事其小者也，君王之事因是以。左州侯，右夏侯，辇从鄢陵君与寿陵君，饭封禄之粟，而载方府之金，与之驰骋乎云梦之中，而不以天下国家为事，而不知夫穰侯方受命乎秦王，填黾塞之内，而投己乎黾塞之外。","古文观止",""
"触詟说赵太后","先秦","刘向","赵太后新用事，秦急攻之。赵氏求救于齐。齐曰：“必以长安君为质，兵乃出。”太后不肯，大臣强谏。太后明谓左右：“有复言令长安君为质者，老妇必唾其面！”‖左师触詟愿见。太后盛气而揖之。入而徐趋，至而自谢，曰：“老臣病足，曾不能疾走，不得见久矣，窃自恕，恐太后玉体之有所郄也，故愿望见。”太后。曰：“老妇恃辇而行。”曰：“日食饮得无衰乎？”曰：“恃鬻耳。”曰：“老臣今者殊不欲食，乃自强步，日三四里，少益嗜食，和于身。”曰：“老妇不能。”太后之色少解。‖左师公曰：“老臣贱息舒祺，最少，不肖；而臣衰，窃爱怜之，愿令得补黑衣之数，以卫王宫。没死以闻！”太后曰：“敬诺。年几何矣？”对曰：“十五岁矣。虽少，愿及未填沟壑而托之。”太后曰：“丈夫亦爱怜其少子乎？”对曰：“甚于妇人。”太后曰：“妇人异甚！”对曰：“老臣窃以为媪之爱燕后，贤于长安君。”曰：“君过矣，不若长安君之甚！”‖左师公曰：“父母之爱子，则为之计深远。媪之送燕后也，持其踵为之泣，念悲其远也，亦哀之矣。已行，非弗思也，祭祀必祝之，祝曰：‘必勿使反！’岂非计久长，有子孙相继为王也哉？”太后曰：“然。”‖左师公曰：“今三世以前，至于赵之为赵，赵王之子孙侯者，其继有在者乎？”‖曰：“无有。”曰：“微独赵，诸侯有在者乎？”曰：“老妇不闻也。”“此其近者祸及身，远者及其子孙。岂人主之子孙则必不善哉？位尊而无功，奉厚而无劳，而挟重器多也。今媪尊长安君之位，而封以膏腴之地，多予之重器，而不及今令有功于国；一旦山陵崩，长安君何以自托于赵？老臣以媪为长安君计短也，故以为其爱不若燕后。”太后曰：“诺，恣君之所使之。”于是为长安君约车百乘，质于齐，齐兵乃出。‖子义闻之，曰：“人主之子也，骨肉之亲也，犹不能恃无功之尊，无劳之奉，以守金玉之重也，而况人臣乎！”","古文观止",""
"鲁仲连义不帝秦","先秦","刘向","秦围赵之邯郸。魏安厘王使将军晋鄙救赵。畏秦，止于荡阴不进。‖魏王使客将军辛垣衍间入邯郸，因平原君谓赵王曰：“秦所以急围赵者，前与齐闵王争强为帝，已而复归帝，以齐故；今齐闵王益弱，方今唯秦雄天下，此非必贪邯郸，其意欲求为帝。赵诚发使尊秦昭王为帝，秦必喜，罢兵去。”平原君犹豫未有所决。‖此时鲁仲连适游赵，会秦围赵，闻魏将欲令赵尊秦为帝，乃见平原君曰：“事将奈何矣？”平原君曰：“胜也何敢言事？百万之众折于外，今又内围邯郸而不去。魏王使客将军辛垣衍令赵帝秦。今其人在是。胜也何敢言事？”鲁连曰：“始吾以君为天下之贤公子也，吾乃今然后知君非天下之贤公子也。梁客辛垣衍安在？吾请为君责而归之。”平原君曰：“胜请为召而见之于先生。”‖平原君遂见辛垣衍，曰：“东国有鲁连先生，其人在此，胜请为绍介，而见之于将军。”辛垣衍曰：“吾闻鲁连先生，齐国之高士也。衍，人臣也，使事有职。吾不愿见鲁连先生也。”平原君曰：“胜已泄之矣。”辛垣衍许诺。‖鲁连见辛垣衍而无言。辛垣衍曰：“吾视居此围城之中者，皆有求于平原君者也。今吾视先生之玉貌，非有求于平原君者，曷为久居此围城之中而不去也？”‖鲁连曰：“世以鲍焦无从容而死者，皆非也。今众人不知，则为一身。彼秦，弃礼仪，上首功之国也，权使其士，虏使其民，彼则肆然而为帝，过而遂正于天下，则连有赴东海而死耳，吾不忍为之民也！所为见将军者，欲以助赵也。”辛垣衍曰：“先生助之奈何？”鲁连曰：“吾将使梁及燕助之，齐、楚固助之矣。”辛垣衍曰：“燕则吾请以从矣；若乃梁，则吾乃梁人也，先生恶能使梁助之耶？”‖鲁连曰：“梁未睹秦称帝之害故也；使梁睹秦称帝之害，则必助赵矣。”辛垣衍曰：“秦称帝之害将奈何？”鲁仲连曰：“昔齐威王尝为仁义矣，率天下诸侯而朝周。周贫且微，诸侯莫朝，而齐独朝之。居岁余，周烈王崩，诸侯皆吊，齐后往。周怒，赴于齐曰：‘天崩地坼，天子下席，东藩之臣田婴齐后至，则斮之。’威王勃然怒曰：‘叱嗟！而母，婢也！’卒为天下笑。故生则朝周，死则叱之，诚不忍其求也。彼天子固然，其无足怪！”‖辛垣衍曰：“先生独未见夫仆乎？十人而从一人者，宁力不胜，智不若邪？‖畏之也。”鲁仲连曰：“然，梁之比于秦，若仆邪？”辛垣衍曰：“然。”鲁仲连曰：“然则吾将使秦王烹醢梁王！”辛垣衍怏然不悦，曰：“嘻！亦太甚矣，先生之言也！先生又恶能使秦王烹醢梁王？”鲁仲连曰：“固也！待吾言之：昔者鬼侯、鄂侯、文王，纣之三公也。鬼侯有子而好，故入之于纣，纣以为恶，醢鬼侯；鄂侯争之急，辨之疾，故脯鄂侯。文王闻之，喟然而叹，故拘之于牖里之库百日，而欲令之死。曷为与人俱称帝王，卒就脯醢之地也？‖“齐闵王将之鲁，夷维子执策而从，谓鲁人曰：‘子将何以待吾君？’鲁人曰：‘吾将以十太牢待子之君。’夷维子曰：‘子安取礼而来待吾君？彼吾君者，天子也。天子巡狩，诸侯避舍，纳筦键，摄衽抱几，视膳于堂下；天子已食，退而听朝也。’鲁人投其籥，不果纳。不得入于鲁。将之薛，假途于邹。当是时，邹君死，闵王欲入吊。夷维子谓邹之孤曰：‘天子吊，主人必将倍殡柩，设北面于南方，然后天子南面吊也。’邹之群臣曰：‘必若此，吾将伏剑而死。’故不敢入于邹。邹、鲁之臣，生则不得事养，死则不得饭含。然且欲行天子之礼于邹、鲁之臣，不果纳。今万乘之国，梁亦万乘之国。俱据万乘之国，交有称王之名，赌其一战而胜，欲从而帝之，是使三晋之大臣，不如邹、鲁之仆妾也。”‖“且秦无已而帝，则且变易诸侯之大臣。彼将夺其所谓不肖，而予其所谓贤，夺其所憎，而予其所爱；彼又将使其子女谗妾，为诸侯妃姬，处梁之宫，梁王安得晏然而已乎？而将军又何以得故宠乎？”‖于是辛垣衍起，再拜谢曰：“始以先生为庸人，吾乃今日而知先生为天下之士也！吾请去，不敢复言帝秦！”‖秦将闻之，为却军五十里。适会公子无忌夺晋鄙军以救赵击秦，秦军引而去。‖于是平原君欲封鲁仲连。鲁仲连辞让者三，终不肯受。平原君乃置酒，酒酣，起前以千金为鲁连寿。鲁连笑曰：“所贵于天下之士者，为人排患释难、解纷乱而无所取也。即有所取者，是商贾之人也，仲连不忍为也。”遂辞平原君而去，终身不复见。","古文观止",""
"鲁共公择言","先秦","刘向","梁王魏婴觞诸侯于范台，酒酣，请鲁君举觞。鲁君兴，避席择言曰：“昔者，帝女令仪狄作酒而美，进之禹；禹饮而甘之，遂疏仪狄，绝旨酒。曰：‘后世必有以酒亡其国者。’齐桓公夜半不嗛，易牙乃煎、熬、燔、炙，和调五味而进之；桓公食之而饱，至旦不觉，曰：‘后世必有以味亡其国者。’晋文公得南之威，三日不听朝，遂推南之威而远之，曰：“后世必有以色亡其国者。”楚王登强台而望崩山，左江而右湖，以临彷徨，其乐忘死，遂盟强台而弗登，曰：‘后世必有以高台、陂池亡其国者。’今主君之尊，仪狄之酒也；主君之味，易牙之调也；左白台而右闾须，南威之美也；前夹林而后兰台，强台之乐也。有一于此，足以亡其国，今主君兼此四者，可无戒与？”梁王称善相属。","古文观止",""
"唐雎说信陵君","先秦","刘向","信陵君杀晋鄙，救邯郸，破秦人，存赵国。赵王自郊迎。唐雎谓信陵君曰：“臣闻之曰，事有不可知者，有不可不知者，有不可忘者，有不可不忘者。”信陵君曰：“何谓也？”对曰：“人之憎我也，不可不知也；我憎人也，不可得而知也。人之有德于我也，不可忘也；吾有德于人也，不可不忘也。今君杀晋鄙，救邯郸，破秦人，存赵国，此大德也。今赵王自郊迎，卒然见赵王，愿君之忘之也。”信陵君曰：“无忌谨受教。”","古文观止",""
"唐雎不辱使命","先秦","刘向","秦王使人谓安陵君曰：“寡人欲以五百里之地易安陵，安陵君其许寡人？”‖安陵君曰：“大王加惠，以大易小，甚善。虽然，受地于先王，愿终守之，弗敢易。”秦王不说。安陵君因使唐雎使于秦。‖秦王谓唐雎曰：“寡人以五百里之地易安陵，安陵君不听寡人，何也？且秦灭韩亡魏，而君以五十里之地存者，以君为长者，故不错意也。今吾以十倍之地，请广于君，而君逆寡人者，轻寡人与？”唐雎对曰：“否，非若是也。安陵君受地于先王而守之，虽千里不敢易也，岂直五百里哉？”‖秦王怫然怒，谓唐雎曰：“公亦尝闻天子之怒乎？”唐雎对曰：“臣未尝闻也。”秦王曰：“天子之怒，伏尸百万，流血千里。”唐雎曰：“大王尝闻布衣之怒乎？”秦王曰：“布衣之怒，亦免冠徒跣，以头抢地耳。”唐雎曰：“此庸夫之怒也，非士之怒也。夫专诸之刺王僚也，彗星袭月；聂政之刺韩傀也，白虹贯日；要离之刺庆忌也，苍鹰击于殿上。此三子皆布衣之士也，怀怒未发，休祲降于天，与臣而将四矣。若士必怒，伏尸二人，流血五步，天下缟素，今日是也。”‖挺剑而起。‖秦王色挠，长跪而谢之，曰：“先生坐！何至于此！寡人谕矣。夫韩、魏灭亡，而安陵以五十里之地存者，徒以有先生也。”","古文观止",""
"乐毅报燕王书","先秦","刘向","昌固君乐毅，为燕昭王合五国之兵而攻齐，下七十余城，尽郡县之以属燕。‖三城未下，而燕昭王死。惠王即位，用齐人反间，疑乐毅，而使骑劫代之将。乐毅奔赵，赵封以为望诸君。齐田单诈骑劫，卒败燕军，复收七十余城以复齐。‖燕王悔，惧赵用乐毅乘燕之弊以伐燕。燕王乃使人让乐毅，且谢之曰：“先王举国而委将军，将军为燕破齐，报先王之仇，天下莫不振动。寡人岂敢一日而忘将军之功哉！会先王弃群臣，寡人新即位，左右误寡人。寡人之使骑劫代将军，为将军久暴露于外，故召将军，且休计事。将军过听，以与寡人有隙，遂捐燕而归赵。将军自为计则可矣，而亦何以报先王之所以遇将军之意乎？”‖望诸君乃使人献书报燕王曰：“臣不佞，不能奉承先王之教，以顺左右之心，恐抵斧质之罪，以伤先王之明，而又害于足下之义，故遁逃奔赵。自负以不肖之罪，故不敢为辞说。今王使使者数之罪，臣恐侍御者之不察先王之所以畜幸臣之理，而又不白于臣之所以事先王之心。‖“臣闻贤圣之君不以禄私其亲，功多者授之；不以官随其爱，能当者处之。‖故察能而授官者，成功之君也；论行而结交者，立名之士也。臣以所学者观之，先王之举错，有高世之心，故假节于魏王，而以身得察于燕。先王过举，擢之乎宾客之中，而立之乎群臣之上，不谋于父兄，而使臣为亚卿。臣自以为奉令承教，可以幸无罪矣，故受命而不辞。‖“先王命之曰：‘我有积怨深怒于齐，不量轻弱，而欲以齐为事。’臣对曰：‘夫齐，霸国之余教而骤胜之遗事也，闲于甲兵，习于战攻。王若欲伐之，则必举天下而图之。举天下而图之，莫径于结赵矣。且又淮北、宋地，楚、魏之所同愿也。赵若许约，楚、赵、宋尽力，四国攻之，齐可大破也。’先王曰：‘善。’臣乃口受令，具符节，南使臣于赵。顾反命，起兵随而攻齐，以天之道，先王之灵，河北之地，随先王举而有之于济上。济上之军奉令击齐，大胜之。轻卒锐兵，长驱至国。齐王逃遁走莒，仅以身免。珠玉财宝，车甲珍器，尽收入燕。大吕陈于元英，故鼎反乎历室，齐器设于宁台。蓟丘之植，植于汶篁。自五伯以来，功未有及先王者也。先王以为顺于其志，以臣为不顿命，故裂地而封之，使之得比乎小国诸侯。臣不佞，自以为奉令承教，可以幸无罪矣，故受命而弗辞。‖“臣闻贤明之君，功立而不废，故著于《春秋》，蚤知之士，名成而不毁，故称于后世。若先王之报怨雪耻，夷万乘之强国，收八百岁之蓄积，及至弃群臣之日，遗令诏后嗣之余义，执政任事之臣，所以能循法令，顺庶孽者，施及萌隶，皆可以教于后世。臣闻善作者不必善成，善始者不必善终。昔者伍子胥说听乎阖闾，故吴王远迹至于郢；夫差弗是也，赐之鸱夷而浮之江。故吴王夫差不悟先论之可以立功，故沉子胥而弗悔；子胥不蚤见主之不同量，故入江而不改。‖“夫免身全功，以明先王之迹者，臣之上计也。离毁辱之非，堕先王之名者，臣之所大恐也。临不测之罪，以幸为利者，义之所不敢出也。”‖“臣闻古之君子，交绝不出恶声；忠臣之去也，不洁其名。臣虽不佞，数奉教于君子矣。恐侍御者之亲左右之说，而不察疏远之行也。故敢以书报，唯君之留意焉。”","古文观止",""
"李斯谏逐客书","先秦","李斯","秦宗室大臣皆言秦王曰：“诸侯人来事秦者，大抵为其主游间于秦耳，请一切逐客。”李斯议亦在逐中。‖斯乃上书曰：“臣闻吏议逐客，窃以为过矣。”‖“昔穆公求士，西取由余于戎，东得百里奚于宛，迎蹇叔于宋，求丕豹、公孙支于晋。此五子者，不产于秦，而穆公用之，并国二十，遂霸西戎。孝公用商鞅之法，移风易俗，民以殷盛，国以富强，百姓乐用，诸侯亲服，获楚、魏之师，举地千里，至今治强。惠王用张仪之计，拔三川之地，西并巴蜀，北收上郡，南取汉中，包九夷，制鄢、郢，东据城皋之险，割膏腴之壤，遂散六国之从，使之西面事秦，功施到今。昭王得范雎，废穰侯，逐华阳，强公室，杜私门，蚕食诸侯，使秦成帝业。此四君者，皆以客之功。由此观之，客何负于秦哉！向使四君却客而不内，疏士而不用，是使国无富利之实，而秦无强大之名也。‖今陛下致昆山之玉，有随和之宝，垂明月之珠，服太阿之剑，乘纤离之马，建翠凤之旗，树灵鼍之鼓。此数宝者，秦不生一焉，而陛下说之，何也？必秦国之所生然后可，则是夜光之璧不饰朝廷，犀象之器不为玩好；郑魏之女不充后宫；而骏马𫘝𫘨不实外厩，江南金锡不为用，西蜀丹青不为采。所以饰后宫、充下陈、娱心意、说耳目者，必出于秦然后可，则是宛珠之簪、傅玑之珥、阿缟之衣、锦绣之饰，不进于前，而随俗雅化、佳冶窈窕，赵女不立于侧也。夫击瓮叩缶，弹筝搏髀，而歌呼呜呜、快耳目者，真秦之声也；郑卫桑间，韶虞武象者，异国之乐也。今弃击瓮而就郑卫，退弹筝而取韶虞，若是者何也？快意当前，适观而已矣。今取人则不然，不问可否，不论曲直，非秦者去，为客者逐。然则是所重者在乎色乐珠玉，而所轻者在乎人民也。此非所以跨海内、制诸侯之术也。‖“臣闻地广者粟多，国大者人众，兵强则士勇。是以泰山不让土壤，故能成其大；河海不择细流，故能就其深；王者不却众庶，故能明其德。是以地无四方，民无异国，四时充美，鬼神降福，此五帝三王之所以无敌也。今乃弃黔首以资敌国，却宾客以业诸侯，使天下之士退而不敢西向，裹足不入秦。此所谓‘借寇兵赍而盗粮’者也。”‖“夫物不产于秦，可宝者多；士不产于秦，而愿忠者众。今逐客以资敌国，损民以益仇，内自虚而外树怨于诸侯，求国之无危，不可得也。”‖秦王乃除逐客之令，复李斯官。","古文观止",""
"卜居","先秦","屈原","屈原既放，三年不得复见。竭智尽忠，而蔽障于谗；心烦虑乱，不知所从。‖乃往见太卜郑詹尹，曰：“余有所疑，愿因先生决之。”詹尹乃端策拂龟，曰：“君将何以教之？”‖屈原曰：“吾宁悃悃款款，朴以忠乎？将送往劳来，斯无穷乎？宁诛锄草茆以力耕乎？将游大人以成名乎？宁正言不讳以危身乎？将从俗富贵以媮生乎？‖宁超然高举以保真乎？将哫訾粟斯，喔咿嚅唲，以事妇人乎？宁廉洁正直以自清乎？将突梯滑稽，如脂如韦，以絜楹乎？宁昂昂若千里之驹乎？将泛泛若水中之凫乎？与波上下，偷以全吾躯乎？宁与骐骥亢轭乎？将随驽马之迹乎？宁与黄鹄比翼乎？将与鸡鹜争食乎？此孰吉孰凶？何去何从？世混浊而不清：蝉翼为重，千钧为轻；黄钟毁弃，瓦釜雷鸣；谗人高张，贤士无名。吁嗟默默兮，谁知吾之廉贞？”‖詹尹乃释策而谢曰：“夫尺有所短，寸有所长；物有所不足，智有所不明；数有所不逮，神有所不通。用君之心，行君之意。龟策诚不能知此事。”","古文观止",""
"宋玉对楚王问","先秦","宋玉","楚襄王问于宋玉曰：“先生其有遗行与？何士民众庶不誉之甚也？”‖宋玉对曰：“唯，然。有之。愿大王宽其罪，使得毕其辞。‖“客有歌于郢中者，其始曰《下里》、《巴人》，国中属而和者数千人；其为《阳阿》、《薤露》，国中属而和者数百人；其为《阳春》、《白雪》，国中属而和者不过数十人；引商刻羽，杂以流征，国中属而和者不过数人而已。是其曲弥高，其和弥寡。‖“故鸟有凤而鱼有鲲。凤凰上击九千里，绝云霓，负苍天，足乱浮云，翱翔乎杳冥之上；夫藩篱之鷃，岂能与之料天地之高哉！鲲鱼朝发昆仑之墟，暴鬐于碣石，暮宿于孟诸；夫尺泽之鲵，岂能与之量江海之大哉！‖“故非独鸟有凤而鱼有鲲也，士亦有之。夫圣人瑰意琦行，超然独处，世俗之民，又安知臣之所为哉？”","古文观止",""
"五帝本纪赞","汉","司马迁","太史公曰：学者多称五帝，尚矣。然《尚书》独载尧以来，而百家言黄帝，其文不雅驯，荐绅先生难言之。孔子所传《宰予问五帝德》及《帝系姓》，儒者或不传。余尝西至空峒，北过涿鹿，东渐于海，南浮江淮矣，至长老皆各往往称黄帝、尧、舜之处，风教固殊焉。总之，不离古文者近是。予观《春秋》、《国语》，其发明《五帝德》、《帝系姓》章矣，顾弟弗深考，其所表见皆不虚。‖《书》缺有间矣，其轶乃时时见于他说。非好学深思，心知其意，固难为浅见寡闻道也。余并论次，择其言尤雅者，故著为本纪书首。","古文观止",""
"项羽本纪赞","汉","司马迁","太史公曰：吾闻之周生曰，“舜目盖重瞳子”，又闻项羽亦重瞳子。羽岂其苗裔邪？何兴之暴也！夫秦失其政，陈涉首难，豪杰蜂起，相与并争，不可胜数。‖然羽非有尺寸，乘势起陇亩之中，三年，遂将五诸侯灭秦，分裂天下，而封王侯，政由羽出，号为“霸王”。位虽不终，近古以来，未尝有也。及羽背关怀楚，放逐义帝而自立，怨王侯叛己，难矣。自矜功伐，奋其私智而不师古，谓霸王之业，欲以力征经营天下，五年，卒亡其国，身死东城，尚不觉寤，而不自责，过矣。‖乃引“天亡我，非用兵之罪也”，岂不谬哉！","古文观止",""
"秦楚之际月表","汉","司马迁","太史公读秦楚之际曰：初作难，发于陈涉，虐戾灭秦自项氏，拨乱诛暴、平定海内、卒践帝祚、成于汉家。五年之间，号令三嬗，自生民以来，未始有受命若斯之亟也。‖昔虞、夏之兴，积善累功数十年，德洽百姓，摄行政事，考之于天，然后在位。汤、武之王，乃由契、后稷，修仁行义十余世，不期而会孟津八百诸侯，犹以为未可。其后乃放弑。秦起襄公，章于文、缪，献、孝之后，稍以蚕食六国，百有余载，至始皇乃能并冠带之伦。以德若彼，用力如此，盖一统若斯之难也！‖秦既称帝，患兵革不休，以有诸侯也，于是无尺土之封，堕坏名城，销锋镝，鉏豪杰，维万世之安。然王迹之兴，起于闾巷，合从讨伐，轶于三代，乡秦之禁，适足以资贤者为驱除难耳。故愤发其所为天下雄，安在无土不王？此乃传之所谓大圣乎！岂非天哉？岂非天哉？非大圣孰能当此受命而帝者乎！","古文观止",""
"高祖功臣侯者年表","汉","司马迁","太史公曰：古者人臣，功有五品，以德立宗庙、定社稷曰勋，以言曰劳，用力曰功，明其等曰伐，积日曰阅。封爵之誓曰：“使河如带，泰山若厉，国以永宁，爰及苗裔。”始未尝不欲固其根本，而枝叶稍陵夷衰微也。‖余读高祖侯功臣，察其首封，所以失之者，曰：异哉所闻！《书》曰“协和万国”，迁于夏、商，或数千岁。盖周封八百，幽、厉之后，见于《春秋》。‖《尚书》有唐、虞之侯伯，历三代千有余载，自全以蕃卫天子，岂非笃于仁义，奉上法哉？汉兴，功臣受封者百有余人，天下初定，故大城名都散亡，户口可得而数者十二三，是以大侯不过万家，小者五六百户。后数世，民咸归乡里，户益息，萧、曹、绛、灌之属或至四万，小侯自倍，富厚如之。子孙骄溢，忘其先，淫嬖。至太初，百年之间，见侯五，余皆坐法陨命亡国，耗矣。罔亦少密焉，然皆身无兢兢于当世之禁云。‖居今之世，志古之道，所以自镜也，未必尽同。帝王者各殊礼而异务，要以成功为统纪，岂可绲乎？观所以得尊宠及所以废辱，亦当世得失之林也，何必旧闻？于是谨其终始，表见其文，颇有所不尽本末，著其明，疑者阙之。后有君子，欲推而列之，得以览焉。","古文观止",""
"孔子世家赞","汉","司马迁","太史公曰：《诗》有之，“高山仰止，景行行止。”虽不能至，然心乡往之。‖余读孔氏书，想见其为人。适鲁，观仲尼庙堂、车服、礼器，诸生以时习礼其家，余低回留之，不能去云。天下君王至于贤人众矣！当时则荣，没则已焉！孔子布衣，传十余世，学者宗之。自天子王侯　中国言《六艺》者，折中于夫子，可谓至圣矣！","古文观止",""
"外戚世家序","汉","司马迁","自古受命帝王及继体守文之君，非独内德茂也，盖亦有外戚之助焉。夏之兴也以涂山，而桀之放也以妹喜；殷之兴也以有娀，纣之杀也嬖妲己；周之兴也以姜原及大任，而幽王之禽也淫于褒姒。故《易》基《干》、《坤》，《诗》始《关雎》，《书》美厘降，《春秋》讥不亲迎。夫妇之际，人道之大伦也。礼之用，唯婚姻为兢兢。夫乐调而四时和。阴阳之变，万物之统也，可不慎与？人能弘道，无如命何。甚哉妃匹之爱，君不能得之于臣，父不能得之于子，况卑下乎！‖既欢合矣，或不能成子姓；能成子姓矣，或不能要其终，岂非命也哉？孔子罕称命，盖难言之也。非通幽明之变，恶能识乎性命哉？","古文观止",""
"伯夷列传","汉","司马迁","夫学者载籍极博，犹考信于六艺。《诗》、《书》虽缺，然虞、夏之文可知也。尧将逊位，让于虞舜。舜禹之间，岳牧咸荐，乃试之于位，典职数十年，功用既兴，然后授政，示天下重器。王者大统，传天下若斯之难也。而说者曰：“尧让天下于许由，许由不受，耻之逃隐。及夏之时，有卞随、务光者。此何以称焉？太史公曰：余登箕山，其上盖有许由冢云。孔子序列古之仁圣贤人，如吴太伯、伯夷之伦详矣。余以所闻由、光义至高，其文辞不少概见，何哉？‖孔子曰：“伯夷、叔齐，不念旧恶，怨是用希。”“求仁得仁，又何怨乎？”‖余悲伯夷之意，睹轶诗可异焉。其传曰：伯夷、叔齐，孤竹君之二子也。父欲立叔齐。及父卒，叔齐让伯夷。伯夷曰：“父命也。”遂逃去。叔齐亦不肯立而逃之；国人立其中子。于是伯夷、叔齐闻西伯昌善养老，“盍往归焉！”及至，西伯卒，武王载木主，号为文王，东伐纣。伯夷、叔齐叩马而谏曰：“父死不葬，爰及干戈，可谓孝乎？以臣弑君，可谓仁乎？”左右欲兵之。太公曰：“此义人也。”扶而去之。武王已平殷乱，天下宗周，而伯夷、叔齐耻之，义不食周粟，隐于首阳山，采薇而食之。及饿且死，作歌，其辞曰：“登彼西山兮，采其薇矣。‖以暴易暴兮，不知其非矣。神农、虞、夏忽焉没兮，我安适归矣？于嗟徂兮，命之衰矣！遂饿死于首阳山。”由此观之，怨邪非邪？‖或曰：“天道无亲，常与善人。”若伯夷、叔齐，可谓善人者非邪？积仁洁行如此而饿死！且七十子之徒，仲尼独荐颜渊为好学。然回也屡空，糟糠不厌，而卒蚤夭。天之报施善人，其何如哉？盗跖日杀不辜，肝人之肉，暴戾恣睢，聚党数千人，横行天下，竟以寿终，是遵何德哉？此其尤大彰明较著者也。若至近世，操行不轨，专犯忌讳，而终身逸乐，富厚累世不绝；或择地而蹈之，时然后出言，行不由径，非公正不发愤，而遇祸灾者，不可胜数也！余甚惑焉，傥所谓天道，是邪非邪？‖子曰：“道不同，不相为谋。”亦各从其志也。故曰：“富贵如可求，虽执鞭之士，吾亦为之。如不可求，从吾所好。”“岁寒，然后知松柏之后凋。”举世混浊，清士乃见。岂以其重若彼，其轻若此哉？‖“君子疾没世而名不称焉。”贾子曰：“贪夫徇财，烈士徇名，夸者死权，众庶冯生。”同明相照，同类相求。“云从龙，风从虎。圣人作而万物睹。”伯夷、叔齐虽贤，得夫子而名益彰，颜渊虽笃学，附骥尾而行益显。岩穴之士，趋舍有时，若此类名堙灭而不称，悲夫！闾巷之人，欲砥行立名者，非附青云之士，恶能施于后世哉！","古文观止",""
"管晏列传","汉","司马迁","管仲夷吾者，颍上人也。少时常与鲍叔牙游，鲍叔知其贤。管仲贫困，常欺鲍叔；鲍叔终善遇之，不以为言。已而鲍叔事齐公子小白，管仲事公子纠。及小白立为桓公，公子纠死，管仲囚焉。鲍叔遂进管仲。管仲既用，任政于齐，齐桓公以霸，九合诸侯，一匡天下，管仲之谋也。‖管仲曰：“吾始困时，尝与鲍叔贾，分财利多自与，鲍叔不以我为贪，知我贫也；吾尝为鲍叔谋事而更穷困，鲍叔不以我为愚，知时有利不利也。吾尝三仕三见逐于君，鲍叔不以我为不肖，知我不遭时也。吾尝三战三走，鲍叔不以我为怯，知我有老母也。公子纠败，召忽死之，吾幽囚受辱，鲍叔不以我为无耻，知我不羞小节而耻功名不显于天下也。生我者父母，知我者鲍子也！”‖鲍叔既进管仲，以身下之。子孙世禄于齐有封邑者十余世，常为名大夫。天下不多管仲之贤而多鲍叔能知人也。‖管仲既任政相齐，以区区之齐在海滨，通货积财，富国强兵，与俗同好恶。‖故其称曰：“仓廪实而知礼节，衣食足而知荣辱，上服度则六亲固。”“四维不张，国乃灭亡。”“下令如流水之源，令顺民心。”故论卑而易行。俗之所欲，因而予之；俗之所否，因而去之。‖其为政也，善因祸而为福，转败而为功。贵轻重，慎权衡。桓公实怒少姬，南袭蔡，管仲因而伐楚，责包茅不入贡于周室，桓公实北征山戎，而管仲因而令燕修召公之政。于柯之会，桓公欲背曹沫之约，管仲因而信之，诸侯由是归齐。‖故曰：“知与之为取，政之宝也。”‖管仲富拟于公室，有三归、反坫，齐人不以为侈。管仲卒，齐国遵其政，常强于诸侯。‖后百余年而有晏子焉。‖晏平仲婴者，莱之夷维人也。事齐灵公、庄公、景公，以节俭力行重于齐。‖既相齐，食不重肉，妾不衣帛。其在朝，君语及之，即危言；语不及之，即危行。‖国有道，即顺命；无道，即衡命。以此三世显名于诸侯。‖越石父贤，在缧绁中。晏子出，遭之途，解左骖赎之，载归。弗谢，入闺，久之。越石父请绝。晏子戄然，摄衣冠谢曰：“婴虽不仁，免子于厄，何子求绝之速也？”石父曰：“不然。吾闻君子诎于不知己，而信于知己者。方吾在缧绁中，彼不知我也。夫于既已感寤而赎我，是知己；知己而无礼，固不如在缧绁之中。”晏子于是延入为上客。‖晏子为齐相，出，其御之妻从门间而窥其夫。其夫为相御，拥大盖，策驷马，意气扬扬，甚自得也。既而归，其妻请去，夫问其故，妻曰：“晏子长不满六尺，身相齐国，名显诸侯。今者妾观其出，志念深矣，常有以自下者。今子长八尺，乃为人仆御，然子之意自以为足，妾是以求去也。”其后夫自抑损。晏子怪而问之，御以实对。晏子荐以为大夫。‖太史公曰：“吾读管氏《牧民》、《山高》、《乘马》、《轻重》、《九府》，及《晏子春秋》，详哉其言之也。既见其著书，欲观其行事，故次其传。至其书，世多有之，是以不论，论其轶事。‖管仲，世所谓贤臣，然孔子小之。岂以为周道衰微，桓公既贤，而不勉之至王，及称霸哉？语曰：“将顺其美，匡救其恶，故上下能相亲也。”岂管仲之谓乎？‖方晏子伏庄公尸，哭之，成礼然后去，岂所谓‘见义不为无勇’者邪？至其谏说，犯君之颜，此所谓“进思尽忠，退思补过”者哉！假令晏子而在，余虽为之执鞭，所忻慕焉。","古文观止",""
"屈原列传","汉","司马迁","屈原者，名平，楚之同姓也。为楚怀王左徒。博闻强志，明于治乱，娴于辞令。入则与王图议国事，以出号令；出则接遇宾客，应对诸侯。王甚任之。‖上官大夫与之同列，争宠，而心害其能。怀王使屈原造为宪令，屈平属草稿未定。上官大夫见而欲夺之，屈平不与，因谗之曰：“王使屈平为令，众莫不知，每一令出，平伐其功曰：以为‘非我莫能为’也。”王怒而疏屈平。‖屈平疾王听之不聪也，谗谄之蔽明也，邪曲之害公也，方正之不容也，故忧愁幽思，而作《离骚》。“离骚”者，犹离忧也。夫天者，人之始也；父母者，人之本也。人穷则反本，故劳苦倦极，未尝不呼天也；疾痛惨怛，未尝不呼父母也。屈平正道直行，竭忠尽智以事其君，谗人间之，可谓穷矣！信而见疑，忠而被谤，能无怨乎？屈平之作《离骚》，盖自怨生也。《国风》好色而不淫，《小雅》怨诽而不乱。若《离骚》者，可谓兼之矣！上称帝喾，下道齐桓，中述汤、武，以刺世事。明道德之广崇，治乱之条贯，靡不毕见。其文约，其辞微，其志洁，其行廉。其称文小而其指极大，举类迩而见义远。其志洁，故其称物芳。其行廉，故死而不容。自疏濯淖污泥之中，蝉蜕于浊秽，以浮游尘埃之外，不获世之滋垢，皭然泥而不滓者也。推此志也，虽与日月争光可也。‖屈平既绌，其后秦欲伐齐。齐与楚从亲。惠王患之，乃令张仪详去秦，厚币委质事楚，曰：“秦甚憎齐，齐与楚从亲，楚诚能绝齐，秦原献商、于之地六百里。”楚怀王贪而信张仪，遂绝齐。使使如秦受地。张仪诈之曰：“仪与王约六里，不闻六百里。”楚使怒去，归告怀王。怀王怒，大兴师伐秦。秦发兵击之，大破楚师于丹、淅，斩首八万，虏楚将屈匄，遂取楚之汉中地。怀王乃悉发国中兵，以深入击秦，战于蓝田。魏闻之，袭楚至邓。楚兵惧，自秦归。而齐竟怒，不救楚，楚大困。‖明年，秦割汉中地与楚以和。楚王曰：“不愿得地，愿得张仪而甘心焉。”‖张仪闻，乃曰：“以一仪而当汉中地，臣请往如楚。”如楚，又因厚币用事者臣靳尚，而设诡辩于怀王之宠姬郑袖。怀王竟听郑袖，复释去张仪。是时屈平既疏，不复在位，使于齐，顾反，谏怀王曰：“何不杀张仪？”怀王悔，追张仪，不及。‖其后，诸侯共击楚，大破之，杀其将唐昧。‖时秦昭王与楚婚，欲与怀王会。怀王欲行，屈平曰：“秦，虎狼之国，不可信，不如无行。”怀王稚子子兰劝王行：“奈何绝秦欢！”怀王卒行。入武关，秦伏兵绝其后，因留怀王以求割地。怀王怒，不听。亡走赵，赵不内。复之秦，竟死于秦而归葬。‖长子顷襄王立，以其弟子兰为令尹。楚人既咎子兰以劝怀王入秦而不反也。‖屈平既嫉之，虽放流，眷顾楚国，系心怀王，不忘欲反。冀幸君之一悟，俗之一改也。其存君兴国，而欲反复之，一篇之中，三致意焉。然终无可奈何，故不可以反，卒以此见怀王之终不悟也。‖人君无愚智、贤不肖，莫不欲求忠以自为，举贤以自佐。然亡国破家相随属，而圣君治国累世而不见者，其所谓忠者不忠，而所谓贤者不贤也！怀王以不知忠臣之分，故内惑于郑袖，外欺于张仪，疏屈平而信上官大夫、令尹子兰。兵挫地削，亡其六郡，身客死于秦，为天下笑。此不知人之祸也。《易》曰：“井渫不食，为我心恻，可以汲。王明，并受其福。”王之不明，岂足福哉！‖令尹子兰闻之大怒，卒使上官大夫短屈原于顷襄王，顷襄王怒而迁之。‖屈原至于江滨，被发行吟泽畔。颜色憔悴，形容枯槁。渔父见而问之曰：“子非三闾大夫欤？何故而至此？”屈原曰：“举世混浊而我独清，众人皆醉而我独醒，是以见放。”渔父曰：“夫圣人者，不凝滞于物而能与世推移。举世混浊，何不随其流而扬其波？众人皆醉，何不𫗦其糟而啜其醨？何故怀瑾握瑜，而自令见放为？”屈原曰：“吾闻之，新沐者必弹冠，新浴者必振衣。人又谁能以身之察察，受物之汶汶者乎！宁赴常流，而葬乎江鱼腹中耳。又安能以皓皓之白，而蒙世俗之温蠖乎！”乃作《怀沙》之赋。‖于是怀石，遂自投汨罗以死。‖屈原既死之后，楚有宋玉、唐勒、景差之徒者，皆好辞而以赋见称。然皆祖屈原之从容辞令，终莫敢直谏。其后楚日以削，数十年竟为秦所灭。‖自屈原沉汨罗后百有余年，汉有贾生，为长沙王太傅，过湘水，投书以吊屈原。‖太史公曰：余读《离骚》、《天问》、《招魂》、《哀郢》，悲其志。适长沙，观屈原所自沉渊，未尝不垂涕，想见其为人。及见贾生吊之，又怪屈原以彼其材游诸侯，何国不容，而自令若是！读《服鸟赋》，同生死，轻去就，又爽然自失矣！","古文观止",""
"酷吏列传序","汉","司马迁","孔子曰：“道之以政，齐之以刑，民免而无耻；道之以德，齐之以礼，有耻且格。”老氏称：“上德不德，是以有德；下德不失德，是以无德。法令滋章，盗贼多有。”太史公曰：信哉是言也！法令者治之具，而非制治清浊之源也。昔天下之网尝密矣，然奸伪萌起，其极也，上下相遁，至于不振。当是之时，吏治若救火扬沸，非武健严酷，恶能胜其任而愉快乎？言道德者，溺其职矣，故曰“听讼吾犹人也，必也使无讼乎！”“下士闻道大笑之”，非虚言也。‖汉兴，破觚而为圜，斫雕而为朴，网漏于吞舟之鱼，而吏治烝烝，不至于奸，黎民艾安。由是观之，在彼不在此。","古文观止",""
"游侠列传序","汉","司马迁","韩子曰：“儒以文乱法，而侠以武犯禁。”二者皆讥，而学士多称于世云。‖至如以术取宰相、卿、大夫，辅翼其世主，功名俱著于春秋，固无可言者。及若季次、原宪，闾巷人也，读书怀独行君子之德，义不苟合当世，当世亦笑之。故季次、原宪终身空室蓬户，褐衣疏食不厌。死而已四百余年，而弟子志之不倦。‖今游侠，其行虽不轨于正义，然其言必信，其行必果，已诺必诚，不爱其躯，赴士之厄困，既已存亡死生矣，而不矜其能，羞伐其德，盖亦有足多者焉。‖且缓急，人之所时有也。太史公曰：昔者虞舜窘于井廪，伊尹负于鼎俎，傅说匿于傅险，吕尚困于棘津，夷吾桎梏，百里饭牛，仲尼畏匡，菜色陈、蔡。此皆学士所谓有道仁人也，犹然遭此灾，况以中材而涉乱世之末流乎？其遇害何可胜道哉！‖鄙人有言曰：“何知仁义，已飨其利者为有德。”故伯夷丑周，饿死首阳山，而文、武不以其故贬王；跖、𫏋暴戾，其徒诵义无穷。由此观之，“窃钩者诛，窃国者侯；侯之门，仁义存”，非虚言也。‖今拘学或抱咫尺之义，久孤于世，岂若卑论侪俗，与世沉浮而取荣名哉！而布衣之徒，设取予然诺，千里诵义，为死不顾世，此亦有所长，非苟而已也。故士穷窘而得委命，此岂非人之所谓贤豪间者邪？诚使乡曲之侠，予季次、原宪比权量力，效功于当世，不同日而论矣。要以功见言信，侠客之义又曷可少哉！‖古布衣之侠，靡得而闻已。近世延陵、孟尝、春申、平原、信陵之徒，皆因王者亲属，藉于有土卿相之富厚，招天下贤者，显名诸侯，不可谓不贤者矣。比如顺风而呼，声非加疾，其势激也。至如闾巷之侠，修行砥名，声施于天下，莫不称贤，是为难耳。然儒、墨皆排摈不载。自秦以前，匹夫之侠，湮灭不见，余甚恨之。以余所闻，汉兴有朱家、田仲、王公、剧孟、郭解之徒，虽时捍当世之文罔，然其私义，廉洁退让，有足称者。名不虚立，士不虚附。至如朋党宗强，比周设财役贫，豪暴侵凌孤弱，恣欲自快，游侠亦丑之。余悲世俗不察其意，而猥以朱家、郭解等令与暴豪之徒同类而共笑之也。","古文观止",""
"滑稽列传","汉","司马迁","孔子曰：“六艺于治一也。《礼》以节人，《乐》以发和，《书》以道事，《诗》以达意，《易》以神化，《春秋》以道义。”太史公曰：天道恢恢，岂不大哉！谈言微中，亦可以解纷。‖淳于髡者，齐之赘婿也。长不满七尺，滑稽多辩，数使诸侯，未尝屈辱。齐威王之时，喜隐，好为淫乐长夜之饮，沉湎不治，委政卿大夫。百官荒乱，诸侯并侵，国且危亡，在于旦暮。左右莫敢谏。淳于髡说之以隐曰：“国中有大鸟，止王之庭，三年不蜚又不鸣，王知此鸟何也？”王曰：“此鸟不蜚则已，一蜚冲天；不鸣则已，一鸣惊人。”于是乃朝诸县令长七十二人，赏一人，诛一人，奋兵而出。诸侯振惊，皆还齐侵地。威行三十六年。语在《田完世家》中。‖威王八年，楚大发兵加齐。齐王使淳于髡之赵请救兵，赍金百斤，车马十驷。‖淳于髡仰天大笑，冠缨索绝。王曰：“先生少之乎？”髡曰：“何敢！”王曰：“笑岂有说乎？”髡曰：“今者臣从东方来，见道傍有穰田者，操一豚蹄，酒一盂，而祝曰：‘瓯窭满篝，污邪满车。五谷蕃熟，穰穰满家。’臣见其所持者狭而所欲者奢，故笑之。”于是齐威王乃益赍黄金千溢，白璧十双，车马百驷。髡辞而行，至赵。赵王与之精兵十万，革车千乘。楚闻之，夜引兵而去。威王大说，置酒后宫，召髡赐之酒。问曰：“先生能饮几何而醉？”对曰：“臣饮一斗亦醉，一石亦醉。”威王曰：“先生饮一斗而醉，恶能饮一石哉！其说可得闻乎？”髡曰：“赐酒大王之前，执法在傍，御史在后，髡恐惧俯伏而饮，不过一斗径醉矣。‖若亲有严客，髡帣鞲鞠<月卺>，侍酒于前，时赐余沥，奉觞上寿，数起，饮不过二斗径醉矣。若朋友交游，久不相见，卒然相睹，欢然道故，私情相语，饮可五六斗径醉矣。若乃州闾之会，男女杂坐，行酒稽留，六博投壶，相引为曹，握手无罚，目眙不禁，前有堕珥，后有遗簪，髡窃乐此，饮可八斗而醉二参。日暮酒阑，合尊促坐，男女同席，履舄交错，杯盘狼藉，堂上烛灭，主人留髡而送客，罗襦襟解，微闻芗泽，当此之时，髡心最欢，能饮一石。故曰酒极则乱，乐极则悲，万事尽然，言不可极，极之而衰。”以讽谏焉。齐王曰：“善！”乃罢长夜之饮，以髡为诸侯主客。宗室置酒，髡尝在侧。","古文观止",""
"货殖列传序","汉","司马迁","《老子》曰：“至治之极，邻国相望，鸡狗之声相闻，民各甘其食，美其服，安其俗，乐其业，至老死不相往来。”必用此为务，挽近世涂民耳目，则几无行矣。‖太史公曰：夫神农以前，吾不知已。至若《诗》、《书》所述虞、夏以来，耳目欲极声色之好，口欲穷刍豢之味，身安逸乐，而心夸矜。势能之荣，使俗之渐民久矣。虽户说以眇论，终不能化。故善者因之，其次利道之，其次教诲之，其次整齐之，最下者与之争。‖夫山西饶材、竹、谷、纑、旄、玉石，山东多鱼、盐、漆、丝、声色，江南出楠、梓、姜、桂、金、锡、连、丹、沙、犀、玳瑁、珠玑、齿、革，龙门、碣石北多马、牛、羊、旃、裘、筋、角，铜、铁则千里往往山出棋置。此其大较也，皆中国人民所喜好，谣俗被服饮食奉生送死之具也。故待农而食之，虞而出之，工而成之，商而通之。此宁有政教发征期会哉？人各任其能，竭其力，以得所欲。故物贱之征贵，贵之征贱，各劝其业，乐其事，若水之趋下，日夜无休时，不召而自来，不求而民出之。岂非道之所符而自然之验邪？‖《周书》曰：“农不出则乏其食，工不出则乏其事，商不出则三宝绝，虞不出则财匮少。”财匮少而山泽不辟矣。此四者，民所衣食之原也。原大则饶，原小则鲜。上则富国，下则富家：贫富之道，莫之夺予，而巧者有余，拙者不足。‖故太公望封于营丘，地泻卤，人民寡。于是太公劝其女功，极技巧，通鱼盐，则人物归之，襁至而辐凑。故齐冠带衣履天下，海岱之间敛袂而往朝焉。其后齐中衰，管子修之，设轻重九府，则桓公以霸，九合诸侯，一匡天下；而管氏亦有三归，位在陪臣，富于列国之君。是以齐富强至于威宣也。‖故曰：“仓廪实而佑礼节，衣食足而佑荣辱。”礼生于有而废于无。故君子富，好行其德；小人富，以适其力。渊深而鱼生之，山深而兽往之，人富而仁义附焉。富者得势益彰，失势则客无所之，以而不乐。谚曰：“千金之子，不死于市。”此非空言也。故曰：“天下熙熙，皆为利来；天下壤壤，皆为利往。”夫千乘之王主，万家之侯，百室之君，尚犹患贫，而况匹夫编户之民乎！","古文观止",""
"太史公自序","汉","司马迁","太史公曰：“先人有言：‘自周公卒五百岁而有孔子，孔子卒后至于今五百岁，有能绍明世，正《易传》，继《春秋》，本《诗》、《书》、《礼》、《乐》之际。’意在斯乎！意在斯乎！小子何敢让焉！”‖上大夫壶遂曰：“昔孔子何为而作《春秋》哉？”太史公曰：“余闻董生曰：‘周道衰废，孔子为鲁司寇，诸侯害之，大夫壅之，孔子知言之不用，道之不行也。是非二百四十二年之中，以为天下仪表。贬天子，退诸侯，讨大夫，以达王事而已矣。’子曰：‘我欲载之空言，不如见之于行事之深切着明也。’夫《春秋》，上明三王之道，下辨人事之纪，别嫌疑，明是非，定犹豫，善善恶恶，贤贤贱不肖，存亡国，继绝世，补敝起废，王道之大者也。《易》著天地、阴阳、四时、五行，故长于变；《礼》经纪人伦，故长于行；《书》记先王之事，故长于政；《诗》记山川、谿谷、禽兽、草木、牝牡、雌雄，故长于风；《乐》乐所以立，故长于和；《春秋》辩是非，故长于治人。是故《礼》以节人，《乐》以发和，《书》以道事，《诗》以达意，《易》以道化，《春秋》以道义。拨乱世，反之正，莫近于《春秋》。《春秋》文成数万，其指数千，万物之散聚皆在《春秋》。《春秋》之中，弑君三十六，亡国五十二，诸侯奔走不得保其社稷者，不可胜数。察其所以，皆失其本已。故《易》曰‘失之豪厘，差以千里’。故曰‘臣弑君，子弑父，非一旦一夕之故也，其渐久矣’。故有国者不可以不知《春秋》，前有谗而弗见，后有贼而不知。为人臣者不可以不知《春秋》，守经事而不知其宜，遭变事而不知其权。为人君父而不通于《春秋》之义者，必蒙首恶之名。为人臣子而不通于《春秋》之义者，必陷篡弑之诛，死罪之名。其实皆以为善，为之不知其义，被之空言而不敢辞。夫不通礼义之旨，至于君不君，臣不臣，父不父，子不子。君不君则犯，臣不臣则诛，父不父则无道，子不子则不孝。此四行者，天下之大过也。以天下之大过予之，则受而弗敢辞。故《春秋》者，礼义之大宗也。夫礼禁未然之前，法施已然之后；法之所为用者易见，而礼之所为禁者难知。”‖壶遂曰：“孔子之时，上无明君，下不得任用，故作《春秋》，垂空文以断礼义，当一王之法。今夫子上遇明天子，下得守职，万事既具，咸各序其宜，夫子所论，欲以何明？”太史公曰：“唯唯，否否，不然。余闻之先人曰：‘伏羲至纯厚，作《易》八卦；尧、舜之盛，《尚书》载之，礼乐作焉；汤、武之隆，诗人歌之。《春秋》采善贬恶，推三代之德，褒周室，非独刺讥而已也。’汉兴以来，至明天子，获符瑞，建封禅，改正朔，易服色，受命于穆清，泽流罔极。‖海外殊俗，重译款塞，请来献见者，不可胜道。臣下百官力诵圣德，犹不能宣尽其意。且士贤能而不用，有国者之耻；主上明圣而德不布闻，有司之过也。且余尝掌其官，废明圣盛德不载，灭功臣、世家、贤大夫之业不述，堕先人所言，罪莫大焉！余所谓述故事，整齐其世传，非所谓作也，而君比之于《春秋》，谬矣。”‖于是论次其文。七年而太史公遭李陵之祸，幽于缧绁，乃喟然而叹曰：“是余之罪也夫！是余之罪也夫！身毁不用矣。”退而深惟曰：“夫《诗》、《书》隐约者，欲遂其志之思也。昔西伯拘羑里，演《周易》；孔子厄陈、蔡，作《春秋》；屈原放逐，著《离骚》；左丘失明，厥有《国语》；孙子膑脚，而论兵法；不韦迁蜀，世传《吕览》；韩非囚秦，《说难》、《孤愤》；《诗》三百篇，大抵贤圣发愤之所为作也。此人皆意有所郁结，不得通其道也，故述往事，思来者。”‖于是卒述陶唐以来，至于麟止，自黄帝始。","古文观止",""
"报任少卿书","汉","司马迁","太史公牛马走司马迁再拜言，少卿足下：曩者辱赐书，教以慎于接物，推贤进士气为务。意气勤勤恳恳，若望仆不相师，而用流俗人之言。仆非敢如是也！‖仆虽罢驽，亦尝侧闻长者遗风矣。顾自以为身残处秽，动而见尤，欲益反损，是以独抑郁而谁与语。谚曰：“谁为为之？孰令听之？”盖钟子期死，伯牙终身不复鼓琴。何则？士为知己者用，女为说己者容。若仆大质已亏缺矣，虽才怀随和，行若由夷，终不可以为荣，适足以见笑而自点耳。书辞宜答，会东从上来，又迫贱事，相见日浅，卒卒无须臾之间，得竭志意。今少卿抱不测之罪，涉旬月，迫季冬，仆又薄从上雍，恐卒然不可为讳，是仆终已不得舒愤懑以晓左右，则长逝者魂魄，私恨无穷。请略陈固陋。阙然久不报，幸勿为过！‖仆闻之：修身者，智之符也；爱施者，仁之端也；取予者，义之表也；耻辱者，勇之决也；立名者，行之极也，士有此五者，然后可以托于世，列于君子之林矣。故祸莫憯于欲利，悲莫痛于伤心，行莫丑于辱先，诟莫大于宫刑。刑余之人，无所比数，非一世也，所从来远矣。昔卫灵公与雍渠同载，孔子适陈；商鞅因景监见，赵良寒心；同子参乘，袁丝变色：自古而耻之。夫中材之人，事有关于宦竖，莫不伤气，而况于慷慨之士乎？如今朝庭虽乏人，奈何令刀锯之余荐天下豪俊哉！仆赖先人绪业，得待罪辇毂下，二十余年矣。所以自惟，上之不能纳忠效信，有奇策材力之誉，自结明主；次之又不能拾遗补阙，招贤进能，显岩穴之士；外之，不能备行伍，攻城野战，有斩将搴旗之功；下之不能积日累劳，取尊官厚禄，以为宗族交游光宠。四者无一遂，苟合取容，无所短长之效，可见于此矣。向者仆亦尝厕下大夫之列，陪奉外廷末议，不以此时引纲维，尽思虑，今已亏形为扫除之隶，在阘茸之中，乃欲卯首伸眉，论列是非，不亦轻朝廷，羞当世之士邪？嗟乎！嗟乎！如仆尚何言哉！尚何言哉！‖且事本末未易明也。仆少负不羁之材，长无乡曲之誉。主上幸以先人之故，使得奉薄伎，出入周卫之中。仆以为戴盆何以望天，故绝宾客之知，忘室灰之业，日夜竭其不肖之材力，务一心营职，以求亲媚于主上。而事乃有大谬不然者！‖夫仆与李陵，俱居门下，素非能相善也。趋舍异路，未尝衔杯酒，接殷勤之余欢。然仆观其为人，自守奇士，事亲孝，与士信，临财廉，取与义，分别有让，恭俭下人，常思奋不顾身，以殉国家之急。其素所蓄积也，仆以为有国士之风。‖夫人臣出万死不顾一生之计，赴公家之难，斯已奇矣。今举事一不当，而全躯保妻子之臣，随而媒孽其短，仆诚私心痛之。且李陵提步卒不满五千，深践戎马之地，足历王庭，垂饵虎口，横挑强胡，仰亿万之师，与单于连战十有余日，所杀过当，虏救死扶伤不给。旃裘之君长咸震怖，乃悉征其左右贤王，举引弓之人，一国共攻而围之。转斗千里，矢尽道穷，救兵不至，士卒死伤如积。然陵一呼劳军，士无不起，躬自流涕，沫血饮泣，更张空弮，冒白刃，北向争死敌者。陵未没时，使有来报，汉公卿王侯皆奉觞上寿。后数日，陵败书闻，主上为之食不甘味，听朝不怡，大臣忧惧，不知所出。仆窃不自料其卑贱，见主上惨怆怛悼，诚欲效其款款之愚，以为李陵素与士大夫绝甘分少，能得人之死力，虽古之名将，不能过也。身虽陷败，彼观其意，且欲得其当而报于汉。事已无可奈何，其所摧败，功亦足以暴于天下矣。仆怀欲陈之，而未有路，适会召问，即以此指，推言陵之功，欲以广主上之意，塞睚眦之辞。未能尽明，明主不晓，以为仆沮贰师，而为李陵游说遂下于理，拳拳之忠，终不能自列，因为诬上，卒从吏议。家贫，财赂不足以自赎；交游莫救视；左右亲近不为一言。身非木石，独与法吏为伍，深幽囹圄之中，谁可告诉者！此真少卿所亲见，仆行事岂不然乎？李陵既生降，颓其家声，而仆又佴之蚕室，重为天下观笑。悲夫！悲夫！事未易一二为俗人言也。‖仆之先非有剖符丹书之功，文、史、星、历，近乎卜祝之间，固主上所戏弄，倡优所畜，流俗之所轻也。假令仆伏法受诛，若九牛亡一毛，与蝼蚁何以异？而世俗又不与能死节者次比，特以为智穷罪极，不能自免，卒就死耳。何也？素所自树立使然也。人固有一死，死或重于泰山，或轻于鸿毛，用之所趣异也。太上不辱先，其次不辱身，其次不辱理色，其次不辱辞令；其次诎体受辱，其次易服受辱，其次关木索、被菙楚受辱，其次剔毛发、婴金铁受辱，其次毁肌肤、断肢体受辱，最下腐刑极矣！传曰：“刑不上大夫。”此言士节不可不勉励也，猛虎在深山，百兽震恐，及在槛阱之中，摇尾而求食，积威约之渐也。故士有画地为牢，势不可入，削木为吏，议不可对；定计于鲜也。今交手足，受木索，暴肌肤，受榜垂，幽于圜墙之中。当此之时，见狱吏则头抢地，视徒隶则心惕息，何者？‖积威约之势也。及以至是，言不辱者，所谓强颜耳，曷足贵乎？且西伯，伯也，拘于羑里；李斯，相也，具于五刑；淮阴，王也，受械于陈；彭越、张敖，南面称孤，系狱抵罪；绛侯诛诸吕，权倾五伯，囚于请室；魏其，大将也，衣赭衣关三木；季布为朱家钳奴；灌夫受辱于居室。此人皆身至王侯将相，声闻邻国，及罪至罔，不能引决自载，在尘埃之中。古今一体，安在其不辱也？由此言之，勇怯，势也；强弱，形也。审矣，曷足怪乎？夫人不能早自裁绳墨之外，以稍陵迟，至于鞭棰之间，乃欲引节，斯不亦远乎！古人所以重施刑于大夫者，殆为此也。‖夫人情莫不贪生恶死，念父母，顾妻子。至激于义理者不然，乃有所不得已也。‖今仆不幸，早失父母，无兄弟之亲，独身孤立，少卿视仆于妻子何如哉？且勇者不必死节，怯夫慕义，何处不勉焉？仆虽怯懦欲苟活，亦颇识去就之分矣，何至自沉溺缧绁之辱哉！且夫臧获婢妾，犹能引决，况仆之不得已乎？所以隐忍苟活，幽于粪土之中而不辞者，恨私心有所不尽，鄙陋没世，而文采不表于后世也。‖古者富贵而名磨灭，不可胜记，唯倜傥非常之人称焉。盖文王拘而演《周易》；仲尼厄而作《春秋》；屈原放逐，乃赋《离骚》；左丘失明，厥有《国语》；孙子膑脚，兵法修列；不韦迁蜀，世传《吕览》；韩非囚秦，《说难》、《孤愤》；《诗》三百篇，大抵贤圣发愤之所为作也。此人皆意有所郁结，不得通其道，故述往事，思来者。及如左丘明无目，孙子断足，终不可用，退而论书策，以舒其愤，思垂空文以自见。仆窃不逊，近自托于无能之辞，网罗天下放失旧闻，略考其事，综其终始，稽其成败兴坏之纪，上计轩辕，下至于兹，为十表，本纪十二、书八章、世家三十、列传七十，凡百三十篇。亦欲以究天人之际，通古今之变，成一家之言。草创未就，会遭此祸。惜其不成，是以就极刑而无愠色。仆诚已著此书，藏之名山，传之其人，通邑大都，则仆偿前辱之责，虽万被戮，岂有悔哉！‖然此可为智者道，难为俗人言也。‖且负下未易居，下流多谤议。仆以口语遇遭此祸，重为乡党所戮笑，以污辱先人，亦何面目复上父母之丘墓乎？虽累百世，垢弥甚耳！是以肠一日而九回，居则忽忽若有所亡，出则不知其所往。每念斯耻，汗未尝不发背沾衣也！身直为闺合之臣，宁得自引深藏岩穴邪？故且从俗浮沉，与时俯仰，以通其狂惑。今少卿乃教之以推贤进士，无乃与仆私心刺谬乎？今虽欲自雕琢，曼辞以自饰，无益，于俗不信，适足取辱耳。要之，死日然后是非乃定。书不能悉意，略陈固陋。谨再拜。","古文观止",""
"高帝求贤诏","汉","汉高祖","盖闻王者莫高于周文，伯者莫高于齐桓，皆待贤人而成名。今天下贤者、智能，岂特古之人乎？患在人主不交故也，士奚由进！今吾以天之灵、贤士大夫定有天下，以为一家。欲其长久，世世奉宗庙亡绝也。贤人已与我共平之矣，而不与吾共安利之，可乎？贤士大夫有肯从我游者，吾能尊显之。布告天下，使明知朕意，御史大夫昌下相国，相国酂侯下诸侯王，御史中执法下郡守，其有意称明德者，必身劝，为之驾，遣诣相国府，署行、义、年。有而弗言，觉，免。年老癃病，勿遣。","古文观止",""
"文帝议佐百姓诏","汉","汉文帝","间者，数年比不登，又有水旱疾疫之灾，朕甚忧之。愚而不明，未达其咎。‖意者，朕之政有所失，而行有过与？乃天道有不顺，地利或不得，人事多失和，鬼神废不享与？何以致此？将百官之奉养或费，无用之事或多与？何其民食之寡乏也？夫度田非益寡，而计民未加益，以口量地，其于古犹有余，而食之甚不足者，其咎安在？无乃百姓之从事于末，以害农者蕃，为酒醪以靡谷者多，六畜之食焉者众与？细大之义，吾未能得其中，其与丞相、列侯、吏二千石、博士议之，有可以佐百姓者，率意远思，无有所隐！","古文观止",""
"景帝令二千石修职诏","汉","汉景帝","雕文刻镂，伤农事者也；锦绣纂组，害女红者也。农事伤，则饥之本也；女红害，则寒之原也。夫饥寒并至，而能无为非者寡矣。朕亲耕，后亲桑，以奉宗庙粢盛、祭服，为天下先；不受献，减太官，省繇赋，欲天下务农蚕，素有畜积，以备灾害，强毋攘弱，众毋暴寡，老耆以寿终，幼孤得遂长。今岁或不登，民食颇寡，其咎安在？或诈伪为吏，吏以货赂为市，渔夺百姓，侵牟万民。县丞，长吏也，奸法与盗盗，甚无谓也。其令二千石各修其职！不事官职，耗乱者，丞相以闻，请其罪。布告天下，使明知朕意。","古文观止",""
"武帝求茂才异等诏","汉","汉武帝","盖有非常之功，必待非常之人。故马或奔踶而致千里，士或有负俗之累而立功名。夫泛驾之马，跅弛之士，亦在御之而已。其令州郡察吏民有茂材异等可为将相及使绝国者。","古文观止",""
"过秦论上","汉","贾谊","秦孝公据殽函之固，拥雍州之地，君臣固守，以窥周室，有席卷天下、包举宇内，囊括四海之意，并吞八荒之心。当是时也，商君佐之，内立法度，务耕织，修守战之具；外连衡而斗诸侯。于是秦人拱手而取西河之外。‖孝公既没，惠文、武、昭蒙故业，因遗策，南取汉中，西举巴蜀，东割膏腴之地，收要害之郡。诸侯恐惧，会盟而谋弱秦，不爱珍器、重宝、肥饶之地，以致天下之士，合从缔交，相与为一。当此之时，齐有孟尝，赵有平原，楚有春申，魏有信陵。此四君者，皆明智而忠信，宽厚而爱人，尊贤重士，约从离横，兼韩、魏、燕、赵、宋、卫、中山之众。于是六国之士，有宁越、徐尚、苏秦、杜赫之属为之谋，齐明、周最、陈轸、召滑、楼绥、翟景、苏厉、乐毅之徒通其意，吴起、孙膑、带佗、儿良、王廖、田忌、廉颇、赵奢之伦制其兵。尝以十倍之地，百万之众，叩关而攻秦。秦人开关而延敌，九国之师遁逃而不敢进。秦无亡矢遗镞之费，而天下诸侯已困矣。于是从散约解，争割地而赂秦。秦有余力而制其敝，追亡逐北，伏尸百万，流血漂橹。因利乘便，宰割天下，分裂河山。强国请服，弱国入朝。‖施及孝文王、庄襄王，享国日浅，国家无事。‖及至始皇，奋六世之余烈，振长策而御宇内，吞二周而亡诸侯，履至尊而制六合，执敲扑以鞭笞天下，威振四海。南取百越之地，以为桂林、象郡；百越之君，俯首系颈，委命下吏。乃使蒙恬北筑长城而守藩篱，却匈奴七百余里。胡人不敢南下而牧马，士不敢弯弓而报怨。于是废先王之道，燔百家之言，以愚黔首；隳名城，杀豪俊，收天下之兵聚之咸阳，销锋𫔂，铸以为金人十二，以弱天下之民。然后践华为城，因河为池，据亿丈之城、临不测之溪以固。良将劲弩，守要害之处；信臣精卒，陈利兵而谁何。天下已定，始皇之心，自以为关中之固，金城千里，子孙帝王万世之业也。始皇既没，余威震于殊俗。‖然而，陈涉，瓮牖绳枢之子，氓隶之人，而迁徙之徒也；材能不及中庸，非有仲尼、墨翟之贤，陶朱、猗顿之富；蹑足行伍之间，俯起阡陌之中，率罢弊之卒，将数百之众，转而攻秦。斩木为兵，揭竿为旗，天下云集而响应，赢粮而景从，山东豪俊遂并起，而亡秦族矣。‖且夫天下非小弱也，雍州之地，殽函之固，自若也；陈涉之位不尊于齐、楚、燕、赵、韩、魏、宋、卫、中山之君也；锄、耰、棘矜，不铦于钩、戟、长铩也；谪戍之众，非抗于九国之师也；深谋远虑，行军用兵之道，非及曩时之士也。然而成败异变，功业相反。‖试使山东之国，与陈涉度长絜大，比权量力，则不可同年而语矣。然秦以区区之地，致万乘之权，招八州而朝同列，百有余年矣。然后以六合为家，殽函为宫。一夫作难而七庙隳，身死人手，为天下笑者，何也？仁义不施，而攻守之势异也！","古文观止",""
"治安策一","汉","贾谊","】（《西汉文》）‖夫树国固，必相疑之势，下数被其殃，上数爽其忧，甚非所以安上而全下也。‖今或亲弟谋为东帝，亲兄之子西乡而击，今吴又见告矣。天子春秋鼎盛，行义未过，德泽有加焉，犹尚如是，况莫大诸侯，权力且十此者乎！然而天下少安，何也？大国之王幼弱未壮，汉之所置傅、相方握其事。数年之后，诸侯之王大抵皆冠，血气方刚，汉之傅相称病而赐罢，彼自丞尉以上偏置私人，如此，有异淮南、济北之为邪！此时而欲为治安，虽尧、舜不治。‖黄帝曰：“日中必熭，操刀必割。”今令此道顺而全安，甚易；不肯早为，已乃堕骨肉之属而抗刭之，岂有异秦之季世乎？夫以天子之位，乘今之时，因天之助，尚惮以危为安，以乱为治，假设陛下居齐桓之处，将不合诸侯而匡天下乎？‖臣又知陛下有所必不能矣。假设天下如曩时，淮阴侯尚王楚，黥布王淮南，彭越王梁，韩信王韩，张敖王赵，贯高为相，卢绾王燕，陈豨在代，令此六、七公者皆无恙，当是时而陛下即天子位，能自安乎？臣有以知陛下之不能也。天下淆乱，高皇帝与诸公并起，非有仄室之势以豫席之也。诸公幸者乃为中涓，其次仅得舍人，材之不逮至远也。高皇帝以明圣威武即天子位，割膏腴之地以王诸公，多者百余城，少者乃三四十县，德至渥也。然其后十年之间，反者九起。陛下之与诸公，非亲角材而臣之也，又非身封王之也。自高皇帝不能以是一岁为安，故臣知陛下之不能也。‖然尚有可诿者，曰疏。臣请试言其亲者。假令悼惠王王齐，元王王楚，中子王赵，幽王王淮阳，共王王梁，灵王王燕，厉王王淮南，六七贵人皆亡恙，当是时陛下即位，能为治乎？臣又知陛下之不能也。若此诸王，虽名为臣，实皆有布衣昆弟之心，虑亡不帝制而天子自为者。擅爵人，赦死罪，甚者或戴黄屋，汉法令非行也。虽行，不轨如厉王者，令之不肯听，召之安可致乎！幸而来至，法安可得加！动一亲戚，天下圜视而起，陛下之臣虽有悍如冯敬者，适启其口，匕首已陷其胸矣。陛下虽贤，谁与领此？故疏者必危，亲者必乱，已然之效也。其异姓负强而动者，汉已幸胜之矣，又不易其所以然。同姓袭是迹而动，既有征矣，其势尽又复然！殃祸之变，未知所移，明帝处之尚不能以安，后世将如之何！‖屠牛坦一朝解十二牛，而芒刃不顿者，所排击剥割皆众理解也。至于髋髀之所，非斤则斧。夫仁义恩厚，人主之芒刃也；权势法制，人主之斤斧也。今诸侯王皆众髋髀也，释斤斧之用，而欲婴以芒刃，臣以为不缺则折。胡不用之淮南、济北？势不可也。‖臣窃迹前事，大抵强者先反。淮阴王楚，最强，则最先反；韩信倚胡，则又反；贯高因赵资，则又反；陈豨兵精，则又反；彭越用梁，则又反；黥布用淮南，则又反；卢绾最弱，最后反。长沙乃在二万五千户耳，功少而最完，势疏而最忠，非独性异人也，亦形势然也。曩令樊、郦、绛、灌据数十城而王，今虽已残，亡可也。令信、越之伦列为彻侯而居，虽至今存，可也。然则天下之大计可知已。‖欲诸王之皆忠附，则莫若令如长沙王；欲臣子之勿菹醢，则莫若令如樊、郦等；欲天下之治安，莫若众建诸侯而少其力。力少则易使以义，国小则亡邪心。令海内之势，如身之使臂，臂之使指，莫不制从。诸侯之君不敢有异心，辐凑并进而归命天子。虽在细民，且知其安，故天下咸知陛下之明。割地定制，令齐、赵、楚各为若干国，使悼惠王、幽王、元王之子孙毕以次各受祖之分地，地尽而止，及燕梁他国皆然。其分地众而子孙少者，建以为国，空而置之，须其子孙生者，举使君之。诸侯之地，其削颇入汉者，为徙其侯国及封其子孙也，所以数偿之。‖一寸之地，一人之众，天子亡所利焉，诚以定治而已，故天下咸知陛下之廉。地制一定，宗室子孙莫虑不王，下无倍畔之心，上无诛伐之志，故天下咸知陛下之仁。法立而不犯，令行而不逆，贯高、利几之谋不生，柴奇、开章之计不萌，细民乡善，大臣致顺，故天下咸知陛下之义。卧赤子天下之上而安；植遗腹，朝委裘，而天下不乱。当时大治，后世诵圣。一动而五业附，陛下谁惮而久不为此？‖天下之势方病大瘇。一胫之大几如要，一指之大几如股，平居不可屈信，一二指搐，身虑亡聊。失今不治，必为锢疾，后虽有扁鹊，不能为已。病非徒瘇也，又苦炙戾。元王之子，帝之从弟也，今之王者，从弟之子也。惠王之子，亲兄子也，今之王者，兄子之子也。亲者或亡分地以安天下，疏者或制大权以逼天子。‖臣故曰：非徒病瘇也，又苦跖戾。可痛哭者，此病是也。","古文观止",""
"论贵粟疏","汉","晁错","圣王在上而民不冻饥者，非能耕而食之，织而衣之也，为开其资财之道也。‖故尧、禹有九年之水，汤有七年之旱，而国无捐瘠者，以畜积多而备先具也。今海内为一，土地人民之众不避禹、汤，加以亡天灾数年之水旱，而畜积未及者，何也？地有余利，民有余力，生谷之土未尽垦，山泽之利未尽出也，游食之民未尽归农也。民贫则奸邪生。贫生于不足，不足生于不农，不农则不地著，不地著则离乡轻家。民如鸟兽，虽有高城深池，严法重刑，犹不能禁也。‖夫寒之于衣，不待轻暖；饥之于食，不待甘旨；饥寒至身，不顾廉耻。人情一日不再食则饥，终岁不制衣则寒。夫腹饥不得食，肤寒不得衣，虽慈母不能保其子，君安能以有其民哉？明主知其然也，故务民于农桑，薄赋敛，广畜积，以实仓廪、备水旱，故民可得而有也。‖民者，在上所以牧之。趋利如水走下，四方无择也。夫珠玉金银，饥不可食，寒不可衣，然而众贵之者，以上用之故也。其为物轻微易藏，在于把握，可以周海内而无饥寒之患。此令臣轻背其主，而民易去其乡，盗贼有所劝，亡逃者得轻资也。粟米布帛，生于地，长于时，聚于力，非可一日成也。数石之重，中人弗胜，不为奸邪所利，一日弗得而饥寒至。是故，明君贵五谷而贱金玉。‖今农夫五口之家，其服役者不下二人，其能耕者不过百亩，百亩之收不过百石。春耕，夏耘，秋获，冬藏，伐薪樵，治官府，给徭役。春不得避风尘，夏不得避暑热，秋不得避阴雨，冬不得避寒冻，四时之间，无日休息。又私自送往迎来，吊死问疾，养孤长幼在其中。勤苦如此，尚复被水旱之灾，急征暴虐，赋敛不时，朝今而暮改。当其有者，半贾而卖，亡者取倍称之息。于是有卖田宅、鬻子孙以偿债者矣！而商贾大者积贮倍息，小者坐列贩卖，操其奇嬴，日游都市，乘上之急，所卖必倍。故其男不耕耘，女不蚕织，衣必文采，食必粱肉，无农夫之苦，阡陌之得。因其富厚，交通王侯，力过吏势；以利相倾，千里游遨，冠盖相望，乘坚策肥，履丝曳缟。此商人所以兼并农人，农人所以流亡者也。今法律贱商人，商人已富贵矣；尊农夫，农夫已贫贱矣。故俗之所贵，主之所贱也；吏之所卑，法之所尊也。上下相反，好恶乖迕，而欲国富法立，不可得也。‖方今之务，莫若使民务农而已矣。欲民务农，在于贵粟，贵粟之道，在于使民以粟为赏罚。今募天下入粟县官，得以拜爵，得以除罪。如此，富人有爵，农民有钱，粟有所渫。夫能入粟以受爵，皆有余者也。取于有余以供上用，则贫民之赋可损，所谓损有余，补不足，令出而民利者也。顺于民心，所补者三：一曰主用足，二曰民赋少，三曰劝农功。今令民有车骑马匹者，复卒三人。车骑者，天下武备也，故为复卒。神农之教曰：“有石城十仞，汤池百步，带甲百万，而亡粟，弗能守也。”以是观之，粟者，王者大用，政之本务。令民入粟受爵，至五大夫以上，乃复一人耳，此其与骑马之功相去远矣。爵者，上之所擅，出于口而无穷；粟者，民之所种，生于地而不乏。夫得高爵与免罪，人之所甚欲也。使天下人入粟于边，以受爵免罪，不过三岁，塞下之粟必多矣。","古文观止",""
"狱中上梁王书","汉","邹阳","邹阳从梁孝王游。阳为人有智略，慷慨不苟合，介于羊胜、公孙诡之间。胜等疾阳，恶之孝王。孝王怒，下阳吏，将杀之。阳乃从狱中上书曰：“臣闻‘忠无不报，信不见疑’，臣常以为然，徒虚语耳。昔荆轲慕燕丹之义，白虹贯日，太子畏之；卫先生为秦画长平之事，太白食昴，昭王疑之。夫精变天地，而信不谕两主，岂不哀哉！今臣尽忠竭诚，毕议愿知，左右不明，卒从吏讯，为世所疑。是使荆轲、卫先生复起，而燕、秦不寤也。愿大王孰察之。昔玉人献宝，楚王诛之；李斯竭忠，胡亥极刑。是以箕子阳狂，接舆避世，恐遭此患也。愿大王察玉人、李斯之意，而后楚王、胡亥之听，勿使臣为箕子、接舆所笑。臣闻比干剖心，子胥鸱夷，臣始不信，乃今知之。愿大王孰察，少加怜焉！‖“语曰：‘有白头如新，倾盖如故。’何则？知与不知也。故樊於期逃秦之燕，藉荆轲首以奉丹事；王奢去齐之魏，临城自刭，以却齐而存魏。夫王奢、樊於期非新于齐、秦而故于燕、魏也，所以去二国死两君者，行合于志，而慕义无穷也。是以苏秦不信于天下，为燕尾生；白圭战亡六城，为魏取中山。何则？诚有以相知也。苏秦相燕，人恶之于燕王，燕王按剑而怒，食以𫘝𫘨；白圭显于中山，人恶之于魏文侯，文侯赐以夜光之璧。何则？两主二臣剖心析肝相信，岂移于浮辞哉！‖“故女无美恶，入宫见妒；士无贤不肖，入朝见嫉。昔司马喜膑脚于宋，卒相中山；范雎拉胁折齿于魏，卒为应侯。此二人者，皆信必然之画，捐朋党之私，挟孤独之交，故不能自免于嫉妒之人也。是以申徒狄蹈雍之河，徐衍负石入海。‖不容于世，义不苟取比周于朝，以移主上之心。故百里奚乞食于道路，缪公委之以政；宁戚饭牛车下，桓公任之以国。此二人者，岂素宦于朝，借誉于左右，然后二主用之哉？感于心，合于行，坚如胶漆，昆弟不能离，岂惑于众口哉？故偏听生奸，独任成乱。昔鲁听季孙之说逐孔子，宋任子冉之计囚墨翟。夫以孔、墨之辩，不能自免于谗谀，而二国以危。何则？‘众口铄金，积毁销骨’也。秦用戎人由余而伯中国，齐用越人子臧而强威、宣。此二国岂系于俗，牵于世，系奇偏之浮辞哉？公听并观，垂明当世。故意合则胡越为兄弟，由余、子臧是矣；不合则骨肉为仇敌，朱、象、管、蔡是矣。今人主诚能用齐、秦之明，后宋、鲁之听，则五伯不足侔，而三王易为也。‖“是以圣王觉寤，捐子之之心，而不说田常之贤，封比干之后，修孕妇之墓，故功业覆于天下。何则？欲善无厌也。夫晋文亲其仇，强伯诸侯；齐桓用其仇，而一匡天下。何则？慈仁殷勤，诚加于心，不可以虚辞借也。至夫秦用商鞅之法，东弱韩、魏，立强天下，卒车裂之；越用大夫种之谋，禽劲吴而霸中国，遂诛其身。是以孙叔敖三去相而不悔，于陵子仲辞三公为人灌园。今人主诚能去骄傲之心，怀可报之意，披心腹，见情素，堕肝胆，施德厚，终与之穷达，无爱于士，则桀之犬可使吠尧，跖之客可使刺由，何况因万乘之权，假圣王之资乎！然则荆轲湛七族，要离燔妻子，岂足为大王道哉！‖“臣闻明月之珠，夜光之璧，以暗投人于道，众莫不按剑相眄者。何则？无因而至前也。蟠木根柢，轮囷离奇，而为万乘器者，以左右先为之容也。故无因而至前，虽出随珠和璧，足结怨而不见德；有人先游，则枯木朽株树功而不忘。‖今夫天下布衣穷居之士，身在贫羸，虽蒙尧、舜之术，挟伊、管之辩，怀龙逢、比干之意，而素无根柢之容，虽竭精神，欲开忠于当世之君，则人主必袭案剑相眄之迹矣。是使布衣之士，不得为枯木朽株之资也。是以圣王制世御俗，独化于陶钧之上，而不牵乎卑辞之语，不夺乎众多之口。故秦皇帝任中庶子蒙嘉之言以信荆轲，而匕首窃发；周文王猎泾渭，载吕尚归，以王天下。秦信左右而亡，周用乌集而王。何则？以其能越挛拘之语，驰域外之议，独观于昭旷之道也。今人主沉谄谀之辞，牵帷墙之制，使不羁之士，与牛骥同皂。此鲍焦所以忿于世也。‖“臣闻盛饰入朝者，不以私污义；底厉名号者，不以利伤行。故里名‘胜母’，曾子不入；邑号朝歌，墨子回车。今欲使天下寥廓之士，笼于威重之权，胁于位势之贵，回面污行，以事谄谀之人，而求亲近于左右，则士有伏死堀穴岩薮之中耳，安有尽忠信而趋阙下者哉！”","古文观止",""
"上书谏猎司马","汉","司马相如","相如从上至长杨猎。是时天子方好自击熊豕，驰逐野兽。相如因上疏谏曰：“臣闻物有同类而殊能者，故力称乌获，捷言庆忌，勇期贲、育。臣之愚，窃以为人诚有之，兽亦宜然。今陛下好陵阻险，射猛兽，卒然遇逸才之兽，骇不存之地，犯属车之清尘，舆不及还辕，人不暇施巧，虽有乌获、逢蒙之技不得用，枯木朽株尽为难矣。是胡越起于毂下，而羌夷接轸也，岂不殆哉？虽万全而无患，然本非天子之所宜近也。“且夫清道而后行，中路而驰，犹时有衔橛之变；况乎涉丰草，骋丘墟，前有利兽之乐，而内无存变之意，其为害也不难矣！夫轻万乘之重，不以为安，乐出于万有一危之涂以为娱，臣窃为陛下不取。“盖明者远见于未萌，而知者得避危于无形，祸固多藏于隐微，而发于人之所忽者也。故鄙谚曰：‘家累千金，坐不垂堂。’此言虽小，可以喻大。臣愿陛下之留意幸察。”","古文观止",""
"答苏武书","汉","李陵","子卿足下：勤宣令德，策名清时，荣问休畅，幸甚，幸甚！‖远托异国，昔人所悲；望风怀想，能不依依！昔者不遗，远辱还答，慰诲勤勤，有逾骨肉，陵虽不敏，能不慨然！‖自从初降，以至今日，身之穷困，独坐愁苦。终日无睹，但见异类，韦鞲毳幕，以御风雨；膻肉酪浆，以充饥渴；举目言笑，谁与为欢？胡地玄冰，边土惨裂，但闻悲风萧条之声。凉秋九月，塞外草衰，夜不能寐，侧耳远听，胡笳互动。‖牧马悲鸣，吟啸成群，边声四起。晨坐听之，不觉泪下。嗟乎，子卿！陵独何心，能不悲哉！‖与子别后，益复无聊，上念老母，临年被戮；妻子无辜，并为鲸鲵；身负国恩，为世所悲。子归受荣，我留受辱，命也如何？身出礼义之乡，而入无知之俗，违弃君亲之恩，长为蛮夷之域，伤已！令先君之嗣，更成戎狄之族，又自悲矣！‖功大罪小，不蒙明察，孤负陵心区区之意。每一念至，忽然忘生。陵不难刺心以自明，刎颈以见志，顾国家于我已矣，杀身无益，适足增羞，故每攘臂忍辱，辄复苟活。左右之人，见陵如此，以为不入耳之欢，来相劝勉。异方之乐，只令人悲，增忉怛耳！‖嗟乎子卿！人之相知，贵相知心。前书仓卒，未尽所怀，故复略而言之。昔先帝授陵步卒五千，出征绝域，五将失道，陵独遇战，而裹万里之粮，帅徒步之师，出天汉之外，入强胡之域，以五千之众，对十万之军，策疲乏之兵，当新羁之马，然犹斩将搴旗，追奔逐北，灭迹扫尘，斩其枭帅。使三军之士视死如归。‖陵也不才，希当大任。意谓此时，功难堪矣。‖匈奴既败，举国兴师，更练精兵，强逾十万，单于临阵，亲自合围。客主之形既不相如，步马之势又甚悬绝。疲兵再战，一以当千，然犹扶乘创痛，决命争首。死伤积野，余不满百，而皆扶病，不任干戈。然陵振臂一呼，创病皆起，举刃指虏，胡马奔走；兵尽矢穷，人无尺铁，犹复徒首奋呼，争为先登。当此时也，天地为陵震怒，战士为陵饮血！单于谓陵不可复得，便欲引还。而贼臣教之，遂便复战，故陵不免耳。‖昔高皇帝以三十万众困于平城。当此之时，猛将如云，谋臣如雨，然犹七日不食，仅乃得免。况当陵者，岂易为力哉？而执事者云云，苟怨陵以不死。然陵不死，罪也。子卿视陵，岂偷生之士而惜死之人哉？宁有背君亲、捐妻子、而反为利者乎？然陵不死，有所为也。故欲如前书之言，报恩于国主耳。诚以虚死不如立节，灭名不如报德也。昔范蠡不殉会稽之耻，曹沫不死三败之辱，卒复句践之雠，报鲁国之羞。区区之心窃慕此耳。何图志未立而怨已成，计未从而骨肉受刑。此陵所以仰天椎心而泣血也！‖足下又云：“汉与功臣不薄。”子为汉臣，安得不云尔乎！昔萧、樊囚絷，韩、彭菹醢，晁错受戮，周魏见辜；其余佐命立功之士，贾谊亚夫之徒，皆信命世之才，抱将相之具，而受小人之谗，并受祸败之辱，卒使怀才受谤，能不得展。‖彼二子之遐举，谁不为之痛心哉！陵先将军，功略盖天地，义勇冠三军，徒失贵臣之意，刭身绝域之表。此功臣义士所以负戟而长叹者也！何谓“不薄”哉？且足下昔以单车之使，适万乘之虏，遭时不遇，至于伏剑不顾；流离辛苦，几死朔北之野；丁年奉使，皓首而归；老母终堂，生妻去帷。此天下所希闻，古今所未有也。蛮貊之人尚犹嘉子之节，况为天下之主乎？陵谓足下当享茅土之荐，受千乘之赏。闻子之归，赐不过二百万，位不过典属国，无尺土之封加子之勤。而妨功害能之臣尽为万户侯，亲戚贪佞之类悉为廊庙宰。子尚如此，陵复何望哉？‖且汉厚诛陵以不死，薄赏子以守节，欲使远听之臣望风驰命，此实难矣。所以每顾而不悔者也。陵虽孤恩，汉亦负德。昔人有言：“虽忠不烈，视死如归。”陵诚能安，而主岂复能眷眷乎？男儿生以不成名，死则葬蛮夷中，谁复能屈身稽颡，还向北阙，使刀笔之吏弄其文墨邪？愿足下勿复望陵。‖嗟乎，子卿！夫复何言？相去万里，人绝路殊，生为别世之人，死为异域之鬼，长与足下，生死辞矣。幸谢故人，勉事圣君。足下胤子无恙，勿以为念！努力自爱。时因北风，复惠德音。李陵顿首。","古文观止",""
"尚德缓刑书","汉","路温舒","昭帝崩，昌邑王贺废，宣帝初即位。路温舒上书，言宜尚德缓刑。其辞曰：“臣闻齐有无知之祸，而桓公以兴；晋有骊姬之难，而文公用伯。近世赵王不终，诸吕作乱，而孝文为太宗。由是观之，祸乱之作，将以开圣人也。故桓文扶微兴坏，尊文武之业，泽加百姓，功润诸侯，虽不及三王，天下归仁焉。文帝永思至德，以承天心，崇仁义，省刑罚，通关梁，一远近，敬贤如大宾，爱民如赤子，内恕情之所安，而施之于海内，是以囹圄空虚，天下太平。夫继变化之后，必有异旧之恩，此贤圣所以昭天命也。往者，昭帝即世而无嗣，大臣忧戚，焦心合谋，皆以昌邑尊亲，援而立之。然天不授命，淫乱其心，遂以自亡。深察祸变之故，乃皇天之所以开至圣也。故大将军受命武帝，股肱汉国，披肝胆，决大计，黜亡义，立有德，辅天而行，然后宗庙以安，天下咸宁。‖“臣闻《春秋》正即位，大一统而慎始也。陛下初登至尊，与天合符，宜改前世之失，正始受命之统，涤烦文，除民疾，存亡继绝，以应天意。‖“臣闻秦有十失，其一尚存，治狱之吏是也。秦之时，羞文学，好武勇，贱仁义之士，贵治狱之吏，正言者谓之诽谤，遏过者谓之妖言。故盛服先生不用于世，忠良切言皆郁于胸，誉谀之声日满于耳，虚美熏心，实祸蔽塞。此乃秦之所以亡天下也！方今天下赖陛下恩厚，亡金革之危。饥寒之患，父子夫妻，戮力安家，然太平未洽者，狱乱之也。夫狱者，天下之大命也，死者不可复生，绝者不可复属。《书》曰：‘与其杀不辜，宁失不经。’今治狱吏则不然，上下相驱，以刻为明，深者获公名，平者多后患。故治狱之吏皆欲人死。非憎人也，自安之道在人之死。是以死人之血流离于市，被刑之徒比肩而立，大辟之计岁以万数，此仁圣之所以伤也。太平之未洽，凡以此也。夫人情安则乐生，痛则思死。棰楚之下，何求而不得？故囚人不胜痛，则饰辞以视之；吏治者利其然则指道以，明之；上奏畏却，则锻练而周内之。盖奏当之成，虽咎繇听之，犹以为死有余辜。‖何则？成练者众，文致之罪明也。是以狱吏专为深刻，残贼而亡极，愉为一切，不顾国患，此世之大贼也。故俗语曰：‘画地为狱，议不入；刻木为吏，期不对。’此皆疾吏之风，悲痛之辞也。故天下之患，莫深于狱；败法乱正，离亲塞道，莫甚乎治狱之吏。此所谓一尚存者也。‖“臣闻乌鸢之卵不毁，而后凤凰集；诽谤之罪不诛，而后良言进。故古人有言：‘山薮藏疾，川泽纳污，瑾瑜匿恶，国君含诟。’唯陛下除诽谤以招切言，开天下之口，广箴谏之路，扫亡秦之失，尊文武之德，省法制，宽刑罚，以废治狱。则太平之风可兴于世，永履和乐，与天亡极，天下幸甚！”‖上善其言。","古文观止",""
"报孙会宗书","汉","杨恽","恽既失爵位家居，治产业，起室宅，以财自娱。岁余，其友人安定太守西河孙会宗，知略士也，与恽书，谏戒之。为言大臣废退，当阖门惶惧，为可怜之意；不当治产业，通宾客，有称誉。恽宰相子，少显朝廷，一朝晻昧，语言见废，内怀不服。报会宗书曰：“恽材朽行秽，文质无所底，幸赖先人余业，得备宿卫。遭遇时变，以获爵位，终非其任，卒与祸会。足下哀其愚蒙，赐书教督以所不及，殷勤甚厚。然窃恨足下不深惟其终始，而猥随俗之毁誉也。言鄙陋之愚心，若逆指而文过；默而息乎，恐违孔氏“各言尔志”之义。故敢略陈其愚，唯君子察焉。‖“恽家方隆盛时，乘朱轮者十人，位在列卿，爵为通侯，总领从官，与闻政事。曾不能以此时有所建明，以宣德化，又不能与群僚同心并力，陪辅朝廷之遗忘，已负窃位素餐之责久矣。怀禄贪势，不能自退，遭遇变故，横被口语，身幽北阙，妻子满狱。当此之时，自以夷灭不足以塞责，岂意得全首领，复奉先人之丘墓乎？伏惟圣主之恩不可胜量。君子游道，乐以忘忧；小人全躯，说以忘罪。‖窃自思念，过已大矣，行已亏矣，长为农夫以没世矣。是故身率妻子，戮力耕桑，灌园治产，以给公上。不意当复用此为讥议也。‖“夫人情所不能止者，圣人弗禁，故君父至尊亲，送其终也，有时而既。臣之得罪已三年矣。田家作苦，岁时伏腊，烹羊炰羔，斗酒自劳。家本秦也，能为秦声，妇赵女也，雅善鼓瑟，奴婢歌者数人。酒后耳热，仰天拊缶，而呼乌乌。‖其诗曰：‘田彼南山，芜秽不治，种一顷豆，落而为萁。人生行乐耳，须富贵何时！’是日也，拂衣而喜，奋褎低昂，顿足起舞，诚淫荒无度，不知其不可也。‖恽幸有余禄，方籴贱贩贵，逐什一之利。此贾竖之事，污辱之处，恽亲行之。下流之人，众毁所归，不寒而栗。虽雅知恽者，犹随风而靡，尚何称誉之有？董生不云乎：‘明明求仁义，常恐不能化民者，卿大夫之意也；明明求财利，尚恐困乏者，庶人之事也。’故道不同，不相为谋。今子尚安得以卿大夫之制而责仆哉？‖“夫西河魏土，文侯所兴。有段干木、田子方之遗风，漂然皆有节概，知去就之分。顷者，足下离旧土，临安定，安定山谷之间，昆戎旧壤，子弟贪鄙，岂习俗之移人哉？于今乃睹子之志矣！方当盛汉之隆，愿勉旃，毋多谈！”","古文观止",""
"光武帝临淄劳耿弇","汉","汉光武帝","车驾至临淄，自劳军，群臣大会。帝谓弇曰：“昔韩信破历下以开基，今将军攻祝阿以发迹。此皆齐之西界，功足相方。而韩信袭击已降，将军独拔勍敌，其功乃难于信也。又田横烹郦生，及田横降，高帝诏卫尉不听为仇。张步前亦杀伏隆，若步来归命，吾当诏大司徒释其怨，又事尤相类也。将军前在南阳建此大策，常以为落落难合，有志者事竟成也！”","古文观止",""
"戒兄子严敦书","汉","马援","援兄子严、敦并喜讥议，而通轻侠客。援前在交阯，还书诫之日：“吾欲汝曹闻人过失，如闻父母之名，耳可得闻，口不可得言也。好议论人长短，妄是非正法，此吾所大恶也，宁死不愿闻子孙有此行也。汝曹知吾恶之甚矣，所以复言者，施衿结缡，申父母之戒，欲使汝曹不忘之耳。”‖“龙伯高敦厚周慎，口无择言，谦约节俭，廉公有威，吾爱之重之，愿汝曹效之。杜季良豪侠好义，忧人之忧，乐人之乐，清浊无所失。父丧致客，数郡毕至。吾爱之重之，不愿汝曹效也。效伯高不得，犹为谨敕之士，所谓刻‘鹄不成尚类鹜’者也；效季良不得，陷为天下轻薄子，所谓‘画虎不成反类狗’者也。‖讫今季良尚未可知，郡将下车辄切齿，州郡以为言，吾常为寒心，是以不愿子孙效也。”","古文观止",""
"前出师表","魏晋","诸葛亮","臣亮言：先帝创业未半而中道崩殂，今天下三分，益州疲弊，此诚危急存亡之秋也。然侍卫之臣不懈于内，忠志之士忘身于外者，盖追先帝之殊遇，欲报之于陛下也。诚宜开张圣听，以光先帝遗德，恢弘志士之气，不宜妄自菲薄，引喻失义，以塞忠谏之路也。宫中府中俱为一体，陟罚臧否，不宜异同。若有作奸犯科及为忠善者，宜付有司论其刑赏，以昭陛下平明之治，不宜偏私，使内外异法也。‖“侍中、侍郎郭攸之、费祎、董允等，此皆良实，志虑忠纯，是以先帝简拔以遗陛下。愚以为宫中之事，事无大小，悉以咨之，然后施行，必能裨补阙漏，有所广益。将军向宠，性行淑均，晓畅军事，试用于昔日，先帝称之曰能，是以众议举宠以为督。愚以为营中之事，事无大小，悉以咨之，必能使行阵和穆，优劣得所也。亲贤臣，远小人，此先汉所以兴隆也；亲小人，远贤臣，此后汉所以倾颓也。先帝在时，每与臣论此事，未尝不叹息痛恨于桓、灵也。侍中、尚书、长史、参军，此悉贞亮死节之臣也，愿陛下亲之信之，则汉室之隆，可计日而待也。‖臣本布衣，躬耕于南阳，苟全性命于乱世，不求闻达于诸侯。先帝不以臣卑鄙，猥自枉屈，三顾臣于草庐之中，咨臣以当世之事，由是感激，遂许先帝以驱驰。后值倾覆，受任于败军之际，奉命于危难之间，尔来二十有一年矣。先帝知臣谨慎，故临崩寄臣以大事也。受命以来，夙夜忧叹，恐托付不效，以伤先帝之明。故五月渡泸，深入不毛。今南方已定，兵甲已足，当奖率三军，北定中原，庶竭驽钝，攘除奸凶，兴复汉室，还于旧都。此臣所以报先帝而忠陛下之职分也。‖至于斟酌损益，进尽忠言，则攸之、祎、允之任也。愿陛下托臣以讨贼兴复之效；不效，则治臣之罪，以告先帝之灵。若无兴德之言，则责攸之、祎、允之咎，以彰其慢。陛下亦宜自谋，以咨诹善道，察纳雅言，深追先帝遗诏，臣不胜受恩感激。今当远离，临表涕零，不知所云。","古文观止",""
"后出师表","魏晋","诸葛亮","先帝虑汉、贼不两立，王业不偏安，故托臣以讨贼也。以先帝之明，量臣之才，固知臣伐贼，才弱敌强也；然不伐贼，王业亦亡，惟坐而待亡，孰与伐之？‖是故托臣而弗疑也。‖臣受命之日，寝不安席，食不甘味。思惟北征，宜先入南，故五月渡泸，深入不毛，并日而食。臣非不自惜也，顾王业不可偏安于蜀都，故冒危难，以奉先帝之遗意，而议者谓为非计。今贼适疲于西，又务于东，兵法乘劳，此进趋之时也。谨陈其事如左：高帝明并日月，谋臣渊深，然涉险被创，危然后安。今陛下未及高帝，谋臣不如良、平，而欲以长策取胜，坐定天下，此臣之未解一也。刘繇、王朗，各据州郡，论安言计，动引圣人，群疑满腹，众难塞胸，今岁不战，明年不征，使孙策坐大，遂并江东，此臣之未解二也。曹操智计，殊绝于人，其用兵也，仿拂孙、吴，然困于南阳，险于乌巢，危于祁连，逼于黎阳，几败北山，殆死潼关，然后伪定一时尔。况臣才弱，而欲以不危而定之，此臣之未解三也。‖曹操五攻昌霸不下，四越巢湖不成。任用李服，而李服图之。委任夏侯，而夏侯败亡。先帝每称操为能，犹有此失，况臣驽下，何能必胜？此臣之未解四也。‖自臣到汉中，中间期年耳，然丧赵云、阳群、马玉、阎芝、丁立、白寿、刘郃、邓铜等及曲长、屯将七十余人，突将无前；賨叟、青羌散骑、武骑一千余人。‖此皆数十年之内所纠合四方之精锐，非一州之所有。若复数年，则损三分之二也。‖当何以图敌？此臣之未解五也。‖今民穷兵疲，而事不可息。事不可息，则住与行，劳费正等。而不及早图之，欲以一州之地，与贼持久，此臣之未解六也。‖夫难平者，事也。昔先帝败军于楚，当此时，曹操拊手，谓天下已定。然后先帝东连吴、越，西取巴、蜀，举兵北征，夏侯授首。此操之失计，而汉事将成也。然后吴更违盟，关羽毁败，秭归蹉跌，曹丕称帝。凡事如是，难可逆料。臣鞠躬尽，死而后已，至于成败利钝，非臣之明所能逆睹也。","古文观止",""
"陈情表","魏晋","李密","臣密言：臣以险衅，夙遭闵凶。生孩六月，慈父见背。行年四岁，舅夺母志。‖祖母刘，愍臣孤弱，躬亲抚养。臣少多疾病，九岁不行，零丁孤苦，至于成立。‖既无叔伯，终鲜兄弟。门衰祚薄，晚有儿息。外无期功强近之亲，内无应门五尺之童，茕茕孑立，形影相吊。而刘夙婴疾病，常在床蓐。臣侍汤药，未尝废离。‖逮奉圣朝，沐浴清化。前太守臣逵，察臣孝廉。后刺史臣荣，举臣秀才。臣以供养无主，辞不赴命。诏书特下，拜臣郎中，寻蒙国恩，除臣洗马。猥以微贱，当侍东宫，非臣陨首所能上报。臣具以表闻，辞不就职。诏书切峻，责臣逋慢，郡县逼迫，催臣上道。州司临门，急于星火。臣欲奉诏奔驰，则以刘病日笃，欲苟顺私情，则告诉不许。臣之进退，实为狼狈。‖伏惟圣朝以孝治天下，凡在故老，犹蒙矜育，况臣孤苦，特为尤甚。且臣少事伪朝，历职郎署，本图宦达，不矜名节。今臣亡国贱俘，至微至陋，过蒙拔擢，宠命优渥，岂敢盘桓，有所希冀？但以刘日薄西山，气息奄奄，人命危浅，朝不虑夕。臣无祖母，无以至今日，祖母无臣，无以终余年。母孙二人，更相为命，是以区区不能废远。臣密今年四十有四，祖母刘今年九十有六，是臣尽节于陛下之日长，报刘之日短也。乌鸟私情，愿乞终养。‖臣之辛苦，非独蜀之人士及二州牧伯所见明知，皇天后土，实所共鉴。愿陛下矜愍愚诚，听臣微志。庶刘侥幸，卒保余年，臣生当陨首，死当结草。臣不胜犬马怖惧之情，谨拜表以闻。","古文观止",""
"兰亭集序","魏晋","王羲之","永和九年，岁在癸丑。暮春之初，会于会稽山阴之兰亭，修禊事也。群贤毕至，少长咸集。此地有崇山峻岭，茂林修竹。又有清流激湍，映带左右，引以为流觞曲水。列坐其次，虽无丝竹管弦之盛，一觞一咏，亦足以畅叙幽情。是日也，天朗气清，惠风和畅。仰观宇宙之大，俯察品类之盛，所以游目骋怀，足以极视听之娱，信可乐也！‖夫人之相与，俯仰一世。或取诸怀抱，晤言一室之内；或因寄所托，放浪形骸之外。虽取舍万殊，静躁不同，当其欣于所遇，暂得于己，快然自足，曾不知老之将至。及其所之既倦，情随事迁，感慨系之矣。向之所欣，俯仰之间，已为陈迹，犹不能不以之兴怀，况修短随化，终期于尽？古人云：“死生亦大矣”，岂不痛哉！‖每览昔人兴感之由，若合一契，未尝不临文嗟悼，不能喻之于怀。固知一死生为虚诞，齐彭殇为妄作。后之视今，亦犹今之视昔，悲夫！故列叙时人，录其所述。虽世殊事异，所以兴怀，其致一也。后之览者，亦将有感于斯文。","古文观止",""
"归去来兮辞","魏晋","陶渊明","归去来兮，田园将芜，胡不归！既自以心为形役，奚惆怅而独悲！悟已往之不谏，知来者之可追。实迷途其未远，觉今是而昨非。舟摇摇以轻扬，风飘飘而吹衣。问征夫以前路，恨晨光之熹微。乃瞻衡宇，载欣载奔。僮仆欢迎，稚子候门。三径就荒，松菊犹存。携幼入室，有酒盈樽。引壶觞以自酌，眄庭柯以怡颜。‖倚南窗以寄傲，审容膝之易安。园日涉以成趣，门虽设而常关。策扶老以流憩，时矫首而遐观。云无心以出岫，鸟倦飞而知还。景翳翳以将入，抚孤松而盘桓。‖归去来兮，请息交以绝游。世与我而相遗，复驾言兮焉求！悦亲戚之情话，乐琴书以消忧。农人告余以春及，将有事于西畴。或命巾车，或棹孤舟。既窈窕以寻壑，亦崎岖而经丘。木欣欣以向荣，泉涓涓而始流。善万物之得时，感吾生之行休。‖已乎矣！寓形宇内复几时，曷不委心任去留？胡为遑遑欲何之？富贵非吾愿，帝乡不可期。怀良辰以孤往，或植杖而耘耔。登东皋以舒啸，临清流而赋诗。聊乘化以归尽，乐夫天命复奚疑！","古文观止",""
"桃花源记","魏晋","陶渊明","晋太元中，武陵人捕鱼为业。缘溪行，忘路之远近。忽逢桃花林，夹岸数百步，中无杂树，芳草鲜美，落英缤纷。渔人甚异之，复前行，欲穷其林。‖林尽水源，便得一山。山有小口，彷佛若有光，便舍船从口入。初极狭，才通人。复行数十步，豁然开朗。土地平旷，屋舍俨然，有良田、美池、桑竹之属。‖阡陌交通，鸡犬相闻。其中往来种作，男女衣着，悉如外人。黄发垂髫，并怡然自乐。见渔人，乃大惊，问所从来，具答之。便要还家，设酒杀鸡作食。村中闻有此人，咸来问讯。自云先世避秦时乱，率妻子邑人来此绝境，不复出焉，遂与外人间隔。问今是何世，乃不知有汉，无论魏、晋。此人一一为具言所闻，皆叹惋。余人各复延至其家，皆出酒食。停数日，辞去。此中人语云：“不足为外人道。”‖既出，得其船，便扶向路，处处志之。及郡下，诣太守，说如此。太守即遣人随其往，寻向所志，遂迷，不复得路。‖南阳刘子骥，高尚士也。闻之，欣然规往。未果，寻病终。后遂无问津者。","古文观止",""
"五柳先生传","魏晋","陶渊明","先生不知何许人也，亦不详其姓字。宅边有五柳树，因以为号焉。闲静少言，不慕荣利。好读书，不求甚解。每有会意，便欣然忘食。性嗜酒，家贫，不能常得。亲旧知其如此，或置酒而招之。造饮辄尽，期在必醉，既醉而退，曾不吝情去留。环堵萧然，不蔽风日。短褐穿结，箪瓢屡空，晏如也。尝著文章自娱，颇示己志。忘怀得失，以此自终。‖赞曰：黔娄有言：“不戚戚于贫贱，不汲汲于富贵。”其言兹若人之俦乎？‖衔觞赋诗，以乐其志，无怀氏之民欤？葛天氏之民欤！","古文观止",""
"北山移文","魏晋","孔稚珪","钟山之英，草堂之灵，驰烟驿路，勒移山庭。‖夫以耿介拔俗之标，潇洒出尘之想，度白雪以方洁，干青云而直上，吾方知之矣。若其亭亭物表，皎皎霞外，芥千金而不盼，屣万乘其如脱。闻凤吹于洛浦，值薪歌于延濑，固亦有焉。岂期终始参差，苍黄反复，泪翟子之悲，恸朱公之哭。‖乍回迹以心染。或先贞而后黩，何其谬哉。呜呼！尚生不存，仲氏既往，山阿寂寥，千载谁赏？‖世有周子，俊俗之士；既文既博，亦玄亦史。然而学，遁东鲁，习隐南郭；窃吹草堂，滥巾北岳。诱我松桂，欺我云壑。虽假容于江皋，乃缨请于好爵。‖其始至也，将欲排巢父，拉许由，傲百氏，蔑王侯。风情张日，霜气横秋。‖或叹幽人长往，或怨王孙不游。谈空空于释部，核玄玄于道流。务光何足比，涓子不能俦。‖及其鸣驺入谷，鹤书赴陇。形驰魄散，志变神动。尔乃眉轩席次，袂耸筵上，焚芰制而裂荷衣，抗尘容而走俗状。风云凄其带愤，石泉咽而下怆。望林峦而有失，顾草木而如丧。‖至其纽金章，绾墨绶，跨属城之雄，冠百里之首，张英风于海甸，驰妙誉于浙右。道帙长摈，法筵久埋。敲扑喧嚣犯其虑，牒诉倥偬装其怀。琴歌既断，酒赋无续。常绸缪于结课，每纷纶于折狱。笼张赵于往图，架卓鲁于前录。希踪三辅豪，驰声九州牧。使其高霞孤映，明月独举，青松落荫，白云谁侣。涧户摧绝无与归，石径荒凉徒延伫。至于还飚入幕，写雾出楹，蕙帐空兮夜鹤怨，山人去兮晓猿惊。昔闻投簪逸海岸，今见解兰缚尘缨。‖于是，南岳献嘲，北陇腾笑，列壑争讥，攒峰竦诮。慨游子之我欺，悲无人以赴吊。故其林惭无尽，涧愧不歇，秋桂遣风，春萝罢月，骋西山之逸议，驰东皋之素谒。‖今又促装下邑，浪枻上京。虽情投于魏阙，或假步于山扃。岂可使芳杜厚颜，薜荔蒙耻，碧岭再辱，丹崖重滓，尘游躅于蕙路，污渌池以洗耳。宜扃岫幌，掩云关，敛轻雾，藏鸣湍，截来辕于谷口，杜妄辔于郊端。于是丛条瞋胆，叠颖怒魄。或飞柯以折轮，乍低枝而扫迹。请回俗士驾，为君谢逋客。","古文观止",""
"谏太宗十思疏","唐","魏征","臣闻：求木之长者，必固其根本；欲流之远者，必浚其泉源；思国之安者，必积其德义。源不深而望流之远，根不固而求木之长，德不厚而思国之安，臣虽下愚，知其不可，而况于明哲乎？人君当神器之重，居域中之大，不念居安思危，戒奢以俭，斯亦伐根以求木茂，塞源而欲流长也。‖凡昔元首，承天景命，善始者实繁，克终者盖寡。岂取之易，守之难乎？盖在殷忧，必竭诚以待下；既得志，则纵情以傲物。竭诚，则胡越为一体；傲物，则骨肉为行路。虽董之以严刑，振之以威怒，终苟免而不怀仁，貌恭而不心服。‖怨不在大，可畏惟人。载舟覆舟，所宜深慎。‖诚能见可欲，则思知足以自戒；将有作，则思知止以安人；念高危，则思谦冲而自牧；惧满盈，则思江海下百川；乐盘游，则思三驱以为度；忧懈怠，则思慎始而敬终；虑壅蔽，则思虚心以纳下；惧谗邪，则思正身以黜恶；恩所加，则思无因喜以谬赏；罚所及，则思无以怒而滥刑。总此十思，弘兹九得。简能而任之，择善而从之，则智者尽其谋，勇者竭其力，仁者播其惠，信者效其忠。文武并用，垂拱而治。何必劳神苦思，代百司之职役哉！","古文观止",""
"为徐敬业讨武曌檄","唐","骆宾王","伪临朝武氏者，性非和顺，地实寒微。昔充太宗下陈，曾以更衣入侍。洎乎晚节，秽乱春宫。潜隐先帝私，阴图后房之嬖。入门见嫉，蛾眉不肯让人；掩袖工谗，狐媚偏能惑主，践元后于翚翟，陷吾君于聚麀。加以虺蜴为心，豺狼成性。‖近狎邪僻，残害忠良，杀姊屠兄，弑君鸩母。人神之所同嫉，天地之所不容。犹复包藏祸心，窥窃神器。君之爱子，幽之于别宫；贼之宗盟，委之以重任。呜呼！‖霍子孟之不作，朱虚侯之已亡。燕啄皇孙，知汉祚之将尽；龙漦帝后，识夏庭之遽衰。‖敬业，皇唐旧臣，公侯冢子，奉先君之成业，荷本朝之厚恩。宋微子之兴悲，良有以也，袁君山之流涕，岂徒然哉？是用气愤风云，志安社稷，因天下之失望，顺宇内之推心，爰举义旗，以清妖孽。南连百越，北尽三河，铁骑成群，玉轴相接。海陵红粟，仓储之积靡穷；江浦黄旗，匡复之功何远？班声动而北风起，剑气冲而南斗平。喑呜则山岳崩颓，叱咤则风云变色。以此制敌，何敌不摧？以此图功，何功不克？‖公等或居汉地，或叶周亲，或膺重寄于话言，或受顾命于宣室。言犹在耳，忠岂忘心？一抔之土未干，六尺之孤何托？倘能转祸为福，送往事居，共立勤王之勋，无废大君之命，凡诸爵赏，同指山河。若其眷恋穷城，徘徊歧路，坐昧先几之兆，必贻后至之诛。请看今日之域中，竟是谁家之天下！","古文观止",""
"滕王阁序","唐","王勃","南昌故郡，洪都新府。星分翼轸，地接衡庐。襟三江而带五湖，控蛮荆而引瓯越。物华天宝，龙光射牛斗之墟；人杰地灵，徐孺下陈蕃之榻。雄州雾列，俊彩星驰。台隍枕夷夏之交，宾主尽东南之美。都督阎公之雅望，棨戟遥临；宇文新州之懿范，襜帷暂驻。十旬休暇，胜友如云；千里逢迎，高朋满座。腾蛟起凤，孟学士之词宗，紫电青霜，王将军之武库。家君作宰，路出名区，童子何知，躬逢胜饯。‖时维九月，序属三秋。潦水尽而寒潭清，烟光凝而暮山紫。俨骖𬴂于上路，访风景于崇阿。临帝子之长洲，得仙人之旧馆。层峦耸翠，上出重霄。飞阁流丹，下临无地。鹤汀凫渚，穷岛屿之萦回；桂殿兰宫，列冈峦之体势。披绣闼，俯雕甍，山原旷其盈视，川泽盱其骇瞩。闾阎扑地，钟鸣鼎食之家。舸舰迷津，青雀黄龙之轴。虹销雨霁，彩彻云衢，落霞与孤鹜齐飞，秋水共长天一色。渔舟唱晚，响穷彭蠡之滨，雁阵惊寒，声断衡阳之浦。遥吟俯畅，逸兴遄飞。爽籁发而清风生，纤歌凝而白云遏。睢园绿竹，气凌彭泽之樽；邺水朱华，光照临川之笔。四美俱，二难并。穷睇眄于中天，极娱游于暇日。天高地迥，觉宇宙之无穷。兴尽悲来，识盈虚之有数。望长安于日下，指吴会于云间。地势极而南溟深，天柱高而北辰远。关山难越，谁悲失路之人？萍水相逢，尽是他乡之客。怀帝阍而不见，奉宣室以何年？‖呜乎！时运不齐，命途多舛！冯唐易老，李广难封。屈贾谊于长沙，非无圣主；窜梁鸿于海曲，岂乏明时？所赖君子安贫，达人知命。老当益壮，宁知白首之心？穷且益坚，不坠青云之志。酌贪泉而觉爽，处涸辙以犹欢。北海虽赊，扶摇可接。东隅已逝，桑榆非晚。孟尝高洁，空怀报国之心；阮籍猖狂，岂效穷途之哭！‖勃，三尺微命，一介书生。无路请缨，等终军之弱冠，有怀投笔，慕宗悫之长风。舍簪笏于百龄，奉晨昏于万里。非谢家之宝树，接孟氏之芳邻。他日趋庭，叨陪鲤对。今晨捧袂，喜托龙门。杨意不逢，抚凌云而自惜。钟期既遇，奏流水以何惭？‖呜呼！胜地不常，盛筵难再。兰亭已矣，梓泽邱墟。临别赠言，幸承恩于伟饯，登高作赋。是所望于群公。敢竭鄙诚，恭疏短引，一言均赋，四韵俱成。‖滕王高阁临江渚，佩玉鸣鸾罢歌舞。画栋朝飞南浦云，珠帘暮卷西山雨。闲云潭影日悠悠，物换星移几度秋。阁中帝子今何在？槛外长江空自流。","古文观止",""
"与韩荆州书","唐","李白","白闻天下谈士相聚而言曰：“生不用封万户侯，但愿一识韩荆州。”何令人之景慕一至于此！岂不以周公之风，躬吐握之事，使海内豪俊，奔走而归之，一登龙门，则声价十倍！所以龙蟠凤逸之士，皆欲收名定价于君侯。愿君侯不以富贵而骄之，寒贱而忽之，则三千之中有毛遂。使白得脱颖而出，即其人焉。‖白，陇西布衣，流落楚汉。十五好剑术，遍干诸侯。三十成文章，历抵卿相。‖虽长不满七尺，而心雄万夫。皆王公大人许与气义。此畴曩心迹，安敢不尽于君侯哉？君侯制作侔神明，德行动天地，笔参造化，学究天人。幸愿开张心颜，不以长揖见拒。必若接之以高宴，纵之以清谈，请日试万言，倚马可待。今天下以君侯为文章之司命，人物之权衡，一经品题，便作佳士。而今君侯何惜阶前盈尺之地，不使白扬眉吐气、激昂青云耶？‖昔王子师为豫州，未下车，即辟荀慈明；既下车，又辟孔文举；山涛作冀州，甄拔三十余人，或为侍中、尚书，先代所美。而君侯亦一荐严协律，入为秘书郎。‖中间崔宗之、房习祖、黎昕、许莹之徒，或以才名见知，或以清白见赏。白每观其衔恩抚躬，忠义奋发。白以此感激，知君侯推赤心于诸贤之腹中，所以不归他人，而愿委身于国士。倘急难有用，敢效微躯。‖且人非尧舜，谁能尽善？白谟猷筹画，安能自矜？至于制作，积成卷轴，则欲尘秽视听。恐雕虫小技，不合大人。若赐观刍荛，请给纸笔，兼之书人，然后退扫闲轩，缮写呈上。庶青萍、结绿，长价于薛、卞之门。幸推下流，大开奖饰。‖唯君侯图之。","古文观止",""
"春夜宴桃李园","唐","李白","夫天地者，万物之逆旅。光阴者，百代之过客。而浮生若梦，为欢几何？古人秉烛夜游，良有以也！况阳春召我以烟景，大块假我以文章。会桃李之芳园，序天伦之乐事。群季俊秀，皆为惠连。吾人咏歌，独惭康乐。幽赏未已，高谈转清。开琼筵以坐花，飞羽觞而醉月。不有佳作，何伸雅怀？如诗不成，罚依金谷酒数。","古文观止",""
"吊古战场文","唐","李华","浩浩乎平沙无垠，敻不见人。河水萦带，群山纠纷。黯兮惨悴，风悲日曛。‖蓬断草枯，凛若霜晨。鸟飞不下，兽铤亡群。亭长告余曰：“此古战场也。尝覆三军。往往鬼哭，天阴则闻。”伤心哉！秦欤？汉欤？将近代欤？‖吾闻夫齐魏徭戍，荆韩召募。万里奔走，连年暴露。沙草晨牧，河冰夜渡。‖地阔天长，不知归路。寄身锋刃，腷臆谁诉？秦汉而还，多事四夷。中州耗斁，无世无之。古称戎、夏，不抗王师。文教失宣，武臣用奇。奇兵有异于仁义，王道迂阔而莫为。呜呼噫嘻！‖吾想夫北风振漠，胡兵伺便。主将骄敌，期门受战。野竖旄旗，川回组练。‖法重心骇，威尊命贱。利镞穿骨，惊沙入面。主客相搏，山川震眩，声析江河，势崩雷电。至若穷阴凝闭，凛冽海隅，积雪没胫，坚冰在须；鸷鸟休巢，征马踟蹰；缯纩无温，堕指裂肤。当此苦寒，天假强胡，凭陵杀气，以相翦屠。径截辎重，横攻士卒。都尉新降，将军覆没。尸填巨港之岸，血满长城之窟。无贵无贱，同为枯骨。可胜言哉！鼓衰兮力竭，矢竭兮弦绝，白刃交兮宝刀折，两军蹙兮生死决。降矣哉？终身夷狄。战矣哉？骨暴沙砾。鸟无声兮山寂寂，夜正长兮风淅淅。魂魄结兮天沉沉，鬼神聚兮云幂幂。日光寒兮草短，月色苦兮霜白。伤心惨目，有如是耶！‖吾闻之：牧用赵卒，大破林胡，开地千里，遁逃匈奴。汉倾天下，财殚力痡。‖任人而已，其在多乎？周逐猃狁，北至太原，既城朔方，全师而还。饮至策勋，和乐且闲，穆穆棣棣，君臣之间。秦起长城，竟海为关，荼毒生灵，万里朱殷。‖汉击匈奴，虽得阴山，枕骸遍野，功不补患。‖苍苍蒸民，谁无父母？提携捧负，畏其不寿。谁无兄弟，如足如手？谁无夫妇，如宾如友？生也何恩？杀之何咎？其存其没，家莫闻知。人或有言，将信将疑。悁悁心目，寝寐见之。布奠倾觞，哭望天涯。天地为愁，草木凄悲。吊祭不至，精魂何依？必有凶年，人其流离。呜呼噫嘻！时耶？命耶？从古如斯。为之奈何？守在四夷。","古文观止",""
"陋室铭","唐","刘禹锡","山不在高，有仙则名；水不在深，有龙则灵。斯是陋室，惟吾德馨。苔痕上阶绿，草色入帘青。谈笑有鸿儒，往来无白丁。可以调素琴，阅金经。无丝竹之乱耳，无案牍之劳形。南阳诸葛庐，西蜀子云亭。孔子云：“何陋之有？”","古文观止",""
"阿房宫赋","唐","杜牧","六王毕，四海一。蜀山兀，阿房出。覆压三百余里，隔离天日。骊山北构而西折，直走咸阳。二川溶溶，流入宫墙。五步一楼，十步一阁；廊腰缦回，檐牙高啄。各抱地势，钩心斗角。盘盘焉，囷囷焉，蜂房水涡，矗不知其几千万落。‖长桥卧波，未云何龙？复道行空，不霁何虹？高低冥迷，不知西东。歌台暖响，春光融融；舞殿冷袖，风雨凄凄。一日之内，一宫之间，而气候不齐。‖妃嫔媵嫱，王子皇孙，辞楼下殿，辇来于秦。朝歌夜弦，为秦宫人。明星荧荧，开妆镜也；绿云扰扰，梳晓鬟也。渭流涨腻，弃脂水也；烟斜雾横，焚椒兰也。雷霆乍惊，宫车过也；辘辘远听，杳不知其所之也。一肌一容，尽态极姘，缦立远视，而望幸焉。有不得见者三十六年。燕、赵之收藏，韩、魏之经营，齐、楚之精英，几世几年，取掠其人，倚叠如山。一旦不能有，输来其间。鼎铛玉石，金块珠砾，弃掷逦迤，秦人视之，亦不甚惜。‖嗟乎！一人之心，千万人之心也。秦爱纷奢，人亦念其家。奈何取之尽锱铢，用之如泥沙？使负栋之柱，多于南亩之农夫；架梁之椽，多于机上之工女；钉头磷磷，多于在庾之粟粒，瓦缝参差，多于周身之帛缕；直栏横槛，多于九土之城郭；管弦呕哑，多于市人之言语。使天下之人，不敢言而敢怒。独夫之心，日益骄固。戍卒叫，函谷举，楚人一炬，可怜焦土！‖呜呼！灭六国者，六国也，非秦也。族秦者，秦也，非天下也。嗟夫！使六国各爱其人，则足以拒秦；秦复爱六国之人，则递三世，可至万世而为君，谁得而族灭也？秦人不暇自哀，而后人哀之。后人哀之而不鉴之，亦使后人而复哀后人也！","古文观止",""
"原道","唐","韩愈","博爱之谓仁，行而宜之之谓义，由是而之焉之谓道，足乎己无待于外之谓德。‖仁与义为定名，道与德为虚位。故道有君子小人，而德有凶有吉。老子之小仁义，非毁之也，其见者小也。坐井而观天，曰天小者，非天小也。彼以煦煦为仁，孑孑为义，其小之也则宜。其所谓道，道其所道，非吾所谓道也。其所谓德，德其所德，非吾所谓德也。凡吾所谓道德云者，合仁与义言之也，天下之公言也。老子之所谓道德云者，去仁与义言之也，一人之私言也。‖周道衰，孔子没，火于秦。黄老于汉，佛于晋、魏、梁、隋之间。其言道德仁义者，不入于杨，则入于墨；不入于老，则入于佛。入于彼，必出于此。入者主之，出者奴之。入者附之，出者污之。噫！后之人其欲闻仁义道德之说，孰从而听之？老者曰：“孔子，吾师之弟子也。”佛者曰：“孔子，吾师之弟子也。”‖为孔子者，习闻其说，乐其诞而自小也，亦曰：“吾师亦尝师之”云尔。不惟举之于其口，而又笔之于其书。噫！后之人虽欲闻仁义道德之说，其孰从而求之？‖甚矣！人之好怪也！不求其端，不讯其末，惟怪之欲闻。‖古之为民者四，今之为民者六。古之教者处其一，今之教者处其三。农之家一，而食粟之家六。工之家一，而用器之家六。贾之家一，而资焉之家六。奈之何民不穷且盗也？‖古之时，人之害多矣。有圣人者立，然后教之以相生相养之道。为之君，为之师，驱其虫蛇禽兽而处之中土。寒然后为之衣，饥然后为之食。木处而颠，土处而病也，然后为之宫室。为之工以赡其器用，为之贾以通其有无，为之医药以济其夭死，为之葬埋祭祀以长其恩爱，为之礼以次其先后，为之乐以宣其湮郁，为之政以率其怠倦，为之刑以锄其强梗。相欺也，为之符玺、斗斛、权衡以信之。‖相夺也，为之城郭甲兵以守之。害至而为之备，患生而为之防。今其言曰：“圣人不死，大盗不止。剖斗折衡，而民不争。”呜呼！其亦不思而已矣！如古之无圣人，人之类灭久矣。何也？无羽毛鳞介以居寒热也，无爪牙以争食也。‖是故君者，出令者也；臣者，行君之令而致之民者也；民者，出粟米麻丝、作器皿，通货财以事其上者也。君不出令，则失其所以为君；臣不行君之令而致之民，则失其所以为臣；民不出粟米麻丝，作器皿，通货财，以事其上，则诛。‖今其法曰：必弃而君臣，去而父子，禁而相生相养之道，以求其所谓清净，寂灭者。呜呼！其亦幸而出于三代之后，不见黜于禹、汤、文、武、周公、孔子也；其亦不幸而不出于三代之前，不见正于禹、汤、文、武、周公、孔子也。‖帝之与王，其号虽殊，其所以为圣一也。夏葛而冬裘，渴饮而饥食，其事虽殊，其所以为智一也。今其言曰：“曷不为太古之无事？”是亦责冬之裘者曰：“曷不为葛之之易也？”责饥之食者曰：“曷不为饮之之易也。”传曰：“古之欲明明德于天下者，先治其国；欲治其国者，先齐其家；欲齐其家者，先修其身；欲修其身者，先正其心；欲正其心者，先诚其意。”然则古之所谓正心而诚意者，将以有为也。今也欲治其心，而外天下国家，灭其天常，子焉而不父其父，臣焉而不君其君，民焉而不事其事。孔子之作《春秋》也，诸侯用夷礼，则夷之；进于中国，则中国之。经曰：“夷狄之有君，不如诸夏之亡。”《诗》曰：“戎狄是膺，荆舒是惩。”今也，举夷狄之法，而加之先王之教之上，几何其不胥而为夷也？‖夫所谓先王之教者，何也？博爱之谓仁，行而宜之之谓义，由是而之焉之谓道，足乎己无待于外之谓德。其文，《诗》、《书》、《易》、《春秋》；其法，礼、乐、刑、政；其民，士、农、工、贾；其位，君臣、父子、师友、宾主、昆弟、夫妇；其服，麻、丝；其居，宫、室；其食，粟米、果蔬、鱼肉。其为道易明，而其为教易行也。是故以之为己，则顺而祥，以之为人，则爱而公；以之为心，则和而平；以之为天下国家，无所处而不当。是故生则得其情，死则尽其常。‖郊焉而天神假，庙焉而人鬼飨。曰：“斯道也，何道也？”曰：“斯吾所谓道也，非向所谓老与佛之道也。”尧以是传之舜，舜以是传之禹，禹以是传之汤，汤以是传之文武周公，文武周公传之孔子，孔子传之孟轲；轲之死，不得其传焉。荀与扬也，择焉而不精，语焉而不详。由周公而上，上而为君，故其事行；由周公而下，下而为臣，故其说长。然则如之何而可也？曰：“不塞不流，不止不行。‖人其人，火其书，庐其居。明先王之道以道之。鳏寡孤独废疾者有养也，其亦庶乎其可也。”","古文观止",""
"原毁","唐","韩愈","古之君子，其责己也重以周，其待人也轻以约。重以周，故不怠；轻以约，故人乐为善。闻古之人有舜者，其为人也，仁义人也。求其所以为舜者，责于己曰：“彼，人也。予，人也。彼能是，而我乃不能是。”早夜以思，去其不如舜者，就其如舜者。闻古之人有周公者，其为人也，多才与艺人也。求其所以为周公者，责于己曰：“彼，人也。予，人也。彼能是，而我乃不能是。”早夜以思，去其不如周公者，就其如周公者。舜，大圣人也，后世无及焉。周公，大圣人也，后世无及焉。是人也，乃曰：“不如舜，不如周公，吾之病也。”是不亦责于身者，重以周乎？其于人也，曰：“彼人也，能有是，是足为良人矣。能善是，是足为艺人矣。”取其一，不责其二；即其新，不究其旧。恐恐然惟惧其人之不得为善之利。一善，易修也。一艺，易能也，其于人也，乃曰：“能有是，是亦足矣。”曰：“能善是，是亦足矣。”不亦待于人者，轻以约乎！‖今之君子则不然。其责人也详，其待已也廉。详，故人难于为善。廉，故自取也少。己未有善，曰：“我善是，是亦足矣。”己未有能，曰：“我能是，是亦足矣。”外以欺于人，内以欺于心，未少有得而止矣。不亦待其身者已廉乎？‖其于人也，曰：“彼虽能是，其人不足称也；彼虽善是，其用不足称也。”举其一，不计其十；究其旧，不图其新，恐恐然惟惧其人之有闻也。是不亦责于人者已详乎！夫是之谓不以众人待其身，而以圣人望于人，吾未见其尊己也。‖虽然，为是者，有本有原，怠与忌之谓也。怠者不能修，而忌者畏人修。吾尝试之矣。尝试语于众曰：“某良士。某良士。”其应者必其人之与也。不然，则其所疏远，不与同其利者也。不然，则其畏也。不若是，强者必怒于言，儒者必怒于色矣。又尝语于众曰：“某非良士，某非良士。”其不应者，必其人之与也。不然，则其所疏远，不与同其利者也。不然，则其畏也。不若是，强者必说于言，懦者必说于色矣。是故事修而谤兴；德高而毁来。呜呼！士之处此世，而望名誉之光，道德之行，难已！将有作于上者，得吾说而存之，其国家可几而理欤！","古文观止",""
"获麟解","唐","韩愈","麟之为灵，昭昭也。咏于《诗》，书于《春秋》，杂出于传记、百家之书。‖虽妇人小子，皆知其为祥也。‖然麟之为物，不畜于家，不恒有于天下。其为形也不类，非若马、牛、犬、豕、豺、狼、麋、鹿然。然则虽有麟，不可知其为麟也。角者，吾知其为牛；鬛者，吾知其为马；犬、豕、豺、狠、麋、鹿，吾知其为犬、豕、豺、狼、麋、鹿。‖惟麟也，不可知。不可知，则其谓之不祥也亦宜。‖虽然，麟之出，必有圣人在乎位，麟为圣人出也。圣人者，必知麟，麟之果不为不祥也。‖又曰：麟之所以为麟者，以德不以形。若麟之出，不待圣人，则谓之不祥也亦宜。","古文观止",""
"杂说一","唐","韩愈","龙嘘气成云，云固弗灵于龙也。然龙乘是气，茫洋穷乎玄间，薄日月，伏光景，感震电，神变化，水下土，汨陵谷。云亦灵怪矣哉！‖云，龙之所能使为灵也。若龙之灵，则非云之所能使为灵也。然龙弗得云，无以神其灵矣，失其所凭依，信不可欤！异哉！其所凭依，乃其所自为也。《易》曰：“云从龙。”既曰龙，云从之矣！","古文观止",""
"杂说四","唐","韩愈","世有伯乐，然后有千里马。千里马常有，而伯乐不常有。故虽有名马，只辱于奴隶人之手，骈死于槽枥之间，不以千里称也。‖马之千里者，一食或尽粟一石。食马者，不知其能千里而食也。是马也，虽有千里之能，食不饱，力不足，才美不外见。且欲与常马等不可得，安求其能千里也？‖策之不以其道，食之不能尽其材，鸣之而不能通其意，执策而临之曰：“天下无马！”呜呼！其真无马邪？其真不知马也！","古文观止",""
"师说","唐","韩愈","古之学者必有师。师者，所以传道受业解惑也。人非生而知之者，孰能无惑？‖惑而不从师，其为惑也，终不解矣。生乎吾前，其闻道也，固先乎吾，吾从而师之；生乎吾后，其闻道也，亦先乎吾，吾从而师之。吾师道也，夫庸知其年之先后生于吾乎？是故无贵无贱，无长无少，道之所存，师之所存也。‖嗟乎！师道之不传也久矣，欲人之无惑也难矣。古之圣人，其出人也远矣，犹且从师而问焉；今之众人，其下圣人也亦远矣，而耻学于师。是故圣益圣，愚益愚，圣人之所以为圣，愚人之所以为愚，其皆出于此乎？爱其子，择师而教之；于其身也，则耻师焉，惑矣！彼童子之师，授之书而习其句读者也，非吾所谓传其道解其惑者也。句读之不知，惑之不解，或师焉，或不焉，小学而大遗，吾未见其明也。巫医、乐师，百工之人，不耻相师。士大夫之族，曰师曰弟子云者，则群聚而笑之。问之，则曰：“彼与彼年相若也，道相似也！”位卑则足羞，官盛则近谀。呜呼！师道之不复，可知矣。巫医、乐师、百工之人，君子不齿。今其智乃反不能及，其可怪也欤！‖圣人无常师。孔子师郯子、苌弘、师襄、老聃。郯子之徒，其贤不及孔子。‖孔子曰：“三人行，则必有我师。”是故弟子不必不如师，师不必贤于弟子，闻道有先后，术业有专攻，如是而已。‖李氏子蟠，年十七，好古文，六艺经传皆通习之，不拘于时，学于余。余嘉其能行古道，作《师说》以贻之。","古文观止",""
"进学解","唐","韩愈","国子先生晨入太学，招诸生立馆下，诲之曰：“业精于勤，荒于嬉；行成于思，毁于随。方今圣贤相逢，治具毕张。拔去凶邪，登崇俊良。占小善者率以录，名一艺者无不庸。爬罗剔抉，刮垢磨光。盖有幸而获选，孰云多而不扬？诸生业患不能精，无患有司之不明。行患不能成，无患有司之不公。”‖言未既。有笑于列者曰：“先生欺余哉！弟子事先生，于兹有年矣。先生口不绝吟于六艺之文，手不停披于百家之编。纪事者必提其要，纂言者必钩其玄。‖贪多务得，细大不捐。焚膏油以继晷，恒兀兀以穷年。先生之于业，可谓勤矣。‖抵排异端，攘斥佛老。补苴罅漏，张皇幽眇。寻坠绪之茫茫，独旁搜而远绍。‖障百川而东之，回狂澜于既倒。先生之于儒，可谓劳矣。沈浸𬪩郁，含英咀华，作为文章，其书满家。上规姚姒，浑浑无涯；周《诰》殷《盘》，佶屈聱牙；《春秋》谨严，《左氏》浮夸；《易》奇而法，《诗》正而葩；下逮《庄》、《骚》，太史所录，子云相如，同工异曲。先生之于文，可谓闳其中而肆其外矣！‖少始知学，勇于敢为。长通于方，左右具宜。先生之于为人，可谓成矣。然而公不见信于人，私不见助于友，跋前疐后，动辄得咎。暂为御史，遂窜南夷。三年博士，冗不见治。命与仇谋，取败几时。冬暖而儿号寒，年丰而妻啼饥。头童齿豁，竟死何裨？不知虑此，反教人为？”‖先生曰：“吁，子来前！夫大木为杗，细木为桷，欂栌、侏儒，椳、𫔶、扂楔。各得其宜，施以成室者，匠氏之工也。玉札、丹砂，赤箭、青芝，牛溲、马勃，败鼓之皮，俱收并蓄，待用无遗者，医师之良也。登明选公，杂进巧拙，纡余为姘，卓荦为杰，校短量长，惟器是适者，宰相之方也。昔者孟轲好辩，孔道以明，辙环天下，卒老于行。荀卿守正，大论是宏，逃谗于楚，废死兰陵。是二儒者，吐辞为经，举足为法，绝类离伦，优入圣域，其遇于世何如也？‖今先生学虽勤而不由其统，言虽多而不要其中，文虽奇而不济于用，行虽修而不显于众。犹且月费俸钱、岁糜廪粟。子不知耕，妇不知织。乘马从徒，安坐而食，踵常途之役役，窥陈编以盗窃。然而圣主不加诛，宰臣不见斥，非其幸欤！动而得谤，名亦随之。投闲置散，乃分之宜。若夫商财贿之有亡，计班资之崇庳，忘己量之所称，指前人之瑕疵，是所谓诘匠氏之不以杙为楹，而訾医师以昌阳引年，欲进其豨苓也。”","古文观止",""
"圬者王承福传","唐","韩愈","圬之为技，贱且劳者也。有业之，其色若自得者。听其言，约而尽。问之，王其姓，承福其名。世为京兆长安农夫。天宝之乱，发人为兵，持弓矢十三年，有官勋。弃之来归。丧其土田，手镘衣食。余三十年。舍于市之主人，而归其屋食之当焉。视时屋食之贵贱，而上下其圬之佣以偿之。有余，则以与道路之废疾饿者焉。‖又曰：粟，稼而生者也；若市与帛，必蚕绩而后成者也；其他所以养生之具，皆待人力而后完也，吾皆赖之。然人不可遍为，宜乎各致其能以相生也。故君者，理我所以生者也，而百官者，承君之化者也。任有大小，惟其所能，若器皿焉。‖食焉而怠其事，必有天殃，故吾不敢一日舍镘以嬉。夫镘，易能，可力焉。又诚有功，取其直。虽劳无愧，吾心安焉。夫力，易强而有功也；心，难强而有智也。‖用力者使于人，用心者使人，亦其宜也。吾特择其易为而无愧者取焉。‖嘻！吾操镘以入富贵之家有年矣。有一至者焉，又往过之，则为墟矣；有再至、三至者焉，而往过之，则为墟矣。问之其邻，或曰：噫！刑戮也。或曰：身既死而其子孙不能有也。或曰：死而归之官也。吾以是观之，非所谓食焉怠其事而得天殃者邪？非强心以智而不足，不择其才之称否而冒之者邪？非多行可愧、知其不可而强为之者邪？将富贵难守、薄功而厚飨之者邪？抑丰悴有时、一去一来而不可常者邪？吾之心悯焉，是故择其力之可能者行焉。乐富贵而悲贫贱，我岂异于人哉？又曰：功大者，其所以自奉也博。妻与子，皆养于我者也，吾能薄而功小，不有之可也。又吾所谓劳力者，若立吾家而力不足，则心又劳也。一身而二任焉，虽圣者石可为也。‖愈始闻而惑之，又从而思之，盖贤者也，盖所谓独善其身者也。然吾有讥焉，谓其自为也过多，其为人也过少。其学杨朱之道者邪？杨之道，不肯拔我一毛而利天下。而夫人以有家为劳心，不肯一动其心以畜其妻子，其肯劳其心以为人乎哉？虽然，其贤于世之患不得之而患失之者，以济其生之欲、贪邪而亡道，以丧其身者，其亦远矣！又其言有可以警余者，故余为之传，而自鉴焉。","古文观止",""
"讳辨","唐","韩愈","愈与李贺书，劝贺举进士。贺举进士有名，与贺争名者毁之曰：“贺父名晋肃，贺不举进士为是，劝之举者为非。”听者不察也，和而倡之，同然一辞，皇甫湜曰：“若不明白，子与贺且得罪。”愈曰：“然”。‖律曰：“二名不偏讳。”释之者曰：“谓若言‘征’不称‘在’，言‘在’不称‘征’是也。”律曰：“不讳嫌名。”释之者曰：“谓若‘禹’与‘雨’、‘丘’与‘蓲’之类”是也。今贺父名晋肃，贺举进士，为犯二名律乎？为犯嫌名律乎？父名晋肃，子不得举进士。若父名“仁”，子不得为人乎？‖夫讳始于何时？作法制以教天下者，非周公、孔子欤？周公作诗不讳，孔子不偏讳二名，《春秋》不讥不讳嫌名，康王钊之孙，实为昭王。曾参之父名皙，曾子不讳“昔”。周之时有骐期，汉之时有杜度，此其子宜如何讳？将讳其嫌，遂讳其姓乎？将不讳其嫌者乎？汉讳武帝名“彻”为“通”，不闻又讳车辙之“辙”为某字也；讳吕后名“雉”为“野鸡”，不闻又讳治天下之“治”为某字也。今上章及诏，不闻讳“浒”、“势”、“秉”、“机”也。惟宦者宫妾，乃不敢言“谕”及“机”，以为触犯。士君子立言行事，宜何所法守也？今考之于经，质之于律，稽之以国家之典，贺举进士为可邪？为不可邪？‖凡事父母，得如曾参，可以无讥矣。作人得如周公、孔子，亦可以止矣。今世之士，不务行曾参、周公、孔子之行，而讳亲之名则务胜于曾参、周公、孔子，亦见其惑也。夫周公、孔子、曾参，卒不可胜。胜周公、孔子、曾参，乃比于宦官宫妾。则是宦官宫妾之孝于其亲，贤于周公、孔子、曾参者邪？","古文观止",""
"争臣论","唐","韩愈","或问谏议大夫阳城于愈：“可以为有道之士乎哉？学广而闻多，不求闻于人也。行古人之道，居于晋之鄙。晋之鄙人，薰其德而善良者几千人。大臣闻而荐之，天子以为谏议大夫。人皆以为华，阳子不色喜。居于位五年矣，视其德如在野，彼岂以富贵移易其心哉！‖愈应之曰：“是《易》所谓恒其德贞，而夫子凶者也。恶得为有道之士乎哉？‖在《易?蛊》之上九云：‘不事王侯，高尚其事’。《蹇》之六二则曰：‘王臣蹇蹇，匪躬之故。’夫亦以所居之时不一，而所蹈之德不同也。若《蛊》之上九，居无用之地，而致匪躬之节；以《蹇》之六二，在王臣之位，而高不事之心，则冒进之患生，旷官之刺兴，志不可则，而尤不终无也。今阳子在位不为不久矣；闻天下之得失，不为不熟矣；天子待之，不为不加矣，而未尝一言及于政。视政之得失，若越人视秦人之肥瘠，忽焉不加喜戚于其心。问其官，则曰谏议也；问其禄，则曰：‘下大夫之秩也’；问其政，则曰：‘我不知也’。有道之土，固如是乎哉？且吾闻之：‘有官守者，不得其职则去；有言责者，不得其言则去。’今阳子以为得其言乎哉？得其言而不言，与不得其言而不去，无一可者也。阳子将为禄仕乎？古之人有云：‘仕不为贫，而有时乎为贫，谓禄仕者也。’宜乎辞尊而居卑，辞富而居贫，若抱关击柝者可也。盖孔子尝为委吏矣，尝为乘田矣，亦不敢旷其职，必曰：‘会计当而已矣’，必曰‘牛羊遂而已矣’。若阳子之秩禄，不为卑且贫，章章明矣，而如此其可乎哉？”‖或曰：“否，非若此也。夫阳子恶讪上者，恶为人臣招其君之过，而以为名者。故虽谏且议，使人不得而知焉。《书》曰：‘尔有嘉谟嘉猷，则入告尔后于内，尔乃顺之于外，曰：“斯谟斯猷，惟我后之德”。’夫阳子之用心，亦若此者。”‖愈应之曰：“若阳子之用心如此，滋所谓惑者矣。入则谏其君，出不使人知者，大臣宰相者之事，非阳子之所宜行也。夫阳子，本以布衣隐于蓬蒿之下，主上嘉其行谊，擢在此位，官以谏为名，诚宜有以奉其职，使四方后代，知朝廷有直言骨鲠之臣，天子有不亻朁赏、从谏如流之美。庶岩穴之士，闻而慕之，束带结发，愿进于阙下而伸其辞说。致吾君于尧舜，熙鸿号于无穷也。若《书》所谓，则大臣宰相之事，非阳子之所宜行也。且阳子之心，将使君人者恶闻其过乎？是启之也。”‖或曰：“阳子之不求闻而人闻之，不求用而君用之，不得已而起，守其道不变，何子过之深也？”‖愈曰：“自古圣人贤士，皆非有求于闻用也。闵其时之不平，人之不乂，得其道，不敢独善其身，而必以兼济天下也。孜孜矻矻，死而后已。故禹过家门不入，孔席不暇暖而墨突不得黔。彼二圣一贤者，岂不知自安佚之为乐哉？诚畏天命而悲人穷也。夫天授人以贤圣才能，岂使自有余而已，诚欲以补其不足者也。‖耳目之于身也，耳司闻而目司见。听其是非，视其险易，然后身得安焉。圣贤者，时人之耳目也；时人者，圣贤之身也。且阳子之不贤，则将役于贤以奉其上矣。‖若果贤，则固畏天命而闵人穷也，恶得以自暇逸乎哉？”‖或曰：“吾闻君子不欲加诸人，而恶讦以为直者。若吾子之论，直则直矣，无乃伤于德而费于辞乎？好尽言以招人过，国武子之所以见杀于齐也，吾子其亦闻乎？”‖愈曰：“君子居其位，则思死其官；未得位，则思修其辞以明其道。我将以明道也，非以为直而加人也。且国武子不能得善人，而好尽言于乱国，是以见杀。‖《传》曰：‘惟善人能受尽言。’谓其闻而能改之也。子告我曰：阳子可以为有道之士也，今虽不能及已，阳子将不得为善人乎哉？”","古文观止",""
"后日复上宰相书","唐","韩愈","二月十六日，前乡贡进士韩愈，谨再拜言相公阁下。‖向上书及所著文后，待命凡十有九日，不得命。恐惧不敢逃遁，不知所为，乃复敢自纳于不测之诛，以求毕其说，而请命于左右。‖愈闻之，蹈水火者之求免于人也，不惟其父兄子弟之慈爱，然后呼而望之也，将有介于其侧者，虽其所憎怨，苟不至乎欲其死者，则将大其声，疾呼而望其仁之也。彼介于其侧者，闻其声而见其事，不惟其父兄子弟之慈爱，然后往而全之也。虽有所憎怨，苟不至乎欲其死者，则将狂奔尽气，濡手足，焦毛发，救之而不辞也。若是者何哉？其势诚急而其情诚可悲也。‖愈之强学力行有年矣。愚不惟道之险夷，行且不息，以蹈于穷饿之水火，其既危且亟矣，大其声而疾呼矣。阁下其亦闻而见之矣。其将往而全之欤？抑将安而不救欤？有来言于阁下者曰：“有观溺于水而𦶟于火者，有可救之道而终莫之救也。”阁下且以为仁人乎哉？不然，若愈者，亦君子之所宜动心者也。‖或谓愈，子言则然矣，宰相则知子矣，如时不可何？愈窃谓之不知言者，诚其材能不足当吾贤相之举耳。若所谓时者，固在上位者之为耳，非天之所为也。‖前五六年时，宰相荐闻，尚有自布衣蒙抽擢者，与今岂异时哉？且今节度，观察使，及防御，营田诸小使等，尚得自举判官，无间于已仕未仕者，况在宰相，吾君所尊敬者，而曰不可乎？古之进人者，或取于盗，或举于管库，今布衣虽贱，犹足以方乎此。情隘辞蹙，不知所裁，亦惟少垂怜焉。‖愈再拜。","古文观止",""
"后廿九日复上宰相书","唐","韩愈","三月十六日，前乡贡进士韩愈，谨再拜言相公阁下。‖愈闻周公之为辅相，其急于见贤也，方一食，三吐其哺，方一沐，三握其发。‖当是时，天下之贤才皆已举用。奸邪谗佞欺负之徒，皆已除去。四海皆已无虞，九夷八蛮之在荒服之外者，皆已宾贡。天灾时变，昆虫草木之妖，皆已销息。天下之所谓礼、乐、刑、政教化之具，皆已修理。风俗皆已敦厚。动植之物、风雨霜露之所沾被者，皆已得宜。休征嘉瑞，麟凤龟龙之属，皆已备至。而周公以圣人之才，凭叔父之亲，其所辅理承化之功，又尽章章如是。其所求进见之士，岂复有贤于周公者哉？不惟不贤于周公而已，岂复有贤于时百执事者哉？岂复有所计议，能补于周公之化者哉？然而周公求之如此其急，惟恐耳目有所不闻见，思虑有所未及，以负成王托周公之意，不得于天下之心。如周公之心，设使其时辅理承化之功，未尽章章如是，而非圣人之才，而无叔父之亲，则将不暇食与沐矣，岂特吐哺握发为勤而止哉？惟其如是，故于今颂成王之德，而称周公之功不衰。‖今阁下为辅相亦近耳。天下之贤才，岂尽举用？奸邪谗佞欺负之徒，岂尽除去？四海岂尽无虞？九夷八蛮之在荒服之外者，岂尽宾贡？天灾时变、昆虫草木之妖，岂尽销息？天下之所谓礼、乐、刑、政教化之具岂尽修理？风俗岂尽敦厚？‖动植之物，风雨霜露之所沾被者，岂尽得宜？休征嘉瑞，麟凤龟龙之属，岂尽备至？其所求进见之士，虽不足以希望盛德，至比于百执事，岂尽出其下哉？其所称说，岂尽无所补哉？今虽不能如周公吐哺握发，亦宜引而进之，察其所以而去就之，不宜默默而已也。‖愈之待命，四十余日矣。书再上，而志不得通。足三及门，而阍人辞焉。惟其昏愚，不知逃遁，故复有周公之说焉。阁下其亦察之。‖古之士，三月不仕则相吊，故出疆必载质。然所以重于自进者，以其于周不可，则去之鲁；于鲁不可，则去之齐；于齐不可，则去之宋，之郑，之秦，之楚也。今天下一君，四海一国，舍乎此则夷狄矣，去父母之邦矣。故士之行道者，不得于朝，则山林而已矣。山林者，士之所独善自养，而不忧天下者之所能安也。‖如有忧天下之心，则不能矣。故愈每自进而不知愧焉，书亟上，足数及门而不知止焉。宁独如此而已，惴惴焉惟不得出大贤之门下是惧。亦惟少垂察焉！渎冒威尊，惶恐无已。愈再拜。","古文观止",""
"与于襄阳书","唐","韩愈","七月三日，将仕郎、守国子四门博士韩愈，谨奉书尚书阁下。‖士之能享大名，显当世者，莫不有先达之士，负天下之望者，为之前焉。士之能垂休光，照后世者，亦莫不有后进之士，负天下之望者，为之后焉。莫为之前，虽美而不彰；莫为之后，虽盛而不传。是二人者，未始不相须也，然而千百载乃一相遇焉。岂上之人无可援、下之人无可推欤？何其相须之殷而相遇之疏也？‖其故在：下之人负其能，不肯谄其上；上之人负其位，不肯顾其下。故高材多戚戚之穷，盛位无赫赫之光。是二人者之所为皆过也。未尝干之，不可谓上无其人；未尝求之，不可谓下无其人。愈之诵此言久矣，未尝敢以闻于人。‖侧闻阁下抱不世之才，特立而独行；道方而事实，卷舒不随乎时，文武唯其所用，岂愈所谓其人哉？抑未闻后进之士，有遇知于左右，获礼于门下者。岂求之而未得邪？将志存乎立功，而事专乎报主，虽遇其人，未暇礼邪？何其宜闻而久不闻也？‖愈虽不才，其自处不敢后于恒人。阁下将求之而未得欤？古人有言：“请自隗始。”愈今者惟朝夕刍米仆赁之资是急，不过费阁下一朝之享而足也。如曰“吾志存乎立功，而事专乎报主，虽遇其人，未暇礼焉”，则非愈之所敢知也。‖世之龊龊者，既不足以语之；磊落奇伟之人，又不能听焉，则信乎命之穷也！谨献旧所为文一十八首，如赐览观，亦足知其志之所存。‖愈恐惧再拜。","古文观止",""
"与陈给事书","唐","韩愈","愈再拜：愈之获见于阁下有年矣。始者亦尝辱一言之誉。贫贱也，衣食于奔走，不得朝夕继见。其后阁下位益尊，伺候于门墙者日益进。夫位益尊，则贱者日隔；伺候于门墙者日益进，则爱博而情不专。愈也道不加修，而文日益有名。‖夫道不加修，则贤者不与；文日益有名，则同进者忌。始之以日隔之疏，加之以不专之望，以不与者之心，而听忌者之说。由是阁下之庭，无愈之迹矣。‖去年春，亦尝一进谒于左右矣。温乎其容，若加其新也；属乎其言，若闵其穷也。退而喜也，以告于人。其后如东京取妻子，又不得朝夕继见，及其还也，亦尝一进谒于左右矣。邈乎其容，若不察其愚也；悄乎其言，若不接其情也。退而惧也，不敢复进。‖今则释然悟，翻然悔曰：其邈也，乃所以怒其来之不继也；其悄也，乃所以示其意也。不敏之诛，无所逃避。不敢遂进，辄自疏其所以，并献近所为《复志赋》以下十首，为一卷，卷有标轴。《送孟郊序》一首，生纸写，不加装饰，皆有揩字注字处。急于自解而谢，不能俟更写。阁下取其意，而略其礼可也。愈恐惧再拜。","古文观止",""
"应科目时与人书","唐","韩愈","月、日，愈再拜：天池之滨，大江之𣸣，曰有怪物焉，盖非常鳞凡介之品汇匹俦也。其得水，变化风雨，上下于天不难也。其不及水，盖寻常尺寸之间耳。‖无高山、大陵、旷途、绝险为之关隔世，然其穷涸，不能自致乎水，为㺍獭之笑者，盖十八九矣。如有力者，哀其穷而运转之，盖一举手一投足之劳也。然是物也，负其异于众也，且曰：“烂死于沙泥，吾宁乐之。若俯首帖耳，摇尾而乞怜者，非我之志也。”是以有力者遇之，熟视之若无睹也。其死其生，固不可知也。‖今又有有力者当其前矣。聊试仰首一鸣号焉，庸讵知有力者不哀其穷，而忘一举手一投足之劳，而转之清波乎？其哀之，命也。其不哀之，命也。知其在命，而且鸣号之者，亦命也。愈今者，实有类于是。是以忘其疏愚之罪，而有是说焉。‖阁下其亦怜察之。","古文观止",""
"送孟东野序","唐","韩愈","大凡物不得其平则鸣。草木之无声，风挠之鸣。水之无声，风荡之鸣。其跃也，或激之；其趋也，或梗之；其沸也，或炙之。金石之无声，或击之鸣。人之于言也亦然，有不得已者而后言，其歌也有思，其哭也有怀。凡出乎口而为声者，其皆有弗平者乎！‖乐也者，郁于中而泄于外者也，择其善鸣者而假之鸣。金、石、丝、竹、匏、土、革、木八者，物之善鸣者也。惟天之于时也亦然，择其善鸣者而假之鸣。是故以鸟鸣春，以雷鸣夏，以虫鸣秋，以风鸣冬。四时之相推敚，其必有不得其平者乎！其于人也亦然，人声之精者为言。文辞之于言，又其精也，尤择其善鸣者而假之鸣。‖其在唐虞、咎陶、禹，其善鸣者也，而假以鸣。夔弗能以文辞鸣，又自假于《韶》以鸣。夏之时，五子以其歌鸣。伊尹鸣殷。周公鸣周。凡载于《诗》、《书》六艺，皆鸣之善者也。周之衰，孔子之徒鸣之，其声大而远。传曰：“天将以夫子为木铎”，其弗信矣乎？其末也，庄周以其荒唐之辞鸣。楚，大国也，其亡也，以屈原鸣。臧孙辰、孟轲、荀卿，以道鸣者也。杨朱、墨翟、管夷吾、晏婴、老聃、申不害、韩非、慎到、田骈、邹衍、尸佼、孙武、张仪、苏秦之属，皆以其术鸣。秦之兴，李斯鸣之。汉之时，司马迁、相如、扬雄，最其善鸣者也。‖其下魏、晋氏，鸣者不及于古，然亦未尝绝也。就其善者，其声清以浮，其节数以急，其词淫以哀，其志弛以肆。其为言也，乱杂而无章。将天丑其德莫之顾耶？‖何为乎不鸣其善鸣者也？‖唐之有天下，陈子昂、苏源明、元结、李白、杜甫、李观，皆以其所能鸣。‖其存而在下者，孟郊东野始以其诗鸣。其高出魏、晋，不懈而及于古，其他浸淫乎汉氏矣。从吾游者，李翱、张籍其尤也。三子者之鸣信善矣。抑不知天将和其声而使鸣国家之盛邪？抑将穷饿其身，思愁其心肠，而使自鸣其不幸邪？三子者之命，则悬乎天矣。其在上也，奚以喜？其在下也，奚以悲？东野之役于江南也，有若不释然者，故吾道其命于天者以解之。","古文观止",""
"送李愿归盘谷序","唐","韩愈","太行之阳有盘谷。盘谷之间，泉甘而土肥，草木丛茂，居民鲜少。或曰：“谓其环两山之间，故曰盘。”或曰：“是谷也，宅幽而势阻，隐者之所盘旋。”‖友人李愿居之。‖愿之言曰：“人之称大丈夫者，我知之矣。利泽施于人，名声昭于时。坐于庙朝，进退百官，而佐天子出令。其在外，则树旗旄，罗弓矢，武夫前呵，从者塞途，供给之人，各执其物，夹道而疾驰。喜有赏、怒有刑，才畯满前，道古今而誉盛德，入耳而不烦。曲眉丰颊，清声而便体，秀外而惠中、飘轻裾，翳长袖，粉白黛绿者，列屋而闲居，妒宠而负恃，争妍而取怜。大丈夫之遇知于天子，用力于当世者之所为也。吾非恶此而逃之，是有命焉，不可幸而致也。‖“穷居而野处，升高而望远。坐茂树以终日，濯清泉以自洁。采于山，美可茹；钓于水，鲜可食。起居无时，惟适之安。与其有誉于前，孰若无毁于其后；与其有乐于身，孰若无忧于其心。车服不维，刀锯不加；理乱不知，黜陟不闻。‖大丈夫不遇于时者之所为也，我则行之。‖“伺候于公卿之门，奔走于形势之途，足将进而趑趄，口将言而嗫嚅。处污秽而不羞，触刑辟而诛戮。侥幸于万一，老死而后止者，其于为人贤不肖何如也？”‖昌黎韩愈，闻其言而壮之。与之酒，而为之歌曰：“盘之中，维子之宫；盘之土，可以稼；盘之泉，可濯可沿；盘之阻，谁争子所？窈而深，廓其有容；缭而曲，如往而复。嗟盘之乐兮，乐且无央。虎豹远迹兮，蛟龙遁藏；鬼神守护兮，呵禁不祥。饮且食兮寿而康，无不足兮奚所望？膏吾车兮秣吾马，从子于盘兮，终吾生以徜徉。","古文观止",""
"送董邵南序","唐","韩愈","燕赵古称多感慨悲歌之士。童生举进士，连不得志于有司，怀抱利器，郁郁适兹土，吾知其必有合也。董生勉乎哉！‖夫以子之不遇时，苟慕义强仁者皆爱惜焉。矧燕、赵之士，出乎其性者哉！‖然吾尝闻风俗与化移易，吾恶知其今不异于古所云邪？聊以吾子之行卜之也。董生勉乎哉！‖吾因子有所感矣。为我吊望诸君之墓，而观于其市，复有昔时屠狗者乎？为我谢曰：“明天子在上，可以出而仕矣！”","古文观止",""
"送杨少尹序","唐","韩愈","昔疏广、受二子，以年老，一朝辞位而去。于时公卿设供张，祖道都门外，车数百两。道路观者，多叹息泣下，共言其贤。汉史既传其事，而后世工画者，又图其迹。至今照人耳目，赫赫若前日事。‖国子司业杨君巨源，方以能《诗》训后进，一旦以年满七十，亦白丞相去归其乡。世常说古今人不相及，今杨与二疏，其意岂异也？‖予忝在公卿后，遇病不能出。不知杨侯去时，城门外送者几人？车几两？马几匹？道边观者，亦有叹息知其为贤与否！而太史氏又能张大其事，为传继二疏踪迹否，不落莫否？见今世无工画者，而画与不画，固不论也。然吾闻杨候之去，丞相有爱而惜之者，白以为其都少尹，不绝其禄。又为歌诗以劝之，京师之长于诗者，亦属而和之。又不知当时二疏之去，有是事否？古今人同不同，未可知也。‖中世士大夫，以官为家，罢则无所于归。杨侯始冠，举于其乡，歌《鹿鸣》而来也。今之归，指其树曰：“某树吾先人之所种也，某水某丘，吾童子时所钓游也。”乡人莫不加敬，诫子孙以杨候不去其乡为法。古之所谓乡先生，没而可祭于社者，其在斯人欤？其在斯人欤？","古文观止",""
"送石处士序","唐","韩愈","河阳军节度、御史大夫乌公，为节度之三月，求士于从事之贤者。有荐石先生者，公曰：“先生何如？”曰：“先生居嵩、邙、瀍、谷之间，冬一裘，夏一葛；食朝夕，饭一盂、蔬一盘。人与之钱，则辞；请与出游，未尝以事免；劝之仕，不应。坐一室，左右图书。与之语道理，辨古今事当否，论人高下，事后当成败，若河决下流而东注；若驷马驾轻车就熟路，而王良、造父为之先后也；若烛照，数计而龟卜也。”大夫曰：“先生有以自老，无求于人，其肯为某来邪？”‖从事曰：“大夫文武忠孝，求士为国，不私干家。方今寇集于恒，师环其疆，农不耕收，财粟殚亡。吾所处地，归输之涂，治法征谋，宜有所出。先生仁且勇，若以义请而强委重焉，其何说之辞？”于是撰书词，具马币，卜日以授使者，求先生之庐而请焉。‖先生不告于妻子，不谋于朋友，冠带出见客，拜受书礼于门内。宵则沐浴，戒行李，载书册，问道所由，告行于常所来往。晨则毕至张上东门外，酒三行，且起，有执爵而言者曰：“大夫真能以义取人，先生真能以道自任，决去就。为先生别。”又酌而祝曰：“凡去就出处何常？惟义之归。遂以为先生寿。”又酌而祝曰：“使大夫恒无变其初，无务富其家而饥其师，无甘受佞人而外敬正士，无昧于谄言，惟先生是听。以能有成功，保天子之宠命。”又祝曰：“使先生无图利于大夫，而私便其身图。”先生起拜祝辞曰：“敢不敬早夜以求从祝规？”‖于是东都之人士，咸知大夫与先生果能相与以有成也。遂各为歌诗六韵，遣愈为之序云。","古文观止",""
"送温处士赴河阳军序","唐","韩愈","伯乐一过冀北之野，而马群遂空。夫冀北马多天下，伯乐虽善知马，安能空其群邪？解之者曰：吾所谓空，非无马也，无良马也。伯乐知马，遇其良，辄取之，群无留良焉。苟无良，虽谓无马，不为虚语矣。‖东都，固士大夫之冀北也。恃才能深藏而不市者，洛之北涯曰石生，其南涯曰温生。大夫乌公，以𫓧钺镇河阳之三月，以石生为才，以礼为罗，罗而致之幕下。未数月也，以温生为才，于是以石生为媒，以礼为罗，又罗而致之幕下。东都虽信多才士，朝取一人焉，拔其尤；暮取一人焉，拔其尤。自居守河南尹，以及百司之执事，与吾辈二县之大夫，政有所不通，事有所可疑，奚所咨而处焉？‖士大夫之去位而巷处者，谁与嬉游？小子后生，于何考德而问业焉？缙绅之东西行过是都者，无所礼于其庐。若是而称曰：大夫乌公，一镇河阳，而东都处士之庐无人焉，岂不可也？‖夫南面而听天下，其所托重而恃力者，惟相与将耳。相为天子得人于朝廷，将为天子得文武士于幕下，求内外无治，不可得也。愈縻于兹，不能自引去，资二生以待老。今皆为有力者夺之，其何能无介然于怀邪？生既至，拜公于军门，其为吾以前所称，为天下贺；以后所称，为吾致私怨于尽取也。留守相公，首为四韵诗歌其事，愈因推其意而序之。","古文观止",""
"祭十二郎文","唐","韩愈","年、月、日，季父愈闻汝丧之七日，乃能衔哀致诚，使建中远具时羞之奠，告汝十二郎之灵：呜呼！吾少孤，及长，不省所怙，惟兄嫂是依。中年，兄殁南方，吾与汝俱幼，从嫂归葬河阳。既又与汝就食江南，零丁孤苦，未尝一日相离也。吾上有三兄，皆不幸早世。承先人后者，在孙惟汝，在子惟吾。两世一身，形单影只。嫂尝抚汝指吾而言曰：“韩氏两世，惟此而已！”汝时尤小，当不复记忆；吾时虽能记忆，亦未知其言之悲也！‖吾年十九，始来京城。其后四年，而归视汝。又四年，吾往河阳省坟墓，遇汝从嫂丧来葬。又二年，吾佐董丞相于汴州，汝来省吾，止一岁，请归取其孥。‖明年，丞相薨，吾去汴州，汝不果来。是年，吾佐戎徐州，使取汝者始行，吾又罢去，汝又不果来。吾念，汝从于东，东亦客也，不可以久；图久远者，莫如西归，将成家而致汝。呜呼！孰谓汝遽去吾而殁乎？‖吾与汝俱少年，以为虽暂相别，终当久与相处。故舍汝而旅食京师，以求斗斛之禄。诚知其如此，虽万乘之公相，吾不以一日辍汝而就也！‖去年，孟东野往，吾书与汝曰：“吾年未四十，而视茫茫，而发苍苍，而齿牙动摇。念诸父与诸兄，皆康强而早世，如吾之衰者，其能久存乎？吾不可去，汝不肯来，恐旦暮死，而汝抱无涯之戚也。”孰谓少者殁而长者存，强者夭而病者全乎？‖呜呼！其信然邪？其梦邪？其传之非其真邪？信也，吾兄之盛德而夭其嗣乎？‖汝之纯明而不克蒙其泽乎？少者强者而夭殁，长者衰者而存全乎？未可以为信也！‖梦也，传之非其真也，东野之书，耿兰之报，何为而在吾侧也？呜呼！其信然矣！‖吾兄之盛德而夭其嗣矣！汝之纯明宜业其家者，不克蒙其泽矣！所谓天者诚难测，而神者诚难明矣！所谓理者不可推，而寿者不可知矣！‖虽然，吾自今年来，苍苍者或化而为白矣，动摇者，或脱而落矣，毛血日益衰，志气日益微，几何不从汝而死也！死而有知，其几何离？其无知，悲不几时，而不悲者无穷期矣。‖汝之子始十岁，吾之子始五岁，少而强者不可保，如此孩提者，又可冀其成立邪？呜呼哀哉！呜呼哀哉！‖汝去年书云：“比得软脚病，往往而剧。”吾曰：“是疾也，江南之人，常常有之。”未始以为忧也。呜呼！其竟以此而殒其生乎？抑别有疾而致斯乎？‖汝之书，六月十七日也；东野云，汝殁以六月二日；耿兰之报无月日。盖东野之使者不知问家人以月日？如耿兰之报，不知当言月日？东野与吾书，乃问使者，使者妄称以应之耳？其然乎？其不然乎？‖今吾使建中祭汝，吊汝之孤与汝之乳母。彼有食可守，以待终丧，则待终丧而取以来；如不能守以终丧，则遂取以来。其余奴婢，并令守汝丧。吾力能改葬，终葬汝于先人之兆，然后惟其所愿。‖呜呼！汝病吾不知时，汝殁吾不知日，生不能相养以共居，殁不得抚汝以尽哀，敛不凭其棺，窆不临其穴。吾行负神明，而使汝夭。不孝不慈，而不得与汝相养以生，相守以死。一在天之涯，一在地之角，生而影不与吾形相依，死而魂不与吾梦相接，吾实为之，其又何尤！“彼苍者天”，“曷其有极”！‖自今已往，吾其无意于人世矣！当求数顷之田于伊、颍之上，以待余年。教吾子与汝子，幸其成；长吾女与汝女，待其嫁，如此而已。‖呜呼！言有穷而情不可终，汝其知也邪！其不知也邪？呜呼哀哉！‖尚飨！","古文观止",""
"祭鳄鱼文","唐","韩愈","维年月日，潮州刺史韩愈，使军事衙推秦济，以羊一、猪一，投恶溪之潭水，以与鳄鱼食，而告之曰：昔先王既有天下，列山泽，罔绳擉刃，以除虫蛇恶物为民害者，驱而出之四海之外。及后王德薄，不能远有，则江、汉之间，尚皆弃之，以与蛮夷、楚越。况潮，岭海之间，去京师万里哉？鳄鱼之涵淹卵育于此，亦固其所。今天子嗣唐位，神圣慈武，四海之外，六合之内，皆抚而有之，况禹迹所揜，扬州之近地，刺史、县令之所治，出贡赋以供天地宗庙百神之祀之壤者哉！鳄鱼其不可与刺史杂处此土也！‖刺史受天子命，守此土，治此民，而鳄鱼睅然不安溪潭，据处食民、畜、熊、豕、鹿、獐，以肥其身，以种其子孙，与刺史亢拒，争为长雄。刺史虽驽弱，亦安肯为鳄鱼低首下心，伈伈𪾢𪾢，为民吏羞，以偷活于此邪？且承天子命以来为吏，固其势不得不与鳄鱼辨。‖鳄鱼有知，其听刺史言：潮之州，大海在其南。鲸、鹏之大，虾、蟹之细，无不容归，以生以食。鳄鱼朝发而夕至也。今与鳄鱼约，尽三日，其率丑类南徙于海，以避天子之命吏。三日不能，至五日；五日不能，至七日；七日不能，是终不肯徙也，是不有刺史听从其言也。不然，则是鳄鱼冥顽不灵，刺史虽有言，不闻不知也。夫傲天子之命吏，不听其言，不徙以避之，与冥顽不灵而为民物害者，皆可杀。刺史则选材技吏民，操强弓毒矢，以与鳄鱼从事，必尽杀乃止。其无悔！","古文观止",""
"柳子厚墓志铭","唐","韩愈","子厚讳宗元。七世祖庆，为拓跋魏侍中，封济阴公。曾伯祖奭，为唐宰相，与褚遂良、韩瑗，俱得罪武后，死高宗朝。皇考讳镇，以事母弃太常博士，求为县令江南。其后以不能媚权贵，失御史。权贵人死，乃复拜侍御史。号为刚直，所与游，皆当世名人。‖子厚少精敏，无不通达，逮其父时，虽少年，已自成人。能取进士第，崭然见头角，众谓柳氏有子矣。其后以博学宏词，授集贤殿正字。俊杰廉悍，议论证据今古，出入经史百子，踔厉风发，率常屈其座人，名声大振，一时皆慕与之交。‖诸公要人，争欲令出我门下，交口荐誉之。‖贞元十九年，由蓝田尉拜监察御史。顺宗即位，拜礼部员外郎。遇用事者得罪，例出为刺史。未至，又例贬州司马。居闲，益自刻苦，务记览，为词章，泛滥停蓄，为深博无涯涘，而自肆于山水间。‖元和中，尝例召至京师，又偕出为刺史，而子厚得柳州。既至，叹曰：“是岂不足为政邪？”因其土俗，为设教禁，州人顺赖。其俗以男女质钱，约不时赎，子本相侔，则没为奴婢。子厚与设方计，悉令赎归。其尤贫力不能者，令书其佣，足相当，则使归其质。观察使下其法于他州，比一岁，免而归者且千人。衡湘以南，为进士者，皆以子厚为师。其经承子厚口讲指画为文词者，悉有法度可观。‖其召至京师而复为刺史也，中山刘梦得禹锡，亦在遣中，当诣播州。子厚泣曰：“播州，非人所居，而梦得亲在堂，吾不忍梦得之穷，无辞以白其大人，且万无母子俱往理。”请于朝，将拜疏，愿以柳易播，虽重得罪，死不恨。遇有以梦得事白上者，梦得于是改刺连州。呜呼！士穷乃见节义。今夫平居里巷相慕悦，酒食游戏相征逐，诩诩强笑语以相取下，握手出肺肝相示，指天日涕泣，誓生死不相背负，真若可信。一旦临小利害，仅如毛发比，反眼若不相识，落陷阱，不一引手救，反挤之又下石焉者，皆是也。此宜禽兽夷狄所不忍为，而其人自视以为得计，闻子厚之风，亦可以少愧矣。‖子厚前时少年，勇于为人，不自贵重顾藉，谓功业可立就，故坐废退。既退，又无相知有气力得位者推挽，故卒死于穷裔。材不为世用，道不行于时也。使子厚在台省时，自持其身，已能如司马刺史时，亦自不斥。斥时有人力能举之，且必复用不穷。然子厚斥不久，穷不极，虽有出于人，其文学辞章，必不能自力以致必传于后如今，无疑也。虽使子厚得所愿，为将相于一时，以彼易此，孰得孰失，必有能辨之者。‖子厚以元和十四年十一月八日卒，年四十七。以十五年七月十日，归葬万年先人墓侧。子厚有子男二人。长曰周六，始四岁。季曰周七，予厚卒，乃生。女子二人，皆幼。其得归葬也，费皆出观察使河东裴君行立。行立有节概，重然诺，与子厚结交，子厚亦为之尽，竟赖其力。葬子厚于万年之墓者，舅弟卢遵。遵，涿人，性谨慎，学问不厌，自子厚之斥，遵从而家焉，逮其死不去。既往葬子厚，又将经纪其家，庶几有始终者。‖铭曰：是惟子厚之室，既固既安，以利其嗣人。","古文观止",""
"驳复仇议","唐","柳宗元","臣伏见天后时，有同州下邽人徐元庆者，父爽为县尉赵师韫所杀，卒能手刃父仇，束身归罪。当时谏臣陈子昂建议诛之而旌其闾，且请“编之于令，永为国典。”臣窃独过之。‖臣闻礼之大本，以防乱也。若曰无为贼虐，凡为子者杀无赦。刑之大本，亦以防乱也，若曰无为贼虐，凡为治者杀无赦。其本则合，其用则异。旌与诛莫得而并焉。诛其可旌，兹谓滥，黩刑甚矣。旌其可诛，兹谓僣，坏礼甚矣。果以是示于天下，传于后代，趋义者不知所向，违害者不知所立，以是为典可乎？盖圣人之制，穷理以定赏罚，本情以正褒贬，统于一而已矣。‖向使刺谳其诚伪，考正其曲直，原始而求其端，则刑礼之用，判然离矣。何者？若元庆之父，不陷于公罪，师韫之诛，独以其私怨，奋其吏气，虐于非辜；州牧不知罪，刑官不知问，上下蒙冒，吁号不闻。而元庆能以戴天为大耻，枕戈为得礼，处心积虑，以冲仇人之胸，介然自克，即死无憾。是守礼而行义也。执事者宜有惭色，将谢之不暇，而又何诛焉？‖其或元庆之父，不免于罪，师韫之诛，不愆于法。是非死于吏也，是死于法也。法其可仇乎？仇天子之法，而戕奉法之吏，是悖骜而凌上也。执而诛之，所以正邦典，而又何旌焉？‖且其议曰：“人必有子，子必有亲，亲亲相仇，其乱谁救？”是惑于礼也甚矣。礼之所谓仇者，盖其冤抑沉痛而号无告也；非谓抵罪触法，陷于大戮。而曰彼杀之，我乃杀之。不议曲直，暴寡胁弱而已。其非经背圣，不亦甚哉！‖《周礼》：“调人，掌司万人之仇。”“凡杀人而义者，令勿仇，仇之则死。”‖“有反杀者，邦国交仇之。”又安得亲亲相仇也？《春秋公羊传》曰：“父不受诛，子复仇可也。父受诛，子复仇，此推刃之道，复仇不除害。”今若取此以断两下相杀，则合于礼矣。且夫不忘仇，孝也。不爱死，义也。元庆能不越于礼，服孝死义，是必达理而闻道者也。夫达理闻道之人，岂其以王法为敌仇者哉？议者反以为戮，黩刑坏礼，其不可以为典，明矣。‖请下臣议附于令。有断斯狱者，不宜以前议从事。谨议。","古文观止",""
"桐叶封弟辩","唐","柳宗元","古之传者有言：成王以桐叶与小弱弟，戏曰：“以封汝。”周公入贺。王曰：“戏也。”周公曰：“天子不可戏。”乃封小弱弟于唐。‖吾意不然。王之弟当封邪，周公宜以时言于王，不待其戏而贺以成之也。不当封邪，周公乃成其不中之戏，以地以人与小弱弟者为之王，其得为圣乎？且周公以王之言不可苟焉而已，必从而成之邪？设有不幸，王以桐叶戏妇寺，亦将举而从之乎？凡王者之德，在行之何若。设未得其当，虽十易之不为病；要于其当，不可使易也，而况以其戏乎！若戏而必行之，是周公教王遂过也。‖吾意周公辅成王，宜以道，从容优乐，要归之大中而已，必不逢其失而为之辞。又不当束缚之，驰骤之，使若牛马然，急则败矣。且家人父子尚不能以此自克，况号为君臣者邪！是直小丈夫者之事，非周公所宜用，故不可信。‖或曰：封唐叔，史佚成之。","古文观止",""
"箕子碑","唐","柳宗元","凡大人之道有三：一曰正蒙难，二曰法授圣，三曰化及民。殷有仁人曰箕子，实具兹道以立于世。故孔子述六经之旨，尤殷勤焉。‖当纣之时，大道悖乱，天威之动不能戒，圣人之言无所用。进死以并命，诚仁矣，无益吾祀，故不为。委身以存祀，诚仁矣。与亡吾国，故不忍。具是二道，有行之者矣。是用保其明哲，与之俯仰，晦是谟范，辱于囚奴，昏而无邪，𬯎而不息。故在《易》曰“箕子之明夷”。正蒙难也。及天命既改，生人以正。乃出大法，用为圣师，周人得以序彝伦，而立大典。故在《书》曰“以箕子归作《洪范》。”法授圣也。及封朝鲜，推道训俗，惟德无陋，惟人无远，用广殷祀，俾夷为华，化及民也。率是大道，丛于厥躬，天地变化，我得其正，其大人欤？‖呜呼！当其周时未至，殷祀未殄，比干已死，微子已去，向使纣恶未稔而自毙，武庚念乱以图存，国无其人，谁与兴理？是固人事之或然者也。然则先生隐忍而为此，其有志于斯乎？‖唐某年，作庙汲郡，岁时祭祀。嘉先生独列于《易?象》，作是颂云。","古文观止",""
"捕蛇者说","唐","柳宗元","永州之野产异蛇，黑质而白章。触草木，尽死，以啮人，无御之者。然得而腊之以为饵，可以已大风、挛宛、瘘疠，去死肌，杀三虫。其始太医以王命聚之，岁赋其二。募有能捕之者，当其租入。永之人争奔走焉。‖有蒋氏者，专其利三世矣。问之，则曰：“吾祖死于是，吾父死于是，今吾嗣为之十二年，几死者数矣。”言之，貌若甚戚者。余悲之，且曰：“若毒之乎？‖余将告于莅事者，更若役，复若赋，则如何？”蒋氏大戚，汪然出涕曰：“君将哀而生之乎？则吾斯役之不幸，未若复吾赋不幸之甚也！向吾不为斯役，则久已病矣。自吾氏三世居是乡，积于今六十岁矣。而乡邻之生日蹙，殚其地之出，竭其庐之入，号呼而转徙，饥渴而顿踣。触风雨，犯寒暑，呼嘘毒疠，往往而死者相藉也。曩与吾祖居者，今其室十无一焉；与吾父居者，今其室十无二三焉；与吾居十二年者，今其室十无四五焉。非死则徙尔，而吾以捕蛇独存。悍吏之来吾乡，叫嚣乎东西，隳突乎南北，哗然而骇者，虽鸡狗不得宁焉。吾恂恂而起，视其缶，而吾蛇尚存，则弛然而卧。谨食之，时而献焉。退而甘食其土之有，以尽吾齿。盖一岁之犯死者二焉。其余则熙熙而乐，岂若吾乡邻之旦旦有是哉？今虽死乎此，比吾乡邻之死，则已后矣。又安敢毒邪？”‖余闻而愈悲。孔子曰：“苛政猛于虎也！”吾尝疑乎是，今以蒋氏观之，犹信。呜呼！孰知赋敛之毒，有甚于是蛇者乎！敌为之说，以俟夫观人风者得焉。","古文观止",""
"种树郭橐驼传","唐","柳宗元","郭橐驼，不知始何名。病偻，隆然伏行，有类橐驼者，故乡人号之“驼”。‖驼闻之曰：“甚善，名我固当。”因舍其名，亦自谓“橐驼”云。‖其乡曰丰乐乡，在长安西。驼业种树，凡长安豪家富人为观游及卖果者，皆争迎取养。视驼所种树，或迁徙，无不活，且硕茂，蚤实以蕃。他植者，虽窥伺效慕，莫能如也。有问之，对曰：“橐驼非能使木寿且孳也，能顺木之天，以致其性焉尔。凡植木之性，其本欲舒，其培欲平，其土欲故，其筑欲密。既然已，勿动勿虑，去不复顾，其莳也若子，其置也若弃。则其天者全，而其性得矣。故吾不害其长而已，非有能硕茂之也；不抑耗其实而已，非有能蚤而蕃之也。他植者则不然，根拳而土易。其培之也，若不过焉则不及。苟有能反是者，则又爱之太殷，忧之太勤。旦视而暮抚，已去而复顾。甚者爪其肤以验其生枯，摇其本以观其疏密，而木之性日以离矣。虽曰爱之，其实害之；虽曰忧之，其实仇之。故不我若也，吾又何能为哉！”‖问者曰：“以子之道，移之官理可乎？”驼曰：“我知种树而已，官理非吾业也。然吾居乡，见长人者，好烦其令，若甚怜焉，而卒以祸。旦暮吏来而呼曰：‘官命促尔耕，勖尔植，督尔获，蚤缫而绪，蚤织而缕，字而幼孩，遂而鸡豚’。‖鸣鼓而聚之，击木而召之。吾小人辍飧饔以劳吏者，且不得暇，又何以蕃吾生安吾性邪？故病且怠若是。则与吾业者，其亦有类乎？”‖问者嘻曰：“不亦善夫！吾问养树，得养人术。”传其事以为官戒也！","古文观止",""
"梓人传","唐","柳宗元","裴封叔之第，在光德里。有梓人款其门，愿佣隙宇而处焉。所职寻引规矩绳墨，家不居砻斫之器。问其能，曰：“吾善度材。视栋宇之制、高深圆方短长之宜，吾指使而群工役焉。舍我，众莫能就一宇。故食于官府，吾受禄三倍；作于私家，吾收其直大半焉”他日，入其室，其床阙足而不能理，曰：“将求他工。”‖余甚笑之，谓其无能而贪禄嗜货者。‖其后，京兆尹将饰官署，余往过焉。委群材，会众工。或执斧斤，或执刀锯，皆环立向之。梓人左持引，右执杖，而中处焉。量栋宇之任，视木之能举，挥其杖曰“斧！”彼执斧者奔而右。顾而指曰：“锯！”彼执锯者趋而左。俄而，斤者斫，刀者削，皆视其色，俟其言，莫敢自断者。其不胜任者，怒而退之，亦莫敢愠焉。画宫于堵，盈尺而曲尽其制，计其毫厘而构大厦，无进退焉。既成，书于上栋曰“某年某月某日某建”，则其姓字也，凡执用之工不在列。余圜视大骇，然后知其术之工大矣。‖继而叹曰：彼将舍其手艺，专其心智，而能知体要者欤！吾闻劳心者役人，劳力者役于人。彼其劳心者欤！能者用而智者谋，彼其智者欤！是足为佐天子相天下法矣！物莫近乎此也。‖彼为天下者，本于人。其执役者，为徒隶，为乡师里胥。其上为下士，又其上为中士，为上士。又其上为大夫、为卿、为公。离而为六职，判而为百役。外薄四海，有方伯连率。郡有守，邑有宰，皆有佐政。其下有胥吏，又其下皆有啬夫版尹，以就役焉。犹众工之各有执技以食力也。彼佐天子相天下者，举而加焉，指而使焉。条其纲纪而盈缩焉，齐其法制而整顿焉，犹梓人之有规矩绳墨以定制也。择天下之士，使称其职，居天下之人，使安其业。视都知野，视野知国，视国知天下，其远迩细大，可手据其图而究焉。犹梓人画宫于堵而绩于成也。能者进而由之，使无所德；不能者退而休之，亦莫敢愠。不衒能，不矜名，不亲小劳，不侵众官，日与天下之英下才，讨论其大经。犹梓人之善运众工而不伐艺也。夫然后相道得而万国理矣。‖相道既得，万国既理，天下举首而望曰：“吾相之功也。”后之人循迹而慕曰：“彼相之才也。”士或谈殷周之理者，曰：伊、傅、周、召，其百执事之勤劳，而不得纪焉。犹梓人自名其功而执用者不列也。大哉相乎！通是道者，所谓相而已矣。‖其不知体要者反此。以恪勤为公，以簿书为尊，衒能矜名，亲小劳，侵众官，窃取六职百役之事，听听于府庭，而遗其大者远者焉。所谓不通是道者也。犹梓人而不知绳墨之曲直、规矩之方圆、寻引之短长，姑夺众工之斧斤刀锯以佐其艺，又不能备其工，以至败绩。用而无所成也，不亦谬欤？‖或曰：“彼主为室者，傥或发其私智，牵制梓人之虑，夺其世守而道谋是用，虽不能成功，岂其罪邪？亦在任之而已。”余曰不然。夫绳墨诚陈，规矩诚设，高者不可抑而下也，狭者不可张而广也。由我则固，不由我则圮。彼将乐去固而就圮也，则卷其术，默其智，悠尔而去，不屈吾道，是诚良梓人耳。其或嗜其货利，忍而不能舍也；丧其制量，屈而不能守也，栋桡屋坏，则曰：“非我罪也。”‖可乎哉！可乎哉！‖余谓梓人之道类于相，故书而藏之。梓人，盖古之审曲面势者，今谓之“都料匠”云。余所遇者，杨氏。潜，其名。","古文观止",""
"愚溪诗序","唐","柳宗元","灌水之阳有溪焉，东流入于潇水。或曰：冉氏尝居也，故姓是溪为冉溪。或曰：可以染也，名之以其能，故谓之染溪。余以愚触罪，谪潇水上。爱是溪，入二、三里，得其尤绝者家焉。古有愚公谷，今余家是溪，而名莫能定，土之居者，犹龂龂然，不可以不更也，故更之为愚溪。‖愚溪之上，买小丘，为愚丘。自愚丘东北行六十步，得泉焉，又买居之，为愚泉。愚泉凡六穴，皆出山下平地，盖上出也。合流屈曲而南，为愚沟。遂负土累石，塞其隘，为愚池。愚池之东为愚堂，其南，为愚亭。池之中，为愚岛。嘉木异石错置，皆山水之奇者，以余故，咸以愚辱焉。‖夫水，智者乐也。今是溪独见辱于愚，何哉？盖其流甚下，不可以灌溉。又峻急，多坻石，大舟不可入也。幽邃浅狭，蛟龙不屑，不能兴云雨，无以利世，而适类于余，然则虽辱而愚之，可也。‖宁武子“邦无道则愚”，智而为愚者也；颜子“终日不违如愚”，睿而为愚者也。皆不得为真愚。今余遭有道而违于理，悖于事，故凡为愚者，莫我若也。‖夫然，则天下莫能争是溪，余得专而名焉。‖溪虽莫利于世，而善鉴万类，清莹透澈，锵鸣金石，能使愚者喜笑眷慕，乐而不能去也。余虽不合于俗，亦颇以文墨自慰，漱涤万物，牢笼百态，而无所避之。以愚辞歌愚溪，则茫然而不违，昏然而同归，超鸿蒙，混希夷，寂寥而莫我知也。于是作《八愚诗》，记于溪石上。","古文观止",""
"永州韦使君新堂记","唐","柳宗元","将为穹谷嵁岩渊池于郊邑之中，则必辇山石，沟涧壑，陵绝险阻，疲极人力，乃可以有为也。然而求天作地生之状，咸无得焉。逸其人，因其地，全其天，昔之所难，今于是乎在。‖永州实惟九疑之麓。其始度上者，环山为城。有石焉，翳于奥草；有泉焉，伏于土涂。蛇虺之所蟠，狸鼠之所游。茂树恶木，嘉葩毒卉，乱杂而争植，号为秽墟。‖韦公之来，既逾月，理甚无事。望其地，且异之。始命芟其芜，行其涂。积之丘如，蠲之浏如。既焚既酾，奇势迭出。清浊辨质，美恶异位。视其植，则清秀敷舒；视其蓄，则溶漾纡余。怪石森然，周于四隅。或列或跪，或立或仆，窍穴逶邃，堆阜突怒。乃作栋宇，以为观游。凡其物类，无不合形辅势，效伎于堂庑之下。外之连山高原，林麓之崖，间厕隐显，迩延野绿，远混天碧，咸会于谯门之内。‖已，乃延客入观，继以宴娱，或赞且贺曰：“见公之作，知公之志。公之因土而得胜，岂不欲因俗以成化？公之择恶而取美，岂不欲除残而佑仁？公之蠲浊而流清，岂不欲废贪而立廉？公之居高以望远，岂不欲家抚而户晓？夫然，则是堂也，岂独草木、土石、水泉之适欤？山、原、林麓之观欤？将使继公之理者，视其细知其大也。”‖宗元请志诸石，措诸壁，编以为二千石楷法。","古文观止",""
"钴𬭁沄西小丘记","唐","柳宗元","得西山后八日，寻山口西北道二百步，又得钴𬭁潭。西二十五步，当湍而浚者为鱼梁。梁之上有丘焉，生竹树。其石之突怒偃蹇，负土而出，争为奇状者，殆不可数。其嵚然相累而下者，若牛马之饮于溪；其冲然角列而上者，若熊罴之登于山。‖丘之小不能一亩，可以笼而有之。问其主，曰：“唐氏之弃地，货而不售。”‖问其价，曰：“止四百”。余怜而售之。李深源、元克己时同游，皆大喜，出自意外。即更取器用，铲刈秽草，伐去恶木，烈火而焚之。嘉木立，美竹露，奇石显。由其中以望，则山之高，云之浮，溪之流，鸟兽之遨游，举熙熙然回巧献技，以效兹丘之下。枕席而卧，则清泠之状与目谋，瀯瀯之声与耳谋，悠然而虚者与神谋，渊然而静者与心谋。不匝旬而得异地者二，虽古好事之士，或未能至焉。‖噫！以兹丘之胜，致之沣、镐、鄠、杜，则贵游之士争买者，日增千金而愈不可得。今弃是州也，农夫渔父过而陋之，价四百，连岁不能售。而我与深源克己独喜得之，是其果有遭乎！‖书于石，所以贺兹丘之遭也。","古文观止",""
"小石城山记","唐","柳宗元","自西山道口径北，逾黄茅岭而下，有二道：其一西出，寻之无所得；其一少北而东，不过四十丈，土断而川分，有积石横当其垠。其上为睥睨梁𪲔之形，其旁出堡坞，有若门焉。窥之正黑，投以小石，洞然有水声，其响之激越，良久乃已。环之可上，望甚远。无土壤而生嘉树美箭，益奇而坚。其疏数偃仰，类智者所施设也。‖噫！吾疑造物者之有无久矣。及是，愈以为诚有。又怪其不为之于中州，而列是夷狄。更千百年不得一售其伎，是固劳而无用。神者傥不宜如是，则其果无乎？或曰：“以慰夫贤而辱于此者。”或曰：“其气之灵，不为伟人，而独为是物，故楚之南，少人而多石。”是二者，余未信之。","古文观止",""
"贺进士王参元失火书","唐","柳宗元","得杨八书，知足下遇火灾，家无余储。仆始闻而骇，中而疑，终乃大喜，盖将吊而更以贺也。道远言略，犹未能究知其状，若果荡焉泯焉而悉无有，乃吾所以尤贺者也。‖足下勤奉养，乐朝夕，惟恬安无事是望也。今乃有焚炀赫烈之虞，以震骇左右，而脂膏滫氵随之具，或以不给，吾是以始而骇也。‖凡人之言皆曰：盈虚倚伏，去来之不可常。或将大有为也，乃始厄困震悸，于是有水火之孽，有群小之愠。劳苦变动，而后能光明，古之人皆然。斯道辽阔诞漫，虽圣人不能以是必信，是故中而疑也。‖以足下读古人书，为文章，善小学，其为多能若是，而进不能出群士之上，以取显贵者，盖无他焉。京城人多言足下家有积货，士之好廉名者，皆畏忌，不敢道足下之善，独自得之心，蓄之，衔忍，而不出诸口。以公道之难明，而世之多嫌也。一出口，则嗤嗤者以为得重赂。‖仆自贞元十五年，见足下之文章，蓄之者盖六七年未尝言。是仆私一身而负公道久矣，非特负足下也。及为御史尚书郎，自以幸为天子近臣，得奋其舌，思以发明足下之郁塞。然时称道于行列，犹有顾视而窃笑者。仆良恨修己之不亮，素誉之不立，而为世嫌之所加，常与孟几道言而痛之。‖乃今幸为天火之所涤荡，凡众之疑虑，举为灰埃。黔其庐，赭其垣，以示其无有，而足下之才能，乃可以显白而不污，其实出矣，是祝融回禄之相吾子也。‖则仆与几道十年之相知，不若兹火一夕之为足下誉也。宥有彰之，使夫蓄于心者，咸得开其喙，发策决科者，授于而不栗。虽欲如向之蓄缩受侮，其可得乎？于兹吾有望于子，是以终乃大喜也。‖古者列国有灾，同位者皆相吊。许不吊灾，君子恶之。今吾之所陈若是，有以异乎古，故将吊而更以贺也。‖颜、曾之养，其为乐也大矣，又何阙焉？","古文观止",""
"待漏院记","宋","王禹偁","天道不言，而品物亨，岁功成者，何谓也？四时之吏、五行之佐，宣其气矣。‖圣人不言，而百姓亲，万邦宁者，何谓也？三公论道，六卿分职，张其教矣。是知君逸于上，臣劳于下，法乎天也。古之善相天下者，自咎、夔至房、魏，可数也。是不独有其德，亦皆务于勤耳。况夙兴夜寐，以事一人，卿大夫犹然，况宰相乎？‖朝廷自国初，因旧制，设宰相待漏院于丹凤门之右，示勤政也。乃若北阙向曙，东方未明，相君启行，煌煌火城。相君至止，哕哕鸾声。金门未辟，玉漏犹滴。撤盖下车，于焉以息。待漏之际，相君其有思乎？‖其或兆民未安，思所泰之；四夷未附，思所来之；兵革未息，何以弭之；田畴多芜，何以辟之；贤人在野，我将进之；佞人立朝，我将斥之；六气不和，灾眚荐至，愿避位以禳之；五刑未措，欺诈日生，请修德以厘之。忧心忡忡，待旦而入。九门既启，四聪甚迩。相君言焉，时君纳焉。皇风于是乎清夷，苍生以之而富庶。若然，则总百官，食万钱，非幸也，宜也。‖其或私仇未复，思所逐之；旧恩未报，思所荣之；子女玉帛，何以致之；车马玩器，何以取之；奸人附势，我将陟之；直士抗言，我将黜之。三时告灾，上有忧色，构巧词以悦之。群吏弄法，君闻怨言，进谄容以媚之。私心慆慆，假寐而坐，九门既开，重瞳屡回。相君言焉，时君惑焉。政柄于是乎隳哉，帝位以之而危矣。若然，则死下狱，投远方，非不幸也，亦宜也。‖是知一国之政，万人之命，悬于宰相，可不慎欤？复有无毁无誉，旅进旅退，窃位而苟禄，备员而全身者，亦无所取焉。‖棘寺小吏王禹偁为文，请志院壁，用规于执政者。","古文观止",""
"黄冈竹楼记","宋","王禹偁","黄冈之地多竹，大者如椽，竹工破之，刳去其节，用代陶瓦，比屋皆然，以其价廉而工省也。‖子城西北隅，雉堞圮毁，蓁莽荒秽。因作小楼二间，与月波楼通。远吞山光，平挹江濑，幽阒辽敻，不可具状。夏宜急雨，有瀑布声；冬宜密雪，有碎玉声。‖宜鼓琴，琴调和畅；宜咏诗，诗韵清绝；宜围棋，子声丁丁然；宜投壶，矢声铮铮然。皆竹楼之所助也。‖公退之暇，被鹤氅衣，戴华阳巾，手执《周易》一卷，焚香默坐，消遣世虑。‖江山之外，第见风帆沙鸟，烟云竹树而已。待其酒力醒，茶烟歇，送夕阳，迎素月，亦谪居之胜概也。‖彼齐云、落星，高则高矣。井干、丽谯，华则华矣。止于贮妓女，藏歌舞，非骚人之事，吾所不取。‖吾闻竹工云：“竹之为瓦，仅十稔，若重复之，得二十稔。”噫！吾以至道乙未岁，自翰林出滁上，丙申移广陵，丁酉又入西掖，戊戌岁除日，有齐安之命，己亥闰三月到郡。四年之间，奔走不暇，未知明年又在何处，岂惧竹楼之易朽乎。‖后之人与我同志，嗣而葺之，庶斯楼之不朽也。","古文观止",""
"书《洛阳名园记》后","宋","李格非","洛阳处天下之中，挟殽、黾之阻，当秦、陇之襟喉，而赵、魏之走集，盖四方必争之地也。天下当无事则已，有事则洛阳必先受兵。予故尝曰：洛阳之盛衰，天下治乱之候也。‖唐贞观开元之间，公卿贵戚开馆列第于东都者，号千有余邸。及其乱离，继以五季之酷。其池塘竹树，兵车蹂蹴，废而为丘墟；高亭大榭，烟火焚燎，化而为灰烬，与唐共灭而俱亡，无余处矣。予故尝曰：“园囿之兴废，洛阳盛衰之候也。”‖且天下之治乱，候于洛阳之盛衰而知；洛阳之盛衰，候于园囿之兴废而得，则《名园记》之作，予岂徒然哉！‖呜呼！公卿大夫方进于朝，放乎一己之私，自为之，而忘天下之治忽，欲退享此，得乎？唐之末路是已。","古文观止",""
"严先生祠堂记","宋","范仲淹","先生，光武之故人也。相尚以道。及帝握《赤符》，乘六龙，得圣人之时，臣妾亿兆，天下孰加焉？惟先生以节高之。既而动星象，归江湖，得圣人之清，泥涂轩冕，天下孰加焉？惟光武以礼下之。‖在《蛊》之上九，众方有为，而独“不事王侯，高尚其事”先生以之。在《屯》之初九，阳德方亨，而能“以贵下贱，大得民也”，光武以之。盖先生之心，出乎日月之上；光武之量，包乎天地之外。微先生不能成光武之大，微光武岂能遂先生之高哉？而使贪夫廉，懦夫立，是大有功于名教也。‖仲淹来守是邦，始构堂而奠焉。乃复为其后者四家，以奉祠事。又从而歌曰：云山苍苍，江水泱泱。先生之风，山高水长。","古文观止",""
"岳阳楼记","宋","范仲淹","庆历四年春，滕子京谪守巴陵郡。越明年，政通人和，百废具兴，乃重修岳阳楼，增其旧制，刻唐贤、今人诗赋于其上，属予作文以记之。‖予观夫巴陵胜状，在洞庭一湖。衔远山，吞长江，浩浩汤汤，横无际涯。朝晖夕阴，气象万千。此则岳阳楼之大观也，前人之述备矣。然则北通巫峡，南极潇湘，迁客骚人，多会于此。览物之情，得无异乎？‖若夫霪雨霏霏，连月不开，阴风怒号，浊浪排空，日星隐耀，山岳潜形；商旅不行，樯倾楫摧；薄暮冥冥，虎啸猿啼。登斯楼也，则有去国怀乡，忧谗畏讥，满目萧然，感极而悲者矣。‖至若春和景明，波澜不惊，上下天光，一碧万顷，沙鸥翔集，锦鳞游泳，岸芷汀兰，郁郁青青。而或长烟一空，皓月千里，浮光耀金，静影沉璧，渔歌互答，此乐何极！登斯楼也，则有心旷神怡，宠辱皆忘，把酒临风，其喜洋洋者矣。‖嗟夫！予尝求古仁人之心，或异二者之为，何哉？不以物喜，不以己悲。居庙堂之高，则忧其民；处江湖之远，则忧其君。是进亦忧，退亦忧；然则何时而乐耶？其必曰“先天下之忧而忧，后天下之乐而乐”欤！噫！微斯人，吾谁与归！","古文观止",""
"谏院题名记","宋","司马光","古者谏无官，自公卿大夫至于工商，无不得谏者。汉兴以来，始置官。夫以天下之政，四海之众，得失利病，萃于一官使言之，其为任亦重矣。居是官者，当志其大，舍其细；先其急，后其缓；专利国家，而不为身谋。彼汲汲于名者，犹汲汲于利也。其间相去何远哉？‖天禧初，真宗诏置谏官六员，责其职事。庆历中，钱君始书其名于版，光恐久而漫灭，嘉祐八年，刻着于石。后之人将历指其名而议之曰：“某也忠，某也诈，某也直，某也曲。”呜呼！可不惧哉？","古文观止",""
"义田记","宋","钱公辅","范文正公，苏人也。平生好施与，择其亲而贫，疏而贤者，咸施之。方贵显时，置负郭常稔之田千亩，号曰“义田”，以养济群族之人。日有食，岁有衣，嫁娶凶葬皆有赡，择族之长而贤者主其计，而时共出纳焉。日食，人一升。岁衣，人一缣，嫁女者五十千，再嫁者三十千，娶妇者三十千，再娶者十五千，葬者如再嫁之数，葬幼者十千。族之聚者九十口，岁入给稻八百斛。以其所入，给其所聚，沛然有余而无穷。屏而家居俟代者与焉，仕而居官者罢其给。此其大较也。‖初，公之未贵显也，尝有志于是矣，而力未逮者二十年。既而为西帅，及参大政，于是始有禄赐之入，而终其志。公既殁，后世子孙修其业，承其志，如公之存也。公虽位充禄厚，而贫络其身。殁之日身无以为敛，子无以为丧。惟以施贫活族之义，遗其子而已。‖昔晏平仲敝车羸马。桓子曰：“是隐君之赐也。”晏子曰：“自臣之贵，父之族，无不乘车者；母之族，无不足于衣食者；妻之族，无冻馁者；齐国之士，待臣而举火者三百余人。如此，而为隐君之赐乎？彰君之赐乎？”于是齐侯以晏子之觞，而觞桓子。予尝爱晏子好仁，齐侯知贤，而桓子服义也。又爱晏子之仁有等级，而言有第次也。先父族，次母族，次妻族，而后及其疏远之贤。孟子曰：“亲亲而仁民，仁民而爱物。”晏子为近之。今观文正之义田，贤于平仲。其规模远举，又疑过之。‖呜呼！世之都三公位，享万钟禄，其邸第之雄、车舆之饰、声色之多、妻孥之富，止乎一己而已。而族之人不得其门者，岂少也哉？况于施贤乎！其下为卿为大夫、为士，廪稍之充、奉养之厚，止乎一己而已。而族之人，操壶瓢为沟中瘠者，又岂少哉？况于他人乎！是皆公之罪人也。‖公之忠义满朝廷，事业满边隅，功名满天下，后世必有史官书之者，予可无录也。独高其义，因以遗其世云。","古文观止",""
"袁州州学记","宋","李觏","皇帝二十有三年，制诏州县立学。惟时守令，有哲有愚。有屈力殚虑，祇顺德意；有假官借师，苟具文书。或连数城，亡诵弦声。倡而不和，教尼不行。‖三十有二年，范阳祖君无泽，知袁州。始至，进诸生，知学宫阙状。大惧人材放失，儒效阔疏，亡以称上意旨。通判颍川陈君侁，闻而是之，议以克合。‖相旧夫子庙，狭隘不足改为，乃营治之东。厥土燥刚，厥位面阳，厥材孔良。‖殿堂门庑，黝垩丹漆，举以法。故生师有舍，庖廪有次。百尔器备，并手偕作。‖工善吏勤，晨夜展力，越明年成。‖舍菜且有日，旴江李觏谂于众曰：“惟四代之学，考诸经可见已。秦以山西鏖六国，欲帝万世，刘氏一呼而关门不守，武夫健将，卖降恐后。何耶？《诗》、《书》之道废，人惟见利而不闻义焉耳。孝武乘丰富，世祖出戎行，皆孳孳学术。‖俗化之厚，延于灵、献。草茅危言者，折首而不悔。功烈震主者，闻命而释兵。‖群雄相视，不敢去臣位，尚数十年。教道之结人心如此。今代遭圣神，尔袁得圣君，俾尔由庠序，践古人之迹。天下治，则谭礼乐以陶吾民。一有不幸，尤当仗大节，为臣死忠，为子死孝。使人有所赖，且有所法。是惟朝家教学之意。若其弄笔墨以侥利达而已，岂徒二三子之羞？抑亦为国者之忧？”","古文观止",""
"朋党论","宋","欧阳修","臣闻朋党之说，自古有之，惟幸人君辨其君子小人而已。大凡君子与君子，以同道为朋；小人与小人，以同利为朋。此自然之理也。‖然臣谓小人无朋，惟君子则有之。其故何哉？小人所好者利禄也，所贪者货财也。当其同利之时，暂相党引以为朋者，伪也。及其见利而争先，或利尽而交疏，则反相贼害，虽其兄弟亲戚，不能相保。故臣谓小人无朋，其暂为朋者，伪也。君子则不然。所守者道义，所行者忠信，所惜者名节。以之修身，则同道而相益；以之事国，则同心而共济；终始如一，此君子之朋也。‖故为人君者，但当退小人之喂朋，用君子之真朋，则天下治矣。‖尧之时，小人共工、驩兜等四人为一朋，君子八元、八恺十六人为一朋。舜佐尧，退四凶小人之朋，而进元、恺君子之朋，尧之天下大治。及舜自为天子，而皋、夔、稷、契等二十二人，并立于朝，更相称美，更相推让，凡二十二人为一朋，而舜皆用之，天下亦大治。‖《书》曰：“纣有臣亿万，惟亿万心；周有臣三千，惟一心。”纣之时，亿万人各异心，可谓不为朋矣，然纣以亡国。周武王之臣三千人为一大朋，而周用以兴。‖后汉献帝时，尽取天下名士囚禁之，目为党人。及黄巾贼起，汉室大乱，后方悔悟，尽解党人而释之，然已无救矣。唐之晚年，渐起朋党之论。及昭宗时，尽杀朝之名士，或投之黄河，曰：“此辈清流，可投浊流。”而唐遂亡矣。‖夫前世之主，能使人人异心不为朋，莫如纣；能禁绝善人为朋，莫如汉献帝；能诛戮清流之朋，莫如唐昭宗之世。然皆乱亡其国。更相称美推让而不自疑，莫如舜之二十二臣，舜亦不疑而皆用之，然而后世不诮舜为二十二人朋党所欺，而称舜为聪明之圣者，以能辨君子与小人也。周武之世，举其国之臣三千人共为一朋。自古为朋之多且大，莫如周。然周用此以兴者，善人虽多而不厌也。‖嗟呼！治乱兴亡之迹，为人君者，可以鉴矣！","古文观止",""
"纵囚论","宋","欧阳修","信义行于君子，而刑戮施于小人。刑入于死者，乃罪大恶极，此又小人之尤甚者也。宁以义死，不苟幸生，而视死如归，此又君子之尤难者也。‖方唐太宗之六年，录大辟囚三百余人，纵使还家，约其自归以就死。是以君子之难能，期小人之尤者以必能也。其囚及期，而卒自归无后者。是君子之所难，而小人之所易也，此岂近于人情哉？或曰：罪大恶极，诚小人矣。及施恩德以临之，可使变而为君子。盖恩德入人之深，而移人之速，有如是者矣。‖曰：太宗之为此，所以求此名也。然安知夫纵之去也，不意其必来以冀免，所以纵之乎？又安知夫被纵而去也，不意其自归而必获免，所以复来乎？夫意其必来而纵之，是上贼下之情也。意其必免而复来，是下贼上之心也。吾见上下交相贼以成此名也，乌有所谓施恩德与夫知信义者哉？不然，太宗施德于天下，于兹六年矣，不能使小人不为极恶大罪。而一日之恩，能使视死如归，而存信义，此又不通之论也。‖然则何为而可？曰：纵而来归，杀之无赦。而又纵之，而又来，则可知为恩德之致尔。然此必无之事也。若夫纵而来归而赦之，可偶一为之尔。若屡为之，则杀人者皆不死。是可为天下之常法乎？不可为常者，其圣人之法乎？是以尧、舜、三王之治，必本于人情，不立异以为高，不逆情以干誉。","古文观止",""
"释秘演诗集序","宋","欧阳修","予少以进士游京师，因得尽交当世之贤豪。然犹以谓国家臣一四海，休兵革，养息天下以无事者四十年，而智谋雄伟非常之士，无所用其能者，往往伏而不出，山林屠贩，必有老死而世莫见者，欲从而求之不可得。其后得吾亡友石曼卿。‖曼卿为人，廓然有大志。时人不能用其材，曼卿亦不屈以求合。无所放其意，则往往从布衣野老，酣嬉淋漓，颠倒而不厌。予疑所谓伏而不见者，庶几狎而得之，故尝喜从曼卿游，欲因以阴求天下奇士。‖浮屠秘演者，与曼卿交最久，亦能遗外世俗，以气节自高。二人欢然无所间。‖曼卿隐于酒，秘演隐于浮屠，皆奇男子也。然喜为歌诗以自娱。当其极饮大醉，歌吟笑呼，以适天下之乐，何其壮也！一时贤士皆愿从其游，予亦时至其室。十年之间，秘演北渡河，东之济、郓，无所合，困而归。曼卿已死，秘演亦老病。‖嗟夫！二人者，予乃见其盛衰，则予亦将老矣。‖夫曼卿诗辞清绝，尤称秘演之作，以为雅健有诗人之意。秘演状貌雄杰，其胸中浩然，既习于佛，无所用，独其诗可行于世，而懒不自惜。已老，胠其橐，尚得三、四百篇，皆可喜者。‖曼卿死，秘演漠然无所向。闻东南多山水，其巅崖崛峍，江涛汹涌，甚可壮也，遂欲往游焉。足以知其老而志在也。于其将行，为叙其诗，因道其盛时以悲其衰。","古文观止",""
"梅圣俞诗集序","宋","欧阳修","予闻世谓诗人少达而多穷，夫岂然哉？盖世所传诗者，多出于古穷人之辞也。‖凡士之蕴其所有，而不得施于世者，多喜自放于山巅水涯之外。见虫鱼草木，风云鸟兽之状类，往往探其奇怪。内有忧思感愤之郁积，其兴于怨刺，以道羁臣寡妇之所叹，而写人情之难言，盖愈穷则愈工。然则非诗之能穷人，殆穷者而后工也。‖予友梅圣俞，少以荫补为吏，累举进士，辄抑于有司。困于州县，凡十余年。‖年今五十，犹从辟书，为人之佐，郁其所蓄，不得奋见于事业。其家宛陵，幼习于诗，自为童子，出语已惊其长老。既长，学乎六经仁义之说，其为文章，简古纯粹，不求苟说于世，世之人徒知其诗而已。然时无贤愚，语诗者必求之圣俞。‖圣俞亦自以其不得志者，乐于诗而发之。故其平生所作，于诗尤多。世既知之矣，而未有荐于上者。昔王文康公尝见而叹曰：“二百年无此作矣！”虽知之深，亦不果荐也。若使其幸得用于朝廷，作为“雅”、“颂”，以歌咏大宋之功德，荐之清庙，而追商、周、鲁《颂》之作者，岂不伟欤？奈何使其老不得志而为穷者之诗，乃徒发于虫鱼物类、羁愁感叹之言？世徒喜其工，不知其穷之久而将老也，可不惜哉！‖圣俞诗既多，不自收拾。其妻之兄子谢景初，惧其多而易失也，取其自洛阳至于吴兴以来所作，次为十卷。予尝嗜圣俞诗，而患不能尽得之，遽喜谢氏之能类次也，辄序而藏之。其后十五年，圣俞以疾卒于京师，余既哭而铭之，因索于其家，得其遗稿千余篇。并旧所藏，掇其尤者，六百七十七篇，为一十五卷。呜呼！吾于圣俞诗，论之详矣，故不复云。","古文观止",""
"送杨寘序","宋","欧阳修","予尝有幽忧之疾，退而闲居，不能治也。既而学琴于友人孙道滋，受宫声数引，久而乐之，不知其疾之在体也。夫琴之为技小矣，及其至也，大者为宫，细者为羽，操弦骤作，忽然变之，急者凄然以促，缓者舒然以和，如崩崖裂石、高山出泉，而风雨夜至也。如怨夫寡妇之叹息，雌雄雍雍之相鸣也。其忧深思远，则舜与文王、孔子之遗音也；悲愁感愤，则伯奇孤子、屈原忠臣之所叹也。喜怒哀乐，动人必深。而纯古淡泊，与夫尧舜三代之言语、孔子之文章、《易》之忧患、《诗》之怨刺无以异。其能听之以耳，应之以手，取其和者，道其湮郁，写其幽思，则感人之际，亦有至者焉。‖予友杨君，好学有文，累以进士举，不得志。及从荫调，为尉于剑浦，区区在东南数千里外，是其心固有不平者。且少又多疾，而南方少医药，风俗饮食异宜。以多疾之体，有不平之心，居异宜之俗，其能郁郁以久乎？然欲平其心以养其疾，于琴亦将有得焉。故予作琴说以赠其行。且邀道滋酌酒，进琴以为别。","古文观止",""
"五代史伶官传序","宋","欧阳修","呜呼！盛衰之理，虽曰天命，岂非人事哉！原庄宗之所以得天下，与其所以失之者，可以知之矣。‖世言晋王之将终也，以三矢赐庄宗而告之曰：“梁，吾仇也；燕王，吾所立；契丹，与吾约为兄弟，而皆背晋以归梁。此三者，吾遗恨也。与尔三矢，尔其无忘乃父之志！”庄宗受而藏之于庙。其后用兵则遣从事以一少牢告庙，请其矢，盛以锦囊，负而前驱，及凯旋而纳之。‖方其系燕父子以组，函梁君臣之首，入于太庙，还矢先王，而告以成功。其意气之盛，可谓壮哉！及仇雠已灭，天下已定，一夫夜呼，乱者四应，仓皇东出，未见贼而士卒离散。君臣相顾不知所归，至于誓天断发，泣下沾襟，何其衰也！‖岂得之难而失之易欤？抑本其成败之迹，而皆自于人欤？‖《书》曰：“满招损，谦得益。”忧劳可以兴国，逸豫可以忘身，自然之理也。故方其盛也，举天下之豪杰，莫能与之争；及其衰也，数十伶人困之而身死国灭，为天下笑。夫祸患常积于忽微，而智勇多困于所溺，岂独伶人也哉？","古文观止",""
"五代史宦官传序","宋","欧阳修","自古宦者乱人之国，其源深于女祸。女，色而已，宦者之害，非一端也。‖盖其用事也近而习，其为心也专而忍。能以小善中人之意，小信固人之心，使人主必信而亲之。待其已信，然后惧以祸福而把持之。虽有忠臣、硕士列于朝廷，而人主以为去己疏远，不若起居饮食、前后左右之亲为可恃也。故前后左右者日益亲，则忠臣、硕士日益疏，而人主之势日益孤。势孤，则惧祸之心日益切，而把持者日益牢。安危出其喜怒，祸患伏于帷闼，则向之所谓可恃者，乃所以为患也。‖患已深而觉之，欲与疏远之臣图左右之亲近。缓之则养祸而益深；急之则挟人主以为质。虽有圣智，不能与谋。谋之而不可为，为之而不可成，至其甚，则俱伤而两败。故其大者亡国，其次亡身。而使奸豪得借以为资而起，至抉其种类，尽杀以快天下之心而后已。以前史所载宦者之祸。常如此者，非一世也。‖夫为人主者，非欲养祸于内，而疏忠臣、硕士于外，盖其渐积而势使之然也。‖夫女色之惑，不幸而不悟，则祸斯及矣。使其一悟。捽而去之可也。宦者之为祸，虽欲悔悟，而势有不得而去也，唐昭宗之事是已。故曰“深于女祸”者，谓此也。‖可不戒哉？","古文观止",""
"相州昼锦堂记","宋","欧阳修","仕宦而至将相，富贵而归故乡，此人情之所荣，而今昔之所同也。盖士方穷时，困厄闾里，庸人孺子，皆得易而侮之。若季子不礼于其嫂，买臣见弃于其妻。‖一旦高车驷马，旗旄导前，而骑卒拥后，夹道之人，相与骈肩累迹，瞻望咨嗟，而所谓庸夫愚妇者，奔走骇汗，羞愧俯伏，以自悔罪于车尘马足之间。此一介之士，得志于当时，而意气之盛，昔人比之衣锦之荣者也。‖惟大丞相魏国公则不然。公，相人也。世有令德，为时名卿。自公少时，已擢高科，登显士。海内之士，闻下风而望余光者，盖亦有年矣。所谓将相而富贵，皆公所宜素有。非如穷厄之人，侥幸得志于一时，出于庸夫愚妇之不意，以惊骇而夸耀之也。然则高牙大纛，不足为公荣；桓圭衮裳，不足为公贵。惟德被生民，而功施社稷，勒之金石，播之声诗，以耀后世而垂无穷，此公之志，而士亦以此望于公也。岂止夸一时而荣一乡哉？‖公在至和中，尝以武康之节，来治于相，乃作昼锦之堂于后圃，既又刻诗于石，以遗相人。其言以快恩仇、矜名誉为可薄，盖不以昔人所夸者为荣，而以为戒。于此见公之视富贵为何如，而其志岂易量哉？故能出入将相，勤劳王家，而夷险一节。至于临大事，决大议，垂绅正笏，不动声色，而措天下于泰山之安，可谓社稷之臣矣。其丰功盛烈，所以铭彝鼎而被弦歌者，乃邦家之光，非闾里之荣也。余虽不获登公之堂，幸尝窃诵公之诗，乐公之志有成，而喜为天下道也。‖于是乎书。","古文观止",""
"丰乐亭记","宋","欧阳修","修既治滁之明年，夏，始饮滁水而甘。问诸滁人，得于州南百步之近。其上则丰山，耸然而特立；下则幽谷，窈然而深藏；中有清泉，滃然而仰出。俯仰左右，顾而乐之。于是，疏泉凿石，辟地以为亭，而与滁人往游其间。‖滁于五代干戈之际，用武之地也。昔太祖皇帝，尝以周师破李景兵十五万于清流山下，生擒其将皇甫晖、姚凤于滁东门之外，遂以平滁。修尝考其山川，按其图记，升高以望清流之关，欲求晖、凤就擒之所。而故老皆无在者，盖天下之平久矣。自唐失其政，海内分裂，豪杰并起而争，所在为敌国者，何可胜数？及宋受天命，圣人出而四海一。向之凭恃险阻，刬削消磨。百年之间，漠然徒见山高而水清。欲问其事，而遗老尽矣。今滁介江淮之间，舟车商贾，四方宾客之所不至，民生不见外事，而安于畎亩衣食，以乐生送死。而孰知上之功德，休养生息，涵煦于百年之深也。‖修之来此，乐其地僻而事简，又爱其俗之安闲。既得斯泉于山谷之间，乃日与滁人仰而望山，俯而听泉，掇幽芳而荫乔大，风霜冰雪，刻露清秀，四时之景无不可爱。又幸其民乐其岁物之丰成，而喜与予游也。因为本其山川，道其风俗之美，使民知所以安此丰年之乐者，幸生无事之时也。‖夫宣上恩德，以与民共乐，刺史之事也。遂书以名其亭焉。","古文观止",""
"醉翁亭记","宋","欧阳修","环滁皆山也。其西南诸峰，林壑尤美。望之蔚然而深秀者，琅琊也。山行六七里，渐闻水声潺潺，而泻出于两峰之间者，酿泉也。峰回路转，有亭翼然临于泉上者，醉翁亭也。作亭者谁？山之僧智仙也。名之者谁？太守自谓也。太守与客来饮于此，饮少辄醉，而年又最高，故自号曰“醉翁”也。醉翁之意不在酒，在乎山水之间也。山水之乐，得之心而寓之酒也。‖若夫日出而林霏开，云归而岩穴暝，晦明变化者，山间之朝暮也。野芳发而幽香，佳木秀而繁阴，风霜高洁，水落而石出者，山间之四时也。朝而往，暮而归，四时之景不同，而乐亦无穷也。‖至于负者歌于涂，行者休于树，前者呼，后者应，伛偻提携，往来而不绝者，滁人游也。临溪而渔，溪深而鱼肥；酿泉为酒，泉香而酒洌；山肴野蔌，杂然而前陈者，太守宴也。宴酣之乐，非丝非竹，射者中，弈者胜，觥筹交错，起坐而喧哗者，众宾欢也。苍颜白发，颓乎其中者，太守醉也。‖已而夕阳在山，人影散乱，太守归而宾客从也。树林阴翳，鸣声上下，游人去而禽鸟乐也。然而禽鸟知山林之乐，而不知人之乐；人知从太守游而乐，而不知太守之乐其乐也。醉能同其乐，醒能述以文者，太守也。太守谓谁？。庐陵欧阳修也。","古文观止",""
"秋声赋","宋","欧阳修","欧阳子方夜读书，闻有声自西南来者，悚然而听之，曰：“异哉！”初淅沥以萧飒，忽奔腾而砰湃。如波涛夜惊，风雨骤至。其触于物也，𫓩𫓩铮铮，金铁皆鸣。又如赴敌之兵，衔枚疾走，不闻号令，但闻人马之行声。予谓童子：“此何声也？汝出视之。”童子曰：“星月皎洁，明河在天，四无人声，声在树间。”予曰：“噫嘻，悲哉！此秋声也，胡为乎来哉？”‖盖夫秋之为状也，其色惨淡，烟霏云敛；其容清明，天高日晶；其气栗冽，砭人肌骨；其意萧条，山川寂寥。故其为声也，凄凄切切，呼号奋发。丰草绿缛而争茂，佳木葱笼而可悦。草拂之而色变，木遭之而叶脱。其所以摧败零落者，乃一气之余烈。‖夫秋，刑官也，于时为阴；又兵象也，于行为金，是谓天地之义气，常以肃杀而为心。天之于物，春生秋实。故其在乐也，商声主西方之音，夷则为七月之律。商，伤也，物既老而悲伤；夷，戮也；物过盛而当杀。‖嗟乎，草木无情，有时飘零。人为动物，惟物之灵。百忧感其心，万事劳其形。有动乎中，必摇其精，而况思其力之所不及，忧其智之所不能。宜其渥然丹者为槁木，黟然黑者为星星。奈何以非金石之质，欲与草木而争荣？念谁为之戕贼，亦何恨乎秋声？‖童子莫对，垂头而睡。但闻四壁虫声唧唧，如助予之叹息。","古文观止",""
"祭石曼卿文","宋","欧阳修","维治平四年七月日，具官欧阳修，谨遣尚书都省令史李易攵，至于太清，以清酌庶羞之奠，致祭于亡友曼卿之墓下，而吊之以文曰：呜呼曼卿！生而为英，死而为灵。其同乎万物生死，而复归于无物者，暂聚之形。不与万物共尽，而卓然其不朽者，后世之名。此自古圣贤，莫不皆然。而著在简册者，昭如日星。‖呜呼曼卿！吾不见子久矣，犹能仿佛子之平生。其轩昂磊落，突兀峥嵘，而埋藏于地下者，意其不化为朽壤，而为金玉之精。不然，生长松之千尺，产灵芝而九茎。奈何荒烟野蔓，荆棘纵横，风凄露下，走磷飞萤，但见牧童樵叟，歌吟而上下，与夫惊禽骇兽，悲鸣踯躅而咿嘤？今固如此，更千秋而万岁兮，安知其不穴藏狐貉与鼯鼪？此自古圣贤，亦皆然兮，独不见夫累累乎旷野与荒城？‖呜呼曼卿！盛衰之理，吾固知其如此。而感念畴昔，悲凉凄怆，不觉临风而陨涕者，有愧夫太上之忘情。‖尚飨！","古文观止",""
"泷冈阡表","宋","欧阳修","呜呼！惟我皇考崇公，卜吉于泷冈之六十年，其子修始克表于其阡，非敢缓也，盖有待也。‖修不幸，生四岁而孤。太夫人守节自誓，居穷，自力于衣食，以长以教，俾至于成人。太夫人告之曰：“汝父为吏，廉而好施与，喜宾客，其俸禄虽薄，常不使有余，曰：‘毋以是为我累。’故其亡也，无一瓦之覆，一垄之植以庇而为生，吾何恃而能自守耶？吾于汝父，知其一二，以有待于汝也。自吾为汝家妇，不及事吾姑，然知汝父之能养也。汝孤而幼，吾不能知汝之必有立，然知汝父之必将有后也。吾之始归也，汝父免于母丧方逾年。岁时祭祀，则必涕泣曰：‘祭而丰，不如养之薄也。’间御酒食，则又涕泣曰：‘昔常不足，而今有余，其何及也！’吾始一二见之，以为新免于丧适然耳。既而其后常然，至其终身未尝不然。吾虽不及事姑，而以此知汝父之能养也。汝父为吏，尝夜烛治官书，屡废而叹。吾问之，则曰：‘此死狱也，我求其生不得耳。’吾曰：‘生可求乎？’曰：‘求其生而不得，则死者与我皆无恨也。矧求而有得耶？以其有得，则知不求而死者有恨也。夫常求其生，犹失之死，而也常求其死也。’回顾乳者抱汝而立于旁，因指而叹曰：‘术者谓我岁行在戌将死，使其言然，吾不及见儿之立也，后当以我语告之。’其平居教他子弟，常用此语，吾早熟焉，故能详也。其施于外事，吾不能知；其居于家，无所矜饰，而所为如此，是真发于中者邪！呜呼！其心厚于仁者耶！此吾知汝父之必将有后也。汝其勉之。夫养不必丰，要于孝；利虽不得博于物，要其心之厚于仁，吾不能教汝，此汝父之志也。”修泣而志之不敢忘。‖先公少孤力学，咸平三年进士及第，为道州判官，泗、绵二州推官，又为泰州判官，享年五十有九，葬沙溪之泷冈。太夫人姓郑氏，考讳德仪，世为江南名族。太夫人恭俭仁爱而有礼，初封福昌县太君，进封乐安、安康、彭城三郡太君。‖自其家少微时，治其家以俭约，其后常不使过之。曰：“吾儿不能苟合于世，俭薄所以居患难也。”其后修贬夷陵，太夫人言笑自若，曰：“汝家故贫贱也，吾处之有素矣。汝能安之，吾亦安矣。”‖自先公之亡二十年，修始得禄而养。又十有二年，列官于朝，始得赠封其亲。‖又十年，修为龙图阁直学士、尚书吏部郎中、留守南京。太夫人以疾终于官舍，享年七十有二。又八年，修以非才入副枢密，遂参政事。又七年而罢。自登二府，天子推恩，褒其三世。盖自嘉佑以来，逢国大庆，必加宠锡。皇曾祖府君，累赠金紫光禄大夫、太师、中书令。曾祖妣，累封楚国太夫人。皇祖府君，累赠金紫光禄大夫、太师、中书令，兼尚书令。祖妣，累封吴国太夫人。皇考崇公，累赠金紫光禄大夫、太师、中书令兼尚书令。皇妣，累封越国太夫人。今上初郊，皇考赐爵为崇国公，太夫人进号魏国。‖于是小子修泣而言曰：“呜呼！为善无不报，而迟速有时，此理之常也。惟我祖考，积善成德，宜享其隆，虽不克有于其躬，而赐爵受封，显荣褒大，实有三朝之锡命。是足以表见于后世，而庇赖其子孙矣。”乃列其世谱，具刻于碑。‖既又载我皇考崇公之遗训，太夫人之所以教而有待于修者，并揭于阡。俾知夫小子修之德薄能鲜，遭时窃位；而幸全大节，不辱其先者，其来有自。‖熙宁三年，岁次庚戌，四月，辛酉朔，十有五日，乙亥；男推诚、保德、崇仁、翊戴功臣，观文殿学士，特进，行兵部尚书，知青州军州事，兼管内劝农使，充京东路安抚使，上柱国，乐安郡开国公，食邑四千三百户，食实封一千二百户，修表。","古文观止",""
"管仲论","宋","苏洵","管仲相威公，霸诸侯，攘夷狄，终其身齐国富强，诸侯不敢叛。管仲死，竖刁、易牙、开方用。威公薨于乱，五公子争立，其祸蔓延，讫简公，齐无宁岁。‖夫功之成，非成于成之日，盖必有所由起；祸之作，不作于作之日，亦必有所由兆。故齐之治也，吾不曰管仲，而曰鲍叔。及其乱也。吾不曰竖刁、易牙、开方，而曰管仲。何则？竖刁、易牙、开方三子，彼固乱人国者，顾其用之者，威公也。夫有舜而后知放四凶，有仲尼而后知去少正卯。彼威公何人也？顾其使威公得用三子者，管仲也。仲之疾也，公问之相。当是时也，吾意以仲且举天下之贤者以对。而其言乃不过曰：竖刁、易牙、开方三子，非人情，不可近而已。‖呜呼！仲以为威公果能不用三子矣乎？仲与威公处几年矣，亦知威公之为人矣乎？威公声不绝于耳，色不绝于目，而非三子者则无以遂其欲。彼其初之所以不用者，徒以有仲焉耳。一日无仲，则三子者，可以弹冠而相庆矣。仲以为将死之言可以絷威公之手足耶？夫齐国不患有三子，而患无仲。有仲，则三子者，三匹夫耳。不然，天下岂少三子之徒哉？虽威公幸而听仲，诛此三人，而其余者，仲能悉数而去之耶？呜呼！仲可谓不知本者矣。因威公之问，举天下之贤者以自代，则仲虽死，而齐国未为无仲也。夫何患三子者？不言可也。‖五伯莫盛于威、文。文公之才，不过威公，其臣又皆不及仲。灵公文虐，不如孝公之宽厚。文公死，诸侯不敢叛晋，晋袭文公之余威，犹得为诸侯之盟主百余年。何者？其君虽不肖，而尚有老成人焉。威公之薨也，一败涂地，无惑也，彼独恃一管仲，而仲则死矣。‖夫天下未尝无贤者，盖有有臣而无君者矣。威公在焉，而曰天下不复有管仲者，吾不信也。仲之书，有记其将死，论鲍叔、宾胥无之为人，且各疏其短。是其心以为数子者皆，不足以托国。而又逆知其将死，则其书诞谩不足信也。吾观史鳅，以不能进蘧伯玉而退弥子瑕，故有身后之谏。萧何且死，举曹参以自代。‖大臣之用心，固宜如此也。夫国以一人兴，以一人亡。贤者不悲其身之死，而忧其国之衰，故必复有贤者，而后可以死。彼管仲者，何以死哉？","古文观止",""
"辨奸论","宋","苏洵","事有必至，理有固然。惟天下之静者，乃能见微而知著。月晕而风，础润而雨，人人知之。人事之推移，理势之相因，其疏阔而难知，变化而不可测者，孰与天地阴阳之事？而贤者有不知，其故何也？好恶乱其中，而利害夺其外也。‖昔者，山巨源见王衍，曰：“误天下苍生者，必此人也。”郭汾阳见卢杞曰：“此人得志，吾子孙无遗类矣。”自今而言之，其理固有可见者。以吾观之，王衍之为人，容貌言语，固有以欺世而盗名者，然不忮，不求，与物浮沉。使晋无惠帝，仅得中主，虽衍百千，何从而乱天下乎？卢杞之奸，固足以败国，然而不学无文，容貌不足以动人，言语不足以眩世。非德宗之鄙暗，亦何从而用之？由是言之，二公之料二子，亦容有未必然也。‖今有人，口诵孔、老之言，身履夷、齐之行，收召好名之士，不得志之人，相与造作言语，私立名字，以为颜渊、孟轲复出，而阴贼险狠，与人异趣。是王衍、卢杞合而为一人也，其祸岂可胜言哉？夫面垢不忘洗，衣垢不忘浣，此人之至情也。今也不然，衣臣虏之衣，食犬彘之食，囚首丧面，而谈诗书，此岂其情也哉？凡事之不近人情者，鲜不为大奸慝，竖刁、易牙、开方是也。以盖世之名，而济其未形之患，虽有愿治之主，好贤之相，犹将举而用之，则其为天下患，必然而无疑者，非特二子之比也。‖孙子曰：“善用兵者，无赫赫之功。”使斯人而不用也，则吾言为过，而斯人有不遇之叹，孰知祸之至于此哉！不然，于下将被其祸，而吾获知言之名，悲夫！","古文观止",""
"心术","宋","苏洵","为将之道，当先治心。泰山崩于前而色不变，麋鹿兴于左而目不瞬，然后可以制利害，可以待敌。‖凡兵上义；不义，虽利勿动。非一动之为利害，而他日将有所不可措手足也。‖夫惟义可以怒士，士以义怒，可与百战。‖凡战之道，未战养其财，将战养其力，既战养其气，既胜养其心。谨烽燧，严斥堠，使耕者无所顾忌，所以养其财；丰犒而优游之，所以养其力；小胜益急，小挫益厉，所以养其气；用人不尽其所欲为，所以养其心。故士常蓄其怒、怀其欲而不尽。怒不尽则有余勇，欲不尽则有余贪。故虽并天下，而士不厌兵，此黄帝之所以七十战而兵不殆也。不养其心，一战而胜，不可用矣。‖凡将欲智而严，凡士欲愚。智则不可测，严则不可犯，故士皆委己而听命，夫安得不愚？夫惟士愚，而后可与之皆死。‖凡兵之动，知敌之主，知敌之将，而后可以动于险。邓艾缒兵于蜀中，非刘禅之庸，则百万之师可以坐缚，彼固有所侮而动也。故古之贤将，能以兵尝敌，而又以敌自尝，故去就可以决。‖凡主将之道，知理而后可以举兵，知势而后可以加兵，知节而后可以用兵。‖知理则不屈，知势则不沮，知节则不穷。见小利不动，见小患不避，小利小患，不足以辱吾技也，夫然后有以支大利大患。夫惟养技而自爱者，无敌于天下。故一忍可以支百勇，一静可以制百动。‖兵有长短，敌我一也。敢问：“吾之所长，吾出而用之，彼将不与吾校；吾之所短，吾蔽而置之，彼将强与吾角，奈何？”曰：“吾之所短，吾抗而暴之，使之疑而却；吾之所长，吾阴而养之，使之狎而堕其中。此用长短之术也。”‖善用兵者，使之无所顾，有所恃。无所顾，则知死之不足惜；有所恃，则知不至于必败。尺棰当猛虎，奋呼而操击；徒手遇蜥蜴，变色而却步，人之情也。‖知此者，可以将矣。袒裼而案剑，则乌获不敢逼；冠胄衣甲，据兵而寝，则童子弯弓杀之矣。故善用兵者以形固。夫能以形固，则力有余矣。","古文观止",""
"州画像记","宋","张益","至和元年秋，蜀人传言，有寇至边。边军夜呼，野无居人。妖言流闻，京师震惊。方命择帅，天子曰：“毋养乱，毋助变。众言朋兴，朕志自定，外乱不作，变且中起。既不可以文令，又不可以武竞，惟朕一二大吏。孰为能处兹文武之间，其命往抚朕师。”乃推曰：“张公方平其人。”天子曰：“然。”公以亲辞，不可，遂行。冬十一月，至蜀。至之日，归屯军，撤守备。使谓郡县：“寇来在吾，无尔劳苦。”明年正月朔旦，蜀人相庆如他日，遂以无事。又明年正月，相告留公像于净众寺。公不能禁。‖眉阳苏洵言于众曰：“未乱易治也，既乱易治也。有乱之萌，无乱之形，是谓将乱，将乱难治。不可以有乱急，亦不可以无乱弛。惟是元年之秋，如器之欹未坠于地。惟尔张公，安坐于其旁，颜色不变，徐起而正之。既正，油然而退，无矜容。为天子牧小民不倦，惟尔张公。尔繄以生，惟尔父母。且公尝为我言：‘民无常性，惟上所待。人皆曰，蜀人多变，于是待之以待盗贼之意，而绳之以绳盗贼之法。重足屏息之民，而以砧斧令，于是民始忍以其父母妻子之所仰赖之身，而弃之于盗贼，故每每大乱。夫约之以礼，驱之以法，惟蜀人为易。至于急之而生变，虽齐、鲁亦然。吾以齐、鲁待蜀人，而蜀人亦自以齐、鲁之人待其身。‖若夫肆意于法律之外，以威劫齐民，吾不忍为也。’呜呼！爱蜀人之深，待蜀人之厚，自公而前，吾未始见也。”皆再拜稽首曰：“然。”‖苏洵又曰：“公之恩在尔心，尔死，在尔子孙。其功业在史官，无以像为也。‖且公意不欲。如何？”皆曰：“公则何事于斯？虽然，于我心有不释焉。今夫平居闻一善，必问其人之性名，与其邻里之所在，以至于其长短、小大、美恶之状，甚者，或诘其平生所嗜好，以想见其为人。而史官亦书之于其传，意使天下之人，思之于心，则存之于目。存之于目，故其思之于心也固。由此观之，像亦不为无助。”苏洵无以诘，遂为之记。‖公南京人，为人慷慨有大节，以度量雄天下。天下有大事，公可属。系之以诗曰：天子在祚，岁在甲午。西人传言，有寇在垣。庭有武臣，谋夫如云。天子曰嘻，命我张公。公来自东，旗纛舒舒。西人聚观，于巷于涂。谓公暨暨，公来于于。公谓西人：“安尔室家，无敢或讹。讹言不祥，往即尔常。春尔条桑，秋尔涤场。”西人稽首，公我父兄。公在西囿，草木骈骈。公宴其僚，伐鼓渊渊。‖西人来观，祝公万年。有女娟娟，闺闼闲闲。有童哇哇，亦既能言。昔公未来，期汝弃捐。禾麻芃芃，仓庾崇崇。嗟我妇子，乐此岁丰。公在朝廷，天子股肱。‖天子曰归，公敢不承？作堂严严，有庑有庭。公像在中，朝服冠缨。西人相告，无敢逸荒。公归京师，公像在堂。","古文观止",""
"刑赏忠厚之至论","宋","苏轼","尧、舜、禹、汤、文、武、成、康之际，何其爱民之深，忧民之切，而待天下以君子长者之道也！有一善，从而赏之，又从而咏歌嗟叹之，所以乐其始而勉其终。有一不善，从而罚之，又从而哀矜惩创之，所以弃其旧而开其新。故其吁俞之声，欢休惨戚，见于虞、夏、商、周之书。成、康既没，穆王立而周道始衰，然犹命其臣吕侯，而告之以祥刑。其言忧而不伤，威而不怒，慈爱而能断，恻然有哀怜无辜之心，故孔子犹有取焉。‖传曰：“赏疑从与，所以广恩也。罚疑从去，所以慎刑也。”当尧之时，皋陶为士，将杀人。皋陶曰杀之三，尧曰宥之三。故天下畏皋陶执法之坚，而乐尧用刑之宽。四岳曰：“鲧可用。”尧曰：“不可。鲧方命圮族。”既而曰：“试之。”何尧之不听皋陶之杀人，而从四岳之用鲧也？然则圣人之意盖亦可见矣。‖《书》曰：“罪疑惟轻，功疑惟重。与其杀不辜，宁失不经。”呜呼！尽之矣。‖可以赏，可以无赏，赏之过乎仁；可以罚，可以无罚，罚之过乎义。过乎仁，不失为君子；过乎义，则流而入于忍人。故仁可过也，义不可过也。‖古者，赏不以爵禄，刑不以刀锯，赏之以爵禄，是赏之道行于爵禄之所加，而不行于爵禄之所不加也。刑以刀锯，是刑之威施于刀锯之所及，而不施于刀锯之所不及也。先王知天下之善不胜赏，而爵禄不足以劝也；知天下之恶不胜刑，而刀锯不足以裁也。是故疑则举而归之于仁，以君子长者之道待天下，使天下相率而归于君子长者之道，故曰忠厚之至也。‖《诗》曰：“君子如祉，乱庶遄己。君子如怒，乱庶遄沮。”夫君子之已乱，岂有异术哉？制其喜怒，而无失乎仁而已矣。《春秋》之义，立法贵严，而责人贵宽，因其褒贬之义以制赏罚，亦忠厚之至也。","古文观止",""
"范增论","宋","苏轼","汉用陈平计，间疏楚君臣。项羽疑范增与汉有私，稍夺其权。增大怒曰：“天下事大定矣，君王自为之，愿赐骸骨归卒伍。”归未至彭城，疽发背死。苏子曰：增之去善矣。不去羽必杀增，独根其不早耳。‖然则当以何事去？增劝羽杀沛公，羽不听，终以此失天下，当于是去耶？曰：否。增之欲杀沛公，人臣之分也。羽之不杀，犹有君人之度也。增曷为以此去哉？‖《易》曰：“知几其神乎！”《诗》曰：“相彼雨雪，先集维霰。”增之去，当于羽杀卿子冠军时也。陈涉之得民也，以项燕扶苏。项氏之兴也，以立楚怀王孙心。而诸侯叛之也，以弑义帝。且义帝之立，增为谋主矣。义帝之存亡，岂独为楚之盛衰，亦增之所与同祸福也。未有义帝亡，而增独能久存者也。羽之杀卿子冠军也，是弑义帝之兆也。其弑义帝，则疑增之本也。岂必待陈平哉？物必先腐也，而后虫生之。人必先疑也，而后谗入之。陈平虽智，安能间无疑之主哉？‖吾尝论义帝，天下之贤主也。独遣沛公入关，不遣项羽；识卿子冠军于稠人之中，而擢以为上将。不贤而能如是乎？羽既矫杀卿子冠军，义帝必不能堪。非羽弑帝，则帝杀羽。不待智者而后知也。增始劝项梁立义帝，诸侯以此服从。中道而弑之，非增之意也。夫岂独非其意，将必力争而不听也。不用其言而杀其所立，羽之疑增，必自是始矣。‖方羽杀卿子冠军，增与羽比肩而事义帝，君臣之分未定也。为增计者，力能诛羽则诛之，不能则去之，岂不毅然大丈夫也哉？增年已七十，合则留，不合则去。不以此时明去就之分，而欲依羽以成功名，陋矣！虽然，增，高帝之所畏也。‖增不去，项羽不亡。呜呼！增亦人杰也哉！","古文观止",""
"留侯论","宋","苏轼","古之所谓豪杰之士，必有过人之节，人情有所不能忍者。匹夫见辱，拔剑而起，挺身而斗，此不足为勇也。天下有大勇者，卒然临之而不惊，无故加之而不怒，此其所挟持者甚大，而其志甚远也。‖夫子房受书于圯上之老人也，其事甚怪。然亦安知其非秦之世，有隐君子者，出而试之？观其所以微见其意者，皆圣贤相与警戒之义。而世不察，以为鬼物，亦已过矣。且其意不在书。当韩之亡，秦之方盛也，以刀锯鼎镬待天下之士，其平居无罪夷灭者，不可胜数。虽有贲、育，无所获施。夫持法太急者，其锋不可犯，而其势未可乘。子房不忍忿忿之心，以匹夫之力，而逞于一击之间。当此之时，子房之不死者，其间不能容发，盖亦危矣。千金之子，不死于盗贼，何哉？‖其身可爱，而盗贼之不足以死也。子房以盖世之才，不为伊尹、太公之谋，而特出于荆轲、聂政之计，以侥幸于不死，此圯上老人之所为深惜者也。是故倨傲鲜腆而深折之。彼其能有所忍也，然后可以就大事。故曰“孺子可教也”。‖楚庄王伐郑，郑伯肉袒牵羊以迎。庄王曰：“其主能下人，必能信用其民矣。”‖遂舍之。句践之困于会稽，而归臣妾于吴者，三年而不倦。且夫有报人之志，而不能下人者，是匹夫之刚也。夫老人者，以为子房才有余而忧其度量之不足，故深折其少年刚锐之气，使之忍小忿而就大谋。何则？非有平生之素，卒然相遇于草野之间，而命以仆妾之役，油然而不怪者，此固秦皇之所不能惊，而项籍之所不能怒也。‖观夫高祖之所以胜，而项籍之所以败者，在能忍与不能忍之间而已矣。项籍唯不能忍，是以百战百胜，而轻用其锋。高祖忍之，养其全锋而待其敝，此子房教之也。当淮阴破齐，而欲自王，高祖发怒，见于词色。由是观之，犹有刚强不能忍之气，非子房其谁全之？‖太史公疑子房以为魁梧奇伟，而其状貌乃如妇人女子，不称其志气。呜呼！‖此其所以为子房欤！","古文观止",""
"贾谊论","宋","苏轼","非才之难，所以自用者实难。惜乎！贾生，王者之佐，而不能自用其才也。‖夫君子之所取者远，则必有所待；所就者大，则必有所忍。古之贤人，皆负可致之才，而卒不能行其万一者，未必皆其时君之罪，或者其自取也。‖愚观贾生之论，如其所言，虽三代何以远过？得君如汉文，犹且以不用死。‖然则是天下无尧、舜，终不可有所为耶？仲尼圣人，历试于天下，苟非大无道之国，皆欲勉强扶持，庶几一日得行其道。将之荆，先之以冉有，申之以子夏，君子之欲得其君，如此其勤也。孟子去齐，三宿而后出昼，犹曰：“王其庶几召我。”‖君子之不忍弃其君，如此其厚也。公孙丑问曰：“夫子何为不豫？”孟子曰：“方今天下，舍我其谁哉？而吾何为不豫？”君子之爱其身，如此其至也。夫如此而不用，然后知天下果不足与有为，而可以无憾矣。若贾生者，非汉文之不能用生，生之不能用汉文也。‖夫绛侯亲握天子玺而授之文帝，灌婴连兵数十万，以决刘、吕之雌雄，又皆高帝之旧将，此其君臣相得之分，岂特父子骨肉手足哉？贾生，洛阳之少年，欲使其一朝之间，尽弃其旧而谋其新，亦已难矣。为贾生者，上得其君，下得其大臣，如绛、灌之属，优游浸渍而深交之，使天子不疑，大臣不忌，然后举天下而唯吾之所欲为，不过十年，可以得志。安有立谈之间，而遽为人“痛哭”哉！观其过湘，为赋以吊屈原，萦纡郁闷，趯然有远举之志。其后以自伤哭泣，至于夭绝，是亦不善处穷者也。夫谋之一不见用，则安知终不复用也？不知默默以待其变，而自残至此。呜呼！贾生志大而量小，才有余而识不足也。‖古之人，有高世之才，必有遗俗之累。是故非聪明睿智不惑之主，则不能全其用。古今称苻坚得王猛于草茅之中，一朝尽斥去其旧臣，而与之谋。彼其匹夫略有天下之半，其以此哉！愚深悲生之志，故备论之。亦使人君得如贾生之臣，则知其有狷介之操，一不见用，则忧伤病沮，不能复振。而为贾生者，亦谨其所发哉！","古文观止",""
"晁错论","宋","苏轼","天下之患，最不可为者，名为治平无事，而其实有不测之忧。坐观其变，而不为之所，则恐至于不可救。起而强为之，则天下狃于治平之安，而不吾信。惟仁人君子豪杰之士，为能出身为天下犯大难，以求成大功。此固非勉强期月之间，而苟以求名之所能也。天下治平，无敌而发大难之端。吾发之，吾能收之，然后有辞于天下。事至而循循焉欲去之，使他人任其责，则天下之祸，必集于我。‖昔者晁错尽忠为汉，谋弱山东之诸侯。山东诸侯并起，以诛错为名。而天子不之察，以错为之说。天下悲错之以忠而受祸，不知错有以取之也。‖古之立大事者，不惟有超世之才，亦必有坚忍不拔之志。昔禹之治水，凿龙门，决大河，而放之海。方其功之未成也，盖亦有溃冒冲突可畏之患。惟能前知其当然，事至不惧，而徐为之图，是以得至于成功。夫以七国之强，而骤削之，其为变岂足怪哉？错不于此时捐其身，为天下当大难之冲，而制吴、楚之命，乃为自全之计，欲使天子自将而己居守。且夫发七国之难者谁乎？己欲求其名，安所逃其患？以自将之至危，与居守之至安，己为难首，择其至安，而遗天子以其至危，此忠臣义士所以愤怨而不平者也。当此之时，虽无袁盎，亦未免于祸。何者？己欲居守，而使人主自将。以情而言，天子固已难之矣，而重违其议，是以袁盎之说，得行于其间。使吴、楚反，错以身任其危，日夜淬砺，东向而待之，使不至于累其君，则天子将恃之以为无恐。虽有百盎，可得而间哉？‖嗟夫！世之君子，欲求非常之功，则无务为自全之计。使错自将而讨吴、楚，未必无功。惟其欲自固其身，而天子不悦，奸臣得以乘其隙。错之所以自全者，乃其所以自祸欤！","古文观止",""
"上梅直讲书","宋","苏轼","轼每读《诗》至《鸱鸮》，读《书》至《君奭》，常窃悲周公之不遇。及观《史》，见孔子厄于陈、蔡之间，而弦歌之声不绝，颜渊、仲由之徒，相与问答。‖夫子曰：“‘匪兕匪虎，率彼旷野。’吾道非耶？吾何为于此？”颜渊曰：“夫子之道至大，故天下莫能容。虽然，不容何病？不容然后见君子。”夫子油然而笑曰：“回，使尔多财，吾为尔宰。”夫天下虽不能容，而其徒自足以相乐如此。‖乃今知周公之富贵，有不如夫子之贫贱。夫以召公之贤，以管、蔡之亲，而不知其心，则周公谁与乐其富贵？而夫子之所与共贫贱者，皆天下之贤才，则亦足以乐乎此矣。‖轼七、八岁时，始知读书，闻今天下有欧阳公者，其为人如古孟轲、韩愈之徒。而又有梅公者，从之游而与之上下其议论。其后益壮，始能读其文词，想见其为人，意其飘然脱去世俗之乐而自乐其乐也。方学为对偶声律之文，求升斗之禄，自度无以进见于诸公之间。来京师逾年，未尝窥其门。今年春，天下之士群至于礼部，执事与欧阳公实亲试之。轼不自意，获在第二。既而闻之，执事爱其文，以为有孟轲之风，而欧阳公亦以其能不为世俗之文也而取。是以在此，非左右为之先容，非亲旧为之请属，而向之十余年间闻其名而不得见者，一朝为知己。‖退而思之，人不可以苟富贵，亦不可以徒贫贱。有大贤焉而为其徒，则亦足恃矣！‖苟其侥一时之幸，从车骑数十人，使闾巷小民聚观而赞叹之，亦何以易此乐也！‖传曰：“不怨天，不尤人”，盖“优哉游哉，可以卒岁”。执事名满天下，而位不过五品，其容色温然而不怒，其文章宽厚敦朴而无怨言。此必有所乐乎斯道也，轼愿与闻焉。","古文观止",""
"喜雨亭记","宋","苏轼","亭以雨名，志喜也。古者有喜，则以名物，示不忘也。周公得禾，以名其书；汉武得鼎，以名其年；叔孙胜敌，以名其子。其喜之大小不齐，其示不忘一也。‖予至扶风之明年，始治官舍。为亭于堂之北，而凿池其南，引流种树，以为休息之所。是岁之春，雨麦于岐山之阳，其占为有年。既而弥月不雨，民方以为忧。越三月，乙卯乃雨，甲子又雨，民以为未足。丁卯大雨，三日乃止。官吏相与庆于庭，商贾相与歌于市，农夫相与忭于野，忧者以喜，病者以愈，而吾亭适成。‖于是举酒于亭上。以属客而告之，曰：“五日不雨可乎？曰：‘五日不雨则无麦。’十日不雨可乎？曰：‘十日不雨则无禾。’无麦无禾，岁且荐饥，狱讼繁兴而盗贼滋炽。则吾与二三子，虽欲优游以乐于此亭，其可得耶？今天不遗斯民，始旱而赐之以雨。使吾与二三子得相与优游而乐于此亭者，皆雨之赐也。其又可忘耶？”‖既以名亭，又从而歌之，曰：“使天而雨珠，寒者不得以为襦；使天而雨玉，饥者不得以为粟。一雨三日，伊谁之力？民曰太守，太守不有。归之天子，天子曰不然；归之造物，造物不自以为功；归之太空。太空冥冥，不可得而名。吾以名吾亭。”","古文观止",""
"凌虚台记","宋","苏轼","国于南山之下，宜若起居饮食与山接也。四方之山，莫高于终南，而都邑之丽山者，莫近于扶风。以至近求最高，其势必得。而太守之居，未尝知有山焉。‖虽非事之所以损益，而物理有不当然者。此凌虚之所为筑也。‖方其未筑也，太守陈公杖履逍遥于其下。见山之出于林木之上者，累累如人之旅行于墙外而见其髻也。曰：“是必有异。”使工凿其前为方池，以其土筑台，高出于屋之檐而止。然后，人之至于其上者，恍然不知台之高，而以为山之踊跃奋迅而出也。公曰：“是宜名凌虚。”以告其从事苏轼，而求文以为记。轼复于公曰：“物之废兴成毁，不可得而知也。昔者荒草野田，霜露之所蒙翳，狐虺之所窜伏。方是时，岂知有凌虚台耶？废兴成毁，相寻于无穷，则台之复为荒草野田，皆不可知也。尝试与公登台而望，其东则秦穆之祈年橐泉也，其南则汉武之长杨、五柞，而其北则隋之仁寿、唐之九成也。计其一时之盛，宏杰诡丽，坚固而不可动者，岂特百倍于台而已哉！然而，数世之后，欲求其仿佛，而破瓦颓垣无复存者，既已化为禾黍荆棘丘墟陇亩矣，而况于此台欤！夫台犹不足恃以长久，而况于人事之得丧、忽往而忽来者欤？而或者欲以夸世而自足，则过矣。盖世有足恃者，而不在乎台之存亡也。”‖既以言于公，退而为之记。","古文观止",""
"超然台记","宋","苏轼","凡物皆有可观。苟有可观，皆有可乐。非必怪奇伟丽者也。𫗦糟啜醨，皆可以醉。果蔬草木，皆可以饱。推此类也，吾安往而不乐！‖夫所为求福而辞祸者，以福可喜而祸可悲也。人之所欲无穷，而物之可以足吾欲者有尽。美恶之辨战于中，而去取之择交乎前，则可乐者常少，而可悲者常多。是谓求祸而辞福。夫求祸而辞福，岂人之情也哉？物有以盖之矣。彼游于物之内，而不游于物之外。物非有大小也，自其内而观之，未有不高且大者也。彼挟其高大以临我，则我常眩乱反复。如隙中之观斗，又乌知胜负之所在？是以美恶横生，而忧乐出焉，可不大哀乎！‖余自钱塘移守胶西，释舟楫之安，而服车马之劳；去雕墙之美，而庇采椽之居；背湖山之观，而行桑麻之野。始至之日，岁比不登，盗贼满野，狱讼充斥，而斋厨索然，日食杞菊，人固疑予之不乐也。处之期年，而貌加丰，发之白者，日以反黑。予既乐其风俗之淳，而其吏民亦安予之拙也。于是治其园囿，洁其庭宇，伐安邱、高密之木，以修补破败，为苟完之计。而园之北，因城以为台者旧矣，稍葺而新之。‖时相与登览，放意肆志焉。南望马耳、常山，出没隐见，若近若远，庶几有隐君子乎？而其东则庐山，秦人卢敖之所从遁也。西望穆陵，隐然如城郭，师尚父、齐威公之遗烈，犹有存者。北俯潍水，慨然大息，思淮阴之功，而吊其不终。‖台高而安，深而明，夏凉而冬温。雨雪之朝，风月之夕，予未尝不在，客未尝不从。撷园蔬，取池鱼，酿秫酒，瀹脱粟而食之，曰：“乐哉！游乎！”‖方是时，予弟子由，适在济南，闻而赋之，且名其台曰“超然”。以见予之无所往而不乐者，盖游于物之外也。","古文观止",""
"放鹤亭记","宋","苏轼","熙宁十年秋，彭城大水。云龙山人张君之草堂，水及其半扉。明年春，水落，迁于故居之东，东山之麓。升高而望，得异境焉，作亭于其上。彭城之山，冈岭四合，隐然如大环，独缺其西一面。而山人之亭，适当其缺。春夏之交，草木际天，秋冬雪月，千里一色。风雨晦明之间，俯仰百变。山人有二鹤，甚驯而善飞，旦则望西山之缺而放焉，纵其所如，或立于陂田，或翔于云表，暮则傃东山而归，故名之曰“放鹤亭”。‖郡守苏轼，时从宾客僚吏往见山人，饮酒于斯亭而乐之。挹山人而告之曰：“子知隐居之乐乎？虽南面之君，未可与易也。《易》曰：‘鸣鹤在阴，其子和之。’《诗》曰：‘鹤鸣于九皋，声闻于天。’盖其为物清远闲放，超然于尘埃之外，故《易》、《诗》人以比贤人君子。隐德之士，狎而玩之，宜若有益而无损者，然卫懿公好鹤则亡其国。周公作《酒诰》，卫武公作《抑》戒。以为荒惑败乱，无若酒者，而刘伶、阮籍之徒以此全其真而名后世。嗟夫！南面之君，虽清远闲放如鹤者，犹不得好，好之则亡其国。而山林遁世之士，虽荒惑败乱如酒者，犹不能为害，而况于鹤乎！由此观之，其为乐未可以同日而语也。”‖山人忻然而笑曰：“有是哉！”乃作放鹤、招鹤之歌曰：“鹤飞去兮，西山之缺。高翔而下览兮，择所适。翻然敛翼，宛将集兮，忽何所见，矫然而复击。‖独终日于涧谷之间兮，啄苍苔而履白石。鹤归来兮，东山之阴。其下有人兮，黄冠草屦，葛衣而鼓琴。躬耕而食兮，其余以汝饱。归来归来兮，西山不可以久留。”","古文观止",""
"石钟山记","宋","苏轼","《水经》云：“彭蠡之口，有石钟山焉。”郦元以为下临深潭，微风鼓浪，水石相搏，声如洪钟。是说也，人常疑之。今以钟磬置水中，虽大风浪不能鸣也，而况石乎！至唐李渤，始访其遗踪，得双石于潭上。扣而聆之，南声函胡，北音清越，枹止响腾，余韵徐歇。自以为得之矣。然是说也，余尤疑之。石之铿然有声者，所在皆是也，而此独以钟名，何哉？‖元丰七年六月丁丑，余自齐安舟行适临汝，而长子迈将赴饶之德兴尉。送之至湖口，因得观所谓石钟者。寺僧使小童持斧，于乱石间择其一二扣之，硿硿然。余固笑而不信也。至其夜，月明，独与迈乘小舟，至绝壁下。大石侧立千尺，如猛兽奇鬼，森然欲搏人。而山人栖鹘，闻人声亦惊起，磔磔云霄间。又有若老人咳且笑于山谷中者，或曰：“此鹳鹤也。”余方心动欲还，而大声发于水上，噌吰如钟鼓不绝。舟人大恐。徐而察之，则山下皆石穴罅，不知其浅深，微波入焉，涵澹澎湃而为此也。舟回至两山间，将入港口，有石当中流，可坐百人，空中而多窍，与风水相吞吐，有窾坎镗鞳之声，与向之噌吰者相应，如乐作焉。因笑谓迈曰：“汝识之乎？噌吰者，周景王之无射也；窾坎镗鞳者，魏献子之歌钟也。古之人不余欺也！”‖事不目见耳闻，而臆断其有无，可乎？郦元之所见闻，殆与余同，而言之不详；士大夫终不肯以小舟夜泊绝壁之下，故莫能知；而渔工水师，虽知而不能言，此世所以不传也。而陋者乃以斧斤考击而求之，自以为得其实。余是以记之，盖叹郦元之简，而李渤之陋也。","古文观止",""
"潮洲韩文公庙碑","宋","苏轼","匹夫而为百世师，一言而为天下法，是皆有以参天地之化，关盛衰之运。其生也有自来，其逝也有所为。故申、吕自岳降，傅说为列星。古今所传，不可诬也。‖孟子曰：“我善养吾浩然之气。”是气也，寓于寻常之中，而塞乎天地之间。‖卒然遇之，则王、公失其贵，晋、楚失其富，良、平失其智，贲、育失其勇，仪、秦失其辩。是孰使之然哉？其必有不依形而立，不恃力而行，不待生而存，不随死而亡者矣。故在天为星辰，在地为河岳，幽则为鬼神，而明则复为人。此理之常，无足怪者。‖自东汉以来，道丧文弊，异端并起。历唐贞观、开元之盛，辅以房、杜、姚、宋而不能救。独韩文公起布衣，谈笑而麾之，天下靡然从公，复归于正，盖三百年于此矣。文起八代之衰，而道济天下之溺，忠犯人主之怒，而勇夺三军之帅，此岂非参天地，关盛衰、浩然而独存者乎？‖盖尝论天人之辨，以谓人无所不至，惟天不容伪。智可以欺王公，不可以欺豚鱼；力可以得天下，不可以得匹夫匹妇之心。故公之精诚，能开衡山之云，而不能回宪宗之惑；能驯鳄鱼之暴，而不能弭皇甫镈、李逢吉之谤；能信于南海之民，庙食百世，而不能使其身一日安之于朝廷之上。盖公之所能者天也，其所不能者人也。‖始潮人未知学，公命进士赵德为之师。自是，潮之士皆笃于文行，延及齐民。‖至于今，号称易治。信乎孔子之言：“君子学道则爱人，小人学道则易使也。”‖潮人之事公也，饮食必祭，水旱疾疫，凡有求必祷焉。而庙在刺史公堂之后，民以出入为艰。前太守欲请诸朝作新庙，不果。元祐五年，朝散郎王君涤来守是邦。凡所以养士治民者，一以公为师。民既悦服，则出令曰：“愿新公庙者听。”‖民欢趋之。卜地于州城之南七里，期年而庙成。‖或曰：“公去国万里，而谪于潮，不能一岁而归。没而有知，其不眷恋于潮也审矣。”轼曰：“不然！公之神在天下者，如水之在地中，无所往而不在也。‖而潮人独信之深，思之至，焄蒿凄怆，若或见之，譬如凿井得泉，而曰水专在是，岂理也哉？”‖元丰元年，诏封公昌黎伯，故榜曰：“昌黎伯韩文公之庙。”潮人请书其事于石，因为作诗以遗之，使歌以祀公。其辞曰：公昔骑龙白云乡，手抉云汉分天章，天孙为织云锦裳，飘然乘风来帝旁，下与浊世扫秕糠。西游咸池略扶桑，草木衣被昭回光，追逐李、杜参翱翔，汗流籍、湜走且僵，灭没倒影不能望，作书诋佛讥君王，要观南海窥衡、湘，历舜九嶷吊英、皇。祝融先驱海若藏，约束蛟鳄如驱羊。钧天无人帝悲伤，讴吟下招遣巫阳。犦牲鸡卜羞我觞，于粲荔丹与蕉黄。公不少留我涕滂，翩然被发下大荒。”","古文观止",""
"乞校正陆贽奏议进御扎子","宋","苏轼","臣等猥以空疏，备员讲读。圣明天纵，学问日新。臣等才有限而道无穷，心欲言而口不逮，以此自愧，莫知所为。窃谓人臣之纳忠，譬如医者之用药。药虽进于医手，方多传于古人。若已经效于世间，不必皆从于己出。‖伏见唐宰相陆贽，才本王佐，学为帝师。论深切于事情，言不离于道德。智如子房而文则过，辨如贾谊而术不疏。上以格君心之非，下以通天下之志。但其不幸，仕不遇时。德宗以苛刻为能，而贽谏之以忠厚；德宗以猜忌为术，而贽劝之以推诚；德宗好用兵，而贽以消兵为先；德宗好聚财，而贽以散财为急。至于用人听言之法，治边御将之方，罪己以收人心，改过以应天道，去小人以除民患，惜名器以待有功，如此之流，未易悉数。可谓进苦口之药石，针害身之膏肓。使德宗尽用其言，则贞观可得而复。‖臣等每退自西阁，即私相告，以陛下圣明，必喜贽议论。但使圣贤之相契，即如臣主之同时。昔冯唐论颇牧之贤，则汉文为之太息。魏相条晁董之对，则孝宣以致中兴。若陛下能自得师，则莫若近取诸贽。‖夫六经、三史、诸子百家，非无可观，皆足为治。但圣言幽远，末学支离，譬如山海之崇深，难以一二而推择。如贽之论，开卷了然。聚古今之精英，实治乱之龟鉴。臣等欲取其奏议，稍加校正，缮写进呈。愿陛下置之坐隅，如见贽面；反复熟读，如与贽言。必能发圣性之高明，成治功于岁月。‖臣等不胜区区之意，取进止。","古文观止",""
"前赤壁赋","宋","苏轼","壬戍之秋，七月既望，苏子与客泛舟游于赤壁之下。清风徐来，水波不兴。‖举酒属客，诵《明月》之诗，歌《窈窕》之章。少焉，月出于东山之上，徘徊于斗牛之间。白露横江，水光接天。纵一苇之所如，凌万顷之茫然。浩浩乎如冯虚御风，而不知其所止；飘飘乎如遗世独立，羽化而登仙。‖于是饮酒乐甚，扣舷而歌之。歌曰：“桂棹兮兰桨，击空明兮溯流光。渺渺兮予怀，望美人兮天一方。”客有吹洞箫者，倚歌而和之。其声呜呜然，如怨，如慕，如泣，如诉，余音袅袅，不绝如缕。舞幽壑之潜蛟，泣孤舟之嫠妇。‖苏子愀然，正襟危坐而问客曰：“何为其然也？”客曰：“‘月明星稀，乌鹊南飞’，此非曹孟德之诗乎？西望夏口，东望武昌，山川相缪，郁乎苍苍，此非孟德之困于周郎者乎？方其破荆州，下江陵，顺流而东也，舳舻千里，旌旗蔽空，酾酒临江，横槊赋诗，固一世之雄也，而今安在哉！况吾与子渔樵于江渚之上，侣鱼虾而友麋鹿，驾一叶之扁舟，举匏樽以相属。寄蜉蝣于天地，渺沧海之一粟，哀吾生之须臾，羡长江之无穷。挟飞仙以遨游，抱明月而长终。知不可乎骤得，托遗响于悲风。”‖苏子曰：“客亦知夫水与月乎？逝者如斯，而未尝往也；盈虚者如彼，而卒莫消长也。盖将自其变者而观之，则天地曾不能以一瞬；自其不变者而观之，则物与我皆无尽也。而又何羡乎？且夫天地之间，物各有主，苟非吾之所有，虽一毫而莫取。惟江上之清风，与山间之明月，耳得之而为声，目遇之而成色，取之无禁，用之不竭。是造物者之无尽藏也，而吾与子之所共适。”‖客喜而笑，洗盏更酌。肴核既尽，杯盘狼藉。相与枕籍乎舟中，不知东方之既白。","古文观止",""
"后赤壁赋","宋","苏轼","是岁十月之望，步自雪堂，将归于临皋。二客从予，过黄泥之坂。霜露既降，木叶尽脱。人影在地，仰见明月。顾而乐之，行歌相答。已而叹曰：“有客无酒，有酒无肴，月白风清，如此良夜何？”客曰：“今者薄暮，举网得鱼，巨口细鳞，状如松江之鲈。顾安所得酒乎？”归而谋诸妇。妇曰：“我有斗酒，藏之久矣，以待子不时之需。”‖于是携酒与鱼，复游于赤壁之下。江流有声，断岸千尺，山高月小，水落石出。曾日月之几何，而江山不可复识矣！予乃摄衣而上，履巉岩，披蒙茸，踞虎豹，登虬龙，攀栖鹘之危巢，俯冯夷之幽宫，盖二客不能从焉。划然长啸，草木震动，山鸣谷应，风起水涌。予亦悄然而悲，肃然而恐，凛乎其不可留也。反而登舟，放乎中流，听其所止而休焉。时夜将半，四顾寂寥。适有孤鹤，横江东来，翅如车轮，玄裳缟衣，戛然长鸣，掠予舟而西也。‖须臾客去，予亦就睡。梦一道士，羽衣蹁跹，过临皋之下。揖予而言曰：“赤壁之游乐乎？”问其姓名，俯而不答。“鸣呼噫嘻！我知之矣！畴昔之夜，飞鸣而过我者，非子也耶？”道士顾笑，予亦惊寤。开户视之，不见其处。","古文观止",""
"三槐堂铭","宋","苏轼","天可必乎？贤者不必贵，仁者不必寿。天不可必乎？仁者必有后。二者将安取衷哉？‖吾闻之申包胥曰：“人定者胜天，天定亦能胜人。”世之论天者，皆不待其定而求之，故以天为茫茫。善者以怠，恶者以肆。盗跖之寿，孔、颜之厄，此皆天之未定者也。松柏生于山林，其始也，困于蓬蒿，厄于牛羊；而其终也，贯四时、阅千岁而不改者，其天定也。善恶之报，至于子孙，则其定也久矣。吾以所见所闻考之，而其可必也审矣。‖国之将兴，必有世德之臣，厚施而不食其报，然后其子孙能与守文太平之主共天下之福。故兵部侍郎晋国王公，显于汉、周之际，历事太祖、太宗，文武忠孝，天下望以为相，而公卒以直道不容于时。盖尝手植三槐于庭，曰：“吾子孙必有为三公者。”已而其子魏国文正公，相真宗皇帝于景德、祥符之间，朝廷清明、天下无事之时，享其福禄荣名者十有八年。今夫寓物于人，明日而取之，有得有否。而晋公修德于身，责报于天，取必于数十年之后，如持左契，交手相付，吾是以知天之果可必也。‖吾不及见魏公，而见其子懿敏公。以直谏事仁宗皇帝，出入侍从将帅三十余年，位不满其德。天将复兴王氏也欤？何其子孙之多贤也？世有以晋公比李栖筠者，其雄才直气，真不相上下。而栖筠之子吉甫、其孙德裕，功名富贵略与王氏等，而忠恕仁厚，不及魏公父子。由此观之，王氏之福，盖未艾也。‖懿敏公之子巩与吾游，好德而文，以世其家，吾以是铭之。铭曰：呜呼休哉！‖魏公之业，与槐俱萌。封植之勤，必世乃成。既相真宗，四方砥平。归视其家，槐荫满庭。吾侪小人，朝不及夕，相时射利，皇恤厥德？庶几侥幸，不种而获。‖不有君子，其何能国？王城之东，晋公所庐，郁郁三槐，惟德之符。呜呼休哉！","古文观止",""
"方山子传","宋","苏轼","方山子，光、黄间隐人也。少时慕朱家、郭解为人，闾里之侠皆宗之。稍壮，折节读书，欲以此驰骋当世，然终不遇。晚乃遁于光、黄间，曰岐亭。庵居蔬食，不与世相闻。弃车马，毁冠服，徒步往来山中，人莫识也。见其所著帽，方耸而高，曰：“此岂古方山冠之遗像乎？”因谓之“方山子”。‖余谪居于黄，过岐亭，适见焉。曰：“呜呼！此吾故人陈慥季常也！何为而在此？”方山子亦矍然问余所以至此者。余告之故。俯而不答，仰而笑，呼余宿其家，环堵萧然，而妻子奴婢，皆有自得之意。‖余既耸然异之。独念方山子少时，使酒好剑，用财如粪土。前十九年，余在岐山，见方山子从两骑，挟二矢游西山，鹊起于前，使骑逐而射之，不获。方山子怒马独出，一发得之。因与余马上论用兵及古今成败，自谓一时豪士。今几日耳，精悍之色，犹见于眉间，而岂山中之人哉！‖然方山子世有勋阀，当得官。使从事于其间，今已显闻。而其家在洛阳，园宅壮丽，与公侯等。河北有田，岁得帛千匹，亦足以富乐。皆弃不取，独来穷山中，此岂无得而然哉？‖余闻光、黄间多异人，往往佯狂垢污，不可得而见，方山子倘见之欤？","古文观止",""
"六国论","宋","苏辙","尝读六国世家，窃怪天下之诸侯以五倍之地、十倍之众，发愤西向，以攻山西千里之秦，而不免于灭亡。常为之深思远虑，以为必有可以自安之计，盖未尝不咎其当时之士虑患之疏而见利之浅，且不知天下之势也。‖夫秦之所与诸侯争天下者，不在齐、楚、燕、赵也，而在韩、魏之郊；诸侯之所与秦争天下者，不在齐、楚、燕、赵也，而在韩、魏之野。秦之有韩、魏，譬如人之有腹心之疾也。韩、魏塞秦之冲而蔽山东之诸侯，故夫天下之所重者，莫如韩、魏也。昔者范睢用于秦而收韩，商鞅用于秦而收魏。昭王未得韩、魏之心而出兵以攻齐之刚、寿，而范睢以为忧，然则秦之所忌者可以见矣。‖秦之用兵于燕、赵，秦之危事也。越韩过魏而攻人之国都，燕、赵拒之于前，而韩、魏乘之于后，此危道也。而秦之攻燕、赵，未尝有韩、魏之忧，则韩、魏之附秦故也。夫韩、魏诸侯之障，而使秦人得出入于其间，此岂知天下之势耶？‖委区区之韩、魏，以当强虎狼之秦，彼安得不折而入于秦哉？韩、魏折而入于秦，然后秦人得通其兵于东诸侯，而使天下遍受其祸。‖夫韩、魏不能独当秦，而天下之诸侯藉之以蔽其西，故莫如厚韩亲魏以摈秦。‖秦人不敢逾韩、魏以窥齐、楚、燕、赵之国，而齐、楚、燕、赵之国，因得以自完于其间矣。以四无事之国，佐当寇之韩、魏，使韩、魏无东顾之忧，而为天下出身以当秦兵。以二国委秦，而四国休息于内，以阴助其急，若此可以应夫无穷。‖彼秦者将何为哉？不知出此，而乃贪疆场尺寸之利，背盟败约，以自相屠灭，秦兵未出，而天下诸侯已自困矣。至于秦人得伺其隙以取其国，可不悲哉！","古文观止",""
"上枢密韩太尉书","宋","苏辙","太尉执事：辙生好为文，思之至深。以为文者气之所形，然文不可以学而能，气可以养而致。孟子曰：“我善养吾浩然之气。”今观其文章，宽厚宏博，充乎天地之间，称其气之小大。太史公行天下，周览四海名山大川，与燕、赵间豪俊交游，故其文疏荡，颇有奇气。此二子者，岂尝执笔学为如此之文哉？其气充乎其中而溢乎其貌，动乎其言而见乎其文，而不自知也。‖辙生十有九年矣。其居家所与游者，不过其邻里乡党之人。所见不过数百里之间，无高山大野可登览以自广。百氏之书，虽无所不读，然皆古人之陈迹，不足以激发其志气。恐遂汨没，故决然舍去，求天下奇闻壮观，以知天地之广大。‖过秦、汉之故都，恣观终南、嵩、华之高；北顾黄河之奔流，慨然想见古之豪杰。‖至京师，仰观天子宫阙之壮，与仓廪、府库、城池、苑囿之富且大也，而后知天下之巨丽。见翰林欧阳公，听其议论之宏辩，观其容貌之秀伟，与其门人贤士大夫游，而后知天下之文章聚乎此也。太尉以才略冠天下，天下之所恃以无忧，四夷之所惮以不敢发。入则周公、召公，出则方叔、召虎。而辙也未之见焉。‖且夫人之学也，不志其大，虽多而何为？辙之来也，于山见终南、嵩、华之高，于水见黄河之大且深，于人见欧阳公，而犹以为未见太尉也。故愿得观贤人之光耀，闻一言以自壮，然后可以尽天下之大观而无憾者矣。‖辙年少，未能通习吏事。向之来，非有取于斗升之禄，偶然得之，非其所乐。‖然幸得赐归待选，使得优游数年之间，将以益治其文，且学为政。太尉苟以为可教而辱教之，又幸矣！","古文观止",""
"黄州快哉亭记","宋","苏辙","江出西陵，始得平地，其流奔放肆大，南合湘、沅，北合汉、沔，其势益张。‖至于赤壁之下，波流浸灌，与海相若。清河张君梦得，谪居齐安，即其庐之西南为亭，以览观江流之胜。而余兄子瞻名之曰“快哉”。‖盖亭之所见，南北百里，东西一舍。涛澜汹涌，风云开阖。昼则舟楫出没于其前，夜则鱼龙悲啸于其下。变化倏忽，动心骇目，不可久视。今乃得玩之几席之上，举目而足。西望武昌诸山，冈陵起伏，草木行列，烟消日出，渔夫、樵父之舍，皆可指数。此其所以为“快哉”者也。至于长洲之滨，故城之墟，曹孟德、孙仲谋之所睥睨，周瑜、陆逊之所驰骛，其流风遗迹，亦足以称快世俗。‖昔楚襄王从宋玉、景差于兰台之宫。有风飒然至者，王披襟当之，曰：“快哉，此风！寡人所与庶人共者耶。”宋玉曰：“此独大王之雄风耳，庶人安得共之！”玉之言，盖有讽焉。夫风无雄雌之异，而人有遇不遇之变。楚王之所以为乐，与庶人之所以为忧，此则人之变也，而风何与焉？士生于世，使其中不自得，将何往而非病？使其中坦然，不以物伤性，将何适而非快？今张君不以谪为患，收会稽之余，而自放山水之间，此其中宜有以过人者。将蓬户瓮牖，无所不快，而况乎濯长江之清流，挹西山之白云，穷耳目之胜以自适也哉！不然，连山绝壑，长林古木，振之以清风，照之以明月，此皆骚人思士之所以悲伤憔悴而不能胜者，乌睹其为快也哉！","古文观止",""
"寄欧阳舍人书","宋","曾巩","去秋人还，蒙赐书及所撰先大父墓碑铭，反复观诵，感与惭并。‖夫铭志之著于世，义近于史，而亦有与史异者。盖史之于善恶无所不书，而铭者，盖古之人有功德、材行、志义之美者，惧后世之不知，则必铭而见之。或纳于庙，或存于墓，一也。苟其人之恶，则于铭乎何有？此其所以与史异也。其辞之作，所以使死者无有所憾，生者得致其严。而善人喜于见传，则勇于自立；恶人无有所纪，则以愧而惧。至于通材达识、义烈节士，嘉言善壮，皆见于篇，则足为后法。警劝之道，非近乎史，其将安近？‖及世之衰，人之子孙者，一欲褒扬其亲而不本乎理。故虽恶人，皆务勒铭以夸后世。立言者，既莫之拒而不为，又以其子孙之请也，书其恶焉，则人情之所不得，于是乎铭始不实。后之作铭者，当观其人。苟托之非人，则书之非公与是，则不足以行世而传后。故千百年来，公卿大夫至于里巷之士，莫不有铭，而传者盖少，其故非他，托之非人，书之非公与是故也。‖然则孰为其人，而能尽公与是欤？非畜道德而能文章者，无以为也。盖有道德者之于恶人，则不受而铭之；于众人则能辨焉。而人之行，有情善而迹非，有意奸而外淑，有善恶相悬而不可以实指，有实大于名，有名侈于实。犹之用人，非畜道德者，恶作辨之不惑，议之不徇？不惑不徇，则公且是矣。而其辞之不工，则世犹不传，于是又在其文章兼胜焉。故曰非畜道德而能文章者，无以为也，岂非然哉？‖然畜道德而能文章者，虽或并世而有，亦或数十年、或一二百年而有之。其传之难又如此，其遇之难又如此。若先生之道德文章，固所谓数百年而有者也。‖先祖之言行卓卓，幸遇而得铭其公与是，其传世行后无疑也。而世之学者，每观传记所书古人之事，至于所可感，则往往衋然不知涕之流落也，况其子孙也哉？况巩也哉！其追晞祖德而思所以传之之由，则知先生推一赐于巩而及其三世。‖其感与报，宜若何而图之？抑又思若巩之浅薄滞拙，而先生进之；先祖之屯蹶否塞以死，而先生显之；则世之魁闳豪杰不世出之士，其谁不愿进于门？潜遁幽抑之士，其谁不有望于世？善谁不为？而恶谁不愧以惧？为人之父祖者，孰不欲教其子孙？为人之子孙者，孰不欲宠荣其父祖？此数美者，一归于先生。‖既拜赐之辱，且敢进其所以然。所论世族之次，敢不承教而加详焉。愧甚不宣。","古文观止",""
"赠黎安二生序","宋","曾巩","赵郡苏轼，予之同年友也。自蜀以书至京师遗予，称蜀之士曰黎生、安生者。‖既而黎生携其文数十万言，安生携其文亦数千言，辱以顾予。读其文，诚闳壮隽伟，善反复驰骋，穷尽事理。而其材力之放纵，若不可极者也。二生固可谓魁奇特起之士，而苏君固可谓善知人者也！‖顷之，黎生补江陵府司法参军。将行，请予言以为赠。予曰：“予之知生，既得之于心矣，乃将以言相求于外邪？”黎生曰：“生与安生之学于斯文，里之人皆笑，以为迂阔。今求子之言，盖将解惑于里人。”予闻之，自顾而笑。夫世之迂阔，孰有甚于予乎？知信乎古，而不知合乎世；知志乎道，而不知同乎俗。‖此予所以困于今而不自知也。世之迂阔，孰有甚于予乎？今生之迂，特以文不近俗，迂之小者耳，患为笑于里之人。若余之迂大矣，使生持吾言而归，且重得罪，庸讵止于笑乎？然则若余之于生，将何言哉？谓予之迂为善，则其患若此。谓为不善，则有以合乎世，必伟乎古，有以同乎俗，必离乎道矣。生其无急于解里人之惑，则于是焉必能择而取之。遂书以赠二生，并示苏君，以为何如也！","古文观止",""
"读孟尝君传","宋","王安石","世皆称孟尝君能得士，士以故归之。而卒赖其力，以脱于虎豹之秦。‖嗟呼！孟尝君特鸡鸣狗盗之雄耳，岂足以言得士？不然，擅齐之强，得一士焉，宜可以南面而制秦，尚何取鸡鸣狗盗之力哉？鸡鸣狗盗之出其门，此士之所以不至也。","古文观止",""
"同学一首别子固","宋","王安石","江之南有贤人焉，字子固，非今所谓贤人者，予慕而友之。淮之南有贤人焉，字正之，非今所谓贤人者，予慕而友之。‖二贤人者，足未尝相过也，口未尝相语也，辞币未尝相接也。其师若友，岂尽同哉？予考其言行，其不相似者何其少也！曰：学圣人而已矣。学圣人，则其师若友，必学圣人者。圣人之言行，岂有二哉？其相似也适然。‖予在淮南，为正之道子固，正之不予疑也。还江南，为子固道正之，子固亦以为然。予又知所谓贤人者，既相似又相信不疑也。子固作《怀友》一首遗余，其大略欲相扳，以至乎中庸而后已。正之盖亦尝云尔。‖夫安驱徐行，轥中庸之庭而造于其室，舍二贤人者而谁哉？予昔非敢自必其有至也，亦愿从事于左右焉尔，辅而进之其可也。‖噫！官有守，私有系，会合不可以常也。作《同学》一首别子固，以相警，且相慰云。","古文观止",""
"游褒禅山记","宋","王安石","褒禅山亦谓之华山。唐浮图慧褒，始舍于其址，而卒葬之。以故，其后名之曰褒禅。今所谓慧空禅院者，褒之庐冢也。距其院东五里，所谓华山洞者，以其乃华山之阳名之也。距洞百余步，有碑仆道，其文漫灭，独其为文犹可识曰“花山”，今言“华”如“华实”之“华”者，盖音谬也。‖其下平旷，有泉侧出，而记游者甚众，所谓“前洞”也。由山以上五六里，有穴窈然，入之甚寒，问其深，则其好游者不能穷也，谓之“后洞”。余与四人拥火以入，入之愈深，其进愈难，而其见愈奇。有怠而欲出者，曰：“不出，火且尽。”遂与之俱出。盖予所至，比好游者尚不能十一，然视其左右，来而记之者已少。盖其又深，则其至又加少矣。方是时，予之力尚足以入，火尚足以明也。‖既其出，则或咎其欲出者，而予亦悔其随之，而不得极乎游之乐也。‖于是予有叹焉；古人之观于天地、山川、草木、虫鱼、鸟兽，往往有得，以其求思之深而无不在也。夫夷以近，则游者众；险以远，则至者少。而世之奇伟、瑰怪、非常之观，常在于险远，而人之所罕至焉，故非有志者不能至也。有志矣，不随以止也，然力不足者，亦不能至也。有志与力，而又不随以怠，至于幽暗昏惑，而无物以相之，亦不能至也。然力足以至焉，于人为可讥，而在己为有悔；尽吾志也，而不能至者，可以无悔矣，其孰能讥之乎？此予之所得也！‖余于仆碑，又以悲夫古书之不存，后世之谬其传而莫能名者，何可胜道也哉！‖此所以学者不可以不深思而慎取之也。‖四人者：庐陵萧君圭君玉，长乐王回深父，余弟安国平父、安上纯父。","古文观止",""
"泰州海陵县主簿许君墓志铭","宋","王安石","君讳平，字秉之，姓许氏。余尝谱其世家，所谓今秦州海陵县主簿者也。君既与兄元相友爱称天下，而自少卓荦不羁，善辩说，与其兄俱以智略为当世大人所器。宝元时，朝廷开方略之选，以招天下异能之士，而陕西大帅范文正公、郑文肃公争以君所为书以荐，于是得召试，为太庙斋郎，已而选泰州海陵县主簿。‖贵人多荐君有大才，可试以事，不宜弃之州县。君亦尝慨然自许，欲有所为。‖然终不得一用其智能以卒。噫！其可哀也已。‖士固有离世异俗，独行其意，骂讥、笑侮、困辱而不悔，彼皆无众人之求而有所待于后世者也，其龃龉固宜。若夫智谋功名之士，窥时俯仰以赴势物之会，而辄不遇者，乃亦不可胜数。辩足以移万物，而穷于用说之时；谋足以夺三军，而辱于右武之国，此又何说哉？嗟乎！彼有所待而不悔者，其知之矣。‖君年五十九，以嘉祐某年某月某甲子，葬真州之杨子县甘露乡某所之原。夫人李氏。子男瑰，不仕；璋，真州司户参军；琦，太庙斋郎；琳，进士。女子五人，已嫁二人，进士周奉先、泰州泰兴令陶舜元。‖铭曰：有拔而起之，莫挤而止之。呜呼许君！而已于斯，谁或使之？","古文观止",""
"送天台陈庭学序","明","宋濂","西南山水，惟川蜀最奇。然去中州万里。陆有剑阁栈道之险，水有瞿唐、滟滪之虞。跨马行，则竹间山高者，累旬日不见其巅际；临上而俯视，绝壑万仞，杳莫测其所穷，肝胆为之悼栗。水行，则江石悍利，波恶涡诡，舟一失势尺寸，辄糜碎土沉，下饱鱼鳖。其难至如此。故非仕有力者，不可以游；非材有文者，纵游无所得；非壮强者，多老死于其地。嗜奇之士恨焉。‖天台陈君庭学，能为诗，由中书左司掾，屡从大将北征，有劳，擢四川都指挥司照磨，由水道至成都。成都，川蜀之要地，扬子云、司马相如、诸葛武侯之所居，英雄俊杰战攻驻守之迹，诗人文士游眺、饮射、赋咏、歌呼之所。庭学无不历览。既览必发为诗，以纪其景物时世之变，于是其诗益工。‖越三年，以例自免归，会予于京师。其气愈充，其语愈壮，其志意愈高，盖得于山水之助者侈矣。予甚自愧，方予少时，尝有志于出游天下，顾以学未成而不暇。及年壮可出，而四方兵起，无所投足。逮今圣主兴而宇内定，极海之际，合为一家，而予齿益加耄矣。欲如庭学之游，尚可得乎？然吾闻古之贤士，若颜回、原宪，皆坐守陋室，蓬蒿没户，而志意常充然，有若囊括于天地者。此其故何也？得无有出于山水之外者乎？庭学其试归而求焉。苟有所得，则以告予，予将不一愧而已也。","古文观止",""
"阅江楼记","明","宋濂","金陵为帝王之州。自六朝迄于南唐，类皆偏据一方，无以应山川之王气。逮我皇帝，定鼎于兹，始足以当之。由是声教所暨，罔间朔南，存神穆清，与天同体，虽一豫一游，亦可为天下后世法。‖京城之西北有狮子山，自卢龙蜿蜒而来。长江如虹贯，蟠绕其下。上以其地雄胜，诏建楼于巅，与民同游观之乐。遂锡嘉名为“阅江”云。登览之顷，万象森列，千载之秘，一旦轩露。岂非天造地设，以俟大一统之君，而开千万世之伟观者欤？当风日清美，法驾幸临，升其崇椒，凭阑遥瞩，必悠然而动遐思。见江汉之朝宗，诸侯之述职，城池之高深。关厄之严固，必曰：“此朕栉风沐雨，战胜攻取之所致也。中夏之广，益思有以保之。”见波涛之浩荡，风帆之上下，番舶接迹而来庭，蛮琛联肩而入贡，必曰：“此朕德绥威服，覃及内外之所及也。‖四陲之远，益思有以柔之。”见两岸之间、四郊之上，耕人有炙肤皲足之烦，农女有捋桑行馌之勤，必曰：“此朕拔诸水火，而登于衽席者也。万方之民，益思有以安之。”触类而思，不一而足。臣知斯楼之建，皇上所以发舒精神，因物兴感，无不寓其致治之思，奚止阅夫长江而已哉！‖彼临春、结绮，非不华矣；齐云、落星，非不高矣。不过乐管弦之淫响，藏燕、赵之艳姬，一旋踵间而感慨系之，臣不知其为何说也。虽然，长江发源岷山，委蛇七千余里而入海，白涌碧翻。六朝之时，往往倚之为天堑。今则南北一家，视为安流，无所事乎战争矣。然则果谁之力欤？逢掖之士，有登斯楼而阅斯江者，当思圣德如天，荡荡难名，与神禹疏凿之功同一罔极。忠君报上之心，其有不油然而兴耶？臣不敏，奉旨撰记。欲上推宵旰图治之功者，勒诸贞珉。他若留连光景之辞，皆略而不陈，惧亵也。","古文观止",""
"司马季主论卜","明","刘基","东陵侯既废，过司马季主而卜焉。‖季主曰：“君侯何卜也？”东陵侯曰：“久卧者思起；久蛰者思启；久懑者思嚏。吾闻之，蓄极则池，闷极则达，热极则风，壅极则通。一冬一春，靡屈不伸；一起一伏，无往不复。仆窃有疑，愿爱教焉。”季主曰：“若是，则君侯已喻之矣，又何卜为？”东陵侯曰：“仆未究其奥也，愿先生卒教之”。‖季主乃言曰：“呜呼！天道何亲？惟德之亲。鬼神何灵？因人而灵。夫蓍，枯草也；龟，枯骨也，物也。人，灵于物者也，何不自听，而听于物乎？且君候何不思昔者也？有昔者必有今日。是故碎瓦颓垣，昔日之歌楼舞馆也；荒榛断梗，昔日之琼蕤玉树也；露蚕风蝉，昔日之凤笙龙笛也；鬼磷萤火，昔日之金缸华烛也。秋荼春荠，昔日之象白驼峰也；丹枫白荻，昔日之蜀锦齐纨也。昔日之所无，今日有之不为过；昔日之所有，今日无之不为不足。是故一昼一夜，华开者谢；一春一秋，物故者新。激湍之下，必有深潭；高丘之下，必有浚谷。君侯亦知之矣，何以卜为？”","古文观止",""
"卖柑者言","明","刘基","杭有卖果者，善藏柑，涉寒暑不溃，出之烨然，玉质而金色。剖其中，干若败絮。予怪而问之曰：“若所市于人者，将以实笾豆，奉祭祀，供宾客乎？将衒外以惑愚瞽乎？甚矣哉！为欺也！”‖卖者笑曰：“吾业是有年矣。吾赖是以食吾躯。吾售之，人取之，未闻有言，而独不足子所乎？世之为欺者不寡矣，而独我也乎？吾子未之思也！今夫佩虎符、坐皋比者，洸洸乎干城之具也，果能授孙、吴之略耶？峨大冠、拖长绅者，昂昂乎庙堂之器也，果能建伊、皋之业耶？盗起而不知御，民困而不知救，吏奸而不知禁，法斁而不知理，坐縻廪粟而不知耻。观其坐高堂，骑大马，醉醇醴，而饫肥鲜者，孰不巍巍乎可畏、赫赫乎可象也？又何往而不金玉其外、败絮其中也哉！‖今子是之不察，而以察吾柑。”‖予默然无应。退而思其言，类东方生滑稽之流。岂其忿世嫉邪者耶？而托于柑以讽耶？","古文观止",""
"深虑论","明","方孝孺","虑天下者，常图其所难，而忽其所易；备其所可畏，而遗其所不疑。然而祸常发于所忽之中，而乱常起于不足疑之事。岂其虑之未周与？盖虑之所能及者，人事之宜然，而出于智力之所不及者，天道也。‖当秦之世，而灭六诸侯，一天下。而其心以为周之亡在乎诸侯之强耳，变封建而为郡县。方以为兵革可不复用，天子之位可以世守，而不知汉帝起陇亩之中，而卒亡秦之社稷。汉惩秦之孤立，于是大建庶孽而为诸侯，以为同姓之亲，可以相继而无变，而七国萌篡弑之谋。武、宣以后，稍剖析之而分其势，以为无事矣，而王莽卒移汉祚。光武之惩哀、平，魏之惩汉，晋之惩魏，各惩其所由亡而为之备，而其亡也，皆出其所备之外。唐太宗闻武氏之杀其子孙，求人于疑似之际而除之，而武氏日侍其左右而不悟。宋太祖见五代方镇之足以制其君，尽释其兵权，使力弱而易制，而不知子孙卒因于敌国。此其人皆有出人之智、负盖世之才，其于治乱存亡之几，思之详而备之审矣。虑切于此而祸兴于彼，终至乱亡者何哉？‖盖智可以谋人，而不可以谋天。‖良医之子，多死于病；良巫之子，多死于鬼。彼岂工于活人而拙于活己之子哉？乃工于谋人而拙于谋天也。古之圣人，知天下后世之变，非智虑之所能周，非法术之所能制，不敢肆其私谋诡计，而唯积至诚，用大德以结乎天心，使天眷其德，若慈母之保赤子而不忍释。故其子孙，虽有至愚不肖者足以亡国，而天卒不忍遽亡之。此虑之远者也。夫苟不能自结于天，而欲以区区之智。笼络当世之务，而必后世之无危亡，此理之所必无者也，而岂天道哉！","古文观止",""
"豫让论","明","方孝孺","士君子立身事主，既名知己，则当竭尽智谋，忠告善道，销患于未形，保治于未然，俾身全而主安。生为名臣，死为上鬼，垂光百世，照耀简策，斯为美也。‖苟遇知己，不能扶危于未乱之先，而乃捐躯殒命于既败之后，钓名沽誉，眩世炫俗，由君子观之，皆所不取也。‖盖尝因而论之。豫让臣事智伯，及赵襄子杀智伯，让为之报仇，声名烈烈，虽愚夫愚妇莫不知其为忠臣义士也。呜呼！让之死固忠矣，惜乎处死之道有未忠者存焉。何也？观其漆身吞炭，谓其友曰：“凡吾所为者极难，将以愧天下后世之为人臣而怀二心者也。”谓非忠可乎？及观斩衣三跃，襄子责以不死于中行氏，而独死于智伯，让应曰：“中行氏以众人待我，我故以众人报之；智伯以国士待我，我故以国士报之。”即此而论，让有余憾矣。段规之事韩康，任章之事魏献，未闻以国士待之也，而规也章也，力劝其主从智伯之请，与之地以骄其志，而速其亡也。郄疵之事智伯，亦未尝以国士待之也，而疵能察韩、魏之情以谏智伯，虽不用其言以至灭亡，而疵之智谋忠告，已无愧于心也。让既自谓智伯待以国士矣，国士，济国之士也。当伯请地无厌之日，纵欲荒暴之时，为让者，正宜陈力就列，谆谆然而告之曰：“诸侯大夫，名安分地，无相侵夺，古之制也。今无故而取地于人，人不与，而吾之忿心必生；与之，则吾之骄心以起。忿必争，争必败；骄必傲，傲必亡。”谆切恳告，谏不从，再谏之，再谏不从，三谏之，三谏不从，移其伏剑之死，死于是日。伯虽顽冥不灵，感其至诚，庶几复悟，和韩、魏，释赵围，保全智宗，守其祭祀。若然，则让虽死犹生也，岂不胜于斩衣而死乎？让于此时，曾无一语开悟主心，视伯之危亡犹越人视秦人之肥瘠也。袖手旁观，坐待成败，国士之报，曾若是乎？智伯既死，而乃不胜血气之悻悻，甘自附于刺客之流，何足道哉？何足道哉？‖虽然，以国士而论，豫让固不足以当矣。彼朝为仇敌，暮为君臣，腼然而自得者，又让之罪人也。噫！","古文观止",""
"亲政篇","明","王鏊","《易》之《泰》曰：“上下交而其志同。”其《否》曰：“上下不交而天下无邦。”盖上之情达于下，下之情达于上，上下一体，所以为“泰”。下之情壅阏而不得上闻，上下间隔，虽有国而无国矣，所以为“否”也。交则泰，不交则否，自古皆然，而不交之弊，未有如近世之甚者。君臣相见，止于视朝数刻；上下之间，章奏批答相关接，刑名法度相维持而已。非独沿袭故事，亦其地势使然。‖何也？国家常朝于奉天门，未尝一日废，可谓勤矣。然堂陛悬绝，威仪赫奕，御史纠仪，鸿胪举不如法，通政司引奏，上特视之，谢恩见辞，惴惴而退，上何尝治一事，下何尝进一言哉？此无他，地势悬绝，所谓堂上远于万里，虽欲言无由言也。‖愚以为欲上下之交，莫若复古内朝之法。盖周之时有三朝：库门之外为正朝，询谋大臣在焉；路门之外为治朝，日视朝在焉；路门之内曰内朝，亦曰燕朝。‖《玉藻》云：“君日出而视朝，退适路寝听政。”盖视朝而见群臣，所以正上下之分；听政而适路寝，所以通远近之情。汉制：大司马、左右前后将军、侍中、散骑诸吏为中朝，丞相以下至六百石为外朝。唐皇城之北南三门曰承天，元正，冬至受万国之朝贡，则御焉，盖古之外朝也。其北曰太极门，其西曰太极殿，朔望则坐而视朝，盖古之正朝也。又北曰两仪殿，常日听朝而视事，盖古之内朝也。‖宋时常朝则文德殿，五日一起居则垂拱殿，正旦、冬至、圣节称贺则大庆殿，赐宴则紫宸殿或集英殿，试进士则崇政殿。侍从以下，五日一员上殿，谓之轮对，则必入陈时政利害。内殿引见，亦或赐坐，或免穿靴，盖亦有三朝之遗意焉。盖天有三垣，天子象之。正朝，象太极也；外朝，象天市也；内朝，象紫微也。自古然矣。‖国朝圣节，正旦、冬至，大朝会则奉天殿，即古之正朝也。常日则奉天门，即古之外朝也。而内朝独缺。然非缺也，华盖、谨身、武英等殿，岂非内朝之遗制乎？洪武中如宋濂、刘基，永乐以来如杨士奇、杨荣等，日侍左右；大臣蹇义、夏元吉等，常奏对便殿。于斯时也，岂有壅隔之患哉？今内朝未复，临御常朝之后，人臣无复进见，三殿高閟，鲜或窥焉。故上下之情。壅而不通；天下之弊，由是而积。孝宗晚年，深有慨于斯，屡召大臣于便殿，讲论天下事。方将有为，而民之无禄，不及睹至治之美，天下至今以为恨矣。‖惟陛下远法圣祖，近法孝宗，尽铲近世壅隔之弊，常朝之外，即文华、武英二殿，仿古内朝之意。大臣三日或五日一次起居，侍从台谏各一员上殿轮对，诸司有事咨决，上据所见决之，有难决者，与大臣面议之。不时引见群臣，凡谢恩辞见之类，皆得上殿陈奏。虚心而问之，和颜色而道之，如此，人人得以自尽。‖陛下虽深居九重，而天下之事灿，然毕陈于前。外朝所以正上下之分，内朝所以通远近之情。如此，岂有近时壅隔之弊哉？唐、虞之时，明目达聪，嘉言罔伏，野无遗贤，亦不过是而已。","古文观止",""
"尊经阁记","明","王守仁","经，常道也。其在于天谓之“命”，其赋于人谓之“性”，其主于身谓之“心”。心也，性也，命也，一也。‖通人物，达四海，塞天地，亘古今，无有乎弗具，无有乎弗同，无有乎或变者也，是常道也。其应乎感也，则为恻隐，为羞恶，为辞让，为是非；其见于事也，则为父子之亲，为君臣之义，为夫妇之别，为长幼之序，为朋友之信。是恻隐也，羞恶也，辞让也，是非也；是亲也，义也，序也，别也，信也，皆所谓心也，性也，命也。‖通人物，达四海，塞天地，亘古今，无有乎弗具，无有乎弗同，无有乎或变者也，是常道也。以言其阴阳消长之行，则谓之《易》；以言其纪纲政事之施，则谓之《书》；以言其歌咏性情之发，则谓之《诗》；以言其条理节文之著，则谓之《礼》；以言其欣喜和平之生，则谓之《乐》；以言其诚伪邪正之辨，则谓之《春秋》。是阴阳消长之行也，以至于诚伪邪正之辨也，一也，皆所谓心也，性也，命也。‖通人物，达四海，塞天地，亘古今，无有乎弗具，无有乎弗同，无有乎或变者也，夫是之谓六经。六经者非他，吾心之常道也。是故《易》也者，志吾心之阴阳消息者也者；《书》也，志吾心之纪纲政事者也；《诗》也者，志吾心之歌咏性情者也；《礼》也者，志吾心之条理节文者也；《乐》也者，志吾心之欣喜和平者也；《春秋》也者，志吾心之诚伪邪正者也。君子之于六经也，求之吾心之阴阳消息而时行焉，所以尊《易》也；求之吾心之纪纲政事而时施焉，所以尊《书》也；求之吾心之歌咏性情而时发焉，所以尊《诗》也；求之吾心之条理节文而时著焉，所以尊《礼》也；求之吾心之欣喜和平而时生焉，所以尊《乐》也；求之吾心之诚伪邪正而时辨焉，所以尊《春秋》也。‖盖昔圣人之扶人极，忧后世，而述六经也。犹之富家者之父祖、虑其产业库藏之积，其子孙者，或至于遗亡散失，卒困穷而无以自全也，而记籍其家之所有以贻之，使之世守其产业库藏之积而享用焉，以免于困穷之患。故六经者，吾心之记籍也，而六经之实，则具于吾心。犹之产业库藏之实积，种种色色，其存于其家，其记籍者，特名状数目而已。而世之学者，不知求六经之实于吾心，而徒考索于影响之间，牵制于文义之末，硁硁然以为是六经矣。是犹富家之子，孙不务守视享用其产业库藏之实积，日遗亡散失，至为窭人丐夫，而犹嚣嚣然指其记籍曰：“斯吾产业库藏之积也。”何以异于是？‖呜呼！六经之学，其不明于世，非一朝一夕之故矣。尚功利，崇邪说，是谓乱经。习训诂，传记诵，没溺于浅闻小见，以涂天下之耳目，是谓侮经。侈淫词，竞诡辩，饰奸心盗行，逐世垄断，而犹自以为通经，是谓贼经。若是者，是并其所谓记籍者，而割裂弃毁之矣，宁复知所以为尊经也乎？‖越城旧有稽山书院，在卧龙西冈，荒废久矣。郡守渭南南君大吉，既敷政于民，则慨然悼末学之支离，将进之以圣贤之道，于是使山阴令吴君瀛，拓书院而一新之。又为尊经之阁于其后，曰：“经正则庶民兴，庶民兴斯无邪慝矣。”阁成，请予一言以谂多士。予既不获辞，则为记之若是。呜呼！世之学者，得吾说而求诸其心焉，则亦庶乎知所以为尊经也已。","古文观止",""
"象祠记","明","王守仁","灵博之山，有象祠焉。其下诸苗夷之居者，咸神而祠之。宣尉安君因诸苗夷之请，新其祠屋，而请记于予。予曰：“毁之乎，其新之也？”曰：“新之。”‖“新之也何居乎？”曰：“斯祠之肇也，盖莫知其原，然吾诸蛮夷之居是者，自吾父、吾祖溯曾高而上，皆尊奉而禋祀焉，举而不改废也。”予曰：“胡然乎？‖有鼻之祀，唐之人盖尝毁之。象之道，以为子则不孝，以为弟则傲。斥于唐，而犹存于今；坏于有鼻，而犹盛于兹土也。胡然乎？”‖我知之矣：君子之爱若人也，推及于其屋之乌，而况于圣人之弟乎哉。然则祠者为舜，非为象也。意象之死，其在干羽既格之后乎。不然，古之骜桀者岂少哉？而象之祠独延于世。吾于是盖有以见舜德之至，入人之深，而流泽之远且久也。‖象之不仁，盖其始焉耳，又乌知其终之不见化于舜也？《书》不云乎：“克谐以孝，烝烝乂，不格奸”，“瞽瞍亦允若”。则已化而为慈父。象犹不弟，不可以为谐。进治于善，则不至于恶。不底于奸，则必入于善。信乎象盖已化于舜矣。《孟子》曰：“天子使吏治其国”。象不得以有为也。斯盖舜爱象之深而虑之详，所以扶持辅导之者之周也。不然，周公之圣，而管蔡不免焉。斯可以见象之见化于舜，故能任贤使能，而安于其位，泽加于其民，既死而人怀之也。诸侯之卿，命于天子，盖《周官》之制，其殆仿于舜之封象欤？‖吾于是盖有以信人性之善，天下无不可化之人也。然则唐人之毁之也，据象之始也；今之诸苗之奉之也，承象之终也。斯义也，吾将以表于世。使知人之不善，虽若象焉，犹可以改；而君子这修德，及其至也，虽若象之不仁，而犹可以化之也。","古文观止",""
"瘗旅文","明","王守仁","维正德四年秋月三日，有吏目云自京来者，不知其名氏，携一子一仆将之任，过龙场，投宿土苗家。予从篱落间望见之，阴雨昏黑，欲就问讯北来事，不果。‖明早，遣人觇之，已行矣。薄午，有人自蜈蚣坡来，云：“一老人死坡下，傍两人哭之哀。”予曰：“此必吏目死矣。伤哉！”薄暮，复有人来云：“坡下死者二人，傍一人坐哭。”询其状，则其子又死矣。明日，复有人来云：“见坡下积尸三焉。”则其仆又死矣。呜呼伤哉！‖念其暴骨无主，将二童子持畚锸往瘗之，二童子有难色然。予曰：“噫！吾与尔犹彼也！”二童闵然涕下，请往。就其傍山麓为三坎，埋之。又以只鸡、饭三盂，嗟吁涕洟而告之曰：“呜呼伤哉！繄何人？繄何人？吾龙场驿丞余姚王守仁也。吾与尔皆中土之产，吾不知尔郡邑，尔乌乎来为兹山之鬼乎？古者重去其乡，游宦不逾千里。吾以窜逐而来此，宜也。尔亦何辜乎？闻尔官吏目耳，俸不能五斗，尔率妻子，躬耕可有也，胡为乎以五斗而易尔七尺之躯？又不足，而益以尔子与仆乎？呜呼伤哉！尔诚恋兹五斗而来，则宜欣然就道，胡为乎吾昨望见尔容，蹙然盖不胜其忧者？夫冲冒霜露，扳援崖壁，行万峰之顶，饥渴劳顿，筋骨疲惫，而又瘴疠侵其外，忧郁攻其中，其能以无死乎？吾固知尔之必死，然不谓若是其速，又不谓尔子尔仆亦遽然奄忽也！皆尔自取，谓之何哉？”吾念尔三骨之无依而来瘗耳，乃使吾有无穷之怆也。呜呼伤哉！纵不尔瘗，幽崖之狐成群，阴壑之虺如车轮，亦必能葬尔于腹，不致久暴尔。尔既已无知，然吾何能为心乎？‖自吾去父母乡国而来此，三年矣，历瘴毒而苟能自全，以吾未尝一日之戚戚也。‖今悲伤若此，是吾为尔者重，而自为者轻也，吾不宜复为尔悲矣。吾为尔歌，尔听之！‖歌曰：连峰际天兮飞鸟不通，游子怀乡兮莫知西东。莫知西东兮维天则同，异域殊方兮环海之中。达观随遇兮莫必予宫，魂兮魂兮无悲以恫。‖又歌以慰之曰：与尔皆乡土之离兮，蛮之人言语不相知兮。性命不可期，吾苟死于兹兮，率尔子仆，来从予兮。吾与尔遨以嬉兮，骖紫彪而乘文螭兮，登望故乡而嘘唏兮！吾苟获生归兮，尔子尔仆尚尔随兮，无以无侣悲兮！道傍之冢累累兮，多中土之流离兮，相与呼啸而徘徊兮。餐风饮露，无尔饥兮。朝友麋鹿，暮猿与栖兮。尔安尔居兮，无为厉于兹墟兮。","古文观止",""
"信陵君救赵论","明","唐顺之","论者以窃符为信陵君之罪，余以为此未足以罪信陵也。夫强秦之暴亟矣，今悉兵以临赵，赵必亡。赵，魏之障也。赵亡，则魏且为之后。赵、魏，又楚、燕、齐诸国之障也，赵、魏亡，则楚、燕、齐诸国为之后。天下之势，未有岌岌于此者也。故救赵者，亦以救魏，救一国者，亦以救六国也。窃魏之符以纾魏之患，借一国之师以分六国之灾，夫奚不可者。‖然则，信陵果无罪乎？曰：又不然也。余所诛者，信陵君之心也。信陵一公子耳，魏固有王也。赵不请救于王，而谆谆焉请救于信陵，是赵知有信陵，不知有王也。平原君以婚姻激信陵，而信陵亦自以婚姻之故，欲急救赵，是信陵知有婚姻，不知有王也。其窃符也，非为魏也，非为六国也，为赵焉耳。非为赵也，为一平原君耳。使祸不在赵，而在他国，则虽撤魏之障，撤六国之障，信陵亦必不救。使赵无平原，或平原而非信陵之姻戚，虽赵亡，信陵亦必不救。则是赵王与社稷之轻重，不能当一平原公子，而魏之兵甲所恃以固其社稷者，只以供信陵君一姻戚之用。幸而战胜，可也，不幸战不胜，为虏于秦，是倾魏国数百年社稷以殉姻戚，吾不知信陵何以谢魏王也。夫窃符之计，盖出于侯生，而如姬成之也。‖侯生教公子以窃符，如姬为公子窃符于王之卧内，是二人亦知有信陵，不知有王也。‖余以为信陵之自为计，曷若以唇齿之势，激谏于王，不听，则以其欲死秦师者，而死于魏王之前，王必悟矣。侯生为信陵计，曷若见魏王而说之救赵，不听，则以其欲死信陵君者，而死于魏王之前，王亦必悟矣。如姬有意于报信陵，曷若乘王之隙，而日夜劝之救。不听，则以其欲为公子死者，而死于魏王之前，王亦必悟矣。如此，则信陵君不负魏，亦不负赵。二人不负王，亦不负信陵君。何为计不出此？‖信陵知有婚姻之赵，不知有王。内则幸姬，外则邻国，贱则夷门野人，又皆知有公子，不知有王。则是魏仅有一孤王耳。呜呼！自世之衰，人皆习于背公死党之行，而忘守节奉公之道。有重相而无威君，有私仇而无义愤，如秦人知有穰侯，不知有秦王。虞卿知有布衣之交，不知有赵王。盖君若旒赘久矣。由此言之，信陵之罪，固不专系乎符之窃不窃也。其为魏也，为六国也，纵窃符犹可。其为赵也，为一亲戚也，纵求符于王，而公然得之，亦罪也。虽然，魏王亦不得为无罪也。兵符藏于卧内，信陵亦安得窃之。信陵不忌魏王，而径请之如姬，其素窥魏王之疏也。如姬不忌魏王，而敢于窃符，其素恃魏王之宠也。木朽而蛀生之矣。‖古者人君持权于上，而内外莫敢不肃。则信陵安得树私交于赵？赵安得私请救于信陵？如姬安得衔信陵之恩？信陵安得卖恩于如姬？履霜之渐，岂一朝一夕也哉！‖由此言之，不特众人不知有王，王亦自为赘旒也。‖故信陵君可以为人臣植党之戒，魏王可以为人君失权之戒。《春秋》书葬原仲、翚帅师。嗟夫！圣人之为虑深矣！","古文观止",""
"报刘一丈书","明","宗臣","数千里外，得长者时赐一书，以慰长想，即亦甚幸矣。何至更辱馈遗，则不才益将何以报焉？书中情意甚殷，即长者之不忘老父，知老父之念长者深也。‖至以上下相孚、才德称位、语不才，则不才有深感焉。夫才德不称，固自知之矣。至于不孚之病则尤不才为甚。且今之所谓孚者何哉？日夕策马候权者之门。‖门者故不入，则甘言媚词作妇人状，袖金以私之。即门者持刺入，而主人又不即出见，立厩中仆马之间，恶气袭衣袖，即寒毒热不可忍，不去也。抵暮，则前所受赠金者出，报客曰：“相公倦，谢客矣，客请明日来。”即明日又不敢不来。‖夜披衣坐，闻鸡鸣即起盥栉，走马推门。门者怒曰：“为谁？”则曰：“昨日之客来。”则又怒曰：“何客之勤也？岂有相公此时出见客乎？”客心耻之，强忍而与言曰：“亡奈何矣，姑容我入。”门者又得所赠金，则起而入之。又立向所立厩中。幸主者出，南面召见，则惊走匍匐阶下。主者曰：“进！”则再拜，故迟不起，起则上所上寿金。主者故不受，则固请。主者故固不受，则又固请。然后命吏纳之。则又再拜，又故迟不起。起则五六揖始出。出揖门者曰：“官人幸顾我，他日来，幸无阻我也！”门者答揖。大喜奔出。马上遇所交识，即扬鞭语曰：“适自相公家来，相公厚我，厚我。”且虚言状。即所交识，亦心畏相公厚之矣。相公又稍稍语人曰：“某也贤，某也贤。”闻者亦心计交赞之。此世所谓上下相孚也。长者谓仆能之乎？‖前所谓权门者，自岁时伏腊一刺之外，即经年不往也。间道经其门，则亦掩耳闭目，跃马疾走过之，若有所追逐者。斯则仆之褊衷，以此长不见悦于长吏，仆则愈益不顾也。每大言曰：“人生有命，吾惟守分而已。”长者闻之，得无厌其为迂乎？","古文观止",""
"吴山图记","明","归有光","吴、长洲二县，有郡治所，分境而治。而郡西诸山，皆在吴县。其最高者，穹窿、阳山、邓尉、西脊、铜井，而灵岩，吴之故宫在焉，尚有西子之遗迹。若虎丘、剑池，及天平、尚方、支硎，皆胜地也。而太湖汪洋三万六千顷，七十二峰沉浸其间，则海内之奇观矣。‖余同年友魏君用晦为吴县，未及三年，以高第召入为给事中。君之为县有惠爱，百姓扳留之不能得，而君亦不忍于其民，由是好事者绘《吴山图》以为赠。‖夫令之于民诚重矣。令诚贤也，其地之山川草木，亦被其泽而有荣也；令诚不贤也，其地之山川草木，亦被其殃而有辱也。君于吴之山川，盖增重矣。异时吾民将择胜于岩峦之间，尸祝于浮屠、老子之宫也，固宜。而君则亦既去矣，何复惓惓于此山哉？昔苏子瞻称韩魏公去黄州四十余年，而思之不忘，至以为思黄州诗，子瞻为黄人刻之于石。然后知贤者于其所至，不独使其人之不忍忘而已，亦不能自忘于其人也。君今去县已三年矣，一日与余同在内庭，出示此图，展玩太息，因命余记之。噫！君之于吾吴，有情如此，如之何而使吾民能忘之也？","古文观止",""
"沧浪亭记","明","归有光","浮图文瑛，居大云庵，环水，即苏子美沧浪亭之地也。亟求余作《沧浪亭记》，曰：“昔子美之记，记亭之胜也，请子记吾所以为亭者。”‖余曰：昔吴越有国时，广陵王镇吴中，治南园于子城之西南，其外戚孙承佑，亦治园于其偏。迨淮南纳土，此园不废。苏子美始建沧浪亭，最后禅者居之。此沧浪亭为大云庵也。有庵以来二百年，文瑛寻古遗事，复子美之构于荒残灭没之余，此大云庵为沧浪亭也。夫古今之变，朝市改易。尝登姑苏之台，望五湖之渺茫，群山之苍翠，太伯、虞仲之所建，阖闾、夫差之所争，之胥种蠡之所经营，今皆无有矣，庵与亭何为者哉？虽然，钱镠因乱攘窃，保有吴、越，国富兵强，垂及四世，诸子姻戚，乘时奢僣，宫馆苑囿，极一时之盛，而子美之亭，乃为释子所钦重如此。可以见士之欲垂名于千载，不与澌然而俱尽者，则有在矣。‖文瑛读书喜诗，与吾徒游，呼之为沧浪僧云。","古文观止",""
"青霞先生文集序","明","茅坤","青霞沈君，由锦衣经历上书诋宰执。宰执深疾之，方力构其罪，赖天子仁圣，特薄其谴，徙之塞上。当是时，君之直谏之名满天下。已而君累然携妻子，出家塞上。会北敌数内犯，而帅府以下，束手闭垒，以恣敌之出没，不及飞一镞以相抗。甚且及敌之退，则割中土之战没者与野行者之馘以为功。而父之哭其子，妻之哭其夫，兄之哭其弟者，往往而是，无所控吁。君既上愤疆场之日弛，而又下痛诸将士日菅刈我人民以蒙国家也。数呜咽欷歔，而以其所忧郁发之于诗歌文章，以泄其怀，即集中所载诸什是也。‖君故以直谏为重于时，而其所著为诗歌文章。又多所讥刺。稍稍传播，上下震恐，始出死力相煽构，而君之祸作矣。君既没，而一时阃寄所相与谗君者，寻且坐罪罢去。又未几，故宰执之仇君者亦报罢。而君之门人给谏俞君，于是裒辑其生平所著若干卷，刻而传之。而其子以敬，来请予序之首简。‖茅子受读而题之曰：若君者，非古之志士之遗乎哉？孔子删《诗》，自《小弁》之怨亲，《巷伯》之刺谗以下，其忠臣、寡妇、幽人、怼士之什，并列之为“风”；疏之为“雅”，不可胜数。岂皆古之中声也哉？然孔子不遽遗之者，特悯其人，矜其志，犹曰“发乎情，止乎礼义”，“言之者无罪，闻之者足以为戒”‖焉耳。予尝按次《春秋》以来，屈原之《骚》疑于怨，伍胥之谏疑于胁，贾谊之疏疑于激，叔夜之诗疑于愤，刘蕡之对疑于亢，然推孔子删《诗》之旨而裒次之，当亦未必无录之者。君既没，而海内之荐绅大夫至今言及君，无不酸鼻而流涕。‖呜呼！集中所载《鸣剑》、《筹边》诸什，试令后之人读之，其足以寒贼臣之胆，而跃塞垣战士之马，而作和之忾也，固矣。他日国家采风者之使出而览观焉，其能遗之也乎？予谨记之。至于文词之工不工，及当古作者之旨与否，非所以论君之大者也，予故不着。","古文观止",""
"蔺相如完璧归赵论","明","王世贞","蔺相如之完璧，人皆称之，予未敢以为信也。‖夫秦以十五城之空名，诈赵而胁其璧，是时言取璧者情也，非欲以窥赵也。‖赵得其情则弗予，不得其情则予；得其情而畏之则予，得其情而弗畏之则弗予：此两言决耳，奈之何既畏而复挑其怒也！‖且夫秦欲璧，赵弗予璧，两无所曲直也。入璧而秦弗予城，曲在秦；秦出城而璧归，曲在赵。欲使曲在秦，则莫如弃璧；畏弃璧，则莫如弗予。夫秦王既按图以予城，又设九宾，斋而受璧，其势不得不予城。璧入而城弗予，相如则前请曰：“臣固知大王之弗予城也。夫璧非赵璧乎，而十五城秦宝也。今使大王以璧故，而亡其十五城，十五城之子弟皆厚怨大王以弃我如草芥也。大王弗予城而绐赵璧，以一璧故，而失信于天下，臣请就死于国，以明大王之失信。”秦王未必不返璧也。今奈何使舍人怀而逃之，而归直于秦？是时秦意未欲与赵绝耳。令秦王怒，而僇相如于市，武安君十万众压邯郸，而责璧与信，一胜而相如族，再胜而璧终入秦矣。吾故曰，蔺相如之获全于璧也，天也。若其劲渑池，柔廉颇，则愈出而愈妙于用。所以能完赵者，天固曲全之哉！","古文观止",""
"徐文长传","明","袁宏道","徐渭，字文长，为山阴诸生，声名籍甚。薛公蕙校越时，奇其才，有国士之目。然数奇，屡试辄蹶。中丞胡公宗宪闻之，客诸幕。文长每见，则葛衣乌巾，纵谈天下事，胡公大喜。是时公督数边兵，威镇东南，介胄之士，膝语蛇行，不敢举头，而文长以部下一诸生傲之，议者方之刘真长、杜少陵云。会得白鹿属文长作表，表上，永陵喜。公以是益奇之，一切疏计，皆出其手。文长自负才略，好奇计，谈兵多中，视一世士无可当意者。然竟不偶。‖文长既已不得志于有司，遂乃放浪曲糵，恣情山水，走齐、鲁、燕、赵之地，穷览朔漠。其所见山奔海立，沙起云行，雨鸣树偃、幽谷大都，人物鱼鸟，一切可惊可愕之状，一一皆达之于诗。其胸中又有勃然不可磨灭之气，英雄失路、托足无门之悲，故其为诗，如嗔如笑，如水鸣峡，如种出土，如寡妇之夜哭，羁人之寒起。虽其体格时有卑者，然匠心独出，有王者气，非彼巾帼而事人者所敢望也。文有卓识，气沉而法严，不以摸拟损才，不以议论伤格，韩、曾之流亚也。‖文长既雅不与时调合，当时所谓骚坛主盟者，文长皆叱而奴之，故其名不出于越，悲夫！‖喜作书，笔意奔放如其诗，苍劲中姿媚跃出，欧阳公所谓“妖韶女，老自有余态”者也。间以其余，旁溢为花鸟，皆超逸有致。‖卒以疑杀其继室，下狱论死；张太史元汴力解，乃得出。晚年愤益深，佯狂益甚，显者至门，或拒不纳。时携钱至酒肆，呼下隶与饮。或自持斧击破其头，血流被面，头骨皆折，揉之有声。或以利锥锥其两耳，深入寸余，竟不得死。周望言晚岁诗文益奇，无刻本，集藏于家。余同年有官越者，托以钞录，今未至。‖余所见者，《徐文长集》、《阙编》二种而已。然文长竟以不得志于时，抱愤而卒。‖石公曰：先生数奇不已，遂为狂疾。狂疾不已，遂为囹圄。古今文人牢骚困苦，未有若先生者也。虽然，胡公间世豪杰，永陵英主。幕中礼数异等，是胡公知有先生矣。表上，人主悦，是人主知有先生矣。独身未贵耳。先生诗文崛起，一扫近代芜秽之习，百世而下，自有定论，胡为不遇哉？‖梅客生尝寄予书曰：“文长吾老友，病奇于人，人奇于诗。”余谓文长无之而不奇者也。无之而不奇，斯无之而不奇也。悲夫！","古文观止",""
"五人墓碑记","明","张溥","五人者，盖当蓼洲周公之被逮，激于义而死焉者也。至于今，郡之贤士大夫，请于当道，即除魏阉废祠之址以葬之，且立石于其墓之门，以旌其所为。呜呼！‖亦盛矣哉！‖夫五人之死，去今之墓而葬焉，其为时止十有一月耳。夫十有一月之中，凡富贵之子，慷慨得志之徒，其疾病而死，死而湮没不足道者，亦已众矣。况草野之无闻者欤？独五人之皦皦，何也？‖予犹记周公之被逮，在丁卯三月之望。吾社之行为士先者，为之声义敛资财以送其行，哭声震动天地。缇骑按剑而前，问谁为哀者？众不能堪，抶而仆之。‖是时以大中丞抚吴者，为魏之私人，周公之逮所由使也。吴之民方痛心焉，于是乘其厉声以呵，则噪而相逐，中丞匿于溷藩以免。既而以吴民之乱请于朝，按诛五人，曰：颜佩韦、杨念如、马杰、沈扬、周文元，即今之傫然在墓者也。‖然五人之当刑也，意气扬扬，呼中丞之名而詈之，谈笑以死。断头置城上，颜色不少变。有贤士大夫发五十金，买五人之脰而函之，卒与尸合。故今之墓中，全乎为五人也。‖嗟夫！大阉之乱，缙绅而能不易其志者，四海之大，有几人欤？而五人生于编伍之间，素不闻诗书之训，激昂大义，蹈死之顾，亦曷故哉？且矫诏纷出，钩党之捕遍于天下，卒以吾郡之发愤一击，不敢复有株治。大阉亦逡巡畏义，非常之谋，难于猝发。待圣人之出而投缳道路，不可谓非五人之力也！‖由是观之，则今之高爵显位，一旦抵罪，或脱身以逃，不能容于远近，而又有剪发杜门，佯狂不知所之者。其辱人贱行，视五人之死，轻重固何如哉？是以蓼洲周公，忠义暴于朝廷，赠谥美显，荣于身后。而五人亦得以加其土封，列其姓名于大堤之上。凡四方之士，无有不过而拜且泣者，斯固百世之遇也！不然，令五人者保其首领，以老于户牖之下，则尽其天年，人皆得以隶使之，安能屈豪杰之流，扼腕墓道，发其志士之悲哉？故予与同社诸君子，哀斯墓之徒有其石也，而为之记，亦以明死生之大，匹夫之有重于社稷也。‖贤士大夫者：冏卿因之吴公、太史文起文公，孟长姚公也。","古文观止",""
"邵工谏厉王弭谤","","国语","厉王虐（1），国人谤王（2）。邵公告曰（3）：“民不堪命矣（4）！”王怒，得卫巫（5），使监谤者。以告，则杀之。国人莫敢言，道路以目。‖王喜，告邵公曰：“吾能弭谤矣（6），乃不敢言。”邵公曰：“是障之也（7）。防民之口，甚于防川。川壅而溃，伤人必多，民亦如之。是故为川者决之使导（8），为民者宣之使言（9）。故天子听政（10），使公卿至于列士献诗（11），瞽献曲（12），史献书（13），师箴（14），瞍赋（15），曚诵（16），百工谏（17），庶人传语（18），近臣尽规，亲戚补察（19），瞽、史教诲，耆、艾修之（20），而后王斟酌焉，是以事行而不悖（21）。民之有口，犹土之有山川也，财用于是乎出；犹其原隰之有衍沃也（22），衣食于是乎生。口之宣言也，善败于是乎兴（23）。行善而备败，其所以阜财用衣食者也（24）。夫民虑之于心而宣之于口（25），成而行之，胡可壅也？若壅其口，其与能几何（26）？”‖王不听，于是国人莫敢出言（27）。三年（28），乃流王于彘（29）。‖选自上海古籍出版社标点本《国语》","古文观止+选补",""
"书褒城驿壁","唐","孙樵","褒城驿号天下第一。及得寓目，视其沼，则浅混而污；视其舟，则离败而胶；庭除甚芜，堂庑甚残［1］，乌睹其所谓宏丽者？‖讯于驿吏，则曰：“忠穆公曾牧梁州［2］，以褒城控二节度治所［3］，龙节虎旗，驰驿奔轺［4］，以去以来，毂交蹄劘［5］，由是崇侈其驿，以示雄大。盖当时视他驿为壮。且一岁宾至者不下数百辈，苟夕得其庇，饥得其饱，皆暮至朝去，宁有顾惜心耶？至如棹舟，则必折篙破舷碎鹢而后止［7］；渔钓，则必枯泉汩泥尽鱼而后止。至有饲马于轩，宿隼于堂［8］，凡所以污败室庐，糜毁器用，官小者，其下虽气猛，可制；官大者，其下益暴横，难禁。由是日益破碎，不与曩类。某曹八九辈，虽以供馈之隙，一二力治之，其能补数十百人残暴乎［9］？”‖语未既，有老甿笑于旁，且曰：“举今州县皆驿也。吾闻开元中，天下富蕃，号为理平，踵千里者不裹粮，长子孙者不知兵。今者天下无金革之声，而户口日益破，疆埸无侵削之虞［10］，而垦田日益寡，生民日益困，财力日益竭，其故何哉？凡与天子共治天下者，刺史县令而已，以其耳目接于民，而政令速于行也。今朝廷命官，既已轻任刺史县令，而又促数于更易。且刺史县令，远者三岁一更，近者一二岁再更，故州县之政，苟有不利于民，可以出意革去其甚者，在刺史则曰：‘明日我即去，何用如此！’在县令亦曰：‘明日我即去，何用如此！’当愁醉�恚�当饥饱鲜，囊帛椟金，笑与秩终。”呜呼！州县真驿耶？矧更代之隙［11］，黠吏因缘恣为奸欺，以卖州县者乎！如此而欲望生民不困，财力不竭，户口不破，垦田不寡，难哉！‖予既揖退老甿，条其言，书于褒城驿屋壁。","古文观止+选补",""
"英雄之言","唐","罗隐","物之所以有韬晦者［1］，防乎盗也。故人亦然。夫盗亦人也，冠屡焉［2］，衣服焉。其所以异者，退逊之心［3］、正廉之节［4］，不常其性耳［5］。2视玉帛而取之者［6］，则曰牵于寒饿［7］；视家国而取之者，则曰救彼涂炭［8］。牵于寒饿者，无得而言矣。救彼涂炭者，则宜以百姓心为心。而西刘则曰：“居宜如是”［9］，楚籍则曰“可取而代”［10］。意彼未必无退逊之心、正廉之节，盖以视其靡曼骄崇［11］，然后生其谋耳。为英雄者犹若是，‖况常人乎？是以峻宇逸游［12］，不为人所窥［13］者，鲜也。","古文观止+选补",""
"赵宣子论比与党","","国语","赵宣子言韩献子于灵公（1），以为司马（2）。河曲之役（3），赵孟使人以其乘车干行（4），献子执而戮之。众咸曰（5）：“韩厥必不没矣（6）。其主朝升之，而暮戮其车（7），其谁安之！”宣子召而礼之（8），曰：“吾闻事君者比而不党。夫周以举义（9），比也；举以其私，党也。夫军事夫犯，犯而不隐（10），义也。吾言女于君（11），惧女不能也。举而不能（12），党孰大焉！事君而党，吾何以从政？吾故以是观女（13）。女勉之。苟从是行也（14），临长晋国者（15），非女其谁？”皆告诸大夫曰（16）：“二三子可以贺我矣（17）！吾举厥也而中（18），吾乃今知免于罪矣。‖选自上海古籍出版社标点本《国语》","古文观止+选补",""
"与高司谏书","宋","欧阳修","修顿首再拜，白司谏足下：某年十七时，家随州，见天圣二年进士及第榜，始识足下姓名。是时予年少，未与人接，又居远方，但闻今宋舍人兄弟，与叶道卿、郑天休数人者，以文学大有名，号称得人。而足下厕其间，独无卓卓可道说者，予固疑足下不知何如人也。其后更十一年，予再至京师，足下已为御史里行，然犹未暇一识足下之面。但时时于予友尹师鲁问足下之贤否。而师鲁说足下：“正直有学问，君子人也。”予犹疑之。夫正直者，不可屈曲；有学问者，必能辨是非。以不可屈之节，有能辨是非之明，又为言事之官，而俯仰默默，无异众人，是果贤者耶！此不得使予之不疑也。自足下为谏官来，始得相识。侃然正色，论前世事，历历可听，褒贬是非，无一谬说。噫！持此辩以示人，孰不爱之？虽予亦疑足下真君子也。是予自闻足下之名及相识，凡十有四年而三疑之。今者推其实迹而较之，然后决知足下非君子也。‖前日范希文贬官后，与足下相见于安道家。足下诋诮希文为人。予始闻之，疑是戏言；及见师鲁，亦说足下深非希文所为，然后其疑遂决。希文平生刚正、好学、通古今，其立朝有本末，天下所共知。今又以言事触宰相得罪。足下既不能为辨其非辜，又畏有识者之责己，遂随而诋之，以为当黜，是可怪也。夫人之性，刚果懦软，禀之于天，不可勉强。虽圣人亦不以不能责人之必能。今足下家有老母，身惜官位，惧饥寒而顾利禄，不敢一忤宰相以近刑祸，此乃庸人之常情，不过作一不才谏官尔。虽朝廷君子，亦将闵足下之不能，而不责以必能也。今乃不然，反昂然自得，了无愧畏，便毁其贤以为当黜，庶乎饰己不言之过。夫力所不敢为，乃愚者之不逮；以智文其过，此君子之贼也。‖且希文果不贤邪？自三四年来，从大理寺丞至前行员外郎，作待制日，日备顾问，今班行中无与比者。是天子骤用不贤之人？夫使天子待不贤以为贤，是聪明有所未尽。足下身为司谏，乃耳目之官，当其骤用时，何不一为天子辨其不贤，反默默无一语；待其自败，然后随而非之。若果贤邪？则今日天子与宰相以忤意逐贤人，足下不得不言。是则足下以希文为贤，亦不免责；以为不贤，亦不免责，大抵罪在默默尔。‖昔汉杀萧望之与王章，计其当时之议，必不肯明言杀贤者也。必以石显、王凤为忠臣，望之与章为不贤而被罪也。今足下视石显、王凤果忠邪？望之与章果不贤邪？当时亦有谏臣，必不肯自言畏祸而不谏，亦必曰当诛而不足谏也。今足下视之，果当诛邪？是直可欺当时之人，而不可欺后世也。今足下又欲欺今人，而不惧后世之不可欺邪？况今之人未可欺也。‖伏以今皇帝即位已来，进用谏臣，容纳言论，如曹修古、刘越虽殁，犹被褒称。今希文与孔道辅皆自谏诤擢用。足下幸生此时，遇纳谏之圣主如此，犹不敢一言，何也？前日又闻御史台榜朝堂，戒百官不得越职言事，是可言者惟谏臣尔。若足下又遂不言，是天下无得言者也。足下在其位而不言，便当去之，无妨他人之堪其任者也。昨日安道贬官，师鲁待罪，足下犹能以面目见士大夫，出入朝中称谏官，是足下不复知人间有羞耻事尔。所可惜者，圣朝有事，谏官不言而使他人言之，书在史册，他日为朝廷羞者，足下也。《春秋》之法，责贤者备。今某区区犹望足下之能一言者，不忍便绝足下，而不以贤者责也。若犹以谓希文不贤而当逐，则予今所言如此，乃是朋邪之人尔。愿足下直携此书于朝，使正予罪而诛之，使天下皆释然知希文之当逐，亦谏臣之一效也。‖前日足下在安道家，召予往论希文之事。时坐有他客，不能尽所怀。故辄布区区，伏惟幸察，不宣。修再拜。","古文观止+选补",""
"张益州画像记","宋","苏洵","元年秋，蜀人传言：有寇至边，边军夜呼，野无居人。妖言流闻，京师震惊。方命择帅，天子曰：“毋养乱，毋助变，众言朋兴，朕志自定，外乱不作，变且中起，既不可以文令，又不可以武竞，惟朕一二大吏。孰为能处兹文武之间，其命往抚朕师。”乃推曰：“张公方平其人。”天子曰：“然。”公以亲辞。不可，遂行。冬十一月至蜀。至之日，归屯军，撤守备，使谓郡县：“寇来在吾，无尔劳苦。”明年正月朔旦，蜀人相庆如他日，遂以无事。又明年正月，相告留公像于净众寺，公不能禁。‖眉阳苏洵言于众曰：“未乱易治也，既乱易治也。有乱之萌，无乱之形，是谓将乱。将乱难治，不可以有乱急，亦不可以无乱弛。惟是元年之秋，如器之攲，未坠于地。惟尔张公，安坐于其旁，颜色不变，徐起而正之。既正，油然而退，无矜容。为天子牧小民不倦，惟尔张公。尔繄以生，惟尔父母。且公尝为我言：‘民无常性，惟上所待。人皆曰：蜀人多变。于是待之以待盗贼之意，而绳之以绳盗贼之法。重足、屏息之民，而以砧斧令，于是民始忍以其父母妻子之所仰赖之身，而弃之于盗贼，故每每大乱。夫约之以礼，驱之以法，惟蜀人为易。至于急之而生变，虽齐、鲁亦然。吾以齐、鲁待蜀人，而蜀人亦自以齐、鲁之人待其身。若夫肆意于法律之外，以威劫齐民，吾不忍为也。’呜呼！爱蜀人之深，待蜀人之厚，自公而前，吾未始见也。”皆再拜稽首，曰：“然。”‖苏洵又曰：“公之恩在尔心，尔死，在尔子孙，其功业在史官，无以像为也。且公意不欲，如何？”皆曰：“公则何事于斯，虽然，于我心有不释焉。今夫平居闻一善，必问其人之姓名，与其邻里之所在，以至于其长短大小美恶之状。甚者，或诘其平生所嗜好，以想见其为人，而史官亦书之于其传。意使天下之人，思之于心，则存之于目。存之于目，故其思之于心也固。由此观之，像亦不为无助。”苏洵无以诘，遂为之记。‖公南京人，慷慨有大节，以度量雄天下。天下有大事，公可属。系之以诗曰：‖天子在祚，岁在甲午。西人传言，有寇在垣。庭有武臣，谋夫如云。天子曰嘻，命我张公。公来自东，旗动纛舒舒。西人聚观，于巷于涂。谓公暨暨，公来于于。公谓西人，安尔室家，无敢或讹。讹言不祥，往即尔常。春尔条桑，秋尔涤场。西人稽首，公我父兄。公在西囿，草木骈骈。公宴其僚，伐鼓渊渊。西人来观，祝公万年。有女娟娟，闺闼闲闲。有童哇哇，亦既能言。昔公未来，其汝弃捐。禾麻芃芃，仓庾崇崇。嗟我妇子，乐此岁丰。公在朝廷，天子股肱。天子曰归，公敢不承。作堂严严，有庑有庭。公像在中，朝服冠缨。西人相告，无敢逸荒。公归京师，公象在堂。","古文观止+选补",""
"爱莲说","宋","周敦颐","水陆草木之花，可爱者甚蕃。晋陶渊明独爱菊；自李唐来，世人甚爱牡丹；予独爱莲之出淤泥而不染，濯清涟而不妖，中通外直，不蔓不枝，香远益清，亭亭净植，可远观而不可亵玩焉。‖予谓菊，花之隐逸者也；牡丹，花之富贵者也；莲，花之君子者也。噫！菊之‖爱，陶后鲜有闻；莲之爱，同予者何人？牡丹之爱，宜乎众矣！","古文观止+选补",""
"墨池记","宋","曾巩","临川之城东，有地隐然而高，以临于溪，曰新城。新城之上，有池洼然而方以长，曰王羲之之墨池者，荀伯子《临川记》云也。羲之尝慕张芝，临池学书，池水尽黑，此为其故迹，岂信然邪？方羲之之不可强以仕，而尝极东方，出沧海，以娱其意于山水之间，岂有徜徉肆恣，而又尝自休于此邪？羲之之书晚乃善，则其所能，盖亦以精力自致者，非天成也。然后世未有能及者，岂其学不如彼邪？则学固岂可以少哉！况欲深造道德者邪？‖墨池之上，今为州学舍。教授王君盛恐其不章也，书“晋王右军墨池”之六字于楹间以揭之，又告于巩曰：“愿有记。”推王君之心，岂爱人之善，虽一能不以废，而因以及乎其迹邪？其亦欲推其事以勉其学者邪？夫人之有一能，而使后人尚之如此，况仁人庄士之遗风余思，被于来世者何如哉！‖庆历八年九月十二日，曾巩记。","古文观止+选补",""
"伤仲永","宋","王安石","金溪民方仲永，世隶耕。仲永生五年，未尝识书具，忽啼求之。父异焉，借旁近与之，即书诗四句，并自为其名。其诗以养父母，收族为意，传一乡秀才观之。自是指物作诗立就，其文理皆有可观者。邑人奇之，稍稍宾客其父，或以钱币乞之，父利其然也，日扳仲永环丐于邑人，不使学。‖予闻之也久，明道中，从先人还家，于舅家见之，十二三矣。令作诗，不能称前时之闻。又七年，还自扬州，复到舅家，问焉，曰：“泯然众人矣。”‖王子曰：仲永之通悟，受之天也。其受之天也，贤于材人远矣。卒之为众人，则其受于人者不至也。彼其受之天也，如此其贤也，不受之人，且为众人。今夫不受之天，固众，又不受之人，得为众人而已邪！","古文观止+选补",""
"答司马谏议书","宋","王安石","某启：昨日蒙教，窃以为与君实游处相好之日久，而议事每不合，所操之术多异故也。虽欲强聒，终必不蒙见察，故略上报，不复一自辨。重念蒙君实视遇厚，于反复不宜卤莽，故今具道所以，冀君实或见恕也。‖盖儒者所争，尤在名实，名实已明，而天下之理得矣。今君实所以见教者，以为侵官、生事、征利、拒谏，以致天下怨谤也。某则以为受命于人主，议法度而修之于朝廷，以授之于有司，不为侵官；举先王之政，以兴利除弊，不为生事；为天下理财，不为征利；辟邪说，难壬人，不为拒谏。至于怨诽之多，则固前知其如此也。人习于苟且非一日，士大夫多以不恤国事、同俗自媚于众为善，上乃欲变此，而某不量敌之众寡，欲出力助上以抗之，则众何为而不汹汹然？盘庚之迁，胥怨者民也，非特朝廷士大夫而已。盘庚不为怨者故改其度，度义而后动，是而不见可悔故也。如君实责我以在位久，未能助上大有为，以膏泽斯民，则某知罪矣；如曰今日当一切不事事，守前所为而已，则非某之所敢知。‖无由会晤，不任区区向往之至。","古文观止+选补",""
"度支副使厅壁题名记","宋","王安石","三司副使，不书前人姓名。嘉祐五年，尚书户部员外郎吕君冲之，始稽之众史，而自李缭纮已上至查道，得其名；自杨偕已上，得其官；自郭劝已下，又得其在事之岁时，于是书名而镵之东壁。‖夫合天下之众者财，理天下之财者法，守天下之法者吏也。吏不良，则有法而莫守；法不善，则有财而莫理。有财而莫理，则阡陌闾巷之贱人，皆能私取予之势，擅万物之利，以与人主争黔首，而放其无穷之欲，非必贵强桀大而后能。如是而天子犹为不失其民者，盖特号而已耳。虽欲食蔬衣敝，憔悴其身，愁思其心，以幸天下之给足，而安吾政，吾知其犹不行也。然则善吾法，而择吏以守之，以理天下之财，虽上古尧、舜犹不能毋以此为先急，而况于后世之纷纷乎？‖三司副使，方今之大吏，朝廷所以尊宠之甚备。盖今理财之法，有不善者，其势皆得以议于上而改为之。非特当守成法，吝出入，以从有司之事而已。其职事如此，则其人之贤不肖，利害施于天下如何也！观其人，以其在事之岁时，以求其政事之见于今者，而考其所以佐上理财之方，则其人之贤不肖，与世之治否，吾可以坐而得矣。此盖吕君之志也。","古文观止+选补",""
"日喻说","宋","苏轼","生而眇者不识日，问之有目者，或告之曰：“日之状如铜盘。”扣盘而得其声；他日闻钟，以为日也。或告之曰：“日之光如烛。”扪烛而得其形；他日揣籥，以为日也。日之与钟、籥亦远矣，而眇者不知其异，以其未尝见而求之人也。‖道之难见也甚于日，而人之未达也，无以异于眇。达者告之，虽有巧譬善导，亦无以过于盘与烛也。自盘而之钟，自烛而之籥，转而相之，岂有既乎？故世之言道者，或即其所见而名之，或莫之见而意之，皆求道之过也。然则道卒不可求欤？苏子曰：“道可致而不可求。”何谓致？孙武曰：“善战者致人，不致于人。”子夏曰：“百工居肆以成其事，君子学以致其道。”莫之求而自至，斯以为致也欤！‖南方多没人，日与水居也。七岁而能涉，十岁而能浮，十五而能没矣。夫没者岂苟然哉！必将有得于水之道者。日与水居，则十五而得其道；生不识水，则虽壮，见舟而畏之。故北方之勇者，问于没人，而求其所以没，以其言试之河，未能不溺者也。故凡不学而务求道，皆北方之学没者也。‖昔者以声律取士，士杂学而不志于道；今也以经术取士，士知求道而不务学。渤海吴君彦律，有志于学者也，方求举于礼部，作《日喻》以告之。","古文观止+选补",""
"答谢民师书","宋","苏轼","近奉违，亟辱问讯，具审起居佳胜，感慰深矣。轼受性刚简，学迂材下，坐废累年，不敢复齿缙绅。自还海北，见平生亲旧，惘然如隔世人，况与左右无一日之雅，而敢求交乎！数赐见临，倾盖如故，幸甚过望，不可言也。‖所示书教及诗赋杂文，观之熟矣。大略如行云流水，初无定质，但常行于所当行，常止于所不可不止，文理自然，姿态横生。孔子曰：“言之不文，行而不远。”又曰：“辞达而已矣。”夫言止于达意，即疑若不文，是大不然。求物之妙，如系风捕影，能使是物了然于心者，盖千万人而不一遇也，而况能使了然于口与手者乎？是之谓辞达。辞至于能达，则文不可胜用矣。扬雄好为艰深之辞，以文浅易之说，若正言之，则人人知之矣。此正所谓雕虫篆刻者，其《太玄》、《法言》，皆是类也。而独悔于赋，何哉？终身雕篆，而独变其音节，便谓之经，可乎？屈原作《离骚经》，盖《风》、《雅》之再变者，虽与日月争光可也。可以其似赋而谓之雕虫乎？使贾谊见孔子，升堂有余矣；而乃以赋鄙之，至与司马相如同科。雄之陋如此比者甚众，可与知者道，难与俗人言也。因论文偶及之耳。欧阳文忠公言：“文章如精金美玉，市有定价，非人所能以口舌定贵贱也。”纷纷多言，岂能有益于左右，愧悚不已。‖所须惠力法雨堂字，轼本不善作大字，强作终不佳，又舟中局迫难写，未能如教。然轼方过临江，当往游焉。或僧有所欲记录，当为作数句留院中，慰左右念亲之意。今日至峡山寺，少留即去。愈远，惟万万以时自爱。","古文观止+选补",""
"潮州韩文公庙碑","宋","苏轼","匹夫而为百世师，一言而为天下法。是皆有以参天地之化，关盛衰之运，其生也有自来，其逝也有所为。故申、吕自岳降，傅说为列星，古今所传，不可诬也。孟子曰：“我善养吾浩然之气。”是气也，寓于寻常之中，而塞乎天地之间。卒然遇之，则王公失其贵，晋、楚失其富，良、平失其智，贲、育失其勇，仪、秦失其辩。是孰使之然哉？其必有不依形而立，不恃力而行，不待生而存，不随死而亡者矣。故在天为星辰，在地为河岳，幽则为鬼神，而明则复为人。此理之常，无足怪者。‖自东汉以来，道丧文弊，异端并起，历唐贞观、开元之盛，辅以房、杜、姚、宋而不能救。独韩文公起布衣，谈笑而麾之，天下靡然从公，复归于正，盖三百年于此矣。文起八代之衰，而道济天下之溺；忠犯人主之怒，而勇夺三军之帅：此岂非参天地，关盛衰，浩然而独存者乎？‖盖尝论天人之辨，以谓人无所不至，惟天不容伪。智可以欺王公，不可以欺豚鱼；力可以得天下，不可以得匹夫匹妇之心。故公之精诚，能开衡山之云，而不得回宪宗之惑；能驯鳄鱼之暴，而不能弭皇甫镈、李逢吉之谤；能信于南海之民，庙食百世，而不能使其身一日安于朝廷之上。盖公之能者天也，其所不能者人也。‖始潮人未知学，公命进士赵德为之师。自是潮之士，皆笃于文行，延及齐民，至于今，号称易治。信乎孔子之言，“君子学道则爱人，小人学道则易使”也。潮人之事公也，饮食必祭，水旱疾疫，凡有求必祷焉。而庙在刺史公堂之后，民以出入为艰。前太守欲请诸朝作新庙，不果。元祐五年，朝散郎王君涤来守是邦。凡所以养士治民者，一以公为师。民既悦服，则出令曰：“愿新公庙者，听！”民欢趋之，卜地于州城之南七里，期年而庙成。‖或曰：“公去国万里，而谪于潮，不能一岁而归。没而有知，其不眷恋于潮也，审矣。”轼曰：“不然！公之神在天下者，如水之在地中，无所往而不在也。而潮州人独信之深，思之至，焄蒿凄怆，若或见之。譬如凿井得泉，而曰水专在是，岂理也哉？”元丰七年，诏拜公昌黎伯，故榜曰：“昌黎伯韩文公之庙。”潮人请书其事于石，因作诗以遗之，使歌以祀公。其辞曰：‖公昔骑龙白云乡，手抉云汉分天章，天孙为织云锦裳。飘然乘风来帝旁，下与浊世扫秕糠。西游咸池略扶桑，草木衣被昭回光。追逐李、杜参翱翔，汗流籍、湜走且僵，灭没倒影不能望。作书抵佛讥君王，要观南海窥衡湘，历舜九嶷吊英、皇。祝融先驱海若藏，约束蛟鳄如驱羊。钧天无人帝悲伤，讴吟下招遣巫阳。犦牲鸡卜羞我觞，于粲荔丹与蕉黄。公不少留我涕滂，翩然被发下大荒。","古文观止+选补",""
"晋献文子室成","","礼记","晋献文子成室（1），晋大夫发焉（2）。张老曰（3）：“美哉轮焉（4）！美哉奂焉（5）！歌于斯（6），哭于斯（7），聚国族于斯（8）。”文子曰：“武也得歌于斯，哭于斯。聚国族于斯，是全要领以从先大夫于九京也（9）。”北面再拜稽首（10）。君子谓之善颂善祷。‖选自《十三经注疏》本《礼记·檀弓下》","古文观止+选补",""
"书洛阳名园记后","宋","李格非","论曰：洛阳处天下之中，挟殽渑之阻，当秦陇之襟喉，而赵魏之走集，盖四方必争之地也。天下常无事则已，有事，则洛阳必先受兵。予故尝曰：“洛阳之盛衰，天下治乱之候也。”‖方唐贞观、开元之间，公卿贵戚开馆列第于东都者，号千有余邸；及其乱离，继以五季之酷。其池塘竹树，兵车蹂践，废而为丘墟；高亭大榭，烟火焚燎，化而为灰烬，与唐共灭而俱亡者，无余处矣。予故尝曰：“园圃之兴废，洛阳盛衰之候也。”‖且天下之治乱，候于洛阳之盛衰而知；洛阳之盛衰，候于园圃之废兴而得，则《名园记》之作，予岂徒然哉？‖呜呼！公卿士大夫方进于朝，放乎一己之私意以自为，而忘天下之治忽，欲退享此乐，得乎？唐之末路是矣！","古文观止+选补",""
"金石录后序","宋","李清照","右《金石录》三十卷者何？赵侯德甫所著书也。取上自三代、下迄五季，钟、鼎、甗、鬲、盘、彝、尊、敦之款识，丰碑大碣、显人晦士之事迹，凡见于金石刻者二千卷，皆是正讹谬，去取褒贬。上足以合圣人之道，下足以订史氏之失者，皆载之。可谓多矣。呜呼！自王涯、元载之祸，书画与胡椒无异；长舆、元凯之病，钱癖与传癖何殊？名虽不同，其惑一也。‖余建中辛巳，始归赵氏。时先君作礼部员外郎，丞相作礼部侍郎，候年二十一，在太学作学生。赵、李族寒，素贫俭。每朔望谒告，出，质衣，取半千钱，步入相国寺，市碑文果实。归，相对展玩咀嚼，自谓葛天氏之民也。后二年，出仕宦，便有饭蔬衣𦈌，穷遐方绝域，尽天下古文奇字之志。日就月将，渐益堆积。丞相居政府，亲旧或在馆阁，多有亡诗、逸史、鲁壁、汲冢所未见之书。遂尽力传写，浸觉有味，不能自已。后或见古今名人书画，三代奇器，亦复脱衣市易。尝记崇宁间，有人持徐熙《牡丹图》，求钱二十万。当时虽贵家子弟，求二十万钱，岂易得耶？留信宿计无所出而还之。夫妇相向惋怅者数日。‖后屏居乡里十年，仰取俯拾，衣食有余。连守两郡，竭其俸入，以事铅椠。每获一书，即同共勘校，整集签题。得书、画、彝、鼎，亦摩玩舒卷，指摘疵病，夜尽一烛为率。故能纸札精致，字画完整，冠诸收书家。余性偶强记，每饭罢，坐归来堂烹茶，指堆积书史，言某事在某书某卷第几叶第几行，以中否角胜负，为饮茶先后。中，即举杯大笑，至茶倾覆怀中，反不得饮而起。甘心老是乡矣！故虽处忧患困穷，而志不屈。收书既成，归来堂起书库，大橱簿甲乙，置书册。如要讲读，即请钥上簿，关出卷帙。或少损污，必惩责揩完涂改，不复向时之坦夷也。是欲求适意，而反取憀栗。余性不耐，始谋食去重肉，衣去重采，首无明珠翡翠之饰，室无涂金刺绣之具。遇书史百家，字不刓缺，本不讹谬者，辄市之，储作副本。自来家传《周易》、《左氏传》，故两家者流，文字最备。于是几案罗列，枕席枕藉，意会心谋，目往神授，乐在声色狗马之上。‖至靖康丙午岁，侯守淄川，闻金寇犯京师，四顾茫然，盈箱溢箧，且恋恋，且怅怅，知其必不为己物矣。建炎丁未春三月，奔太夫人丧南来，既长物不能尽载，乃先去书之重大印本者，又去画之多幅者，又去古器之无款识者。后又去书之监本者，画之平常者，器之重大者。凡屡减去，尚载书十五车。至东海，连舻渡淮，又渡江，至建康。青州故第，尚锁书册什物，用屋十余间，期明年春再具舟载之。十二月，金人陷青州，凡所谓十余屋者，已皆为煨烬矣。‖建炎戊申秋九月，侯起复知建康府，己酉春三月罢，具舟上芜湖，入姑熟，将卜居赣水上。夏五月，至池阳，被旨知湖州，过阙上殿。遂驻家池阳，独赴召。六月十三日，始负担舍舟，坐岸上，葛衣岸巾，精神如虎，目光烂烂射人，望舟中告别。余意甚恶，呼曰：“如传闻城中缓急，奈何？”戟手遥应曰：“从众。必不得已，先弃辎重，次衣被，次书册卷轴，次古器；独所谓宗器者，可自负抱，与身俱存亡，勿忘之！”遂驰马去。涂中奔驰，冒大暑，感疾。至行在，病痁。七月末，书报卧病。余惊怛，念侯性素急，奈何病痁，或热，必服寒药，疾可忧。遂解舟下，一日夜行三百里。比至，果大服柴胡、黄芩药，疟且痢，病危在膏肓。余悲泣，仓皇不忍问后事。八月十八日，遂不起，取笔作诗，绝笔而终，殊无分香卖屦之意。葬毕，余无所之。‖朝廷已分遣六宫，又传江当禁渡。时犹有书二万卷，金石刻二千卷，器皿、茵褥，可待百客，他长物称是。余又大病，仅存喘息。事势日迫，念侯有妹婿，任兵部侍郎，从卫在洪州，遂遣二故吏，先部送行李往投之。冬十二月，金寇陷洪州，遂尽委弃。所谓连舻渡江之书，又散为云烟矣。独余少轻小卷轴书帖，写本李、杜、韩、柳集，《世说》、《盐铁论》，汉唐石刻副本数十轴，三代鼎鼐十数事，南唐写本书数箧，偶病中把玩，搬在卧内者，岿然独存。‖上江既不可往，又虏势叵测，有弟迒，任敕局删定官，遂往依之。到台，台守已遁；之剡，出睦，又弃衣被走黄岩，雇舟入海，奔行朝，时驻跸章安。从御舟海道之温，又之越。庚戌十二月，放散百官，遂之衢。绍兴辛亥春三月，复赴越；壬子，又赴杭。先侯疾亟时，有张飞卿学士，携玉壶过视侯，便携去，其实珉也。不知何人传道，遂妄言有颁金之语，或传亦有密论列者。余大惶怖，不敢言，亦不敢遂已，尽将家中所有铜器等物，欲赴外庭投进。到越，已移幸四明。不敢留家中，并写本书寄剡，后官军收叛卒取去，闻尽入故李将军家。所谓岿然独存者，无虑十去五六矣。惟有书画砚墨，可五七簏，更不忍置他所，常在卧榻下，手自开阖。在会稽，卜居士民钟氏舍。忽一夕，穴壁负五簏去。余悲恸不已，重立赏收赎。后二日，邻人钟复皓出十八轴求赏，故知其盗不远矣。万计求之，其余遂不可出，今知尽为吴说运使贱价得之。所谓岿然独存者，乃十去其七八。所有一二残零，不成部帙书册三数种。平平书帖，犹复爱惜如护头目，何愚也耶！‖今日忽阅此书，如见故人。因忆侯在东莱静治堂，装卷初就，芸签缥带，束十卷作一帙。每日晚吏散，辄校勘二卷，题跋一卷。此二千卷，有题跋者五百二卷耳。今手泽如新，而墓木已拱，悲夫！昔萧绎江陵陷没，不惜国亡而毁裂书画；杨广江都倾覆，不悲身死而复取图书。岂人性之所著，死生不能忘之欤？或者天意以余菲薄，不足以享此尤物耶？抑亦死者有知，犹斤斤爱惜，不肯留在人间耶？何得之艰而失之易也！‖呜呼，余自少陆机作赋之二年，至过蘧瑗知非之两岁，三十四年之间，忧患得失，何其多也！然有有必有无，有聚必有散，乃理之常。人亡弓，人得之，又胡足道。所以区区记其终始者，亦欲为后世好古博雅者之戒云。绍兴二年、玄黓岁壮月朔甲寅，易安室题。","古文观止+选补",""
"指南录后序","宋","文天祥","德祐二年二月十九日，予除右丞相兼枢密使，都督诸路军马。时北兵已迫修门外，战、守、迁皆不及施。缙绅、大夫、士萃于左丞相府，莫知计所出。会使辙交驰，北邀当国者相见，众谓予一行为可以纾祸。国事至此，予不得爱身；意北亦尚可以口舌动也。初，奉使往来，无留北者，予更欲一觇北，归而求救国之策。于是，辞相印不拜，翌日，以资政殿学士行。‖初至北营，抗辞慷慨，上下颇惊动，北亦未敢遽轻吾国。不幸吕师孟构恶于前，贾余庆献谄于后，予羁縻不得还，国事遂不可收拾。予自度不得脱，则直前诟虏帅失信，数吕师孟叔侄为逆，但欲求死，不复顾利害。北虽貌敬，实则愤怒，二贵酋名曰“馆伴”，夜则以兵围所寓舍，而予不得归矣。‖未几，贾余庆等以祈请使诣北。北驱予并往，而不在使者之目。予分当引决，然而隐忍以行。昔人云：“将以有为也”。至京口，得间奔真州，即具以北虚实告东西二阃，约以连兵大举。中兴机会，庶几在此。留二日，维扬帅下逐客之令。不得已，变姓名，诡踪迹，草行露宿，日与北骑相出没于长淮间。穷饿无聊，追购又急，天高地迥，号呼靡及。已而得舟，避渚洲，出北海，然后渡扬子江，入苏州洋，展转四明、天台，以至于永嘉。‖呜呼！予之及于死者不知其几矣！诋大酋当死；骂逆贼当死；与贵酋处二十日，争曲直，屡当死；去京口，挟匕首以备不测，几自刭死；经北舰十余里，为巡船所物色，几从鱼腹死；真州逐之城门外，几徬徨死；如扬州，过瓜洲扬子桥，竟使遇哨，无不死；扬州城下，进退不由，殆例送死；坐桂公塘土围中，骑数千过其门，几落贼手死；贾家庄几为巡徼所陵迫死；夜趋高邮，迷失道，几陷死；质明，避哨竹林中，逻者数十骑，几无所救死；至高邮，制府檄下，几以捕系死；行城子河，出入乱尸中，舟与哨相后先，几邂逅死；至海陵，如高沙，常恐无辜死；道海安、如皋，凡三百里，北与寇往来其间，无日而非可死；至通州，几以不纳死；以小舟涉鲸波出，无可奈何，而死固付之度外矣！呜呼！死生，昼夜事也，死而死矣，而境界危恶，层见错出，非人世所堪。痛定思痛，痛何如哉！‖予在患难中，间以诗记所遭，今存其本，不忍废，道中手自抄录。使北营，留北关外，为一卷；发北关外，历吴门、毗陵，渡瓜洲，复还京口，为一卷；脱京口，趋真州、扬州、高邮、泰州、通州，为一卷；自海道至永嘉、来三山，为一卷。将藏之于家，使来者读之，悲予志焉。‖呜呼！予之生也幸，而幸生也何所为？求乎为臣，主辱，臣死有余僇；所求乎为子，以父母之遗体行殆，而死有余责。将请罪于君，君不许；请罪于母，母不许；请罪于先人之墓。生无以救国，死犹为厉鬼以击贼，义也；赖天之灵、宗庙之福，修我戈矛，从王于师，以为前驱，雪九庙之耻，复高祖之业，所谓“誓不与贼俱生”，所谓“鞠躬尽力，死而后已”，亦义也。嗟夫！若予者，将无往而不得死所矣。向也，使予委骨于草莽，予虽浩然无所愧怍，然微以自文于君亲，君亲其谓予何？诚不自意返吾衣冠，重见日月，使旦夕得正丘首，复何憾哉！复何憾哉！‖是年夏五，改元景炎，庐陵文天祥自序其诗，名曰《指南录》。","古文观止+选补",""
"登西台恸哭记","宋","谢翱","始，故人唐宰相鲁公开府南服，余以布衣从戎。明年，别公漳水湄。后明年，公以事过张睢阳庙及颜杲卿所尝往来处，悲歌慷慨，卒不负其言而从之游。今其诗具在，可考也。‖余恨死无以借手见公，而独记别时语，每一动念，即于梦中寻之。或山水池榭，云岚草木，与所别之处及其时适相类，则徘徊顾盼，悲不敢泣。又后三年，过姑苏。姑苏，公初开府旧治也，望夫差之台而始哭公焉。又后四年，而哭之于越台。又后五年及今，而哭于子陵之台。‖先是一日，与友人甲、乙若丙约，越宿而集。午，雨未止，买榜江涘。登岸，谒子陵祠；憩祠旁僧舍，毁垣枯甃，如入墟墓。还，与榜人治祭具。须臾，雨止，登西台，设主于荒亭隅；再拜，跪伏，祝毕，号而恸者三，复再拜，起。又念余弱冠时，往来必谒拜祠下。其始至也，侍先君焉。今余且老。江山人物，眷焉若失。复东望，泣拜不已。有云从南来，渰浥浡郁，气薄林木，若相助以悲者。乃以竹如意击石，作楚歌招之曰：“魂朝往兮何极？莫归来兮关塞黑。化为朱鸟兮有咮焉食？”歌阕，竹石俱碎，于是相向感唶。复登东台，抚苍石，还憩于榜中。榜人始惊余哭，云：“适有逻舟之过也，盍移诸？”遂移榜中流，举酒相属，各为诗以寄所思。薄暮，雪作风凛，不可留，登岸宿乙家。夜复赋诗怀古。明日，益风雪，别甲于江，余与丙独归。行三十里，又越宿乃至。‖其后，甲以书及别诗来，言：“是日风帆怒驶，逾久而后济；既济，疑有神阴相，以著兹游之伟。”余曰：“呜呼！阮步兵死，空山无哭声且千年矣！若神之助固不可知，然兹游亦良伟。其为文词因以达意，亦诚可悲已！”余尝欲仿太史公著《季汉月表》，如秦楚之际。今人不有知余心，后之人必有知余者。于此宜得书，故纪之，以附季汉事后。‖时，先君登台后二十六年也。先君讳某字某，登台之岁在乙丑云。","古文观止+选补",""
"送秦中诸人引","金","元好问","关中风土完厚，人质直而尚义，风声习气，歌谣慷慨，且有秦、汉之旧。至于山川之胜，游观之富，天下莫与为比。故有四方之志者，多乐居焉。‖予年二十许时，侍先人官略阳，以秋试留长安中八九月。时纨绮气未除，沉涵酒间。知有游观之美而不暇也。长大来，与秦人游益多，知秦中事益熟，每闻谈周、汉都邑及蓝田、鄠、杜间风物，则喜色津津然动于颜间。二三君多秦人，与余游，道相合而意相得也。常约近南山，寻一牛田，营五亩之宅，如举子结夏课时，聚书深读，时时酿酒为具，从宾客游，伸眉高谈，脱屣世事，览山川之胜概，考前世之遗迹，庶几乎不负古人者。然予以家在嵩前，暑途千里，不若二三君之便于归也。‖清秋扬鞭，先我就道，矫首西望，长吁青云。今夫世俗惬意事，如美食大官，高赀华屋，皆众人所必争而造物者之所甚靳，有不可得者。若夫闲居之乐，澹乎其无味，漠乎其无所得，盖其放于方之外者之所贪，人何所争，而造物者亦何靳耶？行矣诸君，明年春风，待我于辋川之上矣。","古文观止+选补",""
"送何太虚北游序","元","吴澄","士可以游乎？“不出户，知天下”，何以游为哉！士可以不游乎？男子生而射六矢，示有志乎上下四方也，而何可以不游也？‖夫子，上智也，适周而问礼，在齐而闻韶，自卫复归于鲁，而后雅、颂各得其所也。夫子而不周、不齐、不卫也，则犹有未问之礼，未闻之韶，未得所之雅、颂也。上智且然，而况其下者乎？士何可以不游也！‖然则彼谓不出户而能知者，非欤？曰：彼老氏意也。老氏之学，治身心而外天下国家者也。人之一身一心，天地万物咸备，彼谓吾求之一身一心有余也，而无事乎他求也，是固老氏之学也。而吾圣人之学不如是。圣人生而知也，然其所知者，降衷秉彝之善而已。若夫山川风土、民情世故、名物度数、前言往行，非博其闻见于外，虽上智亦何能悉知也。故寡闻寡见，不免孤陋之讥。取友者，一乡未足，而之一国；一国未足，而之天下；犹以天下为未足，而尚友古之人焉。陶渊明所以欲寻圣贤遗迹于中都也。然则士何可以不游也？‖而后之游者，或异乎是。方其出而游乎上国也，奔趋乎爵禄之府，伺候乎权势之门，摇尾而乞怜，胁肩而取媚，以侥幸于寸进。及其既得之，而游于四方也，岂有意于行吾志哉！岂有意于称吾职哉！苟可以夺攘其人，盈厌吾欲，囊橐既充，则阳阳而去尔。是故昔之游者为道，后之游者为利。游则同，而所以游者不同。‖余于何弟太虚之游，恶得无言乎哉！太虚以颖敏之资，刻厉之学，善书工诗，缀文研经，修于己，不求知于人，三十余年矣。口未尝谈爵禄，目未尝睹权势，一旦而忽有万里之游，此人之所怪而余独知其心也。世之士，操笔仅记姓名，则曰：“吾能书！”属辞稍协声韵，则曰：“吾能诗！”言语布置，粗如往时所谓举子业，则曰：“吾能文！”阖门称雄，矜己自大，酰瓮之鸡，坎井之蛙，盖不知瓮外之天、井外之海为何如，挟其所已能，自谓足以终吾身、没吾世而无憾。夫如是又焉用游！太虚肯如是哉？书必钟、王，诗必陶、韦，文不柳、韩、班、马不止也。且方窥闯圣人之经，如天如海，而莫可涯，讵敢以平日所见所闻自多乎？此太虚今日之所以游也。‖是行也，交从日以广，历涉日以熟，识日长而志日起。迹圣贤之迹而心其心，必知士之为士，殆不止于研经缀文工诗善书也。闻见将愈多而愈寡，愈有余而愈不足，则天地万物之皆备于我者，真可以不出户而知。是知也，非老氏之知也。如是而游，光前绝后之游矣，余将于是乎观。‖澄所逮事之祖母，太虚之从祖姑也。故谓余为兄，余谓之为弟云。","古文观止+选补",""
"大龙湫记","元","李孝光","大德七年秋八月，予尝从老先生来观大龙湫，苦雨积日夜。是日大风起西北，始见日出。湫水方大。入谷，未到五里余，闻大声转出谷中。从者心掉。望见西北立石，作人俯势；又如大楹。行过二百步，乃见更作两股相倚立。更进百数步，又如树大屏风。而其颠谽谺，犹蟹两螯，时一动摇。行者兀兀不可入。转缘南山趾，稍北，回视如树圭。又折而入东崦，则仰见大水从天上堕地，不挂著四壁，或盘桓久不下，忽迸落如震霆。东岩趾有诺讵那庵，相去五六步，山风横射，水飞着人。走入庵避，余沫迸入屋犹如暴雨至。水下捣大潭，轰然万人鼓也。人相持语，但见口张，不闻作声，则相顾大笑。先生曰：“壮哉！吾行天下，未见如此瀑布也。”是后，予一岁或一至。至，常以九月。十月，则皆水缩，不能如向所见。‖今年冬又大旱。客入，到庵外石矼上，渐闻有水声。乃缘石矼下，出乱石间，始见瀑布垂，勃勃如苍烟。乍小乍大，鸣渐壮急。水落潭上洼石，石被激射，反红如丹砂。石间无秋毫土气，产木宜瘠，反碧滑如翠羽凫毛。潭中有斑鱼廿余头，闻转石声，洋洋远去，闲暇回缓，如避世士然。家僮方置大瓶石旁，仰接瀑水。水忽舞向人，又益壮一倍，不可复得瓶。乃解衣脱帽著石上，相持扼��，欲争取之，因大呼笑。西南石壁上，黄猿数十，闻声皆自惊扰，挽崖端偃木牵连下，窥人而啼。纵观久之，行出瑞鹿院前。今为瑞鹿寺。日已入，苍林积叶，前行，人迷不得路，独见明月宛宛如故人。‖老先生谓南山公也。","古文观止+选补",""
"苛政猛于虎","","礼记","孔子过泰山侧，有妇人哭于墓者而哀。夫子式而听之（1），使子路问之曰（2）：“子之哭也，壹似重有忧者（3）。”而曰（4）：“然！昔者吾舅死于虎（5），吾夫又死焉，今吾子又死焉。”夫子曰：“何为不去也？”曰：“无苛 政（6）。”夫了曰：“小子识之（7），苛政猛于虎也！”‖选自《十三经注疏》本《礼记·檀弓下》‖孔子路过泰山边，有个妇人在坟墓旁哭得很悲伤。孔子扶着车前的伏手板听着，派子路问她说：“你这样哭，真好象不止一次遭遇到不幸了。”她就说：“是啊！以前我公公死在老虎口中，我丈夫也死在这虎上，现在我儿子又被虎咬死了。”孔子说：“为什么不离开这儿呢？”回答说：“这儿没苛政。”孔子说：“弟子们记着，苛政比老虎还厉害！”","古文观止+选补",""
"送东阳马生序","明","宋濂","余幼时即嗜学。家贫，无从致书以观，每假借于藏书之家，手自笔录，计日以还。天大寒，砚冰坚，手指不可屈伸，弗之怠。录毕，走送之，不敢稍逾约。以是人多以书假余，余因得遍观群书。既加冠，益慕圣贤之道，又患无砚师、名人与游，尝趋百里外，从乡之先达执经叩问。先达德隆望尊，门人弟子填其室，未尝稍降辞色。余立侍左右，援疑质理，俯身倾耳以请；或遇其叱咄，色愈恭，礼愈至，不敢出一言以复；俟其欣悦，则又请焉。故余虽愚，卒获有所闻。‖当余之从师也，负箧曳屣，行深山巨谷中，穷冬烈风，大雪深数尺，足肤皲裂而不知。至舍，四肢僵劲不能动，媵人持汤沃灌，以衾拥覆，久而乃和。寓逆旅主人，日再食，无鲜肥滋味之享。同舍生皆被绮绣，戴珠缨宝饰之帽，腰白玉之环，左佩刀，右备容臭，煜然若神人；余则缊袍敝衣处其间，略无慕艳意。以中有足乐者，不知口体之奉不若人也。盖余之勤且艰若此。今虽耄老，未有所成，犹幸预君子之列，而承天子之宠光，缀公卿之后，日侍坐备顾问，四海亦谬称其氏名，况才之过于余者乎？‖今诸生学于太学，县官日有廪稍之供，父母岁有裘葛之遗，无冻馁之患矣；坐大厦之下而诵诗书，无奔走之劳矣；有司业、博士为之师，未有问而不告，求而不得者也；凡所宜有之书，皆集于此，不必若余之手录，假诸人而后见也。其业有不精，德有不成者，非天质之卑，则心不若余之专耳，岂他人之过哉！‖东阳马生君则，在太学已二年，流辈甚称其贤。余朝京师，生以乡人子谒余，撰长书以为贽，辞甚畅达，与之论辩，言和而色夷。自谓少时用心于学甚劳，是可谓善学者矣！其将归见其亲也，余故道为学之难以告之。谓余勉乡人以学者，余之志也；诋我夸际遇之盛而骄乡人者，岂知余者哉！","古文观止+选补",""
"大言（又名《尊卢沙》）","明","宋濂","秦有尊卢沙者，善夸谈，居之不疑。秦人笑之，尊卢沙曰：“勿予笑也，吾将说楚以王国之术。”翩翩然南。‖迨至楚境上，关吏絷之。尊卢沙曰：“慎毋絷我，我来为楚王师。”关吏送诸朝。大夫置馆之，问曰：“先生不鄙夷敝邑，不远千里，将康我楚邦。承颜色日浅，未敢敷布腹心；他不敢有请，姑闻师楚之意何如？”尊卢沙怒曰：“是非子所知！”大夫不得其情，进于上卿瑕。瑕客之，问之如大夫。尊卢沙愈怒，欲辞去。瑕恐获罪于王，亟言之。‖王趣见，未至，使者四三往。及见，长揖不拜，呼楚王谓曰：“楚国东有吴越，西有秦，北有齐与晋，皆虎视不瞑。臣近道出晋郊，闻晋约诸侯图楚，刑白牲，列珠盘玉敦，歃血以盟曰：‘不祸楚国，无相见也！’且投璧祭河，欲渡。王尚得奠枕而寝耶？”楚王起问计。尊卢沙指天曰：“使尊卢沙为卿，楚不强者，有如日！”王曰：“然敢问何先？”尊卢沙曰：“是不可空言白也。”王曰：“然。”即命为卿。‖居三月，无异者。已而晋侯帅诸侯之师至，王恐甚，召尊卢沙却之。尊卢沙瞠目视，不对。迫之言，乃曰：“晋师锐甚，为王上计，莫若割地与之平耳。”王怒，囚之三年，劓而纵之。‖尊卢沙谓人曰：“吾今而后知夸谈足以贾祸。”终身不言。欲言，扪鼻即止。‖君子曰：战国之时，士多大言无当，盖往往藉是以媒利禄。尊卢沙，亦其一人也。使晋兵不即至，或可少售其妄；未久辄败，亦不幸矣哉！历考往事，矫虚以诳人，未有令后者也。然则尊卢沙之劓，非不幸也，宜也。","古文观止+选补",""
"书博鸡者事","明","高启","博鸡者，袁人，素无赖，不事产业，日抱鸡呼少年博市中。任气好斗，诸为里侠者皆下之。‖元至正间，袁有守多惠政，民甚爱之。部使者臧，新贵，将按郡至袁。守自负年德，易之，闻其至，笑曰：“臧氏之子也。”或以告臧。臧怒，欲中守法。会袁有豪民尝受守杖，知使者意嗛守，即诬守纳已赇。使者遂逮守，胁服，夺其官。袁人大愤，然未有以报也。‖一日，博鸡者遨于市。众知有为，因让之曰：“若素民勇，徒能凌藉贫孱者耳！彼豪民恃其资，诬去贤使君，袁人失父母；若诚丈夫，不能为使君一奋臂耶？”博鸡者曰：“诺。”即入闾左，呼子弟素健者，得数十人，遮豪民于道。豪民方华衣乘马，从群奴而驰。博鸡者直前捽下，提殴之。奴惊，各亡去。乃褫豪民衣自衣，复自策其马，麾众拥豪民马前，反接，徇诸市。使自呼曰：“为民诬太守者视此！”一步一呼，不呼则杖，其背尽创。豪民子闻难，鸠宗族童奴百许人，欲要篡以归。博鸡者逆谓曰：“若欲死而父，即前斗。否则阖门善俟。吾行市毕，即归若父，无恙也。”豪民子惧遂杖杀其父，不敢动，稍敛众以去。袁人相聚从观，欢动一城。郡录事骇之，驰白府。府佐快其所为，阴纵之不问。日暮，至豪民第门，捽使跪，数之曰：“若为民不自谨，冒使君，杖汝，法也；敢用是为怨望，又投间蔑污使君，使罢。汝罪宜死，今姑贷汝。后不善自改，且复妄言，我当焚汝庐、戕汝家矣！”豪民气尽，以额叩地，谢不敢。乃释之。‖博鸡者因告众曰：“是足以报使君未耶？”众曰：“若所为诚快，然使君冤未白，犹无益也。”博鸡者曰：“然。”即连楮为巨幅，广二丈，大书一“屈”字，以两竿夹揭之，走诉行御史台。台臣弗为理。乃与其徒日张“屈”字游金陵市中。台臣惭，追受其牒，为复守官而黜臧使者。方是时，博鸡者以义闻东南。‖高子曰：余在史馆，闻翰林天台陶先生言博鸡者之事。观袁守虽得民，然自喜轻上，其祸非外至也。臧使者枉用三尺，以仇一言之憾，固贼戾之士哉！第为上者不能察，使匹夫攘袂群起，以伸其愤，识者固知元政紊弛，而变兴自下之渐矣。","古文观止+选补",""
"越巫","明","方孝孺","越巫自诡善驱鬼物。人病，立坛场，鸣角振铃，跳掷叫呼，为胡旋舞禳之。病幸已，馔酒食持其赀去，死则诿以他故，终不自信其术之妄。恒夸人曰：“我善治鬼，鬼莫敢我抗。”恶少年愠其诞，瞷其夜归，分五六人栖道旁木上，相去各里所，候巫过下，砂石击之。巫以为真鬼也，即旋其角，且角且走，心大骇，首岑岑加重，行不知足所在。稍前，骇颇定，木间砂乱下如初，又旋而角，角不能成音，走愈急。复至前，复如初，手栗气慑不能角，角坠振其铃，既而铃坠，唯大叫以行。行闻履声及叶鸣谷响，亦皆以为鬼，号求救于人甚哀。夜半抵家，大哭叩门，其妻问故，舌缩不能言，唯指床曰：“亟扶我寝！我遇鬼，今死矣！”扶至床，胆裂死，肤色如蓝。巫至死不知其非鬼。","古文观止+选补",""
"吴士","明","方孝孺","吴士好夸言，自高其能，谓举世莫及，尤善谈兵，谈必推孙、吴。遇元季乱，张士诚称王姑苏，与国朝争雄，兵未决。士谒士诚曰：“吾观今天下形势莫便于姑苏，粟帛莫富于姑苏，甲兵莫利于姑苏，然而不霸者，将劣也。今大夫之将皆任贱丈，夫战而不知兵，此鼠斗耳！王果能将吾，中原可得，于胜小敌何有！”士诚以为然，俾为将，听自募兵，戒司粟吏勿与较嬴缩。士尝游钱塘，与无赖懦人交，遂募兵于钱塘，无赖士皆起从之，得官者数十人，月糜粟万计。日相与讲击刺坐作之法，暇则斩牲具酒燕饮，其所募士实未尝能将兵也。李曹公破钱塘，士及麾下遁去，不敢少格，搜得缚至辕门诛之，垂死犹曰：“吾善孙吴法。”‖右《越巫》、《吴士》二篇，余见世人之好诞者死于诞，好夸者死于夸，而终身不知其非者众矣，岂不惑哉！游吴越间，客谈二事类之之书以为世戒。","古文观止+选补",""
"移树说","明","李东阳","予城西旧茔久勿树。比辟地东邻，有桧百余株，大者盈拱，高可二三丈，予惜其生不得所。有种树者曰：“我能为公移之。”予曰：“有是哉？”请试，许之。‖予尝往观焉。乃移其三之一，规其根围数尺，中留宿土。坎及四周，及底而止。以绳绕其根，若碇然，然其重虽千人莫能举也，则陊其坎之棱，𫄠树腰而卧之，根之罅实以虚壤。复卧而北，树为壤所垫，渐高以起，卧而南亦如之。三卧三起，其高出于坎。棚木为床横载之，曳以两牛，翼以十夫。其大者倍其数。行数百步，植于墓后为三重。阅岁而视之，成者十九。则又移其余，左右翼以及于门。再阅岁而视之，其成者又十而九也。于是干条交接，行列分布，郁然改观，与古墓无异焉。夫规大而坎疏，故根不离；宿土厚，故元气足；乘虚而起渐，故出而无所伤。取必于旦夕之近，而巧夺于二十余年之远，盖其治之也有道，而行之也有序尔。‖予因叹夫世之培植人材，变化气习者，使皆得其道而治之，几何不为君子之归也哉？族子嘉敬举乡贡而来，予爱其质近于义，留居京师，与之考业论道，示之向方，俾从贤士大夫游，有所观法而磨砺，知新而聚博。越三年，志业并进，再诎有司，将归省其亲。予冀其复来，以成其学，且见之用也，作《移树说》以贻之。","古文观止+选补",""
"医戒","明","李东阳","予年二十九，有脾病焉。其证能食而不能化，因节不多食。渐节渐寡，几至废食。气渐薾，形日就惫，医谓为瘵也，以药补之；病益甚，则补益峻。岁且尽，乃相谓曰：“吾计且穷矣。若春木旺，则脾土必重伤。”先君子忧之。‖会有老医孙景祥氏来视，曰：“及春而解。”予怪问之，孙曰：“病在心火，故得木而解。彼谓脾病者，不揣其本故也。子无乃有忧郁之心乎？”予爽然曰：“嘻，是也。”盖是时予屡有妻及弟之丧，悲怆交集，积岁而病，累月而惫，非唯医不能识，而予亦忘之矣。于是括旧药尽焚之，悉听其所为。三日而一药，药不过四五剂，及春而果差。‖因叹曰：医不能识病，而欲拯人之危，难矣哉！又叹曰：世之徇名遗实，以躯命托之庸人之手者，亦岂少哉！乡不此医之值，而徒托诸所谓命医，不当补而补，至于惫而莫之悟也。因录以自戒。","古文观止+选补",""
"里妇寓言","明","马中锡","汉武帝时，汲黯使河南，矫制发粟；归恐见诛，未见上，先过东郭先生求策。先生曰：“吾草野鄙人，不知制为何物，亦不知矫制何罪，无可以语子者。无已，敢以吾里中事以告。吾里有妇，未笄时，佐诸姆治内事，暇则窃听诸母谈，闻男女居室事甚悉，心亦畅然以悦；及闻产育之艰，则怃然而退，私语女隶曰：‘诸母知我窃听，诳我耳，世宁有是理耶？’既而适里之孱子，身不能胜衣，力不能举羽，气奄奄仅相属，虽与之居数年，弗克孕。妇亦未谙产育之艰，益以前诸姆言为谬。孱子死，妇入通都，再适美少年，意甚惬，不逾岁而妊。将娩之前期，腹隐隐然痛，妇心悸，忽忆当年事，走市廛，遍叩市媪之尝诞子者，而求免焉。市媪知其愚也，欺侮之曰：‘医可投，彼有剂可以夺胎也。’或曰：‘巫可礼，彼有术可以逭死也。’或曰：‘南山有穴，其深叵测，暮夜潜遁其中，可避也。’或曰：‘东海有药，其名长生，服之不食不遗，可免也。’妇不知其绐也，迎医，而医见拒；求巫，而巫不答；趋南山，则藜藿拒于虎豹；投东海，则蓬莱阻于蛟龙。顾有居于窨室焉，遂窜入不复出。居三日，而痛愈剧，若将遂娩者，且计穷矣，乃复出。偶邻妇生子，发未燥，母子俱无恙。妇欣然往问之。邻妇曰：‘汝竟痴耶！古称：未有学养子，而后嫁者。汝嫁矣，乃不闲养子之道而云云乎？世之人不死于产者亦多矣，产而死则司命攸存，又可免乎？汝畏死，何莫寡居以毕世，而乃忍辱再醮也？汝休矣，汝休矣！世岂有既妊而畏产者耶？’里妇乃赧然而归，生子亦无恙。”词未毕，黯出户，不俟驾而朝。","古文观止+选补",""
"稽山书院尊经阁记","明","王守仁","经，常道也，其在于天谓之命，其赋于人谓之性，其主于身谓之心。心也，性也，命也，一也。通人物，达四海，塞天地，亘古今，无有乎弗具，无有乎弗同，无有乎或变者也，是常道也。其应乎感也，则为恻隐，为羞恶，为辞让，为是非；其见于事也，则为父子之亲，为君臣之义，为夫妇之别，为长幼之序，为朋友之信。是恻隐也，羞恶也，辞让也，是非也，是亲也，义也，序也，别也，信也，一也；皆所谓心也，性也，命也。通人物，达四海，塞天地，亘古今，无有乎弗具，无有乎弗同，无有乎或变者也，是常道也。是常道也，以言其阴阳消息之行焉，则谓之《易》；以言其纪纲政事之施焉，则谓之《书》；以言其歌咏性情之发焉，则谓之《诗》；以言其条理节文之著焉，则谓之《礼》；以言其欣喜和平之生焉，则谓之《乐》；以言其诚伪邪正之辩焉，则谓之《春秋》。是阴阳消息之行也以至于诚伪邪正之辩也，一也；皆所谓心也，性也，命也。通人物，达四海，塞天地，亘古今，无有乎弗具，无有乎弗同，无有乎或变者也，夫是之谓六经。六经者非他，吾心之常道也。故《易》也者，志吾心之阴阳消息者也；《书》也者，志吾心之纪纲政事者也；《诗》也者，志吾心之歌咏性情者也；《礼》也者，志吾心之条理节文者也；《乐》也者，志吾心之欣喜和平者也；《春秋》也者，志吾心之诚伪邪正者也。君子之于六经也，求之吾心之阴阳消息而时行焉，所以尊《易》也；求之吾心之纪纲政事而时施焉，所以尊《书》也；求之吾心之歌咏性情而时发焉，所以尊《诗》也；求之吾心之条理节文而时著焉。所以尊《礼》也；求之吾心之欣喜和平而时生焉，所以尊《乐》也；求之吾心之诚伪邪正而时辩焉，所以尊《春秋》也。‖盖昔者圣人之扶人极、忧后世而述六经也，犹之富家者之父祖，虑其产业库藏之积，其子孙者或至于遗忘散失，卒困穷而无以自全也，而记籍其家之所有以贻之，使之世守其产业库藏之积而享用焉，以免于困穷之患。故六经者，吾心之记籍也；而六经之实，则具于吾心，犹之产业库藏之实积，种种色色，具存于其家；其记籍者，特名状数目而已。而世之学者，不知求六经之实于吾心，而徒考索于影响之间，牵制于文义之末，硁硁然以为是六经矣；是犹富家之子孙，不务守视享用其产业库藏之实积，日遗忘散失，至于窭人丐夫，而犹嚣嚣然指其记籍。曰：“斯吾产业库藏之积也！”何以异于是？‖呜呼！六经之学，其不明于世，非一朝一夕之故矣。尚功利，崇邪说，是谓乱经；习训诂，传记诵，没溺于浅闻小见，以涂天下之耳目，是谓侮经；侈淫辞，竞诡辩，饰奸心盗行，逐世垄断，而犹自以为通经，是谓贼经。若是者，是并其所谓记籍者而割裂弃毁之矣，宁复知所以为尊经也乎？‖越城旧有稽山书院，在卧龙西岗，荒废久矣。郡守渭南南君大吉，既敷政于民，则慨然悼末学之支离，将进之以圣贤之道，于是使山阴令吴君瀛拓书院而一新之；又为尊经之阁于其后，曰：经正则庶民兴，庶民兴斯无邪慝矣。阁成，请予一言，以谂多士。予既不获辞，则为记之若是。呜呼！世之学者，得吾说而求诸其心焉，其亦庶乎知所以为尊经也矣。","古文观止+选补",""
"送宗伯乔白岩序","明","王守仁","阳明子曰：“学贵专。”先生曰：“然。予少而好弈，食忘味，寝忘寐，目无改观，耳无改听，盖一年而诎乡之人，三年而国中莫有予当者，学贵专哉！”阳明子曰：“学贵精”。先生曰：“然。予长而好文词，字字而求焉，句句而鸠焉。研众史，核百氏，盖始而希迹于宋唐，终焉浸入于汉魏，学贵精战！”阳明子曰：“学贵正”。先生曰：“然。予中年而好圣贤之道，弈吾悔焉，文词吾愧焉，吾无所容心矣，子以为奚若？”阳明子曰：“可哉！学弈则谓之学，学文则谓之学，学道则谓之学，然而其归远也。道，大路也，外是荆棘之蹊，鲜克达矣。是故专于道，斯谓之专；精于道，斯谓之精。专于弈而不专于道，其专溺也；精于文词而不精于道，其精僻也。夫道广矣大矣，文词技能于是乎出，而以文词技能为者，去道远矣。是故非专则不能以精，非精则不能以明，非明则不能以诚，故曰‘唯精唯一’。精，精也；专，一也。精则明矣，明则诚矣，是故明，精之为也；诚，一之基也。一，天下之大本也；精，天下之大用也。知天地之化育，而况于文词技能之末乎？”先生曰：“然哉！予将终身焉，而悔其晚也。”阳明子曰：“岂易哉？公卿之不讲学也久矣。昔者卫武公年九十而犹诏于国人曰：‘毋以老耄而弃予。’先生之年半于武公，而功可倍之也，先生其不愧于武公哉！某也敢忘国士之交警？”","古文观止+选补",""
"说琴","明","何景明","何子有琴，三年不张。从其游者戴仲鹖，取而绳以弦，进而求操焉。何子御之，三叩其弦，弦不服指，声不成文。徐察其音，莫知病端。仲鹖曰：“是病于材也。予视其黟然黑，邪然腐也。其质不任弦，故鼓之弗扬。”何子曰：“噫！非材之罪也，吾将尤夫攻之者也。凡攻琴者，首选材，审制器。其器有四：弦、轸、徽、越。弦以被音，轸以机弦，徽以比度，越以亮节。被音则清浊见，机弦则高下张，比度则细大弗逾，亮节则声应不伏。故弦取其韧密也，轸取其栝圆也，徽取其数次也，越取其中疏也。今是琴，弦之韧，疏，轸之栝，滞；徽之数，失钧；越之中，浅以隘。疏，故清浊弗能具；滞，故高下弗能通；失钧，故细大相逾；浅隘，故声应沉伏。是以宫商不识职，而律吕叛度。虽使伶伦钧弦而柱指，伯牙按节而临操，亦未知其所谐也。‖“夫是琴之材，桐之为也。桐之生邃谷，据盘石，风雨之所化，云烟之所蒸，蟠纡纶囷，璀璨岪郁，文炳彪凤，质参金玉，不为不良也。使攻者制之中其制，修之畜其用，斫以成之，饰以出之。上而君得之，可以荐清庙，设大廷，合神纳宾，赞实出伏，畅民洁物。下而士人得之，可以宣气养德，道情和志。何至黟然邪然，为腐材置物邪！吾观天下之不罪材者，寡矣。如常以求固执，缚柱以求张弛，自混而欲别物，自褊而欲求多。直木轮，屈木辐，巨木节，细木�兀�几何不为材之病也。是故君子慎焉。‖“操之以劲，动之以时，明之以序，藏之以虚。劲则能弗挠也，时则能应变也，序则能辨方也，虚则能受益也。劲者信也，时者知也，序者义也，虚者谦也。信以居之，知以行之，义以制之，谦以保之。朴其中，文其外。见则用世，不见则用身。故曰：“虽愚必明，虽柔必强。材何罪焉！”‖仲鹖怃然离席曰：“信取于弦乎，知取于轸乎，义取于徽乎，谦取于越乎。一物而众理备焉。予不敏，愿改弦更张，敬服斯说。”","古文观止+选补",""
"项脊轩志","明","归有光","项脊轩，旧南阁子也。室仅方丈，可容一人居。百年老屋，尘泥渗漉，雨泽下注，每移案，顾视无可置者。又北向，不能得日，日过午已昏。余稍为修葺，使不上漏。前辟四窗，垣墙周庭，以当南日，日影反照，室始洞然。又杂植兰桂竹木于庭，旧时栏楯亦遂增胜。积书满架，偃仰啸歌，冥然兀坐，万籁有声。而庭阶寂寂，小鸟时来啄食，人至不去。三五之夜，明月半墙，桂影斑驳，风移影动，珊珊可爱。‖然余居于此，多可喜，亦多可悲。先是，庭中通南北为一。迨诸父异爨，内外多置小门，墙往往而是。东犬西吠，客逾庖而宴，鸡栖于厅。庭中始为篱，已为墙，凡再变矣。家有老妪，尝居于此。妪，先大母婢也，乳二世，先妣抚之甚厚。室西连于中闺，先妣尝一至。妪每谓余曰：“某所，而母立于兹。”妪又曰：“汝姊在吾怀，呱呱而泣；娘以指叩门扉曰：‘儿寒乎？欲食乎？’吾从板外相为应答。”语未毕，余泣，妪亦泣。余自束发读书轩中，一日，大母过余曰：“吾儿，久不见若影，何竟日默默在此，大类女郎也？”比去，以手阖门，自语曰：“吾家读书久不效，儿之成，则可待乎？”顷之，持一象笏至，曰：“此吾祖太常公宣德间执此以朝，他日汝当用之。”瞻顾遗迹，如在昨日，令人长号不自禁。‖轩东，故尝为厨，人往，从轩前过。余扃牖而居，久之，能以足音辨人。轩凡四遭火，得不焚，殆有神护者。‖项脊生曰：蜀清守丹穴，利甲天下，其后秦皇帝筑女怀清台。刘玄德与曹操争天下，诸葛孔明起陇中。方二人之昧昧于一隅也，世何足以知之？余区区处败屋中，方扬眉瞬目，谓有奇景。人知之者，其谓与坎井之蛙何异！‖余既为此志，后五年，吾妻来归，时至轩中，从余问古事，或凭几学书。吾妻归宁，述诸小妹语曰：“闻姊家有阁子，且何谓阁子也？”其后六年，吾妻死，室坏不修。其后二年，余久卧病无聊，乃使人复葺南阁子，其制稍异于前。然自后余多在外，不常居。‖庭有枇杷树，吾妻死之年所手植也，今已亭亭如盖矣。","古文观止+选补",""
"寒花葬志","明","归有光","婢，魏孺人媵也。嘉靖丁酉五月四日死，葬虚丘。事我而不卒，命也夫！‖婢初媵时，年十岁，垂双鬟，曳深绿布裳。一日，天寒，𦶟火煮荸荠熟，婢削之盈瓯，予入自外，取食之；婢持去，不与。魏孺人笑之。孺人每令婢倚几旁饭，即饭，目眶冉冉动。孺人又指予以为笑。‖回思是时，奄忽便已十年。吁，可悲也已！","古文观止+选补",""
"答茅鹿门知县二","明","唐顺之","熟观鹿门之文，及鹿门与人论文之书，门庭路径，与鄙意殊有契合；虽中间小小异同，异日当自融释，不待喋喋也。‖至如鹿门所疑于我本是欲工文字之人，而不语人以求工文字者，此则有说。鹿门所见于吾者，殆故吾也，而未尝见夫槁形灰心之吾乎？吾岂欺鹿门者哉！其不语人以求工文字者，非谓一切抹杀，以文字绝不足为也；盖谓学者先务，有源委本末之别耳。文莫犹人，躬行未得，此一段公案，姑不敢论，只就文章家论之。虽其绳墨布置，奇正转折，自有专门师法；至于中一段精神命脉骨髓，则非洗涤心源、独立物表、具古今只眼者，不足以与此。今有两人，其一人心地超然，所谓具千古只眼人也，即使未尝操纸笔呻吟，学为文章，但直抒胸臆，信手写出，如写家书，虽或疏卤，然绝无烟火酸馅习气，便是宇宙间一样绝好文字；其一人犹然尘中人也，虽其专专学为文章，其于所谓绳墨布置，则尽是矣，然番来覆去，不过是这几句婆子舌头语，索其所谓真精神与千古不可磨灭之见，绝无有也，则文虽工而不免为下格。此文章本色也。即如以诗为喻，陶彭泽未尝较声律，雕句文，但信手写出，便是宇宙间第一等好诗。何则？其本色高也。自有诗以来，其较声律、雕句文、用心最苦而立说最严者，无如沈约，苦却一生精力，使人读其诗，只见其捆缚龌龊，满卷累牍，竟不曾道出一两句好话。何则？其本色卑也。本色卑，文不能工也，而况非其本色者哉！‖且夫两汉而下，文之不如古者，岂其所谓绳墨转折之精之不尽如哉？秦汉以前，儒家者有儒家本色，至如老庄家有老庄本色，纵横家有纵横本色，名家、墨家、阴阳家皆有本色。虽其为术也驳，而莫不皆有一段千古不可磨灭之见。是以老家必不肯剿儒家之说，纵横家必不肯借墨家之谈，各自其本色而鸣之为言。其所言者，其本色也。是以精光注焉，而其言遂不泯于世。唐宋而下，文人莫不语性命，谈治道，满纸炫然，一切自托于儒家。然非其涵养畜聚之素，非真有一段千古不可磨灭之见，而影响剿说，盖头窃尾，如贫人借富人之衣，庄农作大贾之饰，极力装做，丑态尽露。是以精光枵焉，而其言遂不久湮废。然则秦汉而上，虽其老、墨、名、法、杂家之说而犹传，今诸子之书是也；唐宋而下，虽其一切语性命、谈治道之说而亦不传，欧阳永叔所见唐四库书目百不存一焉者是也。后之文人，欲以立言为不朽计者，可以知所用心矣。‖然则吾之不语人以求工文字者，乃其语人以求工文字者也，鹿门其可以信我矣。虽然吾槁形而灰心焉久矣，而又敢与知文乎！今复纵言至此，吾过矣，吾过矣！此后鹿门更见我之文，其谓我之求工于文者耶，非求工于文者耶？鹿门当自知我矣，一笑。‖鹿门东归后，正欲待使节西上时得一面晤，倾倒十年衷曲；乃乘夜过此，不已急乎？仆三年积下二十余篇文字债，许诺在前，不可负约。欲待秋冬间病体稍苏，一切涂抹，更不敢计较工拙，只是了债。此后便得烧却毛颖，碎却端溪，兀然作一不识字人矣。而鹿门之文方将日进，而与古人为徒未艾也。异日吾倘得而观之，老耄尚能识其用意处否耶？并附一笑。","古文观止+选补",""
"任光禄竹溪记","明","唐顺之","余尝游于京师侯家富人之园，见其所蓄，自绝徼海外，奇花石无所不致，而所不能致者惟竹。吾江南人斩竹而薪之，其为园亦必购求海外奇花石，或千钱买一石、百钱买一花，不自惜。然有竹据其间，或芟而去焉，曰：“毋以是占我花石地。”而京师人苟可致一竹，辄不惜数千钱；然才遇霜雪，又稿以死。以其难致而又多稿死，则人益贵之；而江南人甚或笑之曰：“京师人乃宝吾之所薪。”‖呜呼！奇花石诚为京师与江南人所贵。然穷其所生之地，则绝徼海外之人视之，吾意其亦无以甚异于竹之在江以南。而绝徼海外，或素不产竹之地，然使其人一旦见竹，吾意其必又有甚于京师人之宝之者。是将不胜笑也。语云：“人去乡则益贱，物去乡则益贵。”以此言之，世之好丑，亦何常之有乎！‖余舅光禄任君治园于荆溪之上，遍植以竹，不植他木。竹间作一小楼，暇则与客吟啸其中。而间谓余曰：“吾不能与有力者争池亭花石之胜，独此取诸土之所有，可以不劳力而蓊然满园，亦足适也。因自谓竹溪主人。甥其为我记之。”‖余以谓君岂真不能与有力者争，而漫然取诸其土之所有者；无乃独有所深好于竹，而不欲以告人欤？昔人论竹，以为绝无声色臭味可好。故其巧怪不如石，其妖艳绰约不如花，孑孑然孑孑然有似乎偃蹇孤特之士，不可以谐于俗。是以自古以来，知好竹者绝少。且彼京师人亦岂能知而贵之？不过欲以此斗富与奇花石等耳。故京师人之贵竹，与江南人之不贵竹，其为不知竹一也。君生长于纷华，而能不溺乎其中，裘马僮奴歌舞，凡诸富人所酣嗜，一切斥去。尤挺挺不妄与人交，凛然有偃蹇孤特之气，此其于竹必有自得焉。而举凡万物可喜可玩，固有不能间也欤？然则虽使竹非其土之所有，君犹将极其力以致之，而后快乎其心。君之力虽使能尽致奇花石，而其好固有不存也。‖嗟乎！竹固可以不出江南而取贵也哉！吾重有所感矣。","古文观止+选补",""
"朱碧潭诗序","明","王慎中","诗人朱碧潭君汶，以名家子，少从父薄游，往来荆湖豫章，泛洞庭、彭蠡、九江之间，冲簸波涛，以为壮也。登匡庐山，游赤壁，览古名贤栖遁啸咏之迹，有发其志，遂学为诗，耽酒自放。当其酣嬉颠倒，笑呼欢适，以诗为娱，顾谓人莫知我。人亦皆易之，无以为意者。其诗不行于时。屋壁户牖，题墨皆满，涂污淋漓，以诧家人妇子而已。贫不自谋，家人诮之曰：“何物可憎，徒涴墙户，曾不可食，其为画饼耶！”取笔砚投掷之，欲以怒君，冀他有所为。君不为怒，亦不变也。‖一日，郡守出教，访所谓朱诗人碧潭者。吏人持教喧问市中，莫识谓谁，久乃知其为君也。吏人至门，强君入谒。君衣褐衣，窄袖而长裾，阔步趋府。守下与为礼，君无所不敢当，长揖上座。君所居西郊，僻处田坳林麓之交，终日无人迹。守独出访之。老亭数椽欹倾，植竹撑拄，坐守其下。突烟昼湿，旋拾储叶，煨火烧笋，煮茗以饮守。皂隶忍饥诟骂门外，君若不闻。于是朱诗人之名，哗于郡中，其诗稍稍传于人口。然坐以匹夫交邦君，指目者众，讪疾蜂起。而守所以礼君如彼其降，又不为能诗故。守父故与君之父有道路之雅，以讲好而报旧德耳。君诗虽由此闻于人，人犹不知重其诗，复用为谤。呜呼，可谓穷矣！‖凡世之有好于物者，必有深中其欲，而大惬于心。其求之而得，得之而乐，虽生死不能易，而岂有所计于外。诗之不足贾于时，以售资而取宠，君诚知之矣。若为闭关吟讽，冻饿衰沮而不厌，其好在此也。人之不知重其诗，焉足以挠其气，而变其所业哉！‖君尝谒予，怀诗数十首为贽，色卑而词款，大指自喜所长，不病人之不知，而惟欲得予一言以为信也。岂其刻肠镂肺，酷于所嗜，虽无所计于外，而犹不能忘志于区区之名耶？嗟乎！此固君之所以为好也。君既死，予故特序其诗而行之，庶以不孤其意，岂以予文为足重君之诗于身后哉！","古文观止+选补",""
"叶子肃诗序","明","徐渭","人有学为鸟言者，其音则鸟也，而性则人也；鸟有学为人言者，其音则人也，而性则鸟也。此可以定人与鸟之衡哉？今之为诗者，何以异于是？不出于己之所自得，而徒窃于人之所尝言，曰某篇是某体，某篇则否；某句似某人，某句则否。此虽极工逼肖，而已不免于鸟之为人言矣。‖若吾友子肃之诗，则不然。其情坦以直，故语无晦；其情散以博，故语无拘；其情多喜而少忧，故语虽苦而能遣；其情好高而耻下，故语虽俭而实丰。盖所谓出于己之所自得，而不窃于人之所尝言者也。就其所自得，以论其所自鸣，规其微疵，而约于至纯，此则渭之所献于子肃者也。若曰某篇不似某体，某句不似某人，是乌知子肃者哉！","古文观止+选补",""
"豁然堂记","明","徐渭","越中山之大者，若禹穴、香炉、蛾眉、秦望之属，以十数，而小者至不可计。至于湖，则总之称鉴湖，而支流之别出者，益不可胜计矣。郡城隍祠，在卧龙山之臂，其西有堂，当湖山环会处。语其似，大约缭青萦白，髻峙带澄。而近俯雉堞，远问村落。其间林莽田隰之布错，人禽宫室之亏蔽，稻黍菱蒲莲芡之产，畊渔犁楫之具，纷披于坻洼；烟云雪月之变，倏忽于昏旦。数十百里间，巨丽纤华，无不毕集人衿带上。或至游舫冶尊，歌笑互答，若当时龟龄所称“莲女”“渔郎”者，时亦点缀其中。于是登斯堂，不问其人，即有外感中攻，抑郁无聊之事，每一流瞩，烦虑顿消。而官斯土者，每当宴集过客，亦往往寓庖于此。独规制无法，四蒙以辟，西面凿牖，仅容两躯。客主座必东，而既背湖山，起座一观，还则随失。是为坐斥旷明，而自取晦塞。予病其然，悉取西南牖之，直辟其东一面，令客座东而西向，倚几以临即湖山，终席不去。而后向之所云诸景，若舍塞而就旷，却晦而即明。工既讫，拟其名，以为莫“豁然”宜。‖既名矣，复思其义曰：“嗟乎，人之心一耳。当其为私所障时，仅仅知我有七尺躯，即同室之亲，痛痒当前，而盲然若一无所见者，不犹向之湖山，虽近在目前，而蒙以辟者耶？及其所障既彻，即四海之疏，痛痒未必当吾前也，而灿然若无一而不婴于吾之见者，不犹今之湖山虽远在百里，而通以牖者耶？由此观之，其豁与不豁，一间耳。而私一己、公万物之几系焉。此名斯堂者与登斯堂者，不可不交相勉者也，而直为一湖山也哉？”既以名于是义，将以共于人也，次而为之记。","古文观止+选补",""
"又与焦弱侯","明","李贽","郑子玄者，丘长孺父子之文会友也。文虽不如其父子，而质实有耻，不肯讲学，亦可喜，故喜之。盖彼全不曾亲见颜、曾、思、孟，又不曾亲见周、程、张、朱，但见今之讲周、程、张、朱者，以为周、程、张、朱实实如是尔也，故耻而不肯讲。不讲虽是过，然使学者耻而不讲，以为周、程、张、朱卒如是而止，则今之讲周、程、张、朱者可诛也。彼以为周、程、张、朱者皆口谈道德而心存高官，志在巨富；既已得高官巨富矣、仍讲道德，说仁义自若也；又从而哓哓然语人曰：“我欲厉俗而风世。”彼谓败俗伤世者，莫甚于讲周、程、张、朱者也，是以益不信。不信故不讲。然则不讲亦未为过矣。‖黄生过此，闻其自京师往长芦抽丰，复跟长芦长官别赴新任。至九江，遇一显者，乃舍旧从新，随转而北，冲风暴寒，不顾年老生死。既到麻城，见我言曰：“我欲游嵩、少，彼显者亦欲游嵩、少，拉我同行，是以至此。然显者俟我于城中，势不能一宿。回日当复道此，道此则多聚三五日而别，兹卒卒诚难割舍云。”其言如此，其情何如？我揣其中实为汝宁好一口食难割舍耳。然林汝宁向者三任，彼无一任不往，往必满载而归，兹尚未厌足，如饿狗思想隔日屎，与敢欺我以为游嵩、少。夫以游嵩、少藏林汝宁之抽丰来嗛我；又恐林汝宁之疑其为再寻己也，复以舍不得李卓老，以嗛林汝宁：名利两得，身行俱全。我与林汝宁几皆在其术中而不悟矣；可不谓巧乎！今之道学，何以异此！‖由此观之，今之所谓圣人者，其与今之所谓山人者一也，特有幸不幸之异耳。幸而能诗，则自称谓曰山人；不幸而不能诗，则辞却山人而以圣人名。幸而能讲良知，则自称曰圣人；不幸而不能讲良知，则谢却圣人而以山人称。展转反复，以欺世获利。名为山人而心同商贾，口谈道德而志在穿窬。夫名山人而心商贾，既以可鄙矣，乃反掩抽丰而显嵩、少，谓人可得而欺焉，尤可鄙也！今之讲道德性命者，皆游嵩、少者也；今之患得患失，志于高官重禄，好田宅，美风水，以为子孙荫者，皆其托名于林汝宁，以为舍不得李卓老者也。然则郑子玄之不肯讲学，信乎其不足怪矣。‖且商贾亦何可鄙之有？挟数万之资，经风涛之险，受辱于关吏，忍诟于市易，辛勤万状，所挟者重，所得者末。然必交结于卿大夫之门，然后可以收其利而远其害，安能傲然而坐于公卿大夫之上哉！今山人者，名之为商贾，则其实不持一文；称之为山人，则非公卿之门不履，故可贱耳。虽然，我宁无有是乎？然安知我无商贾之行之心，而释迦其衣以欺世而盗名也耶？有则幸为我加诛，我不护痛也。虽然，若其患得而又患失，买田宅，求风水等事，决知免矣。","古文观止+选补",""
"赞刘谐","明","李贽","有一道学，高屐大履，长袖阔带，纲常之冠，人伦之衣，拾纸墨之一二，窃唇吻之三四，自谓真仲尼之徒焉。时遇刘谐。刘谐者，聪明士，见而哂曰：“是未知我仲尼兄也。”其人勃然作色而起曰：“天不生仲尼，万古如长夜。子何人者，敢呼仲尼而兄之？”刘谐曰：“怪得羲皇以上圣人尽日燃纸烛而行也！”其人默然自止。然安知其言之至哉！‖李生闻而善曰：“斯言也，简而当，约而有余，可以破疑网而昭中天矣。其言如此，其人可知也。盖虽出于一时调笑之语，然其至者百世不能易。”","古文观止+选补",""
"牡丹亭记题词","明","汤显祖","天下女子有情，宁有如杜丽娘者乎！梦其人即病，病即弥连，至手画形容传于世而后死。死三年矣，复能溟莫中求得其所梦者而生。如丽娘者，乃可谓之有情人耳。情不知所起，一往而深，生者可以死，死可以生。生而不可与死，死而不可复生者，皆非情之至也。梦中之情，何必非真，天下岂少梦中之人耶？必因荐枕而成亲，待挂冠而为密者，皆形骸之论也。‖传杜太守事者，仿佛晋武都守李仲文，广州守冯孝将儿女事。予稍为更而演之。至于杜守收考柳生，亦如汉睢阳王收考谈生也。‖嗟夫，人世之事，非人世所可尽。自非通人，恒以理相格耳。第云理之所必无，安知情之所必有邪！","古文观止+选补",""
"可楼记","明","高攀龙","水居一室耳，高其左偏为楼。楼可方丈，窗疏四辟。其南则湖山，北则田舍，东则九陆，西则九龙峙焉。楼成，高子登而望之曰：“可矣！吾于山有穆然之思焉，于水有悠然之旨焉，可以被风之爽，可以负日之暄，可以宾月之来而饯其往，优哉游哉，可以卒岁矣！”于是名之曰“可楼”，谓吾意之所可也。‖曩吾少时，慨然欲游五岳名山，思得丘壑之最奇如桃花源者，托而栖焉。北抵燕赵，南至闽粤，中逾齐鲁殷周之墟，观览所及，无足可吾意者，今乃可斯楼耶？噫，是予之惑矣。‖凡人之大患，生于有所不足。意所不足，生于有所不可；无所不可焉，斯无所不足矣，斯无所不乐矣。今人极力以营其口腹，而所得止于一饱。极力以营居处，而所安止几席之地。极力以营苑囿，而止于岁时十一之游观耳，将焉用之！且天下之佳山水多矣，吾不能日涉也，取其可以寄吾之意而止。凡为山水者一致也，则吾之于兹楼也，可矣。虽然，有所可则有所不可，是犹与物为耦也。吾将由兹忘乎可，忘乎不可，则斯楼又其赘矣。","古文观止+选补",""
"虎丘","明","袁宏道","虎丘去城可六七里，其山无高岩邃壑，独以近城，故箫鼓楼船，无日无之。凡月之夜，花之晨，雪之夕，游人往来，纷错如织，而中秋为尤胜。每至是日，倾城阖户，连臂而至。衣冠士女，下迨蔀屋，莫不靓妆丽服，重茵累席，置酒交衢间，从千人石上至山门，栉比如鳞。檀板丘积，樽罍云泻，远而望之，如雁落平沙，霞铺江上，雷辊电霍，无得而状。‖布席之初，唱者千百，声若聚蚊，不可辨识。分曹部署，竞以歌喉相斗；雅俗既陈，妍媸自别。未几而摇头顿足者，得数十人而已。已而明月浮空，石光如练，一切瓦釜，寂然停声，属而和者，才三四辈。一箫，一寸管，一人缓板而歌，竹肉相发，清声亮彻，听者魂销。比至夜深，月影横斜，荇藻凌乱，则箫板亦不复用，一夫登场，四座屏息，音若细发，响彻云际，每度一字，几尽一刻，飞鸟为之徘徊，壮士听而下泪矣。‖剑泉深不可测，飞岩如削。千顷云得天池诸山作案，峦壑竞秀，最可觞客。但过午则日光射人，不堪久坐耳。文昌阁亦佳，晚树尤可观。面北为平远堂旧址，空旷无际，仅虞山一点在望。堂废已久，余与江进之谋所以复之，欲祠韦苏州、白乐天诸公于其中；而病寻作，余既乞归，恐进之之兴亦阑矣。山川兴废，信有时哉！‖吏吴两载，登虎丘者六。最后与江进之、方子公同登，迟月生公石上，歌者闻令来，皆避匿去，余因谓进之曰：“甚矣，乌纱之横，皂隶之俗哉！他日去官，有不听曲此石上者，如月！”今余幸得解官称吴客矣。虎丘之月，不知尚识余言否耶？","古文观止+选补",""
"浣花溪记","明","钟惺","出成都南门，左为万里桥。西折纤秀长曲，所见如连环、如玦、如带、如规、如钩，色如鉴、如琅玕、如绿沉瓜，窈然深碧、潆回城下者，皆浣花溪委也。然必至草堂，而后浣花有专名，则以少陵浣花居在焉耳。‖行三、四里为青羊宫，溪时远时近。竹柏苍然、隔岸阴森者，尽溪，平望如荠。水木清华，神肤洞达。自宫以西，流汇而桥者三，相距各不半里。舁夫云通灌县，或所云“江从灌口来”是也。‖人家住溪左，则溪蔽不时见；稍断则复见溪。如是者数处，缚柴编竹，颇有次第。桥尽，一亭树道左，署曰“缘江路”。过此则武侯祠。祠前跨溪为板桥一，覆以水槛，乃睹“浣花溪”题榜。过桥，一小洲横斜插水间如梭，溪周之，非桥不通。置亭其上，题曰“百花潭水”。由此亭还，度桥过梵安寺，始为杜工部祠。像颇清古，不必求肖，想当尔尔。石刻像一，附以本传，何仁仲别驾署华阳时所为也。碑皆不堪读。‖钟子曰：杜老二居，浣花清远，东屯险奥，各不相袭。严公不死，浣溪可老，患难之于朋友大矣哉！然天遣此翁增夔门一段奇耳。穷愁奔走，犹能择胜，胸中暇整，可以应世，如孔子微服主司城贞子时也。‖时万历辛亥十月十七日。出城欲雨，顷之霁。使客游者，多由监司郡邑招饮，冠盖稠浊，磬折喧溢。迫暮趣归。是日清晨，偶然独往。楚人钟惺记。","古文观止+选补",""
"游黄山日记（后）","明","徐弘祖","戊午九月初三日 出白岳榔梅庵，至桃源桥。从小桥右下，陡甚，即旧向黄山路也。七十里，宿江村。‖初四日 十五里，至汤口。五里，至汤寺，浴于汤池。扶杖望朱砂庵而登。十里，上黄泥冈。向时云里诸峰，渐渐透出，亦渐渐落吾杖底。转入石门，越天都之胁而下，则天都、莲花二顶，俱秀出天半。路旁一岐东上，乃昔所未至者，遂前趋直上，几达天都侧。复北上，行石罅中。石峰片片夹起，路宛转石间，塞者凿之，陡者级之，断者架木通之，悬者植梯接之。下瞰峭壑阴森，枫松相间，五色纷披，灿若图绣。因念黄山当生平奇览，而有奇若此，前未一探，兹游快且愧矣！‖时夫仆俱阻险行后，余亦停弗上；乃一路奇景，不觉引余独往。既登峰头，一庵翼然，为文殊院，亦余昔年欲登未登者。左天都，右莲花，背倚玉屏风，两峰秀色，俱可手㧛。四顾奇峰错列，众壑纵横，真黄山绝胜处！非再至，焉知其奇若此？遇游僧澄源至，兴甚勇。时已过午，奴辈适至，立庵前，指点两峰。庵僧谓：“天都虽近而无路，莲花可登而路遥，只宜近盼天都，明日登莲顶。”余不从，决意游天都。挟澄源、奴子仍下峡路，至天都侧，从流石蛇行而上，攀草牵棘，石块丛起则历块，石崖侧削则援崖。每至手足无可着处，澄源必先登垂接。每念上既如此，下何以堪？终亦不顾。历险数次，遂达峰顶。惟一石顶壁起犹数十丈，澄源寻视其侧，得级，挟予以登。万峰无不下伏，独莲花与抗耳。时浓雾半作半止，每一阵至，则对面不见。眺莲花诸峰，多在雾中。独上天都，予至其前，则雾徙于后；予越其右，则雾出于左。其松犹有曲挺纵横者，柏虽大干如臂，无不平贴石上如苔藓然。山高风巨，雾气去来无定。下盼诸峰，时出为碧峤，时没为银海。再眺山下，则日光晶晶，别一区宇也。日渐暮，遂前其足，手向后据地，坐而下脱。至险绝处，澄源并肩手相接。度险，下至山坳，暝色已合。复从峡度栈以上，止文殊院。‖初五日平明，从天都峰坳中北下二里，石壁岈然。其下莲花洞正与前坑石笋对峙，一坞幽然。别澄源，下山至前岐路侧，向莲花峰而趋。一路沿危壁西行，凡再降升，将下百步云梯，有路可直跻莲花峰。既陟而磴绝，疑而复下。隔峰一僧高呼曰：“此正莲花道也！”乃从石坡侧度石隙，径小而峻，峰顶皆巨石鼎峙，中空如室。从其中叠级直上，级穷洞转，屈曲奇诡，如下上楼阁中，忘其峻出天表也。一里，得茅庐，倚石罅中。方徘徊欲升，则前呼道之僧至矣。僧号凌虚，结茅于此者，遂与把臂陟顶。顶上一石，悬隔二丈，僧取梯以度，其巅廓然。四望空碧，即天都亦俯首矣。盖是峰居黄山之中，独出诸峰上，四面岩壁环耸，遇朝阳霁色，鲜映层发，令人狂叫欲舞。‖久之，返茅庵，凌虚出粥相饷，啜一盂。乃下至岐路侧，过大悲顶，上天门。三里，至炼丹台。循台嘴而下，观玉屏风、三海门诸峰，悉从深坞中壁立起。其丹台一冈中垂，颇无奇峻，惟瞰翠微之背，坞中峰峦错耸，上下周映，非此不尽瞻眺之奇耳。还过平天矼，下后海，入智空庵，别焉。三里，下狮子林，趋石笋矼，至向年所登尖峰上，倚松而坐。瞰坞中峰石回攒，藻缋满眼，始觉匡庐、石门，或具一体，或缺一面，不若此之闳博富丽也！久之，上接引崖，下眺坞中，阴阴觉有异。复至冈上尖峰侧，践流石，援棘草，随坑而下，愈下愈深，诸峰自相掩蔽，不能一目尽也。日暮，返狮子林。‖初六日别霞光，从山坑向丞相原下。七里，至白沙岭。霞光复至，因余欲观牌楼石，恐白沙庵无指者，追来为导。遂同上岭，指岭右隔坡，有石丛立，下分上并，即牌楼石也。余欲逾坑溯涧，直造而下。僧谓：“棘迷路绝，必不能行，若此坑直下丞相原，不必复上此岭；若欲从仙灯而往，不若即由此岭东向。”余从之，循岭脊行。岭横亘天都、莲花之北，狭甚，旁不容足，南北皆崇峰夹映。岭尽北下，仰瞻右峰罗汉石，圆头秃顶，俨然二僧也。下至坑中，逾涧而上，共四里，登仙灯洞。洞南向，正对天都之阴。僧架阁连板于外，而内犹穹然，天趣未尽刊也。复南下三里，过丞相原，山间一夹地耳。其庵颇整，四顾无奇，竟不入。复南向循山腰行五里，渐下，涧中泉声沸然，从石间九级下泻，每级一下有潭渊碧，所谓九龙潭也。黄山无悬流飞瀑，惟此耳。又下五里，过苦竹滩，转循太平县路，向东北行。","古文观止+选补",""
"核舟记","明","魏学洢","明有奇巧人曰王叔远，能以径寸之木为宫室、器皿、人物，以至鸟兽、木石，罔不因势象形，各具情态。尝贻余核舟一，盖大苏泛赤壁云。‖舟首尾长约八分有奇，高可二黍许。中轩敞者为舱，箬篷覆之。旁开小窗，左右各四，共八扇。启窗而观，雕栏相望焉。闭之，则右刻“山高月小，水落石出”，左刻“清风徐来，水波不兴”，石青糁之。‖船头坐三人，中峨冠而多髯者为东坡，佛印居右，鲁直居左。苏、黄共阅一手卷。东坡右手执卷端，左手抚鲁直背。鲁直左手执卷末，右手指卷，如有所语。东坡现右足，鲁直现左足，各微侧，其两膝相比者，各隐卷底衣褶中。佛印绝类弥勒，袒胸露乳，矫首昂视，神情与苏黄不属。卧右膝，诎右臂支船，而竖其左膝，左臂挂念珠倚之，珠可历历数也。‖舟尾横卧一楫。楫左右舟子各一人。居右者椎髻仰面，左手倚一衡木，右手攀右趾，若啸呼状。居左者右手执蒲葵扇，左手抚炉，炉上有壶，其人视端容寂，若听茶声然。‖其船背稍夷，则题名其上，文曰“天启壬戌秋日，虞山王毅叔远甫刻”，细若蚊足，钩画了了，其色墨。又用篆章一，文曰“初平山人”，其色丹。‖通计一舟，为人五，为窗八，为箬篷，为楫，为炉，为壶，为手卷，为念珠各一；对联、题名并篆文，为字共三十有四。而计其长，曾不盈寸。盖简桃核修狭者为之。‖魏子详瞩既毕，诧曰：嘻，技亦灵怪矣哉！《庄》《列》所载，称惊犹鬼神者良多，然谁有游削于不寸之质，而须麋了然者？假有人焉，举我言以复于我，亦必疑其诳。乃今亲睹之。由斯以观，棘刺之端，未必不可为母猴也。嘻，技亦灵怪矣哉！","古文观止+选补",""
"陶庵梦忆序","明","张岱","陶庵国破家亡，无所归止。披发入山，駴駴为野人。故旧见之，如毒药猛兽，愕望不敢与接。作《自挽诗》，每欲引决，因《石匮书》未成，尚视息人世。然瓶粟屡罄，不能举火。始知首阳二老，直头饿死，不食周粟，还是后人妆点语也。‖因思昔人生长王谢，颇事豪华，今日罹此果报：以笠报颅，以蒉报踵，仇簪履也；以衲报裘，以苎报𫄨，仇轻暖也；以藿报肉，以粝报粻，仇甘旨也；以荐报床，以石报枕，仇温柔也；以绳报枢，以瓮报牖，仇爽垲也；以烟报目，以粪报鼻，仇香艳也；以途报足，以囊报肩，仇舆从也。种种罪案，从种种果报中见之。‖鸡鸣枕上，夜气方回。因想余生平，繁华靡丽，过眼皆空，五十年来，总成一梦。今当黍熟黄粱，车旋蚁穴，当作如何消受？遥思往事，忆即书之，持问佛前，一一忏悔。不次岁月，异年谱也；不分门类，别《志林》也。偶拈一则，如游旧径，如见故人，城郭人民，翻用自喜。真所谓痴人前不得说梦矣。‖昔有西陵脚夫，为人担酒，失足破其瓮。念无以偿，痴坐伫想曰：“得是梦便好！”一寒士乡试中式，方赴鹿鸣宴，恍然犹意未真，自啮其臂曰：“莫是梦否？”一梦耳，惟恐其非梦，又惟恐其是梦，其为痴人则一也。余今大梦将寤，犹事雕虫，又是一番梦呓。因叹慧业文人，名心难化，政如邯郸梦断，漏尽钟鸣，卢生遗表，犹思摹榻二王，以流传后世。则其名根一点，坚固如佛家舍利，劫火猛烈，犹烧之不失也。","古文观止+选补",""
"西湖七月半","明","张岱","看七月半之人，以五类看之。其一，楼船箫鼓，峨冠盛装，灯火优傒，声光相乱，名为看月而实不见月者，看之；其一，亦船亦楼，名娃闺秀，携及童娈，笑啼杂之，还坐露台，左右盼望，身在月下而实不看月者，看之；其一，亦船亦声歌，名妓闲僧，浅斟低唱，弱管轻丝，竹肉相发，亦在月下，亦看月，而欲人看其看月者，看之；其一，不舟不车，不衫不帻，酒醉饭饱，呼群三五，跻入人丛，昭庆、断桥，嘄呼嘈杂，装假醉，唱无腔曲，月亦看，看月者亦看，不看月者亦看，而实无一看者，看之；其一，小船轻幌，净几煖炉，茶铛旋煮，素瓷静递，好友佳人，邀月同坐，或匿影树下，或逃嚣里湖，看月而人不见其看月之态，亦不作意看月者，看之。‖杭人游湖，巳出酉归，避月如仇。是夕好名，逐队争出，多犒门军酒钱，轿夫擎燎，列俟岸上。一入舟，速舟子急放断桥，赶入胜会。以故二鼓以前，人声鼓吹，如沸如撼，如魇如呓，如聋如哑；大船小船一齐凑岸，一无所见，止见篙击篙，舟触舟，肩摩肩，面看面而已。‖少刻兴尽，官府席散，皂隶喝道去。轿夫叫船上人，怖以关门。灯笼火把如列星，一一簇拥而去。岸上人亦逐队赶门，渐稀渐薄，顷刻散尽矣。吾辈始舣舟近岸。断桥石磴始凉，席其上，呼客纵饮。‖此时月如镜新磨，山复整妆，湖复颒面。向之浅斟低唱者出，匿影树下者亦出，吾辈往通声气，拉与同坐。韵友来，名妓至，杯箸安，竹肉发……‖月色苍凉，东方将白，客方散去。吾辈纵舟，酣睡于十里荷花之中，香气拘人，清梦甚惬。","古文观止+选补",""
"柳麻子说书","明","张岱","南京柳麻子，黧黑，满面癗，悠悠忽忽，土木形骸。善说书。一日说书一回，定价一两。十日前先送书帕下定，常不得空。南京一时有两行情人，王月生、柳麻子是也。‖余听其说景阳岗武松打虎，白文与本传大异。其描写刻画，微入毫发；然又找截干净，并不唠叨夬。声如巨钟，说至筋节处，叱咤叫喊，汹汹崩屋。武松到店沽酒，店内无人，謈地一吼，店中空缸空甓皆瓮瓮有声。闲中着色，细微至此。‖主人必屏息静坐，倾耳听之，彼方掉舌；稍见下人呫哔耳语，听者欠伸有倦色，辄不言，故不得强。每至丙夜，拭桌剪灯，素甆静处，款款言之。其疾徐轻重，吞吐抑扬，入情入理，入筋入骨，摘世上说书之耳，而使之谛听，不怕其𫜬舌死也。‖柳麻子貌奇丑，然其口角波俏，眼目流利，衣服恬静，直与王月生同其婉娈，故其行情正等。","古文观止+选补",""
"狱中上母书","明","夏完淳","痛自严君见背，两易春秋，冤酷日深，艰辛历尽。本图复见天日，以报大仇，恤死荣生，告成黄土；奈天不佑我，钟虐先朝，一旅才兴，便成齑粉。去年之举，淳已自分必死，谁知不死，死于今日也。斤斤延此二年之命，菽水之养无一日焉。致慈君托迹于空门，生母寄生于别姓，一门漂泊，生不得相依，死不得相问；淳今日又溘然先从九京：不孝之罪，上通于天！‖呜呼！双慈在堂，下有妹女，门祚衰薄，终鲜兄弟。淳一死不足惜，哀哀八口，何以为生？虽然，已矣！淳之身，父之所遗；淳之身，君之所用。为父为君，死亦何负于双慈！但慈君推干就湿，教礼习诗，十五年如一日。嫡母慈惠，千古所难，大恩未酬，令人痛绝。——慈君托之义融女兄，生母托之昭南女弟。‖淳死之后，新妇遗腹得雄，便以为家门之幸。如其不然，万勿置后！会稽大望，至今而零极矣！节义文章，如我父子者几人哉？立一不肖后如西铭先生，为人所诟笑，何如不立之为愈耶！呜呼！大造茫茫，总归无后。有一日中兴再造，则庙食千秋，岂止麦饭豚蹄，不为馁鬼而已哉！若有妄言立后者，淳且与先文忠在冥冥诛殛顽嚚，决不肯舍！‖兵戈天地，淳死后，乱且未有定期。双慈善保玉体，无以淳为念。二十年后，淳且与先文忠为北塞之举矣！勿悲勿悲！相托之言，慎勿相负！武功甥将来大器，家事尽以委之。寒食盂兰，一杯清酒，一盏寒灯，不至作若敖之鬼，则吾愿毕矣！‖新妇结褵二年，贤孝素著。武功甥好为我善待之，亦武功渭阳情也。‖语无伦次，将死言善，痛哉痛哉！人生孰无死？贵得死所耳！父得为忠臣，子得为孝子。含笑归太虚，了我分内事。大道本无生，视身若敝屣。但为气所激，缘悟天人理。恶梦十七年，报仇在来世。神游天地间，可以无愧矣！","古文观止+选补",""
"张南垣传","清","吴伟业","张南垣名涟，南垣其字，华亭人，徙秀州，又为秀州人。少学画，好写人像，兼通山水，遂以其意垒石，故他艺不甚著，其垒石最工，在他人为之莫能及也。百余年来，为此技者类学崭岩嵌特，好事之家罗取一二异石，标之曰峰，皆从他邑辇致，决城𬮱，坏道路，人牛喘汗，仅得而至。络以巨𫄠，锢以铁汁，刑牲下拜，劖颜刻字，钩填空青，穹窿岩岩，若在乔岳，其难也如此。而其旁又架危梁，梯鸟道，游之者钩巾棘履，拾级数折，伛偻入深洞，扪壁投罅，瞪盻骇栗。南垣过而笑曰：“是岂知为山者耶！今夫群峰造天，深岩蔽日，此夫造物神灵之所为，非人力所得而致也。况其地辄跨数百里，而吾以盈丈之址，五尺之沟，尤而效之，何异市人搏土以欺儿童哉！唯夫平冈小阪，陵阜陂陁，版筑之功，可计日以就，然后错之以石，棋置其间，缭以短垣，翳以密筿，若似乎奇峰绝嶂，累累乎墙外，而人或见之也。其石脉之所奔注，伏而起，突而怒，为狮蹲，为兽攫，口鼻含呀，牙错距跃，决林莽，犯轩楹而不去，若似乎处大山之麓，截溪断谷，私此数石者为吾有也。方圹石洫，易以曲岸回沙；邃闼雕楹，改为青扉白屋。树取其不雕者，松杉桧栝，杂植成林；石取其易致者，太湖尧峰，随意布置。有林泉之美，无登顿之劳，不亦可乎！”华亭董宗伯玄宰、陈征君仲醇亟称之曰：“江南诸山，土中戴石，黄一峰、吴仲圭常言之，此知夫画脉者也。”群公交书走币，岁无虑数十家。有不能应者，用为大恨，顾一见君，惊喜欢笑如初。‖君为人肥而短黑，性滑稽，好举里巷谐媟以为抚掌之资。或陈语旧闻，反以此受人啁弄，亦不顾也。与人交，好谈人之善，不择高下，能安异同，以此游于江南诸郡者五十余年。自华亭、秀州外，于白门、于金沙、于海虞、于娄东、于鹿城，所过必数月。其所为园，则李工部之横云、虞观察之予园、王奉常之乐郊、钱宗伯之拂水、吴吏部之竹亭为最著。经营粉本，高下浓淡，早有成法。初立土山，树石未添，岩壑已具，随皴随改，烟云渲染，补入无痕。即一花一竹，疏密欹斜，妙得俯仰。山未成，先思著屋，屋未就，又思其中之所施设，窗櫺几榻，不事雕饰，雅合自然。主人解事者，君不受促迫，次第结构，其或任情自用，不得已骫骳曲折，后有过者，辄叹息曰：“此必非南垣意也。”‖君为此技既久，土石草树，咸能识其性情。每创手之日，乱石林立，或卧或倚，君踌躇四顾，正势侧峰，横支竖理，皆默识在心，借成众手。常高坐一室，与客谈笑，呼役夫曰：“某树下某石可置某处。”目不转视，手不再指，若金在冶，不假斧凿。甚至施竿结顶，悬而下缒，尺寸勿爽，观者以此服其能矣。人有学其术者，以为曲折变化，此君生平之所长，尽其心力以求仿佛，初见或似，久观辄非。而君独规模大势，使人于数日之内，寻丈之间，落落难合，及其既就，则天堕地出，得未曾有。曾于友人斋前作荆、关老笔，对峙平墄，已过五寻，不作一折，忽于其颠，将数石盘互得势，则全体飞动，苍然不群。所谓他人为之莫能及者，盖以此也。‖君有四子，能传父术。晚岁辞涿鹿相国之聘，遣其仲子行，退老于鸳湖之侧，结庐三楹。余过之谓余曰：“自吾以此术游江以南也，数十年来，名园别墅易其故主者，比比多矣。荡于兵火，没于荆榛，奇花异石，他人辇取以去，吾仍为之营置者，辄数见焉。吾惧石之不足留吾名，而欲得子文以传之也。”余曰：“柳宗元为《梓人传》，谓有得于经国治民之旨。今观张君之术，虽庖丁解牛，公输刻鹄，无以复过，其艺而合于道者欤！君子不作无益，穿池筑台，《春秋》所戒，而王公贵人，歌舞般乐，侈欲伤财，独此为耳目之观，稍有合于清净。且张君因深就高，合自然，惜人力，此学愚公之术而变焉者也，其可传也已。”作《张南垣传》。","古文观止+选补",""
"九牛坝观抵戏记","清","彭士望","树庐叟负幽忧之疾于九牛坝茅斋之下。戊午闰月除日，有为角抵之戏者，踵门告曰：“其亦有以娱公？”叟笑而颔之。因设场于溪树之下。密云未雨，风木泠然，阴而不燥。于是邻幼生周氏之族之宾之友戚，山者牧樵，耕者犁犊，行担簦者，水桴楫者，咸停释而聚观焉。‖初则累重案，一妇仰卧其上，竖双足承八岁儿，氏覆卧起，或鹄立合掌拜跪，又或两肩接足，儿之足亦仰竖，伸缩自如；间又一足承儿，儿拳曲如莲出水状。其下则二男子一妇一女童，与一老妇鸣金鼓，俚歌杂佛曲和之。良久乃下。又一妇登场，如前卧，竖承一案，旋转周四角，更反侧背面承之，儿复立案上，拜起如前仪。儿下，则又承一木槌，槌长尺有半，径半之。两足圆转，或竖抛之而复承之。妇既罢，一男子登焉，足仍竖，承一梯可五级，儿上至绝顶，复倒竖穿级而下。叟悯其劳，令暂息，饮之酒。‖其人更移场他处，择草浅平坡地，去瓦石。乃接木为𫏋，距地八尺许，一男子履其上，傅粉墨挥扇杂歌笑，阔步坦坦，时或跳跃，后更舞大刀，回翔中节。此戏吾乡暨江左时有之，更有高丈余者，但步不能舞。最后设软索，高丈许，长倍之，女童履焉。手持一竹竿，两头载石如持衡，行至索尽处，辄倒步，或仰卧，或一足立，或偃行，或负竿行如担，或时坠挂复跃起。下鼓歌和之，说白俱有名目，为时最久，可十许刻。女下，妇索帕蒙双目为瞽者，番跃而登，作盲状，东西探步，时跌若坠，复摇晃似战惧，久之乃已。仍持竿，石加重，盖其衡也。‖方登场时，观者见其险，咸为之股栗，毛发竖，目炫晕，惴惴惟恐其倾坠。叟视场上人，皆暇整从容而静，八岁儿亦斋栗如先辈主敬，如入定僧。此皆诚一之所至，而专用之于习。惨澹攻苦，屡蹉跌而不迁；审其机以应其势，以得其致力之所在，习之又久，乃至精熟，不失毫茫，乃始出而行世，举天下之至险阻者皆为简易。夫曲艺则亦有然者矣！以是知至巧出于至平。盖以志凝其气，气动其天，非卤莽灭裂之所能效此。其意庄生知之，私其身不以用于天下；仪、秦亦知之，且习之，以人国戏，私富贵，以自贼其身与名。庄所称僚之弄丸、庖丁之解牛、伛偻之承蜩、纪渻子之养鸡，推之伯昏瞀人临千仞之蹊，足逡巡垂二分在外；吕梁丈人出没于悬水三十仞，流沫四十里之间，何莫非是。其神全也。叟又以视观者，久亦忘其为险，无异康庄大道中，与之俱化。甚矣！习之能移人也。‖其人为叟言：祖自河南来零陵，传业者三世，徒百余人，家有薄田，颇苦赋役，携其妇与妇之娣姒，兄之子，提抱之婴孩，糊其口于四方，赢则以供田赋。所至江、浙、两粤、滇、黔、口外绝徼之地，皆步担，器具不外贷，谙草木之性，捃摭续食，亦以哺其儿。叟视其人衣敝缊，飘泊羁穷，陶然有自乐之色。群居甚和适，男女五六岁即授技，老而休焉，皆有以自给。以道路为家，以戏为田，传授为世业。其肌体为寒暑风雨冰雪之所顽，智意为跋涉艰远人情之所儆怵磨厉。男妇老稚皆顽钝，儇敏机利，捷于猿猱，而其性旷然如麋鹿。叟因之重有感矣。‖先生之教，久矣夫不明不作。其人恬自处于优笑巫觋之间，为夏仲御之所深疾，然益知天地之大，物各遂其生成，稗稻并实，无偏颇也。彼固自以为戏，所游历几千万里，高明巨丽之家，以迄三家一门之村市，亦无不以戏视之，叟独以为有所用。身老矣，不能事洴澼絖，亦安所得以试其不龟手之药，托空言以记之？固哉！王介甫谓“鸡鸣狗盗之出其门，士之所以不至。”不能致鸡鸣狗盗耳，吕惠卿辈之谄谩，曾鸡鸣狗盗之不若。鸡鸣狗盗之出其门，益足以致天下之奇士，而孟尝未足以知之；信陵、燕昭知之，所以收浆、博、屠者之用，千金市死马之骨，而遂以报齐怨。宋亦有张元、吴昊，虽韩、范不能用，以资西夏。宁无复以叟为戏言也，悲夫！","古文观止+选补",""
"原君","清","黄宗羲","有生之初，人各自私也，人各自利也。天下有公利而莫或兴之，有公害而莫或除之。有人者出，不以一己之利为利，而使天下受其利；不以一己之害为害，而使天下释其害。此其人之勤劳，必千万于天下之人。夫以千万倍之勤劳，则己又不享其利，必非天下之人情所欲居也。故古人之君，量而不欲入者，许由、务光是也；入而又去之者，尧、舜是也；初不欲入而不得去者，禹是也。岂古之人有所异哉？好逸恶劳，亦犹夫人之情也。‖后之为人君者不然。以为天下利害之权皆出于我，我以天下之利尽归于己，以天下之害尽归于人，亦无不可。使天下之人不敢自私，不敢自利，以我之大私为天下之公。始而惭焉，久而安焉，视天下为莫大之产业，传之子孙，受享无穷。汉高帝所谓“某业所就，孰与仲多”者，其逐利之情，不觉溢之于辞矣。‖此无他，古者以天下为主，君为客，凡君之所毕世而经营者，为天下也。今也以君为主，天下为客，凡天下之无地而得安宁者，为君也。是以其未得之也，屠毒天下之肝脑，离散天下之子女，以博我一人之产业，曾不惨然，曰：“我固为子孙创业也。”其既得之也，敲剥天下之骨髓，离散天下之子女，以奉我一人之淫乐，视为当然，曰：“此我产业之花息也。”然则为天下之大害者，君而已矣！向使无君，人各得自私也，人各得自利也。呜呼！岂设君之道固如是乎？‖古者天下之人爱戴其君，比之如父，拟之如天，诚不为过也。今也天下之人，怨恶其君，视之如寇仇，名之为独夫，固其所也。而小儒规规焉以君臣之义无所逃于天地之间，至桀纣之暴，犹谓汤武不当诛之，而妄传伯夷、叔齐无稽之事，乃兆人万姓崩溃之血肉，曾不异夫腐鼠。岂天地之大，于兆人万姓之中，独私其一人一姓乎？是故武王圣人也，孟子之言，圣人之言也。后世之君，欲以如父如天之空名，禁人之窥伺者，皆不便于其言，至废孟子而不立，非导源于小儒乎？‖虽然，使后之为君者，果能保此产业，传之无穷，亦无怪乎其私之也。既以产业视之，人之欲得产业，谁不如我？摄缄縢，固扃𫔎，一人之智力，不能胜天下欲得之者之众。远者数世，近者及身，其血肉之崩溃，在其子孙矣。昔人愿世世无生帝王家，而毅宗之语公主，亦曰：“若何为生我家！”痛哉斯言！回思创业时，其欲得天下之心，有不废然摧沮者乎？是故明乎为君之职分，则唐、虞之世，人人能让，许由、务光非绝尘也；不明乎为君之职分，则市井之间，人人可欲，许由、务光所以旷后世而不闻也。然君之职分难明，以俄顷淫乐，不易无穷之悲，虽愚者亦明之矣。","古文观止+选补",""
"廉耻","清","顾炎武","《五代史·冯道传·论》曰：礼义廉耻，国之四维，四维不张，国乃灭亡。善乎，管生之能言也！礼义，治人之大法；廉耻，立人之大节；盖不廉则无所不取，不耻则无所不为。人而如此，则祸败乱亡，亦无所不至；况为大臣而无所不取，无所不为，则天下其有不乱，国家其有不亡者乎？然而四者之中，耻尤为要。故夫子之论士，曰：“行己有耻。”孟子曰：“人不可以无耻。无耻之耻，无耻矣。”又曰：“耻之于人大矣，为机变之巧者，无所用耻焉。”所以然者，人之不廉，而至于悖礼犯义，其原皆生于无耻也。故士大夫之无耻，是谓国耻。‖吾观三代以下，世衰道微，弃礼义，捐廉耻，非一朝一夕之故。然而松柏后凋于岁寒，鸡鸣不已于风雨，彼昏之日，固未尝无独醒之人也！顷读《颜氏家训》有云：“齐朝一士夫尝谓吾曰：‘我有一儿，年已十七，颇晓书疏，教其鲜卑语，及弹琵琶，稍欲通解，以此伏事公卿，无不宠爱。’吾时俯而不答。异哉，此人之教子也！若由此业自致卿相，亦不愿汝曹为之。”嗟乎！之推不得已而仕于乱世，犹为此言，尚有《小宛》诗人之意，彼阉然媚于世者，能无愧哉！‖罗仲素曰：教化者朝廷之先务，廉耻者士人之美节；风俗者天下之大事。朝廷有教化，则士人有廉耻；士人有廉耻，则天下有风俗。‖古人治军之道，未有不本于廉耻者。《吴子》曰：“凡制国治军，必教之以礼，励之以义，使有耻也。夫人有耻，在大足以战，在小足以守矣。”《尉缭子》言：“国必有慈孝廉耻之俗，则可以死易生。”而太公对武王：“将有三胜，一曰礼将，二曰力将，三约止欲将。故礼者，所以班朝治军而兔苴之武夫，皆本于文王后妃之化；岂有淫刍荛，窃牛马，而为暴于百姓者哉！”《后汉书》：张奂为安定属国都尉，“羌豪帅感奂恩德，上马二十匹，先零酋长又遗金鐻八枚，奂并受之，而召主簿于诸羌前，以酒酹地曰：‘使马如羊，不以入厩；使金如粟，不以入怀。’悉以金马还之。羌性贪而贵吏清，前有八都尉率好财货，为所患苦，及奂正身洁己，威化大行”。呜呼！自古以来，边事之败，有不始于贪求者哉？吾于辽东之事有感。‖杜子美诗：安得廉颇将，三军同晏眠！一本作“廉耻将”。诗人之意，未必及此，然吾观《唐书》，言王佖为武灵节度使，先是，土蕃欲成乌兰桥，每于河壖先贮材木，皆为节帅遣人潜载之，委于河流，终莫能成。蕃人知佖贪而无谋，先厚遗之，然后并役成桥，仍筑月城守之。自是朔方御寇不暇，至今为患，由佖之黩货也。故贪夫为帅而边城晚开。得此意者，郢书燕说，或可以治国乎！‖——据上海古籍出版社影印本《日知录集释》‖《五代史·冯道传·论》道：“礼义廉耻，国之四维，四维不张，国乃灭亡。”妙啊，管子的善于立论！礼义是治理人民的大法；廉耻，是为人立身的大节。大凡不廉便什么都可以拿；不耻便什么都可以做。人到了这种地步，那便灾祸、失败、逆乱、死亡，也就都随之而来了；何况身为大臣而什么都拿，什么都做，那末天下哪有不乱，国家哪有不亡的呢？然而在这四者之间，耻尤其重要。因此孔子论及怎么才可以称为士，说道：“个人处世必须有耻。”孟子说：“人不可以没有耻，对可耻的事不感到羞耻，便是无耻了。”又说：“耻对于人关系大极了，那些搞阴谋诡计耍花样的人，是根本谈不上耻的。”其所以如此，因为一个人的不廉洁，乃至于违犯礼义，推究其原因都产生在无耻上。因此（国家领袖人物）士大夫的无耻，可谓国耻。‖我考察自三代以下，社会和道德日益衰微，礼义被抛弃，廉耻被掼在一边，不是一朝一夕的事了。但是凛冽的冬寒中有不凋的松柏，风雨如晦中有警世的鸡鸣，那些昏暗的日子中，实在未尝没有独具卓识的清醒者啊！最近读到《颜氏家训》上有一段话说：“齐朝一个士大夫曾对我说：‘我有一个儿子，年已十七岁，颇能写点文件书牍什么的，教他讲鲜卑话，也学弹琵琶，使之稍为通晓一点，用这些技能侍候公卿大人，到处受到宠爱。’我当时低首不答。怪哉，此人竟是这样教育儿子的！倘若通过这些本领能使自己做到卿相的地位，我也不愿你们这样干。”哎！颜之推不得已而出仕于乱世，尚且能说这样的话，还有《小宛》诗人的精神，那些卑劣地献媚于世俗的人，能不感到惭愧么？‖罗仲素说：教化是朝廷急要的工作；廉耻是士人优良的节操，风俗是天下的大事。朝廷有教化，士人便有廉耻；士人有廉耻，天下才有良风美俗。‖古人治军的原则，没有不以廉耻为本的。《吴子》说：“凡是统治国家和管理军队，必须教军民知道守礼，勉励他们守义，这是为了使之有耻。当人有了耻，从大处讲就能战攻，从小处讲就能退守了。”《尉缭子》说：“一个国家必须有慈孝廉耻的习尚，那就可以用牺牲去换得生存。”而太公望对答武王则说：“有三种将士能打胜仗，一是知礼的将士，二是有勇力的将士，三是能克制贪欲的将士。因为有礼，所以列朝治军者和粗野的武夫，都能遵循文王后妃的教化行事；难道还有欺凌平民、抢劫牛马，而对百姓实行残暴手段的么？”《后汉书》上记载：张奂任安定属国都尉，“羌族的首领感激他的恩德，送上马二十匹，先零族的酋长又赠送他金环八枚，张奂一起收了下来，随即召唤属下的主簿在羌族众人的面前，以酒酹地道：‘即使送我的马多得像羊群那样，我也不让它们进马厩；即使送我的金子多得如粟米，我也不放进我的口袋。’把金和马全部退还。羌人的性格重视财物而尊重清廉的官吏，以前的八个都尉，大都贪财爱货，为羌人所怨恨，直到张奂正直廉洁，威望教化才得到了发扬。”唉！自古以来，边疆局势的败坏，岂有不从贪求财货开始的么！我对辽东的事件不能无感。‖杜子美诗道：“安得廉颇将，三军同晏眠！”有一种刻本作“廉耻将”。诗人本来的意思，未必想到这点，但我读《唐书》，讲到王佖做武灵节度使时，以前吐蕃人想造乌兰桥，每次在河边岸上事先堆积木材，都被节度使派人暗暗地运走木材，投入河流，桥始终没有造成。吐蕃人了解到王佖贪而无谋，先重重地贿赂了他，然后加紧赶工造成了桥，并且筑了小城防守。从此以后朔方防御侵掠的战事就没完没了，至今还成为边患，都是由于王佖的贪财引起的。所以贪财的人作将帅便边关到夜间也洞开着无人防守。懂得这个道理，即使是郢书燕说式的穿凿附会，或许也可以治国吧！","古文观止+选补",""
"与友人论门人书","清","顾炎武","伏承来教，勤勤恳恳，闵其年之衰暮，而悼其学之无传，其为意甚盛。然欲使之效曩者二三先生，招门徒，立名誉，以光显于世，则私心有所不愿也。若乃西汉之传经，弟子常千余人，而位富者至公卿，下者亦为博士，以名其学，可不谓荣欤，而班史乃断之曰：“盖禄利之路然也。”故以夫子之门人，且学干禄。子曰：“三年学，不至于谷，不易得也。”而况于今日乎？‖今之为禄利者，其无藉于经术也审矣。穷年所习不过应试之文，而问以本经，犹茫然不知为何语，盖举唐以来帖括之浅而又废之。其无意于学也，传之非一世矣，矧纳赀之例行，而目不识字者可为郡邑博士！惟贫而不能徙业者，百人之中尚有一二。读书而又皆躁竞之徒，欲速成以名于世，语之以五经则不愿学，语之以白沙、阳明之语录，则欣然矣，以其袭而取之易也。其中小有才华者，颇好为诗，而今日之诗，亦可以不学而作。吾行天下见诗与语录之刻，堆几积案，殆于瓦釜雷鸣，而叩之以二南、雅颂之义，不能说也。于此时而将行吾之道，其谁从之？“大匠不为拙工改废绳墨，羿不为拙射变其彀率。”若徇众人之好而自贬其学，以来天下之人，而广其名誉，则是枉道以从人，而我亦将有所不暇。惟是斯道之在天下，必有时而兴，而君子之教人有私淑艾者，虽去之百世而犹若同堂也。所著《日知录》三十余卷，平生之志与业皆在其中，惟多写数本以贻之同好，庶不为恶其害己者之所去，而有王者起，得以酌取焉，其亦可以毕区区之愿矣。‖夫道之污隆，各以其时，若为己而不求名，则无不可以自勉。鄙哉硁硁所以异于今之先生者如此。高明何以教之！‖——据《四部丛刊》本《亭林诗文集》‖拜接来信，内容殷勤恳切，怜念我年龄的衰老，而痛惜我的学业没有传人，这番心意十分深厚。但是想要我仿效过去的某些先生的做法，招收门徒，树立名声，来显耀于人世，则鄙意是不愿这样干的。比如西汉时代经师的传授经书，学生常常多至千余人，其中地位高的做到三公九卿，稍次的也可以做博士，使所授的学生扬名于世，能不称为光荣么？但是班固却评之曰：“这实在是人们走做官谋利的道路造成的结果。”所以即使孔子的弟子，尚且要学求得做官之道。孔子道：“求学三年，不去求官做的人，是不容易见到的。”而况今日之世呢？‖当今世上追求富贵的人，其无须依靠经术是很明白的。一年到头所学的不过是应考的时文，倘若问他经书本文，还茫茫然不知道是出于哪里的话，实在是连唐朝帖括之学的这点浅薄的记诵都丢掉了。这种根本不存心治学的风气，相沿不止一代了，何况纳财捐官的制度通行，那些目不识丁的人也可以当上府县的教官！只有贫穷而不能改业的士子，一百人中还有一两个，但又都是读书而急于求事功的一些人，希望速成而得名于世，叫他学五经可不愿学，叫他读陈白沙、王阳明的语录，却很高兴，因为袭取这些东西是很容易的。其中有些小有才华的人，颇喜欢做诗，而现在的那些诗，不用学也可以做得出来。我跑遍天下所见到的诗集和语录的刻本，堆几积案地到处皆是，简直是一片震耳的噪音，而问他们《周南》、《召南》、《雅》、《颂》的精义，却是说不出来的。在这样的时代而想贯彻我的主张，有谁肯听从呢？“高明的木匠不肯为拙劣的木工改变或放弃规矩，后羿不肯为蹩脚的射手改变其拉弓的标准。”倘若屈从世人的喜欢而自己贬低其所学，以求招揽天下的人，来张扬自己的名声，那便是歪曲真理来追随别人，那我也没有心情花这么多的闲工夫。不过学术之在天下，一定会有机会发扬，而古代君子教诲人要学习私心所仰慕的贤者，哪怕彼此相距已有百世之久也好像是同在一室似的。我所著的《日知录》三十多卷，生平的思想和学业都在这书里，只有多抄写几本，用以分赠同志，也许可以不被害怕这书会妨碍他们的那些人所消毁，而一旦有振作世道的人物出现，得以从我的书里择取一点东西，这也就可以了我一点微小的心愿了。‖学术的衰败和昌盛，各有其时代的必然，倘若为了自己的追求而不求虚名，那就没有不可以自我勖勉的。鄙陋如我固执地持以不同于当今的先生们的就是上述的原因。高明的您有什么见教呢？","古文观止+选补",""
"癸未去金陵日与阮光禄书","清","侯方域","仆窃闻君子处己，不欲自恕而苛责他人以非其道。今执事之于仆，乃有不然者，愿为执事陈之。‖执事，仆之父行也。神宗之末，与大人同朝，相得甚欢。其后乃有欲终事执事而不能者，执事当自追忆其故，不必仆言之也。大人削官归，仆时方少，每侍，未尝不念执事之才而嗟惜者弥日。及仆稍长，知读书，求友金陵，将戒途，而大人送之曰：“金陵有御史成公勇者，虽于我为后进，我常心重之。汝至，当以为师。又有老友方公孔炤，汝当持刺拜于床下。”语不及执事。及至金陵，则成公已得罪去，仅见方公，而其子以智者，仆之夙交也，以此晨夕过从。执事与方公，同为父行，理当谒，然而不敢者，执事当自追忆其故，不必仆言之也。今执事乃责仆与方公厚，而与执事薄。噫，亦过矣。‖忽一日，有王将军过仆甚恭。每一至，必邀仆为诗歌，既得之，必喜，而为仆贳酒奏伎，招游舫，携山屐，殷殷积旬不倦。仆初不解，既而疑以问将军。将军乃屏人以告仆曰：“是皆阮光禄所愿纳交于君者也，光禄方为诸君所诟，愿更以道之君之友陈君定生、吴君次尾，庶稍湔乎。”仆<bzgwgz_016/bz>容谢之曰：“光禄身为贵卿，又不少佳宾客，足自娱，安用此二三书生为哉。仆道之两君，必重为两君所绝。若仆独私从光禄游，又窃恐无益光禄。辱相款八日，意良厚，然不得不绝矣。”凡此皆仆平心称量，自以为未甚太过，而执事顾含怒不已，仆诚无所逃罪矣！‖昨夜方寝，而杨令君文骢叩门过仆曰：“左将军兵且来，都人汹汹，阮光禄扬言于清议堂，云子与有旧，且应之于内，子盍行乎。”仆乃知执事不独见怒，而且恨之，欲置之族灭而后快也。仆与左诚有旧，亦已奉熊尚书之教，驰书止之，其心事尚不可知。若其犯顺，则贼也；仆诚应之于内，亦贼也。士君子稍知礼义，何至甘心作贼！万一有焉，此必日暮途穷，倒行而逆施，若昔日干儿义孙之徒，计无复之，容出于此。而仆岂其人耶，何执事文织之深也！‖窃怪执事常愿下交天下士，而展转蹉跎，乃至嫁祸而灭人之族，亦甚违其本念。倘一旦追忆天下士所以相远之故，未必不悔，悔未必不改。果悔且改，静待之数年，心事未必不暴白。心事果暴白，天下士未必不接踵而至执事之门。仆果见天下士接踵而至执事之门，亦必且随属其后，长揖谢过，岂为晚乎？而奈何阴毒左计一至于此！‖仆今已遭乱无家，扁舟短棹，措此身甚易。独惜执事忮机一动，长伏草莽则已，万一复得志，必至杀尽天下士以酬其宿所不快，则是使天下士终不复至执事之门，而后世操简书以议执事者，不能如仆之词微而义婉也。仆且去，可以不言，然恐执事不察，终谓仆于长者傲，故敢述其区区，不宣。","古文观止+选补",""
"李姬传","清","侯方域","李姬者名香，母曰贞丽。贞丽有侠气，尝一夜博，输千金立尽。所交接皆当世豪杰，尤与阳羡陈贞慧善也。姬为其养女，亦侠而慧，略知书，能辨别士大夫贤否，张学士溥、夏吏部允彝急称之。少风调皎爽不群。十三岁，从吴人周如松受歌玉茗堂四传奇，皆能尽其音节。尤工琵琶词，然不轻发也。‖雪苑侯生，己卯来金陵，与相识。姬尝邀侯生为诗，而自歌以偿之。初，皖人阮大铖者，以阿附魏忠贤论城旦，屏居金陵，为清议所斥。阳羡陈贞慧、贵池吴应箕实首其事，持之力。大铖不得已，欲侯生为解之，乃假所善王将军，日载酒食与侯生游。姬曰：“王将军贫，非结客者，公子盍叩之？”侯生三问，将军乃屏人述大铖意。姬私语侯生曰：“妾少从假母识阳羡君，其人有高义，闻吴君尤铮铮，今皆与公子善，奈何以阮公负至交乎！且以公子之世望，安事阮公！公子读万卷书，所见岂后于贱妾耶？”侯生大呼称善，醉而卧。王将军者殊怏怏，因辞去，不复通。‖未几，侯生下第。姬置酒桃叶渡，歌琵琶词以送之，曰：“公子才名文藻，雅不减中郎。中郎学不补行，今琵琶所传词固妄，然尝昵董卓，不可掩也。公子豪迈不羁，又失意，此去相见未可期，愿终自爱，无忘妾所歌琵琶词也！妾亦不复歌矣！”‖侯生去后，而故开府田仰者，以金三百锾，邀姬一见。姬固却之。开府惭且怒，且有以中伤姬。姬叹曰：“田公岂异于阮公乎？吾向之所赞于侯公子者谓何？今乃利其金而赴之，是妾卖公子矣！”卒不往。","古文观止+选补",""
"吾庐记","清","魏禧","季子礼，既倦于游，南极琼海，北抵燕，于是作屋于勺庭之左肩，曰：“此真吾庐矣！”名曰吾庐。‖庐于翠微址最高，群山宫之，平畴崇田，参错其下，目之所周，大约数十里，故视勺庭为胜焉。‖于是高下其径，折而三之。松鸣于屋上，桃、李、梅、梨、梧桐、桂、辛夷之华，荫于径下，架曲直之木为槛，垩以蜃灰，光耀林木。‖客曰：“斗绝之山，取蔽风雨足矣。季子举债而饰之，非也。”或曰：“其少衰乎？其将怀安也。”‖方季子之南游也，驱车瘴癞之乡，蹈不测之波，去朋友，独身无所事事，而之琼海。至则飓风夜发屋，卧星露之下。兵变者再，索人而杀之，金铁鸣于堂户，尸交于衢，流血沟渎。客或以闻诸家，家人忧恐泣下，余谈笑饮食自若也。及其北游山东，方大饥，饥民十百为群，煮人肉而食。千里之地，草绝根，树无青皮。家人闻之，益忧恐，而季子竟至燕。‖客有让余者曰：“子之兄弟一身矣，又唯子言之从。今季子好举债游，往往无故冲危难，冒险阻，而子不禁，何也？”余笑曰：“吾固知季子之无死也。吾之视季子之举债冒险危而游，与举债而饰其庐，一也。且夫人各以得行其志为适。终身守闺门之内，选耎趑趄，盖井而观，腰舟而渡，遇三尺之沟，则色变不敢跳越，若是者，吾不强之适江湖。好极山川之奇，求朋友，揽风土之变，视客死如家，死乱如死病，江湖之死如衽席，若是者，吾不强使守其家。孔子曰：‘志士不忘在沟壑。’夫若是者，吾所不能而子弟能之，其志且乐为之，而吾何暇禁？”‖季子为余言，渡海时舟中人眩怖不敢起，独起视海中月，作《乘月渡海歌》一首。兵变，阖而坐，作《海南道中诗》三十首。余乃笑吾幸不忧恐泣下也。‖庐既成，易堂诸子，自伯兄而下皆有诗；四方之士闻者，咸以诗来会，而余为之记。","古文观止+选补",""
"大铁椎传","清","魏禧","庚戌十一月，予自广陵归，与陈子灿同舟。子灿年二十八，好武事，予授以左氏兵谋兵法，因问“数游南北，逢异人乎？”子灿为述大铁椎，作《大铁椎传》。‖大铁椎，不知何许人，北平陈子灿省兄河南，与遇宋将军家。宋，怀庆青华镇人，工技击，七省好事者皆来学，人以其雄健，呼宋将军云。宋弟子高信之，亦怀庆人，多力善射，长子灿七岁，少同学，故尝与过宋将军。‖时座上有健啖客，貌甚寝，右胁夹大铁椎，重四五十斤，饮食拱揖不暂去。柄铁折迭环复，如锁上练，引之长丈许。与人罕言语，语类楚声。扣其乡及姓字，皆不答。‖既同寝，夜半，客曰：“吾去矣！”言讫不见。子灿见窗户皆闭，惊问信之。信之曰：“客初至，不冠不袜，以蓝手井裹头，足缠白布，大铁椎外，一物无所持，而腰多白金。吾与将军俱不敢问也。”子灿寐而醒，客则鼾睡炕上矣。‖一日，辞宋将军曰：“吾始闻汝名，以为豪，然皆不足用。吾去矣！”将军强留之，乃曰：“吾数击杀响马贼，夺其物，故仇我。久居，祸且及汝。今夜半，方期我决斗某所。”宋将军欣然曰：“吾骑马挟矢以助战。”客曰：“止！贼能且众，吾欲护汝，则不快吾意。”宋将军故自负，且欲观客所为，力请客。客不得已，与偕行。将至斗处，送将军登空堡上，曰：“但观之，慎弗声，令贼知也。”‖时鸡鸣月落，星光照旷野，百步见人。客驰下，吹觱篥数声。顷之，贼二十余骑四面集，步行负弓矢从者百许人。一贼提刀突奔客，客人呼挥椎，贼应声落马，马首裂。众贼环而进，客奋椎左右击，人马仆地，杀三十许人。宋将军屏息观之，股栗欲堕。忽闻客大呼曰：“吾去矣。”尘滚滚东向驰去。后遂不复至。‖魏禧论曰：子房得力士，椎秦皇帝博浪沙中，大铁椎其人与？天生异人，必有所用之。予读陈同甫《中兴遗传》，豪俊侠烈魁奇之士，泯泯然不见功名于世者又何多也？岂天之生才不必为人用与？抑用之自有时与？子灿遇大铁椎为壬寅岁，视其貌当年三十，然则大铁椎今四十耳。子灿又尝见其写市物帖子，甚工楷书也。","古文观止+选补",""
"传是楼记","清","汪琬","昆山徐健庵先生，筑楼于所居之后，凡七楹。间命工木为橱，贮书若干万卷，区为经史子集四种，经则传注义疏之书附焉，史则日录家乘山经野史之书附焉，子则附以卜筮医药之书，集则附以乐府诗余之书，凡为橱者七十有二，部居类汇，各以其次，素标缃帙，启钥灿然。于是先生召诸子登斯楼而诏之曰：“吾何以传女曹哉？吾徐先世，故以清白起家，吾耳目濡染旧矣。盖尝慨夫为人之父祖者，每欲传其土田货财，而子孙未必能世富也；欲传其金玉珍玩、鼎彝尊斝之物，而又未必能世宝也；欲传其园池台榭、舞歌舆马之具，而又未必能世享其娱乐也。吾方以此为鉴。然则吾何以传女曹哉？”因指书而欣然笑曰：“所传者惟是矣！”遂名其楼为“传是”，而问记于琬。琬衰病不及为，则先生屡书督之，最后复于先生曰：‖甚矣，书之多厄也！由汉氏以来，人主往往重官赏以购之，其下名公贵卿，又往往厚金帛以易之，或亲操翰墨，及分命笔吏以缮录之。然且裒聚未几，而辄至于散佚，以是知藏书之难也。琬顾谓藏之之难不若守之之难，守之之难不若读之之难，尤不若躬体而心得之之难。是故藏而勿守，犹勿藏也；守而弗读，犹勿守也。夫既已读之矣，而或口与躬违，心与迹忤，采其华而忘其实，是则呻占记诵之学所为哗众而窃名者也，与弗读奚以异哉！‖古之善读书者，始乎博，终乎约，博之而非夸多斗靡也，约之而非保残安陋也。善读书者根柢于性命而究极于事功：沿流以溯源，无不探也；明体以适用，无不达也。尊所闻，行所知，非善读书者而能如是乎！‖今健庵先生既出其所得于书者，上为天子之所器重，次为中朝士大夫之所矜式，藉是以润色大业，对扬休命，有余矣，而又推之以训敕其子姓，俾后先跻巍科，取��仕，翕然有名于当世，琬然后喟焉太息，以为读书之益弘矣哉！循是道也，虽传诸子孙世世，何不可之有？‖若琬则无以与于此矣。居平质驽才下，患于有书而不能读。延及暮年，则又跧伏穷山僻壤之中，耳目固陋，旧学消亡，盖本不足以记斯楼。不得已勉承先生之命，姑为一言复之，先生亦恕其老悖否耶？","古文观止+选补",""
"江天一传","清","汪琬","江天一，字文石，徽州歙县人。少丧父，事其母，及抚弟天表，具有至性。尝语人曰：“士不立品者，必无文章。”前明崇祯间，县令傅岩奇其才，每试辄拔置第一。年三十六，始得补诸生。家贫屋败，躬畚土筑垣以居。覆瓦不完，盛暑则暴酷日中。雨至，淋漓蛇伏，或张敝盖自蔽。家人且怨且叹，而天一挟书吟诵自若也。‖天一虽以文士知名，而深沉多智，尤为同郡金佥事公声所知。当是时，徽人多盗，天一方佐佥事公，用军法团结乡人子弟，为守御计。而会张献忠破武昌，总兵官左良玉东遁，麾下狼兵哗于途，所过焚掠。将抵徽，徽人震恐，佥事公谋往拒之，以委天一。天一腰刀帓首，黑夜跨马，率壮士驰数十里，与狼兵鏖战祁门，斩馘大半，悉夺其马牛器械，徽赖以安。‖顺治二年，夏五月，江南已破，州县望风内附，而徽人犹为明拒守。六月，唐藩自立于福州，闻天一名，授监纪推官。先是，天一言于佥事公曰：“徽为形胜之地，诸县皆有阻隘可恃，而绩谿一面当孔道，其地独平迆，是宜筑关于此，多用兵据之，以与他县相犄角。”遂筑丛山关。已而清师功绩谿，天一日夜援兵登陴，不少怠。间出逆战，所杀伤略相当。于是清师以少骑缀天一于绩溪，而别从新岭入，守岭者先溃，城遂陷。‖大帅购天一甚急。天一知事不可为，遽归，嘱其母于天表，出门大呼：“我江天一也！”遂被执。有知天一者，欲释之。天一曰：“若以我畏死邪？我不死，祸且族矣。”遇佥事公于营门，公目之曰：“文石！女有老母在，不可死！”笑谢曰：“焉有与人共事而逃其难者乎？公幸勿为吾母虑也。”至江宁，总督者欲不问，天一昂首曰：“我为若计，若不如杀我；我不死，必复起兵！”遂牵诣通济门。既至，大呼高皇帝者三，南向再拜讫，坐而受刑。观者无不叹息泣下。越数日，天表往收其尸，瘗之。而佥事公亦于是日死矣。‖当狼兵之被杀也，凤阳督马士英怒，疏劾徽人杀官军状，将致佥事公于死。天一为赍辨疏，诣阙上之；复作《吁天说》，流涕诉诸贵人，其事始得白。自兵兴以来，先后治乡兵三年，皆在佥事公幕。是时，幕中诸侠客号知兵者以百数，而公独推重天一，凡内外机事悉取决焉。其后竟与公同死。虽古义烈之士，无以尚也。予得其始末于翁君汉津，遂为之传。‖汪琬曰：方胜国之末，新安士大夫死忠者有汪公伟、凌公𬳶与佥事公三人，而天一独以诸生殉国。予闻天一游淮安，淮安民妇冯氏者刲肝活其姑，天一征诸名士作诗文表章之，欲疏于朝，不果。盖其人好奇尚气类如此。天一本名景，别自号石嫁樵夫，翁君汉津云。","古文观止+选补",""
"触龙说赵太后","","战国策","子义闻之曰（21）：“人主之子也，骨肉之亲也，犹不能恃无功之尊，无劳之奉，而守金玉之重也，而况人臣乎？”　　－‖－选自上海古籍出版社标点本《战国策·赵策四》‖赵太后新掌权，秦国猛烈进攻赵国。赵国向齐国求救。齐国说：“必须用长安君作为人质，才出兵。”赵太后不同意，大臣极力劝谏。太后明确告诉左右：“有再说让长安君做人质的，我老婆子一定朝他的脸吐唾沫。”‖左师触龙说希望谒见太后。太后怒容满面地等待他。触龙进来后慢步走向太后，到了跟前请罪说：“老臣脚有病，已经丧失了快跑的能力，好久没能来谒见了，私下里原谅自己，可是怕太后玉体偶有欠安，所以很想来看看太后。”太后说：“我老婆子行动全靠手推车。”触龙说：“每天的饮食该不会减少吧？”太后说：“就靠喝点粥罢了。”触龙说：“老臣现在胃口很不好，就自己坚持着步行，每天走三四里，稍为增进一点食欲，对身体也能有所调剂。”太后说：“我老婆子可做不到。”太后的脸色稍为和缓些了。‖左师公说：“老臣的劣子舒祺，年纪最小，不成才。臣子老了，偏偏爱怜他。希望能派他到侍卫队里凑个数，来保卫王宫。所以冒着死罪来禀告您。”太后说：“一定同意您的。年纪多大了？”回答说：“十五岁了。虽然还小，希望在老臣没死的时候先拜托给太后。”太后说：“做父亲的也爱怜他的小儿子吗？”回答说：“比做母亲的更爱。”太后笑道：“妇道人家特别喜爱小儿子。”回答说：“老臣个人的看法，老太后爱女儿燕后，要胜过长安君。”太后说：“您错了，比不上对长安君爱得深。”左师公说：“父母爱子女，就要为他们考虑得深远一点。老太后送燕后出嫁的时候，抱着她的脚为她哭泣，是想到可怜她要远去，也是够伤心的了。送走以后，并不是不想念她，每逢祭祀一定为她祈祷，祈祷说：‘一定别让她回来啊！’难道不是从长远考虑，希望她有了子孙可以代代相继在燕国为王吗？”太后说：“是这样。”左师公说：“从现在往上数三世，到赵氏建立赵国的时候，赵国君主的子孙凡被封侯的，他们的后代还有能继承爵位的吗？”太后说：“没有。”左师公说：“不只是赵国，其他诸侯国的子孙有吗？”太后说：“我老婆子没听说过。”左师公说：“这是他们近的灾祸及于自身，远的及于他们的子孙。难道是君王的子孙就一定不好吗？地位高人一等却没什么功绩，俸禄特别优厚却未尝有所操劳，而金玉珠宝却拥有很多。现在老太后给长安君以高位，把富裕肥沃的地方封给他，又赐予他大量珍宝，却不曾想到目前使他对国家做出功绩。有朝一日太后百年了，长安君在赵国凭什么使自己安身立足呢？老臣认为老太后为长安君考虑得太短浅了，所以我以为你爱他不如爱燕后。”太后说：“行啊。任凭你派遣他到什么地方去。”于是为长安君套马备车一百乘，到齐国去作人质，齐国就出兵了。‖子义听到这件事说：“君王的儿子，有着骨肉之亲，尚且不能依靠没功勋的高位，没劳绩的俸禄，而占有着金玉珍宝等贵重的东西，更何况作臣子的呢？”","古文观止+选补",""
"口技","清","林嗣环","京中有善口技者。会宾客大宴，于厅事之东北角施八尺屏障，口技人坐屏障中，一桌、一椅、一扇、一抚尺而已。众宾团坐。少顷，但闻屏障中抚尺二下，满堂寂然，无敢哗者。‖遥遥闻深巷犬吠声，便有妇人惊觉欠伸，摇其夫语猥亵事。夫呓语，初不甚应，妇摇之不止，则二人语渐间杂，床又从中戛戛。既而儿醒，大啼。夫令妇抚儿乳，儿含乳啼，妇拍而呜之。夫起溺，妇亦抱儿起溺。床上又一大儿醒，狺狺不止。当是时，妇手拍儿声，口中呜声，儿含乳啼声，大儿初醒声，床声，夫叱大儿声，溺瓶中声，溺桶中声，一齐凑发，众妙毕备。满座宾客无不伸颈侧目，微笑默叹，以为妙绝也。‖既而夫上床寝。妇又呼大儿溺，毕，都上床寝。小儿亦渐欲睡。夫齁声起，妇拍儿亦渐拍渐止。微闻有鼠作作索索，盆器倾侧，妇梦中咳嗽之声。宾客意少舒，稍稍正坐。‖忽一人大呼“火起”，夫起大呼，妇亦起大呼，两儿齐哭。俄而百千人大呼，百千儿哭，百千狗吠，中间力拉崩倒之声，火爆声，呼呼风声，百千齐作；又夹百千求救声，曳屋许许声，抢夺声，泼水声。凡所应有，无所不有。虽人有百手，手有百指，不能指其一端；人有百口，口有百舌，不能名其一处也。于是宾客无不变色离席，奋袖出臂，两股战战，几欲先走。‖而忽然抚尺一下，众响毕绝。撤屏视之，一人、一桌、一椅、一扇、一抚尺而已。","古文观止+选补",""
"阎典史传","清","邵长蘅","阎典史者，名应元，字丽亨，其先浙江绍兴人也。四世祖某，为锦衣校尉，始家北直隶之通州，为通州人。应元起掾史，官京仓大使。崇祯十四年，迁江阴县典史。始至，有江盗百艘，张帜乘潮阑入内地，将薄城，而会县令摄篆旁邑，丞簿选愞怖急，男女奔窜。应元带刀鞬出，跃马大呼于市曰：“好男子，从我杀贼护家室！”一时从者千人，然苦无械。应元又驰竹行呼曰：“事急矣，假一竿，值取诸我。”千人者布列江岸，矛若林立，士若堵墙。应元往来驰射，发一矢，辄殪一贼。贼连毙者三，气慑，扬帆去。巡抚状闻，以钦依都司掌徼巡县尉，得张黄盖，拥纛，前驱清道而后行。非故事，邑人以为荣。久之，仅循资迁广东英德县主簿，而陈明选代为尉。应元以母病未行，亦会国变，挈家侨居邑东之砂山。是岁乙酉五月也。‖当是时，本朝定鼎改元二年矣。豫王大军渡江，金陵降，君臣出走。弘光帝寻被执。分遣贝勒及他将，略定东南郡县。守士吏或降或走，或闭门旅拒，攻之辄拔；速者功在漏刻，迟不过旬日。自京口以南，一月间下名城大县以百数。而江阴以弹丸下邑，死守八十余日而后下，盖应元之谋居多。‖初，薙发令下，诸生许用德者，以闰六月朔悬明太祖御容于明伦堂，率众拜且哭，士民蛾聚者万人，欲奉新尉陈明选主城守。明选曰：“吾智勇不如阎君，此大事，须阎君来。”乃夜驰骑往迎应元。应元投袂起，率家丁四十人，夜驰入城。是时城中兵不满千，户裁及万，又馕无所出。应元至，则料尺籍，治楼橹，令户出一男子乘城，余丁传餐。已，乃发前兵备道曾化龙所制火药火器贮堞楼。已，乃劝输巨室，令曰：“输不必金，出粟、菽、帛、布及他物者听。”国子上舍程璧首捐二万五千金。捐者麕集。于是围城中有火药三百罂，铅丸、铁子千石，大炮百，鸟机千张，钱千万缗，粟、麦、豆万石，他酒、酤、盐、铁、刍、藁称是。已，乃分城而守：武举黄略守东门，把总某守南门，陈明选守西门，应元自守北门，仍徼巡四门。部署甫定，而外围合。‖时大军薄城下者已十万，列营百数，四面围数十重，引弓仰射，颇伤城上人。而城上礧炮、机弩乘高下，大军杀伤甚众。乃驾大炮击城，城垣裂。应元命用铁叶裹门板，贯铁縆护之；取空棺实以土，障𬯎处。又攻北城，北城穿。下令人运一大石块，于城内更筑坚垒，一夜成。会城中矢少，应元乘月黑，束藁为人，人竿一灯，立陴间，匝城，兵士伏垣内，击鼓叫噪，若将缒城斫营者。大军惊，矢发如雨；比晓，获矢无算。又遣壮士夜缒城入营，顺风纵火；军乱，自蹂践相杀死者数千。‖大军却，离城三里止营，帅刘良佐拥骑至城下，呼曰：“吾与阎君雅故，为我语阎君，欲相见。”应元立城上与语。刘良佐者，故弘光四镇之一，封广昌伯，降本朝总兵者也。遥语应元：“弘光已走，江南无主，君早降，可保富贵。”应元曰：“某明朝一典史耳，尚知大义。将军胙土分茅，为国重镇，不能保障江淮，乃为敌前驱，何面目见吾邑义士民乎？”良佐惭退。‖应元伟躯干，面苍黑，微髭。性严毅，号令明肃，犯法者，鞭笞贯耳，不稍贳；然轻财，赏赐无所吝。伤者手为裹创，死者厚棺敛，酹醊而哭之；与壮士语，必称“好兄弟”，不呼名。陈明选宽厚呕煦，每巡城，拊循其士卒，相劳苦，或至流涕。故两人皆能得士心，乐为之死。‖先是，贝勒统军略地苏、松者，既连破大郡，济师来攻。面缚两降将，跪城下说降，涕泗交颐。应元骂曰：“败军之将，被禽不速死，奚喋喋为！”又遣人谕令：“斩四门首事各一人，即撤围。”应元厉声曰：“宁斩吾头，奈何杀百姓！”叱之去。会中秋，给军民赏月钱，分曹携具，登城痛饮；而许用德制乐府五更转曲，令善讴者曼声歌之，歌声与刁斗、笳吹声相应，竟三夜罢。‖贝勒既觇知城中无降意，攻愈急；梯冲死士，铠胄皆镔铁，刀斧及之，声铿然，锋口为缺，炮声彻昼夜，百里内地为之震。城中死伤日积，巷哭声相闻。应元慷慨登陴，意气自若。旦日，大雨如注。至日中，有红光一缕起土桥，直射城西。城俄陷，大军从烟焰雾雨中，蜂拥而上。应元率死士百人，驰突巷战者八，所当杀伤以千数；再夺门，门闭不得出。应元度不免，踊身投前湖，水不没顶。而刘良佐令军中，必欲生致应元，遂被缚。良佐箕踞乾明佛殿，见应元至，跃起持之哭。应元笑曰：“何哭？事至此，有一死耳。”见贝勒，挺立不屈。一卒持枪刺应元贯胫，胫折踣地。日暮，拥至栖霞禅院。院僧夜闻大呼“速斫我！”不绝口。俄而寂然。应元死。‖凡攻守八十一日，大军围城者二十四万，死者六万七千，巷战死者又七千，凡损卒七万五千有奇。城中死者，无虑五六万，尸骸枕藉，街巷皆满，然竟无一人降者。‖城破时，陈明选下骑搏战，至兵备道前被杀。身负重创，手握刀，僵立倚壁上不仆。或曰：阖门投火死。‖论曰：《尚书·序》曰：“成周既成，迁殷顽民。”而后之论者，谓于周则顽民，殷则义士。夫跖犬吠尧，邻女詈人，彼固各为其主。予童时，则闻人啧啧谈阎典史事，未能记忆也。后五十年，从友人家见黄晞所为死守孤城状，乃摭其事而传之，微夫应元，固明朝一典史也；顾其树立，乃卓卓如是！呜呼，可感也哉！","古文观止+选补",""
"书左忠毅公逸事","清","方苞","先君子尝言，乡先辈左忠毅公视学京畿，一日风雪严寒，从数骑出，微行入古寺。庑下一生伏案卧，文方成草，公阅毕，即解貂覆生，为掩户。叩之寺僧，则史公可法也。及试，吏呼名至史公，公瞿然注视，呈卷即面署第一。召入，使拜夫人，曰：“吾诸儿碌碌，他日继吾志事，惟此生耳！”‖及左公下厂狱，史朝夕狱门外。逆阉防伺甚严，虽家仆不得近。久之闻左公被炮烙，旦夕且死，持五十金，涕泣谋于禁卒，卒感焉。一日使史更敝衣，草屦背筐，手长�Γ�为除不洁者。引入，微指左公处，则席地倚墙而坐，面额焦烂不可辨，左膝以下筋骨尽脱矣。史前跪，抱公膝而呜咽。公辨其声，而目不可开，乃奋臂以指拨眦，目光如炬，怒曰：“庸奴！此何地也，而汝来前！国家之事糜烂至此，老夫已矣，汝复轻身而昧大义，天下事谁可支柱者？不速去，无俟奸人构陷，吾今即扑杀汝。”因摸地上刑械，作投击势。史噤不敢发声，趋而出。后常流涕述其事以语人，曰：“吾师肺肝，皆铁石所铸造也！”‖崇祯末，流贼张献忠出没蕲黄潜桐间，史公以凤庐道奉檄守御。每有警，辄数月不就寝，使将士更休，而自坐幄幕外。择健卒十人，令二人蹲踞，而背倚之；漏鼓移，则番代。每寒夜起立，振衣裳，甲上冰霜迸落，铿然有声。或劝以少休，公曰：“吾上恐负朝廷，下恐愧吾师也。”史公治兵，往来桐城，必躬造左公第，候太公太母起居，拜夫人于堂上。余宗老涂山，左公甥也，与先君子善，谓狱中语乃亲得之于史公云。","古文观止+选补",""
"狱中杂记","清","方苞","康熙五十一年三月，余在刑部狱，见死而由窦出者，日三四人。有洪洞令杜君者，作而言曰：“此疫作也。今天时顺正，死者尚稀，往岁多至日十数人。”余叩所以，杜君曰：“是疾易传染，遘者虽戚属，不敢同卧起。而狱中为老监者四，监五室。禁卒居中央，牖其前以通明，屋极有窗以达气。旁四室则无之，而系囚常二百余。每薄暮下管键，矢溺皆闭其中，与饮食之气相薄；又，隆冬，贫者席地而卧，春气动，鲜不疫矣。狱中成法，质明启钥，方夜中，生人与死者并踵顶而卧，无可旋避，此所以染者众中。又可怪者，大盗、积贼、杀人重囚，气杰旺，染此者十不一二，或随有瘳。其骈死者皆轻系及牵连佐证，法所不及者。”余曰：“京师有京兆狱，有五城御史司坊，何故刑部系囚之多至此？”杜君曰：“迩年狱讼，情稍重，京兆、五城即不敢专决；又九门提督所访缉纠诘，皆归刑部；而十四司正副郎好事者及书吏、狱官、禁卒，皆利系者之多，少有连，必多方钩致。苟入狱，不问罪之有无，必械手足，置老监，俾困苦不可忍，然后导以取保，出居于外，量其家之所有以为剂，而官与吏部分焉。中家以上，皆竭资取保；其次，求脱械居监外板屋，费亦数十金；惟极贫无依，则械系不稍宽，为标准以警其余。或同系，情罪重者，反出在外，而轻者无罪者罹其毒。积忧愤，寝食违节，及病，又无医药，故往往至死。”余伏见圣上好生之德，同于往圣，每质狱辞，必于死中求其生。而无辜者乃至此。倘仁人君子为上昌言，除死刑及发塞外重犯，其轻系及牵连未结正者，别置一所以羁之，手足毋械。所全活可数计哉！或曰：“狱旧有室五，名曰现监，讼而未结正者居之。倘举旧典，可小补也。”杜君曰：“上推恩，凡职官居板屋；今贫者转系老监，而大盗有居板屋者，此中可细诘哉！不若别置一所，为拔本塞源之道也。”余同系朱翁、余生及在狱同官僧某，遘疫死，皆不应重罚。又某氏以不孝讼其子，左右邻械系入老监，号呼达旦。余感焉，以杜君言泛讯之，众言同，于是乎书。‖凡死刑，狱上，行刑者先俟于门外，使其党入索财物，名曰“斯罗”。富者就其戚属，贫则面语之。其极刑，曰：“顺我，即先刺心；否则，四肢解尽，心犹不死。”其绞缢，曰：“顺我，始缢即气绝；否则，三缢加别械，然后得死。”惟大辟无可要，然犹质其首。用此，富者赂数十百金，贫亦罄衣装；绝无有者，则治之如所言。主缚者亦然，不如所欲，缚时即先折筋骨。每岁大决，勾者十三四，留者十六七，皆缚至西市待命。其伤于缚者，即幸留，病数月乃瘳，或竟成痼疾。‖余尝就老胥而问焉：“彼于刑者、缚者，非相仇也，期有得耳。果无有，终亦稍宽之，非仁术乎？”曰：“是立法以警其余，且惩后也。不如此，则人有幸心。”主梏扑者亦然。余同逮以木讯者三人：一人予三十金，骨微伤，病间月；一人倍之，伤肤，兼旬愈；一人六倍，即夕行步如平常。或叩之曰：“罪人有无不均，既各有得，何必更以多寡为差？”曰：“无差，谁为多与者！”孟子曰：“术不可不慎。”信夫！‖部中老胥，家藏伪章，文书下行直省，多潜易之，增减要语，奉行者莫辨也。其上闻及移关诸部犹未敢然。功令：大盗未杀人，及他犯同谋多人者，止主谋一二人立决；余经秋审，皆减等发配。狱辞上，中有立决者，行刑人先俟于门外。命下，遂缚以出，不羁晷刻。有某姓兄弟，以把持公仓，法应立决，狱具矣。胥某谓曰：“予我千金，吾生若。”叩其术，曰：“是无难，别具本章，狱辞无易，但取案末独身无亲戚者二人易汝名，俟封奏时潜易之而已。”其同事者曰：“是可欺死者，而不能欺主谳者；倘复请之，吾辈无生理矣。”胥某笑曰：“复请之，吾辈无生理，而主谳者亦各罢去。彼不能以二人之命易其官，则吾辈终无死道也。”竟行之，案末二人立决。主者口呿舌挢，终不敢诘。余在狱，犹见某姓。狱中人群指曰：“是以某某易其首者。”胥某一夕暴卒，人皆以为冥谪云。‖凡杀人，狱辞无谋、故者，终秋审入矜疑，即免死。吏因以巧法。有郭四者，凡四杀人，复以矜疑减等，随遇赦。将出，日与其徒置酒酣歌达曙。或叩以往事，一一详述之，意色扬扬，若自矜诩。噫，渫恶吏忍于鬻狱，无责也；而道之不明，良吏亦多以脱人于死为功，而不求其情。其枉民也，亦甚矣哉！‖奸民久于狱，与胥卒表里，颇有奇羡。山阴李姓，以杀人系狱，每岁致数百金。康熙四十八年，以赦出，居数月，漠然无所事。其乡人有杀人者，因代承之。盖以律非故杀，必久系，终无死法也。五十一年，复援赦减等谪戍。叹曰：“吾不得复入此矣！”故例，谪戍者移顺天府羁候，时方冬停遣，李具状求在狱，候春发遣，至再三，不得所请，怅然而出。","古文观止+选补",""
"游万柳堂记","清","刘大櫆","昔之人贵极富溢，则往往为别馆以自娱，穷极土木之工，而无所爱惜。既成，则不得久居其中，偶一至焉而已，有终身不得至者焉。而人之得久居其中者，力又不足以为之。夫贤公卿勤劳王事，固将不暇于此，而卑庸者类欲以此震耀其乡里之愚。‖临朐相国冯公，其在廷时无可訾亦无可称，而有园在都城之东南隅。其广三十亩，无杂树，随地势之高下，尽植以柳，而榜其堂曰“万柳之堂”。短墙之外，骑行者可望而见。其中径曲而深，因其洼以为池，而累其土以成山，池旁皆蒹葭，云水萧疏可爱。‖雍正之初，予始至京师，则好游者咸为予言此地之胜。一至，犹稍有亭榭。再至，则向之飞梁架于水上者，今欹卧于水中矣。三至，则凡其所植柳，斩焉无一株之存。‖人世富贵之光荣，其与时升降，盖略与此园等。然则士苟有以自得，宜其不外慕乎富贵。彼身在富贵之中者，方殷忧之不暇，又何必朘民之膏以为苑囿也哉！","古文观止+选补",""
"梅花岭记","清","全祖望","顺治二年乙酉四月，江都围急。督相史忠烈公知势不可为，集诸将而语之曰：“吾誓与城为殉，然仓皇中不可落于敌人之手以死，谁为我临朝成此大节者？”副将军史德威慨然任之。忠烈喜曰：“吾尚未有子，汝当以同姓为吾后，吾上书太夫人，谱汝诸孙中。”‖二十五日城陷，忠烈拔刀自裁，诸将果争前抱持之，忠烈大呼“德威”，德威流涕不能执刃，遂为诸将所拥而行，至小东门，大兵如林而至，马副使鸣𫘧、任太守民育、及诸将刘都督肇基等皆死。忠烈乃瞠目曰：“我史阁部也。”被执至南门，和硕豫亲王以“先生”呼之，劝之降。忠烈大骂而死。初忠烈遗言：“我死，当葬梅花岭上。”至是德威求公之骨不可得，乃以衣冠葬之。‖或曰：“城之破也，有亲见忠烈青衣乌帽，乘白马出天宁门投江死者，未尝殒于城中也。”自有是言，大江南北，遂谓忠烈未死。已而英霍山师大起，皆托忠烈之名，仿佛陈涉之称项燕。吴中孙公兆奎以起兵不克，执至白下，经略洪承畴与之有旧，问曰：“先生在兵间，审知故扬州阁部史公果死耶？抑未死耶？”孙公答曰：“经略从北来，审知故松山殉难督师洪公果死耶？抑未死耶？”承畴大恚，急呼麾下驱出斩之。呜呼，神仙诡诞之说，谓颜太师以兵解，文少保亦以悟大光明法蝉脱，实未尝死；不知忠义者，圣贤家法，其气浩然，长留天地之间。何必出世入世之面目，神仙之说，所谓为蛇画足。即如忠烈遗骸，不可问矣！百年而后，予登岭上，与客述忠烈遗言，无不泪下如雨，想见当日围城光景，此即忠烈之面目，宛然可遇，是不必问其果解脱否也，而况冒其未死之名者哉？‖墓旁有丹徒钱烈女之冢，亦以乙酉在扬，凡五死而得绝，时告其父母火之，无留骨秽地，扬人葬之于此。江右王猷定、关中黄遵岩、粤东屈大均为作传铭哀词。顾尚有未尽表章者：予闻忠烈兄弟自翰林可程下，尚有数人，其后皆来江都省墓。适英霍山师败，捕得冒称忠烈者，大将发至江都，令史氏男女来认之，忠烈之第八弟已亡，其夫人年少有色，守节，亦出视之，大将艳其色，欲强娶之，夫人自裁而死。时以其出于大将之所逼也，莫敢为之表章者。呜呼，忠烈尝恨可程在北，当易姓之间，不能仗节，出疏纠之，岂知身后乃有弟妇以女子而踵兄公之余烈乎？梅花如雪，芳香不染，异日有作忠烈祠者，副使诸公谅在从祀之列，当另为别室以祀夫人，附以烈女一辈也。","古文观止+选补",""
"祭妹文","清","袁枚","呜呼！汝生于浙，而葬于斯，离吾乡七百里矣；当时虽觭梦幻想，宁知此为归骨所耶？‖汝以一念之贞，遇人仳离，致孤危托落，虽命之所存，天实为之；然而累汝至此者，未尝非予之过也。予幼从先生授经，汝差肩而坐，爱听古人节义事；一旦长成，遽躬蹈之。呜呼！使汝不识《诗》、《书》，或未必艰贞若是。‖予捉蟋蟀，汝奋臂出其间；岁寒虫僵，同临其穴。今予殓汝葬汝，而当日之情形，憬然赴目。予九岁，憩书斋，汝梳双髻，披单缣来，温《缁衣》一章；适先生奓户入，闻两童子音琅琅然，不觉莞尔，连呼“则则”，此七月望日事也。汝在九原，当分明记之。予弱冠粤行，汝掎裳悲恸。逾三年，予披宫锦还家，汝从东厢扶案出，一家瞠视而笑，不记语从何起，大概说长安登科、函使报信迟早云尔。凡此琐琐，虽为陈迹，然我一日未死，则一日不能忘。旧事填膺，思之凄梗，如影历历，逼取便逝。悔当时不将嫛婗情状，罗缕记存；然而汝已不在人间，则虽年光倒流，儿时可再，而亦无与为证印者矣。‖汝之义绝高氏而归也，堂上阿奶，仗汝扶持；家中文墨，<bzgwgz_022/bz>汝办治。尝谓女流中最少明经义、谙雅故者。汝嫂非不婉嫕，而于此微缺然。故自汝归后，虽为汝悲，实为予喜。予又长汝四岁，或人间长者先亡，可将身后托汝；而不谓汝之先予以去也。前年予病，汝终宵刺探，减一分则喜，增一分则忧。后虽小差，犹尚殗殜，无所娱遣；汝来床前，为说稗官野史可喜可愕之事，聊资一欢。呜呼！今而后，吾将再病，教从何处呼汝耶？‖汝之疾也，予信医言无害，远吊扬州；汝又虑戚吾心，阻人走报；及至绵惙已极，阿奶问：“望兄归否？”强应曰：“诺。”已予先一日梦汝来诀，心知不祥，飞舟渡江，果予以未时还家，而汝以辰时气绝；四支犹温，一目未瞑，盖犹忍死待予也。呜呼痛哉！早知诀汝，则予岂肯远游？即游，亦尚有几许心中言要汝知闻、共汝筹画也。而今已矣！除吾死外，当无见期。吾又不知何日死，可以见汝；而死后之有知无知，与得见不得见，又卒难明也。然则抱此无涯之憾，天乎人乎！而竟已乎！‖汝之诗，吾已付梓；汝之女，吾已代嫁；汝之生平，吾已作传；惟汝之窀穸，尚未谋耳。先茔在杭，江广河深，势难归葬，故请母命而宁汝于斯，便祭扫也。其傍，葬汝女阿印；其下两冢：一为阿爷侍者朱氏，一为阿兄侍者陶氏。羊山旷渺，南望原隰，西望栖霞，风雨晨昏，羁魂有伴，当不孤寂。所怜者，吾自戊寅年读汝哭侄诗后，至今无男；两女牙牙，生汝死后，才周睟耳。予虽亲在未敢言老，而齿危发秃，暗里自知；知在人间，尚复几日？阿品远官河南，亦无子女，九族无可继者。汝死我葬，我死谁埋？汝倘有灵，可能告我？‖呜呼！生前既不可想，身后又不可知；哭汝既不闻汝言，奠汝又不见汝食。纸灰飞扬，朔风野大，阿兄归矣，犹屡屡回头望汝也。呜呼哀哉！呜呼哀哉！","古文观止+选补",""
"书鲁亮侪","清","袁枚","己未冬，余谒孙文定公于保定制府。坐甫定，阍启：“清河道鲁之裕白事。”余避东厢，窥伟丈夫年七十许，高眶，大颡，白须彪彪然；口析水利数万言。心异之，不能忘。后二十年，鲁公卒已久，予奠于白下沈氏，纵论至于鲁，坐客葛闻桥先生曰：‖鲁字亮侪，奇男子也。田文镜督河南，严，提、镇、司、道以下，受署惟谨，无游目视者。鲁效力麾下。‖一日，命摘中牟李令印，即摄中牟。鲁为微行，大布之衣，草冠，骑驴入境。父老数百扶而道苦之，再拜问讯，曰：“闻有鲁公来替吾令，客在开封知否？”鲁谩曰：“若问云何？”曰：“吾令贤，不忍其去故也。”又数里，见儒衣冠者簇簇然谋曰：“好官去可惜，伺鲁公来，盍诉之？”或摇手曰：“咄！田督有令，虽十鲁公奚能为？且鲁方取其官而代之，宁肯舍己从人耶？”鲁心敬之而无言。至县，见李貌温温奇雅。揖鲁入，曰：“印待公久矣！”鲁拱手曰：“观公状貌、被服，非豪纵者，且贤称噪于士民，甫下车而库亏何耶？”李曰：“某，滇南万里外人也。别母，游京师十年，得中牟，借俸迎母。母至，被劾，命也！”言未毕，泣。鲁曰：“吾暍甚，具汤浴我！”径诣别室，且浴且思，意不能无动。良久，击盆水誓曰：“依凡而行者，非夫也！”具衣冠辞李，李大惊曰：“公何之？”曰：“之省。”与之印，不受；强之曰：“毋累公！”鲁掷印铿然，厉声曰：“君非知鲁亮侪者！”竟怒马驰去。合邑士民焚香送之。‖至省，先谒两司告之故。皆曰：“汝病丧心耶？以若所为，他督抚犹不可，况田公耶？”明早诣辕，则两司先在。名纸未投，合辕传呼鲁令入。田公南向坐，面铁色，盛气迎之，旁列司、道下文武十余人，睨鲁曰：“汝不理县事而来，何也？”曰：“有所启。”曰：“印何在？”曰：“在中牟。”曰：“交何人？”曰：“李令。”田公干笑，左右顾曰：“天下摘印者宁有是耶？”皆曰：“无之。”两司起立谢曰：“某等教饬亡素，至有狂悖之员。请公并劾鲁，付某等严讯朋党情弊，以惩余官！”鲁免冠前叩首，大言曰：“固也。待裕言之：裕一寒士，以求官故，来河南。得官中牟，喜甚，恨不连夜排衙视事。不意入境时，李令之民心如是，士心如是，见其人，知亏帑故又如是。若明公已知其然而令裕往，裕沽名誉，空手归，裕之罪也。若明公未知其然而令裕往，裕归陈明，请公意旨，庶不负大君子爱才之心与圣上以孝治天下之意。公若以为无可哀怜，则裕再往取印未迟。不然，公辕外官数十，皆求印不得者也，裕何人，敢逆公意耶？”田公默然。两司目之退。鲁不谢，走出，至屋霤外；田公变色下阶，呼曰：“来！”鲁入跪。又招曰：“前！”取所戴珊瑚冠覆鲁头，叹曰：“奇男子！此冠宜汝戴也。微汝，吾几误劾贤员。但疏去矣，奈何！”鲁曰：“几日？”曰：“五日，快马不能追也。”鲁曰：“公有恩，裕能追之。裕少时能日行三百里；公果欲追疏，请赐契箭一枝以为信！”公许之，遂行。五日而疏还。中牟令竟无恙。以此鲁名闻天下。‖先是，亮侪父某为广东提督，与三藩要盟。亮侪年七岁，为质子于吴。吴王坐朝，亮侪黄袷衫，戴貂蝉侍侧。年少豪甚，读书毕，日与吴王帐下健儿学嬴越勾卒、掷涂赌跳之法，故武艺尤绝人云。","古文观止+选补",""
"万斯同先生传","清","钱大昕","万先生斯同字季野，鄞人。高祖表，明都督同知。父泰，明崇祯丙子举人，鼎革后以经史分授诸子，各名一家。先生其少子也，生而异敏，读书过目不忘。八岁在客坐中背诵扬子《法言》，终篇不失一字。年十四五取家所藏书遍读之，皆得其大意。余姚黄太冲寓甬上，先生与兄斯大皆师事之，得闻蕺山刘氏之学，以慎独为主、以圣贤为必可及。是时甬上有五经会，先生年最少，遇有疑义，辄片言析之。束发未尝为时文，专意古学，博通诸史，尤熟于明代掌故，自洪武至天启实录皆能暗诵。尚书徐公干学闻其名招致之，其撰《读礼通考》，先生予参定焉。‖会诏修《明史》，大学士徐公元文为总裁，欲荐入史局，先生力辞，乃延主其家，以刊修委之。元文罢，继之者大学士张公玉书、陈公廷敬、尚书王公鸿绪，皆延请先生有加礼。先生素以明史自任，又病唐以后设局分修之失，尝曰：“昔迁、固才既杰出，又承父学，故事信而言文。其后专家之书，才虽不逮，犹未至如官修者之杂乱也。譬如入人之室，始而周其堂寝匽湢，继而知其蓄产礼俗，久之其男女少长性质刚柔、轻重贤愚无不习察，然后可制其家之事。若官修之史，仓卒而成于众人，不暇择其材之宜与事之习，是犹招市人而与谋室中之事也。吾所以辞史局而就馆总裁所者，唯恐众人分操割裂，使一代治乱贤奸之迹暗昧而不明耳。”又曰：“史之难言久矣！非事信而言文，其传不显。李翱、曾巩所讥魏晋以后，贤奸事迹暗昧而不明，由无迁、固之文是也。而在今则事之信尤难，盖俗之偷久矣，好恶因心，而毁誉随之，一家之事，言者三人，而其传各异矣，况数百年之久乎！言语可曲附而成，事迹可凿空而构，其传而播之者，未必皆直道之行也；其闻而书之者，未必有裁别之识也。非论其世、知其人而具见其表里，则吾以为信而人受其枉者多矣。吾少馆于某氏，其家有列朝实录，吾读而详识之。长游四方，就故家长老求遗书，考问往事，旁及郡志邑乘、杂家志传之文，靡不网罗参伍，而要以实录为指归。盖实录者，直载其事与言而无所增饰者也。因其世以考其事、核其言而平心察之，则其人之本末十得其八九矣。然言之发或有所由，事之端或有所起，而其流或有所激，则非他书不能具也。凡实录之难详者，吾以它书证之，它书之诬且滥者，吾以所得于实录者裁之，虽不敢谓具可信，而是非之枉于人者鲜矣。昔人于《宋史》已病其繁芜，而吾所述将倍焉，非不知简之为贵也，吾恐后之人务博而不知所裁，故先为之极，使知吾所取者有可损，而所不取者必非其事与言之真而不可益也。”‖建文一朝无实录，野史因有逊国出亡之说，后人多信之，先生直断之曰：“紫禁城无水关，无可出之理，鬼门亦无其地。《成祖实录》称：‘建文阖宫自焚，上望见宫中烟起，急遣中使往救，至已不及，中使出其尸于火中，还白上。’所谓中使者，乃成祖之内监也，安肯以后尸诳其主？而清宫之日，中涓嫔御为建文所属意者逐一毒考，苟无自焚实据，岂肯不行大索之令耶？且建文登极二三年，削夺亲藩，曾无宽假，以至燕王称兵犯阙，逼迫自殒。即使出亡，亦是势穷力尽，谓之逊国可乎？”由是建文之书法遂定。‖在都门十余年，士大夫就问无虚日，每月两三会，听讲者常数十人。于前史体例贯穿精熟，指陈得失，皆中肯綮，刘知几、郑樵诸人不能及也。马、班史皆有表，而《后汉》、《三国》以下无之，刘知几谓“得之不为益，失之不为损。”先生则曰：“史之有表，所以通纪传之穷，有其人已入纪传而表之者，有未入纪传而牵连以表之者，表立而后纪传之文可省，故表不可废。读史而不读表，非深于史者也。”‖康熙壬午四月卒，年六十，所著《历代史表》六十卷、《纪元汇考》四卷、《庙制图考》四卷、《儒林宗派》八卷、《石经考》二卷，皆刊行。又有《周正汇考》八卷、《历代宰辅汇考》八卷、《宋季忠义录》十六卷、《六陵遗事》一卷、《庚申君遗事》一卷、《群书疑辨》十二卷、《书学汇编》二十二卷、《昆仑河源考》二卷、《河渠考》十二卷、《石园诗文集》二十卷，予皆未见也。乾隆初，大学士张公廷玉等奉诏刊定《明史》，以王公鸿绪史稿为本而增损之，王氏稿大半出先生手也。","古文观止+选补",""
"登泰山记","清","姚鼐","泰山之阳，汶水西流；其阴，济水东流。阳谷皆入汶，阴谷皆入济。当其南北分者，古长城也。最高日观峰，在长城南十五里。‖余以乾隆三十九年十二月，自京师乘风雪，历齐河、长清，穿泰山西北谷，越长城之限，至于泰安。是月丁未，与知府朱孝纯子颍由南麓登。四十五里，道皆砌石为磴，其级七千有余。泰山正南面有三谷。中谷绕泰安城下，郦道元所谓环水也。余始循以入，道少半，越中岭，复循西谷，遂至其巅。古时登山，循东谷入，道有天门。东谷者，古谓之天门溪水，余所不至也。今所经中岭及山巅崖限当道者，也皆谓之天门云。道中迷雾冰滑，磴几不可登。及既上，苍山负雪，明烛天南。望晚日照城郭，汶水、徂徕如画，而半山居雾若带然。‖戊申晦，五鼓，与子颍坐日观亭，待日出。大风扬积雪击面。亭东自足下皆云漫。稍见云中白若樗蒱数十立者，山也。极天云一线异色，须臾成五采，日上正赤如丹，下有红光动摇承之。或曰，此东海也。回视日观以西峰，或得日，或否，绛皓驳色，而皆若偻。‖亭西有岱祠，又有碧霞元君祠。皇帝行宫在碧霞元君祠东。是日，观道中石刻，自唐显庆以来，其远古刻尽漫失。僻不当道者，皆不及往。‖山多石，少土。石苍黑色，多平方，少圆。少杂树，多松，生石罅，皆平顶。冰雪，无瀑水。无鸟兽音迹。至日观数里内无树，而雪与人膝齐。‖桐城姚鼐记。","古文观止+选补",""
"袁随园君墓志铭","清","姚鼐","君钱塘袁氏，讳枚，字子才。其仕在官，有名绩矣。解官后，作园江宁西城居之，曰随园。世称随园先生，乃尤著云。祖讳朱锜，考讳滨，叔父鸿，皆以贫游幕四方。君之少也，为学自成。年二十一，自钱塘至广西，省叔父于巡抚幕中。巡抚金公𫟹一见异之，试以铜鼓赋，立就，甚瑰丽。会开博学鸿词科，即举君。时举二百余人，惟君最少。及试报罢，中乾隆戊午科顺天乡试，次年成进士，改庶吉士。散馆，又改发江南为知县，最后调江宁知县。江宁故巨邑，难治。时尹文端公为总督，最知君才。君亦遇事尽其能，无所回避，事无不举矣。既而去职家居。再起，发陕西，甫及陕，遭父丧归，终居江宁。‖君本以文章入翰林有声，而忽摈外；及为知县，著才矣，而仕卒不进。自陕归，年甫四十，遂绝意仕宦，尽其才以为文辞歌诗。足迹造东南山水佳处皆遍。其瑰奇幽邈，一发于文章，以自喜其意。四方士至江南，必造随园投诗文，几无虚日。君园馆花竹水石，幽深静丽，至櫺槛器具，皆精好，所以待宾客者甚盛。与人留连不倦，见人善，称之不容口。后进少年诗文一言之美，君必能举其词，为人诵焉。‖君古文、四六体，皆能自发其思，通乎古法。于为诗，尤纵才力所至，世人心所欲出不能达者，悉为达之，士多仿其体。故《随园诗文集》，上自朝廷公卿，下至市井负贩，皆知贵重之。海外琉球，有来求其书者。君仕虽不显，而世谓百余年来，极山林之乐，获文章之名，盖未有及君也。‖君始出，试为溧水令。其考自远来县治，疑子年少，无吏能，试匿名访诸野。皆曰：“吾邑有少年袁知县，乃大好官也。”考乃喜，入官舍。在江宁尝朝治事，夜召士饮酒赋诗，而尤多名迹。江宁市中以所判事，作歌曲，刻行四方。君以为不足道，后绝不欲人述其吏治云。‖君卒于嘉庆二年十一月十七日，年八十二。夫人王氏无子，抚从父弟树子通为子。既而侧室钟氏又生子迟。孙二：曰初，曰禧。始君葬父母于所居小仓山北，遗命以己祔。嘉庆三年十二月乙卯，祔葬小仓山墓左。桐城姚鼐以君与先世有交，而鼐居江宁，从君游最久。君殁，遂为之铭曰：“粤有耆庞，才博以丰。出不可穷，匪雕而工。文士是宗，名越海邦。蔼如其冲，其产越中。载官倚江，以老以终。两世阡同，铭是幽宫。”","古文观止+选补",""
"哀盐船文","清","汪中","乾隆三十五年十二月乙卯，仪征盐船火，坏船百有三十，焚及溺死者千有四百。是时盐纲皆直达，东自泰州，西极于汉阳，转运半天下焉。惟仪征绾其口，列樯蔽空，束江而立，望之隐若城廓。一夕并命，郁为枯腊，烈烈厄运，可不悲邪？‖于时玄冥告成，万物休息，穷阴涸凝，寒威凛栗，黑眚拔来，阳光西匿。群饱方嬉，歌咢宴食，死气交缠，视面惟墨。夜漏始下，惊飙勃发，万窍怒号，地脉汤决，大声发于空廓，而水波山立。‖于斯时也，有火作焉。摩木自生，星星如血。炎火一灼，百舫尽赤。青烟睒睒，熛若沃雪。蒸云气以为霞，炙阴崖而焦𦶟。始连檝以下碇，乃焚如以俱没。跳踯火中，明见毛发。痛謈田田，狂呼气竭。转侧张皇，生涂未绝。倏阳焰之腾高，鼓腥风而一吷。洎埃雾之重开，遂声销而形灭。齐千命于一瞬，指人世以长诀。发冤气之焄蒿，合游氛而障日。行当午而迷方，扬沙砾之嫖疾。衣缯败絮，墨查炭屑，浮江而下，至于海不绝。‖亦有没者善游，操舟若神，死丧之威，从井有仁，旋入雷渊，并为波臣。又或择音无门，投身急濑，知蹈水之必濡，犹入险而思济。挟惊浪以雷奔，势若�抖�终坠；逃灼烂之须臾，乃同归乎死地。积哀怨于灵台，乘精爽而为厉。出寒流以浃辰，目睊睊而犹视。知天属之来抚，慭流血以盈眦；诉强死之悲心，口不言而以意。‖若其焚剥支离，漫漶莫别，圜者如圈，破者如玦。积埃填窍，攦指失节。嗟狸首之残形，聚谁何而同穴。收然灰之一抔，辨焚余之白骨。呼呜，哀哉！‖且夫众生乘化，是云天常，妻孥环之，绝气寝床，以死卫上，用登明堂，离而不惩，祀为国殇。兹也无名，又非其命，天乎何辜，罹此冤横！游魂不归，居人心绝。麦饭壶浆，临江呜咽。日堕天昏，凄凄鬼语。守哭迍迍，心期冥遇。惟血嗣之相依，尚腾哀而属路。或举族之沈波，终狐祥而无主。悲夫！丛冢有坎，泰厉有祀，强饮强食，冯其气类。尚群游之乐，而无为妖祟！人逢其凶也邪？天降其酷也邪？夫何为而至于此极哉！","古文观止+选补",""
"出关与毕侍郎笺","清","洪亮吉","自渡风陵，易车而骑，朝发蒲坂，夕宿盐池。阴云蔽亏，时雨凌厉。自河以东，与关内稍异，土逼若衖，涂危入栈。原林黯惨，疑披谷口之雾；衢歌哀怨，恍聆山阳之笛。‖日在西隅，始展黄君仲则殡于运城西寺。见其遗棺七尺，枕书满箧。抚其吟案，则阿<bzgwgz_024/bz>之遗笺尚存；披其帷，则城东之小史既去。盖相如病肺，经月而难痊；昌谷呕心，临终而始悔者也。犹复丹铅狼藉，几案纷披，手不能书，画之以指。此则杜鹃欲化，犹振哀音；鸷鸟将亡，冀留劲羽；遗弃一世之务，留连身后之名者焉。‖伏念明公，生则为营薄宦，死则为恤衰亲。复发德音，欲梓遗集。一士之身，玉成终始，闻之者动容，受之者沦髓。冀其游岱之魂，感恩而西顾；返洛之旐，衔酸而东指。又况龚生竟夭，尚有故人；元伯虽亡，不无死友，他日传公风义，勉其遗孤，风兹来祀，亦盛事也。‖今谨上其诗及乐府共四大册。此君生平与亮吉雅故，惟持论不同，尝戏谓亮吉曰：“予不幸早死，集经君订定，必乖余之指趣矣。”省其遗言，为之堕泪。今不敢辄加朱墨，皆封送阁下，暨与述家电廉使、东有侍读，共删定之。即其所就，已有足传，方乎古人，无愧作者。惟藁草皆其手写，别无副本，梓后尚望付其遗孤，以为手泽耳。‖亮吉十九日已抵潼关，马上率启，不宣。","古文观止+选补",""
"游庐山记","清","恽敬","庐山据浔阳彭蠡之会，环三面皆水也。凡大山得水，能敌其大以荡潏之则灵。而江湖之水，吞吐夷旷，与海水异。故并海诸山多壮郁，而庐山有娱逸之观。‖嘉庆十有八年三月己卯，敬以事绝宫亭，泊左蠡。庚辰，�傩亲樱�因往游焉。是日往白鹿洞，望五老峰，过小三峡，驻独对亭，振钥顿文会堂。有桃一株，方花，右芭蕉一株，叶方茁。月出后，循贯道溪，历钓台石、眠鹿场，右转达后山。松杉千万为一桁，横五老峰之麓焉。‖辛巳，由三峡涧，陟欢喜亭。亭废，道险甚。求李氏出房遗址，不可得。登含鄱岭，大风啸于岭背，由隧来。风止，攀太乙峰。东南望南昌城，迤北望彭泽，皆隔湖，湖光湛湛然。顷之，地如卷席，渐隐；复顷之，至湖之中；复顷之，至湖壖，而山足皆隐矣。始知云之障自远至也。于是四山皆蓬蓬然，而大云千万成阵，起山后，相驰逐布空中，势且雨，遂不至五老峰而下。窥玉渊潭，憩栖贤寺。回望五老峰，乃夕日穿漏，势相倚负。返，宿于文会堂。‖壬午，道万杉寺，饮三分池。未抵秀峰寺里所，即见瀑布在天中。既及门，因西瞻青玉峡，详睇香炉峰，盥于龙井。求太白读书堂，不可得。返，宿秀峰寺。‖癸未，往瞻云，迂道绕白鹤观。旋至寺，观右军墨池。西行，寻栗里卧醉石。石大于屋，当涧水。途中访简寂观，未往。返，宿秀峰寺，遇一微头陀。‖甲申，吴兰雪携廖雪鹭、沙弥朗园来，大笑，排闼入。遂同上黄岩，侧足逾文殊台，俯玩瀑布下注，尽其变。叩黄岩寺，跐乱石寻瀑布源，溯汉阳峰，径绝而止。复返宿秀峰寺。兰雪往瞻云，一微头陀往九江。是夜大雨。在山中五日矣。‖乙酉，晓望瀑布，倍未雨时。出山五里所，至神林浦，望瀑布益明。山沈沈苍酽一色，岩谷如削平。顷之，香炉峰下白云一缕起，遂团团相衔出；复顷之，遍山皆团团然；复顷之，则相与为一。山之腰皆弇之，其上下仍苍酽一色：生平所未睹也。夫云者，水之征，山之灵所泄也。敬故于是游所历，皆类记之，而于云独记其诡变足以娱性逸情如是，以诒后之好事者焉。","古文观止+选补",""
"谢南冈小传","清","恽敬","谢南冈名枝仑，瑞金县学生。贫甚，不能治生，又喜与人忤。人亦避去，常非笑之。性独善诗，所居老屋数间，土垣皆颓倚，时闭门，过者闻苦吟声而已。会督学使者按部，斥其诗，置四等，非笑者益大哗。南冈遂盲盲三十余年而卒，年八十三。‖论曰：敬于嘉庆十一年自南昌回县。十二月甲戌朔，大风寒。越一日乙亥，早起自扫除，蠹书一册堕于架，取视之，则南冈诗也。有郎官为之序，序言秽腐。已掷去，既念诗未知如何，复取视之，高邃古涩，包孕深远。询其居，则近在城南，而南冈已于朔日死矣。南冈遇之穷不待言，顾以余之好事为卑官于南冈所籍已二年，南冈不能自通以死，必死后而始知之，何以责居庙堂、拥麾节者不知天下士耶？古之人居下则自修而不求有闻，居上则切切然恐士之失所，有以也夫？","古文观止+选补",""
"闲情记趣","清","沈复","余忆童稚时，能张目对日，明察秋毫，见藐小微物，必细察其纹理，故时有物外之趣。夏蚊成雷，私拟作群鹤舞空。心之所向，则或千或百果然鹤也。昂首观之，项为之强。又留蚊于素帐中，徐喷以烟，使其冲烟飞鸣，作青云白鹤观，果如鹤唳云端，怡然称快。于土墙凹凸处，花台小草丛杂处，常蹲其身，使与台齐；定神细视，以丛草为林，以虫蚁为兽，以土砾凸者为丘，凹者为壑，神游其中，怡然自得。一日见二虫斗草间，观之正浓，忽有庞然大物拔山倒树而来，盖一癞虾蟆也，舌一吐而二虫尽为所吞。余年幼方出神，不觉呀然惊恐。神定，捉虾蟆，鞭数十，驱之别院。年长思之，二虫之斗，盖图奸不从也。古语云：“奸近杀”，虫亦然耶？贪此生涯，卵为蚯蚓所哈（吴俗呼阳曰卵），肿不能便。捉鸭开口哈之，婢妪偶释手，鸭颠其颈作吞噬状，惊而大哭，传为语柄。此皆幼时闲情也。‖余扫墓山中，检有峦纹可观之石，归与芸商曰：“用油灰叠宣州石于白石盆，取色匀也。本山黄石虽古朴，亦用油灰，则黄白相间，凿痕毕露，将奈何？”芸曰：“择石之顽劣者捣末，于灰痕处乘湿糁之，干或色同也。”乃如其言，用宜兴窑长方盆，叠起一峰，偏于左而凸于右，背作横方纹，如云林石法，巉岩凹凸，若临江石矶状。虚一角，用河泥种千瓣白萍。石上植茑萝，俗呼云松。经营数日乃成。至深秋，茑萝蔓延满山，如藤萝之悬石壁，花开正红色。白萍亦透水大放，红白相间，神游其中，如登蓬岛。置之檐下，与芸品题。此处宜设水阁，此处宜立茅亭，此处宜凿六字曰“落花流水之间”；此可以居，此可以钓，此可以眺。胸中邱壑，若将移居者然。一夕，猫奴争食，自檐而堕，连盆与架顷刻碎之。余叹曰：“即此小经营，尚干造物忌耶！”两人不禁泪落。‖友人鲁半舫，名璋，字春山，善写松柏或梅菊，工隶书，兼工铁笔。余寄居其家之萧爽楼，一年有半。楼共五椽，东向，余居其三。晦明风雨，可以远眺。庭中木犀一株，清香撩人。有廊有厢，地极幽静。移居时，有一仆一妪，并挈其小女来。仆能成衣，妪能纺绩。于是芸绣，妪绩，仆则成衣，以供薪水。余素爱客，小酌必行令。芸善不费之烹庖，瓜蔬鱼虾，一经芸手，便有意外味。同人知余贫，每出杖头钱，作竟日叙。余又好洁，地无纤尘，且无拘束，不嫌放纵。诸君子如梁上之燕，自去自来。芸则拔钗沽酒，不动声色。良辰美景，不放轻过。‖萧爽楼有四忌：谈官宦升迁，公廨时事，八股时文，看牌掷色。有犯必罚酒五斤。有四取：慷慨豪爽，风流蕴藉，落拓不羁，澄静缄默。长夏无事，考对为会。每会八人，每人各携青蚨二百。先拈阄，得第一者为主考，关防别座。第二者为誊录，亦就座。余作举子，各于誊录处取纸一条，盖用印章。主考出五七言各一句，刻香为限，行立构思，不准交头私语。对就后投入一匣，方许就座。各人交卷毕，誊录启匣，并录一册，转呈主考，以杜徇私。十六对中取七言三联，五言三联。六联中取第一者即为后任主考，第二者为誊录。每人有两联不取者罚钱二十文，取一联者免罚十文，过限者倍罚。一场，主考得香钱百文。一日可十场，积钱千文，酒资大畅矣。惟芸议为官卷，准坐而构思。‖杨补凡为余夫妇写载花小影，神情确肖。是夜月色颇佳，兰影上粉墙，别有幽致。星澜醉后兴发曰：“补凡能为君写真，我能为花图影。”余笑曰：“花影能如人影否？”星澜取素纸铺于墙，即就兰影，用墨浓淡图之。日间取视，虽不成画，而花叶萧疏，自有月下之趣。芸甚宝之，各有题咏。‖苏城有南园、北园二处，菜花黄时，苦无酒家小饮；携盒而往，对花冷饮，殊无意味。或议就近觅饮者，或议看花归饮者，终不如对花热饮为快。众议未定。芸笑曰：“明日但各出杖头钱，我自担炉火来。”众笑曰：“诺。”众去，余问曰：“卿果自往乎？”芸曰：“非也。妾见市中卖馄饨者，其担锅灶无不备，盍雇之而往。妾先烹调端整，到彼处再一下锅，茶酒两便。”余曰：“酒菜固便矣。茶乏烹具。”芸曰：“携一砂罐去，以铁叉串罐柄，去其锅，悬于行灶中，加柴火煎茶，不亦便乎？”余鼓掌称善。街头有鲍姓者，卖馄饨为业，以百钱雇其担，约以明日午后。鲍欣然允议。明日看花者至，余告以故，众咸叹服。饭后同往，并带席垫。至南园，择柳阴下团坐。先烹茗，饮毕，然后暖酒烹肴。是时风和日丽，遍地黄金，青衫红袖，越阡度陌，蝶蜂乱飞，令人‖不饮自醉。既而酒肴俱熟，坐地大嚼。担者颇不俗，拉与同饮。游人见之莫不羡为奇想。杯盘狼藉，各已陶然，或坐或卧，或歌或啸。红日将颓，余思粥，担者即为买米煮之，果腹而归。芸问曰：“今日之游乐乎？”众曰：“非夫人之力不及此。”大笑而散。","古文观止+选补",""
"记棚民事","清","梅曾亮","余为董文恪公作行状，尽览其奏议。其任安徽巡抚，奏准棚民开山事甚力，大旨言与棚民相告讦者，皆溺于龙脉风水之说，至有以数百亩之山，保一棺之土，弃典礼，荒地利，不可施行。而棚民能攻苦茹淡于丛山峻岭，人迹不可通之地，开种旱谷，以佐稻粱。人无闲民，地无遗利，于策至便，不可禁止，以启事端。余览其说而是之。‖及余来宣城，问诸乡人。皆言未开之山，土坚石固，草树茂密，腐叶积数年，可二三寸，每天雨从树至叶，从叶至土石，历石罅滴沥成泉，其下水也缓，又水下而土不随其下。水缓，故低田受之不为灾；而半月不雨，高田犹受其浸溉。今以斤斧童其山，而以锄犁疏其土，一雨未毕，沙石随下，奔流注壑涧中，皆填污不可贮水，毕至洼田中乃止；及洼田竭，而山田之水无继者。是为开不毛之土，而病有谷之田；利无税之佣，而瘠有税之户也。余亦闻其说而是之。‖嗟夫！利害之不能两全也久矣。由前之说，可以息事；由后之说，可以保利。若无失其利，而又不至如董公之所忧，则吾盖未得其术也。故记之以俟夫习民事者。","古文观止+选补",""
"游小盘谷记","清","梅曾亮","江宁府城，其西北包卢龙山而止。余尝求小盘谷，至其地，土人或曰无有。唯大竹蔽天，多歧路，曲折广狭如一，探之不可穷。闻犬声，乃急赴之，卒不见人。‖熟五斗米顷，行抵寺，曰归云堂。土田宽舒，居民以桂为业。寺傍有草径甚微，南出之，乃坠大谷。四山皆大桂树，随山陂陀。其状若仰大盂，空响内贮，謦咳不得他逸；寂寥无声，而耳听常满。渊水积焉，尽山麓而止。‖由寺北行，至卢龙山，其中坑谷洼隆，若井灶龈腭之状。或曰：“遗老避兵者，三十六茅庵，七十二团瓢，皆当其地。”‖日且暮，乃登山循城而归。瞑色下积，月光布其上。俯视万影摩荡，若鱼龙起伏波浪中。诸人皆曰：“此万竹蔽天处也。所谓小盘谷，殆近之矣。”‖同游者，侯振廷舅氏，管君异之、马君湘帆，欧生岳庵，弟念勤，凡六人。","古文观止+选补",""
"病梅馆记","清","龚自珍","江宁之龙蟠，苏州之邓尉，杭州之西溪，皆产梅。或曰：梅以曲为美，直则无姿；以欹为美，正则无景；梅以疏为美，密则无态。固也。此文人画士，心知其意，未可明诏大号，以绳天下之梅也；又不可以使天下之民，斫直，删密，锄正，以夭梅、病梅为业以求钱也。梅之欹、之疏、之曲，又非蠢蠢求钱之民，能以其智力为也。有以文人画士孤癖之隐，明告鬻梅者，斫其正，养其旁条，删其密，夭其稚枝，锄其直，遏其生气，以求重价，而江、浙之梅皆病。文人画士之祸之烈至此哉！‖予购三百盆，皆病者，无一完者。既泣之三日，乃誓疗之、纵之、顺之，毁其盆，悉埋于地，解其棕缚；以五年为期，必复之全之。予本非文人画士，甘受诟厉，辟病梅之馆以贮之。呜呼！安得使予多暇日，又多闲田，以广贮江宁、杭州、苏州之病梅，穷予生之光阴以疗梅也哉？","古文观止+选补",""
"送钦差大臣侯官林公序","清","龚自珍","钦差大臣兵部尚书都察院右都御史林公既陛辞，礼部主事仁和龚自珍则献三种决定义，三种旁义，三种答难义，一种归墟义。‖中国自禹、箕子以来，食货并重。自明初开矿，四百余载，未尝增银一厘，今银尽明初银也。地中实，地上虚，假使不漏于海，人事火患，岁岁约耗银三四千两，况漏于海如此乎？此决定义，更无疑义。汉世五行家，以食妖、服妖占天下之变。鸦片烟则食妖也，其人病魂魄，逆昼夜。其食者宜缳首诛！贩者、造者宜刎脰诛！兵丁食，宜刎脰诛！此决定义，更无疑义。诛之不可胜诛，不可不绝其源；绝其源，则夷不逞，奸民不逞。有二不逞，无武力何以胜也？公驻澳门，距广州城远，夷也。公以文臣孤入夷，其可乎？此行宜以重兵自随，此正皇上颁关防使节制水师意也。此决定义，更无疑义。‖食妖宜绝矣，宜并杜绝呢羽毛之至。杜之则蚕桑之利重，木棉之利重，蚕桑、木棉之利重，则中国实。又凡钟表、玻璃、燕窝之属，悦上都之少年，而夺其所重者，皆至不急之物也，宜皆杜之。此一旁义。宜勒限使夷人徙澳门，不许留一夷。留夷馆一所，为互市之栖止。此又一旁义。火器宜讲求，京师火器营，乾隆中攻金川用之，不知施于海便否？广州有巧工能造火器否？胡宗宪《图编》，有可约略仿用者否？宜下群吏议。如带广州兵赴澳门，多带巧匠，以便修整军器。此又一旁义。‖于是有儒生送难者曰：“中国食急于货。”袭汉臣刘陶旧议论以相抵。固也，似也，抑我岂护惜货而置食于不理也哉？此议施之于开矿之朝，谓之切病；施之于禁银出海之朝，谓之不切病。食固第一，货即第二，禹、箕子言如此矣。此一答难。于是有关吏送难者曰：“不用呢羽、钟表、燕窝、玻璃，税将绌。”夫中国与夷人互市，大利在利其米，此外皆末也。宜正告之曰：行将关税定额，陆续请减，未必不蒙恩允；国家断断不恃榷关所入，矧所损细所益大。此又一答难。乃有迂诞书生送难者，则不过曰“为宽大”而已，曰“必毋用兵”而已。告之曰：“刑乱邦用重典”，周公公训也。至于用兵，不比陆路之用兵，此驱之，非剿之也；此守海口，防我境，不许其入，非与彼战于海，战于艅艎也。伏波将军则近水，非楼船将军，非横海将军也。况陆路可追，此无可追，取不逞夷人及奸民，就地正典刑，非有大兵阵之原野之事，岂古人于陆路开边衅之比也哉？此又一答难。‖以上三难，送难者皆天下黠猾游说而貌为老成迂拙者也。粤省僚吏中有之，幕客中有之，游客中有之，商估中有之，恐绅士中未必无之，宜杀一儆百。公此行此心，为若辈所动，游移万一，此千载之一时，事机一跌，不敢言之矣！不敢言之矣！‖古奉使之诗曰：“忧心悄悄，仆夫况瘁。”悄悄者何也？虑尝试也，虑窥伺也，虑泄言也。仆夫左右亲近之人，皆大敌也。仆夫且忧形于色，而有况瘁之容，无飞扬之意，则善于奉使之至也。阁下其绎此诗！‖何为一归墟义也？曰：我与公约，期公以两期期年，使中国十八行省银价平，物力实，人心定，而后归报我皇上。《书》曰：“若射之有志。”我之言，公之鹄矣。","古文观止+选补",""
"逍遥游","先秦","庄周","北冥有鱼（1），其名为鲲。鲲之大，不知其几千里也；化而为鸟，其名为鹏。鹏之背，不知其几千里也；怒而飞（2），其翼若垂天之云（3）。是鸟也，海运则将徙于南冥（4），南冥者，天池也。‖《齐谐》者（5），志怪者也（6）。《谐》之言曰：“鹏之徙于南冥也，水击三千里，抟扶摇而上者九万里（7），去以六月息者也（8）。”野马也（9），尘埃也，生物之以息相吹也（10）。天之苍苍，其正色邪？其远而无所至极邪？其视下也，亦若是则已矣。且夫水之积也不厚（11），则其负大舟也无力。覆杯水于坳堂之上（12），则芥为之舟（13）；置杯焉则胶，水浅而舟大也。风之积也不厚，则其负大翼也无力。故九万里，则风斯在下矣，而后乃今培风（14）；背负青天而莫之夭阏者（15），而后乃今将图南。‖蜩与鴬鸠笑之曰（16）：“我决起而飞（17），枪榆枋（18），时则不至，而控于地而已矣。奚以之九万里而南为（19）？”适莽苍者（20），三飡而反（21），腹犹果然（22）。适百里者，宿舂粮（23）；适千里者，三月聚粮。之二虫又何知。‖小知 不及大知（24），小年不及大年（25）。奚以知其然也？朝菌不知晦朔（26），蟪蛄不知春秋（17），此小年也。楚之南有冥灵者（28），以五百岁为春，五百岁为秋；上古有大椿者；以八千岁为春，八千岁为秋，此大年也。而彭祖乃今以久特闻（29），众之匹之（30），不亦悲乎！‖汤之问棘也是已（31）：汤问棘曰：“上下四方有极乎？”棘曰：“无极之外，复无极也（32）。穷发之北（33），有冥海者，天池也。有鱼焉，其广数千里，未有知其修者，其名为鲲。有鸟焉，其名为鹏。背若泰山，翼秕若垂天之云；抟扶摇羊角而上者九万里（34），绝云气（35），负青天，然后图南且适南冥也。斥𫛩笑之曰（36）：‘彼且奚适也！我腾跃而上，不过数仞而下（37），翱翔蓬蒿之间，此亦飞之至也。而彼且奚适也。’”此小大之辩也（38）。‖故夫知效一官（39），行比一乡（40），德合一君（41），而征一国者（42），其自视也，亦若此矣。而宋荣子犹然笑之（43）。且举世而誉之而不加劝，举世而非之而不加沮（44），定乎内外之分（45），辩乎荣辱之境（46），斯已矣。彼其于世，未数数然也（47）。虽然，犹有未树也。‖夫列子御风而行（48），泠然善也（49）。旬有五日而后返（50）；彼于致福者（51），未数数然也。此虽免乎行，犹有所待者也。若夫乘天地之正（52），而御六气之辩（53），以游无穷者（54），彼且恶乎待哉！故曰：至人无已，神人无功，圣人无名。‖尧让天下于许由（55），曰：“日月出矣，而爝火不息（56）；其于光也，不亦难乎！时雨降矣，而犹浸灌；其于泽也，不亦劳乎！夫子立而天下治（57），而我犹尸之（58），吾自视缺然（59），请致天下（60）。”许由曰：“子治天下，天下既已治也；而我犹代子，吾将为名乎？名者，实之宾也（61）；吾将为宾乎？鹪鹩巢于深林（62），不过一枝：偃鼠饮河（63），不过满腹。归休乎君（64），予无所用天下为！庖人虽不治庖（65），尸祝不越樽俎而代之矣（66）！”‖肩吾问于连叔曰（67）：“吾闻言于接舆（68）：大而无当，往而不反；吾惊怖其言，犹河汉而无极也（69）；大有迳庭，不近人情焉。”连叔曰：“其言谓何哉？”曰：“藐姑射之山（70），有神人居焉；肌肤若冰雪，淖约若处子（71），不食五谷，吸风饮露，乘云气，御飞龙，而游乎四海之外；其神凝（72），使物不疵疠而年谷熟（73）。吾以是狂而不信也（74）。”连叔曰：“然，瞽者无以与乎文章之观（75），聋者无以与乎钟鼓之声；岂唯形骸有聋盲哉！夫知亦有之（76）。是其言也，犹时女也（77）。之人也，之德也，将旁礴万物以为一，世蕲乎乱（78），孰弊弊焉以天下为事（79）！之人也，物莫之伤：大浸稽天而不溺（80），大旱金石流、土山焦而不热。是其尘垢秕糠将犹陶铸尧、舜者也（81），孰肯以物为事！宋人资章甫而适诸越（82），越人断发文身（83），无所用之。尧治天下之民，平海内之政，往见四子藐姑射之山（84）、汾水之阳（85），窅然丧其天下焉（86）。”‖惠子谓庄子曰（87）：“魏王贻我大瓠之种（88），我树之成而实五石（89）。以盛水浆，其坚不能自举也。剖之以为瓢，则瓠落无所容（90）。非不呺然大也（91），吾为其无用而掊之（92）。”庄子曰：“夫子固拙于用大矣！宋人有善为不龟手之药者（93），世世以洴澼絖为事（94）。客闻之，请买其方百金（95）。聚族而谋曰：‘我世世为洴澼絖，不过数金；今一朝而鬻技百金（96），请与之。’客得之，以说吴王。越有难，吴王使之将，冬与越人水战，大败越人，裂地而封之。能不龟手一也；或以封，或不免于洴澼絖，则所用之异也。今子有五石之瓠，何不虑以为大樽而浮于江湖（97），而忧其瓠落无所容，则夫子犹有蓬之心也夫（98）！”‖惠子谓庄子曰：“吾有大树，人谓之樗（99）；其大本拥肿而不中绳墨（100），其小枝卷曲而不中规矩（101）。立之涂（102），匠者不顾。今子之言，大而无用，众所同去也。”庄子曰：“子独不见狸狌乎（103）？卑身而伏，以候敖者（104）；东西跳梁（105），不辟高下（106），中于机辟（107），死于罔罟（108）。今夫�脚＃�109），其大若垂天之云；此能为大矣，而不能执鼠。今子有大树，患其无用，何不树之于无何有之乡（110），广莫之野，彷徨乎无为其侧（111），逍遥乎寝卧其下；不夭斤斧（112），物无害者。无所可用，安所困苦哉？”‖选自王先谦《庄子集解》本‖北海有一条鱼，它的名字叫作鲲。鲲的巨大，不知道它有几千里。鲲变成鸟，它的名字叫作鹏。鹏的背，不知道它有几千里。鹏鼓翅奋飞，它的翅膀象天边的云。这只鸟啊，在大海翻腾的时候就飞往南海，南海，就是天池。‖《齐谐》这本书，是记载怪异事物的。这本书上说：“当鹏飞往南海时，水浪击起达三千里，借着旋风盘旋直上九万里，它是乘着六月的大风飞去的。”野马般奔腾的雾气，飞扬的灰尘，以及生物都是被风所吹而飘动的。天色苍茫，难道是它真正的颜色吗？还是因为太远太高，看不到它的边际呢？鹏往下看，也是这样罢了。再说，水蓄积得不深厚，那么它就没有力量负载起大船。把一杯水倒在堂上的低洼之处，一根小草就可以成为船。如果把一个杯子放上去，就会被粘住，这是因为水浅而船大了。风力积蓄得不大，就没有力量承载巨大的翅膀。所以鹏高飞九万里，那风就在它的下面，然后它才可以乘风而行。鹏背负着青天而无所拦阻，然后才开始向南飞行。‖蝉和小斑鸠讥笑鹏说：“我们奋力而飞，碰到榆树和檀树就停止，有时飞不上去，落在地上就是了。何必要飞九万里到向南海去呢？”到近郊去的人，只带当天吃的三餐粮食就可当天回来，肚子还是饱饱的。到百里外的人，就要准备一宿的粮食。到千里外的人，要聚积三个月的粮食。蝉和小斑鸠这两只小虫又知道什么呢。‖小智比不上大智，短命比不上长寿。怎么知道是这样的呢？朝生暮死的小虫不知道黑夜与黎明。春生夏死、夏生秋死的寒蝉，不知道一年的时光，这就是短命。楚国的南方有一种大树叫作灵龟，它把五百年当作一个春季，五百年当作一个秋季。上古时代有一种树叫作大椿，它把八千年当作一个春季，八千年当作一个秋季，这就是长寿。可是活了七百来岁的彭祖如今还因长寿而特别闻名，众人都想与他相比，岂不可悲！‖商汤问棘，谈的也是这件事。汤问棘说：“上下四方有极限吗？”棘说：“无极之外，又是无极！在草木不生的极远的北方，有个大海，就是天池。里面有条鱼，它的身子有几千里宽，没有人知道它有多长，它的名字叫作鲲。有一只鸟，它的名字叫作鹏。鹏的背象泰山，翅膀象天边的云；借着旋风盘旋而上九万里，超越云层，背负青天，然后向南飞翔，将要飞到南海去。小泽里的麻雀讥笑鹏说：‘它要飞到哪里去呢？我一跳就飞起来，不过数丈高就落下来，在蓬蒿丛中盘旋，这也是极好的飞行了。而它还要飞到哪里去呢。’”这是大和小的分别。‖所以，那些才智能胜任一官的职守，行为能够庇护一乡百姓的，德行能投合一个君王的心意的，能力能够取得全国信任的，他们看待自己，也象上面说的那只小鸟一样。而宋荣子对这种人加以嘲笑。宋荣子这个人，世上所有的人都称赞他，他并不因此就特别奋勉，世上所有的人都诽谤他，他也并不因此就感到沮丧。他认定了对自己和对外物的分寸，分辨清楚荣辱的界限，就觉得不过如此罢了。他对待人世间的一切，都没有汲汲去追求。即使如此，他还是有未达到的境界。‖列子乘风而行，飘然自得，驾轻就熟。十五天以后返回；他对于求福的事，没有汲汲去追求。这样虽然免了步行，还是有所凭借的。倘若顺应天地万物的本性，驾驭着六气的变化，遨游于无穷的境地，他还要凭借什么呢？所以说：修养最高的人能任顺自然、忘掉自己，修养达到神化不测境界的人无意于求功，有道德学问的圣人无意于求名。‖尧要把天下让给许由，说：“太阳月亮出来了，而小火把还不熄灭，它的亮度，要和日月相比不是太难了吗！及时雨降下了，还要灌溉田地，对于滋润禾苗，不是徒劳吗！你如果成了君王，天下一定大治，而我还徒居其位，我自己感到惭愧极了，请允许我把天下交给你。”许由说：“你治理天下，天下已经治理好了，而我再接替你，我岂不是为名而来吗？名，是依附于实的客体，我难道要做有名无实的客体吗？鹪鹩在深林中筑巢，只要一根树枝；鼹鼠饮河水，只要肚子喝饱。请你回去吧，天下对于我有什么用！厨子虽然不下厨，主祭的人却不应该超越权限而代行厨子的职事。”‖肩吾问连叔说：“我听说过接舆讲的一段话，言辞夸大而不切实际，漫无边际而无法验证；我听了他的话又惊奇又害怕，就象天上的银河看不见边际。相去极远，不近人情。”连叔说：“他讲了些什么呢？”肩吾说：“他说，在遥远的地方有一座藐姑射山，上面居住着一位神仙，皮肤象冰雪那样洁白，体态姑娘那样柔美，不吃五谷，只是吸清风、喝露水，乘着云气，驾着飞龙，遨游于四海之外。他的精神凝聚，使万物不生恶疾而年年五谷丰收。我认为这是狂言而不可信。”连叔说：“是这样，盲人无法让他欣赏有文采的东西，聋子无法让他欣赏钟鼓之乐声。岂只是形体上有瞎眼和耳聋的，在智慧上也有人是瞎子聋子。这些话，就象是针对你的。这位神人，他的品德，广施于宇宙万物可为一体，世人争功求名，纷乱不已，他哪里肯辛辛苦苦以治理天下为己任？这位神人，什么东西都伤害不了他：滔天洪水淹不着他，大旱时金石熔化、烧焦土山而热不了他。用神人身上的尘垢糟粕就能将儒家尊崇的尧、舜陶铸出来，他哪肯纷纷扰扰以治理天下作为自己的事业！有个宋国人采购了一批帽子到越国去卖，越人的风俗是剪断长发，身刺花纹，帽子对他们毫无用处。尧治理天下百姓，使海内政治清平，如果他到遥远的姑射山、汾水的北面，见到四位得道的人，他一定会神情怅然而忘掉自己所拥有的天下。”‖惠子对庄子说：“魏王送给我大葫芦的种子，我种下后结出的葫芦大得可以容纳五石。用它来盛水，它却因质地太脆无法提举。切开它当瓢，又大而平浅无法容纳东西。这不是嫌它不大，因为它无用，我把它砸了。”庄子说：“你真不善于使用大的物件。宋国有个人善于制作防止手冻裂的药，他家世世代代都以在漂洗丝絮为职业。有个客人听说了，请求用一百金来买他的药方。这个宋国人召集全家商量说：‘我家世世代代靠这种药从事漂洗丝絮，一年所得不过数金；现在一旦卖掉这个药方马上可得百金，请大家答应我卖掉它。’这个客人买到药方，就去游说吴王。那时正逢越国有难，吴王就命他为将，在冬天跟越国人展开水战，（吴人用了不龟手之药），大败越人，吴王就割地封侯来奖赏他。同样是一帖防止手冻裂的药方，有人靠它得到封赏，有人却只会用于漂洗丝絮，这是因为使用方法不同啊。现在你有可容五石东西的大葫芦，为什么不把它系在身上作为腰舟而浮游于江湖呢？却担忧它大而无处可容纳，可见你的心地过于浅陋狭隘了！”‖惠子对庄子说：“我有一棵大树，人家把它叫作臭椿；它那树干上有许多赘瘤，不合绳墨，它那枝岔弯弯曲曲，不合规矩。它长在路边，木匠都不看它一眼。现在你说的那段话，大而没有用，大家都不相信。”庄子说：“你难道没见过野猫和黄鼠狼吗？屈身伏在那里，等待捕捉来来往往的小动物；它（捉小动物时）东跳西跃，不避高下；但是一踏中捕兽的机关陷阱，就死在网中。再看那旄牛，它大如天边的云；这可以说够大的了，但是却不能捕鼠。现在你有一棵大树，担忧它没有用处，为什么不把它种在虚无之乡，广阔无边的原野，随意地徘徊在它的旁边，逍遥自在地躺在它的下面；这样大树就不会遭到斧头的砍伐，也没有什么东西会伤害它。它没有什么用处，又哪里会有什么困苦呢？”","古文观止+选补",""
"观巴黎油画记","清","薛福成","光绪十六年春闰二月甲子，余游巴黎蜡人馆。见所制蜡人，悉仿生人，形体态度，发肤颜色，长短丰瘠，无不毕肖。自王公卿相以至工艺杂流，凡有名者，往往留像于馆。或立或卧，或坐或俯，或笑或哭，或饮或博，骤视之，无不惊为生人者。余亟叹其技之奇妙。译者称：“西人绝技，尤莫逾油画，盍驰往油画院，一观普法交战图乎？”‖其法为一大圜室，以巨幅悬之四壁，由屋顶放光明入室。人在室中，极目四望，则见城堡、冈峦、溪涧、树林，森然布列；两军人马杂遝；驰者、伏者、奔者、追者、开枪者、燃炮者、搴大旗者、挽炮车者，络绎相属。每一巨弹堕地，则火光迸裂，烟焰迷漫；其被轰击者，则断壁危楼，或黔其庐，或赭其垣。而军士之折臂断足、血流殷地、偃仰僵仆者，令人目不忍睹。仰视天，则明月斜挂，云霞掩映；俯视地，则绿草如茵，川原无际。几自疑身外即战场，而忘其在一室中者。迨以手扪之，始知其为壁也、画也、皆幻也。‖余闻法人好胜，何以自绘败状，令人丧气若此？译者曰：“所以昭炯戒，激众愤、图报复也。”则其意深长矣。‖夫普法之战，迄今虽为陈迹，而其事信而有征。然者此画果真邪、幻邪？幻者而同于真邪？真者而同于幻邪？斯二者盖皆有之。","古文观止+选补",""
"记超山梅花","清","林纾","夏容伯同声，嗜古士也，隐于栖溪。余与陈吉士、高啸桐买舟访之。约寻梅于超山。由溪上易小舟，循浅濑至超山之北。沿岸已见梅花。里许，遵陆至香海楼，观宋梅。梅身半枯，侧立水次；古干诘屈，苔蟠其身，齿齿作鳞甲。年久，苔色幻为铜青。旁列十余树，容伯言皆明产也。景物凄黯无可纪，余索然将返。容伯导余过唐玉潜祠下，花乃大盛：纵横交纠，玉雪一色；步武高下，沿梅得径。远馥林麓，近偃陂陀；丛芬积缟，弥满山谷。几四里始出梅窝，阴松列队，下闻溪声，余来船已停濑上矣。余以步，船人以水，沿溪行，路尽适相值也。是晚仍归栖溪。‖迟明，复以小舟绕出山南，花益多于山北。野水古木，渺<bzgwgz_027/bz>滞翳，小径岐出为八、九道，抵梅而尽。至乾元观，观所谓水洞者。潭水清冽，怪石怒起水上，水附壁而止。石状豁閜，阴绿惨淡。石脉直接旱洞。旱洞居观右偏。三十余级，及洞口，深窈沉黑中，有风水荡击之声。同游陈寄湖、涤寮兄弟，𦶟管入，不竟洞而出。潭之右偏，镌“海云洞”三大字，宋赵清献笔也。寻丁酉轩父子石像，已剥落，诗碣犹隐隐可读。容伯饭我观中。余举觞叹息，以生平所见梅花，咸不如此之多且盛也。容伯言：“冬雪霁后，花益奇丽，过于西溪。”然西溪余两至，均失梅候。今但作《超山梅花记》，一寄容伯，一寄余友陈寿慈于福州。寿慈亦嗜梅者也。","古文观止+选补",""
"湖之鱼","清","林纾","林子啜茗于湖滨之肆，丛柳蔽窗，湖水皆黯碧如染，小鱼百数来会其下。‖戏嚼豆脯唾之，群鱼争喋；然随喋随逝，继而存者，三四鱼焉。再唾之，坠缀葑草之上，不食矣。始谓鱼之逝者皆饱也。寻丈之外，水纹攒动，争喋他物如故。‖余方悟：钓者将下钩，必先投食以引之。鱼图食而并吞钩。久乃知，凡下食者皆将有钩矣。然则名利之薮，独无钩乎？不及其盛下食之时而去之，其能脱钩而逝者几何也？！","古文观止+选补",""
"邹容传","清","章炳麟","邹容，字威丹，四川巴人。父某，行商陇蜀间，略知书。容少慧敏，年十二，诵“九经”、《史记》、《汉书》皆上口。父以科甲期之，君弗欲，时喜雕刻，父怒，辄榜笞至流血，然愈重爱。容稍长，从成都吕冀文学。与人言，指天画地，非尧舜，薄周孔，无所避。冀文惧，摈之。父令就日本学，时年十七矣。与同学钮永建规设中国协会，未就。学二岁，陆军学生监督姚甲有奸私事，容偕五人排闼入其邸中，榜颊数十，持剪刀断其辫发。事觉，潜归上海，与章炳麟见于爱国学社。是时，社生多习英吉利语，容调之曰：“诸君堪为贾人耳。”社生皆怒，欲殴之。广州大驵冯镜如，故入英吉利籍，方设国民议政厅于上海，招容，容诘镜如曰：“若英吉利人，此国民者，中国民邪？英吉利国民邪？”镜如惭，事中寝。‖容既明习国史，学于冀文，复通晓《说文》部居。疾异族如仇雠，乃草《革命军》以摈满洲。自念语过浅露，就炳麟求修饰。炳麟曰：“感恒民当如是。”序而刻之。会虏遣江苏候补道俞明震检察革命党事，将逮爱国学社教习吴朓。朓故惎容、炳麟，又幸脱祸，直诣明震自归，且以《革命军》进。明震缓朓，朓逸，遂名捕容、炳麟。容在狱，日就炳麟说经，亦时时讲佛典，炳麟以《因明入正理论》授之，曰：“学此，可以解三年之忧矣。”明年，狱决，容、炳麟皆罚作。西人遇囚无状。容不平，又啖麦饭不饱，益愤激，内热溲膏。炳麟谓容曰：“子素不嗜声色，又未近女，今不梦寐而髓自出，宜惩忿自摄持，不者至春当病温。”明年正月，疾果发。体温温不大热，但欲寐；又懊�诜吃�，不得卧；夜半独语骂人，比旦皆不省。炳麟知其病少阴也，念得中工，进黄连、阿胶，鸡子黄汤，病日已矣。则告狱卒长，请自为持脉疏汤药，弗许；请召日本医，弗许。病四十日，二月二十九日夜半卒于狱中，年二十一矣。诘朝日加巳，炳麟往抚其尸，目不瞑。内外哗言：西医受贿，下毒药杀之。疑不能明。然西医视狱囚至微贱，凡病者皆令安坐待命，勿与药。狱囚五百，岁瘐死者率一百六十人。容疾始发，而医不知其剧；比日久，病能已著，顾予以热病常药，亦下毒之次也。‖容卒之岁，日本与露西亚始成。","古文观止+选补",""
"冯婉贞胜英人于谢庄","清","徐珂","咸丰庚申，英法联军自海入侵，京洛骚然。距圆明园十里，有村曰谢庄，环村居者皆猎户。中有鲁人冯三保者，精技击。女婉贞，年十九，姿容妙曼，自幼好武术，习无不精。是年，谢庄办团，以三保勇而多艺，推为长。筑石砦土堡于要隘，树帜曰“谢庄团练冯”。一日晌午，谍报敌骑至，旋见一白酋督印度卒约百人，英将也，驰而前。三保戒团众装药实弹，毋妄发，曰：“此劲敌也，度不中而轻发，徒糜弹药，无益吾事。慎之！”‖时敌军已近砦，枪声隆然，砦中人踡伏不少动。既而敌行益迩，三保见敌势可乘，急挥帜，曰：“开火！”开火者，军中发枪之号也。于是众枪齐发，敌人纷堕如落叶。及敌枪再击，砦中人又骛伏矣，盖籍砦墙为蔽也。攻一时，敌退，三保亦自喜。婉贞独戚然曰：“小敌去，大敌来矣！设以炮至，吾村不齑粉乎？”三保瞿然曰：“何以为计？”婉贞曰：“西人长火器而短技击，火器利袭远，技击利巷战。吾村十里皆平原，而与之竞火器，其何能胜？莫如以吾所长，攻敌所短。操刀挟盾，猱进鸷击，徼天之幸，或能免乎！”三保曰：“悉吾村之众，精技击者不过百人。以区区百人，投身大敌，与之扑斗，何异以孤羊投狼群？小女子毋多谈！”婉贞微叹曰：“吾村亡无日矣！吾必尽吾力以拯吾村！拯吾村，即以卫吾父。”于是集谢庄少年之精技击者而诏之曰：“与其坐而待亡，孰若起而拯之？诸君无意则已，诸君而有意，瞻予马首可也。”众皆感奋。‖婉贞于是率诸少年结束而出，皆玄衣白刃，剽疾如猿猴。去村四里有森林，阴翳蔽日，伏焉。未几，敌兵果舁炮至，盖五六百人也。挟刃奋起，率众袭之。敌出不意，大惊扰，以枪上刺刀相搏击，而便捷猛鸷终弗逮。婉贞挥刀奋斫，所当无不披靡，敌乃纷退。婉贞大呼曰：“诸君！敌人远吾，欲以火器困吾也，急逐弗失！”于是众人竭力挠之，彼此错杂，纷纭拏斗，敌枪终不能发。日暮，所击杀者无虑百十人。敌弃炮仓皇遁，谢庄遂安。","古文观止+选补",""
"少年中国说","清","梁启超","日本人之称我中国也，一则曰老大帝国，再则曰老大帝国。是语也，盖袭译欧西人之言也。呜呼！我中国其果老大矣乎？任公曰：恶！是何言！是何言！吾心目中有一少年中国在。‖欲言国之老少，请先言人之老少。老年人常思既往，少年人常思将来。惟思既往也，故生留恋心；惟思将来也，故生希望心。惟留恋也，故保守；惟希望也，故进取。惟保守也，故永旧；惟进取也，故日新。惟思既往也，事事皆其所已经者，故惟知照例；惟思将来也，事事皆其所未经者，故常敢破格。老年人常多忧虑，少年人常好行乐。惟多忧也，故灰心；惟行乐也，故盛气。惟灰心也，故怯懦；惟盛气也，故豪壮。惟怯懦也，故苟且；惟豪壮也，故冒险。惟苟且也，故能灭世界；惟冒险也，故能造世界。老年人常厌事，少年人常喜事。惟厌事也，故常觉一切事无可为者；惟好事也，故常觉一切事无不可为者。老年人如夕照，少年人如朝阳。老年人如瘠牛，少年人如乳虎。老年人如僧，少年人如侠。老年人如字典，老年人如戏文。老年人如鸦片烟，少年人如泼兰地酒。老年人如别行星之陨石，少年人如大洋海之珊瑚岛。老年人如埃及沙漠之金字塔，少年人如西比利亚之铁路。老年人如秋后之柳，少年人如春前之草。老年人如死海之潴为泽，少年人如长江之初发源。此老年人与少年人性格不同之大略也。任公曰：人固有之，国亦宜然。‖任公曰：伤哉，老大也！浔阳江头琵琶妇，当明月绕船，枫叶瑟瑟，衾寒于铁，似梦非梦之时，追想洛阳尘中春花秋月之佳趣。西宫南内，白发宫娥，一灯如穗，三五对坐，谈开元、天宝间遗事，谱《霓裳羽衣曲》。青门种瓜人，左对孺人，顾弄孺子，忆侯门似海珠履杂遝之盛事。拿破仑之流于厄蔑，阿剌飞之幽于锡兰，与三两监守吏，或过访之好事者，道当年短刀匹马驰骋中原，席卷欧洲，血战海楼，一声叱咤，万国震恐之丰功伟烈，初而拍案，继而抚髀，终而揽镜。呜呼，面皴齿尽，白发盈把，颓然老矣！若是者，舍幽郁之外无心事，舍悲惨之处无天地；舍颓唐之外无日月，舍叹息之外无音声；舍待死之外无事业。美人豪杰且然，而况寻常碌碌者耶？生平亲友，皆在墟墓；起居饮食，待命于人。今日且过，遑知他日？今年且过，遑恤明年？普天下灰心短气之事，未有甚于老大者。于此人也，而欲望以拿云之手段，回天之事功，挟山超海之意气，能乎不能？‖呜呼！我中国其果老大矣乎？立乎今日以指畴昔，唐虞三代，若何之郅治；秦皇汉武，若何之雄杰；汉唐来之文学，若何之隆盛；康乾间之武功，若何之烜赫。历史家所铺叙，词章家所讴歌，何一非我国民少年时代良辰美景、赏心乐事之陈迹哉！而今颓然老矣！昨日割五城，明日割十城，处处雀鼠尽，夜夜鸡犬惊。十八省之土地财产，已为人怀中之肉；四百兆之父兄子弟，已为人注籍之奴，岂所谓“老大嫁作商人妇”者耶？呜呼！凭君莫话当年事，憔悴韶光不忍看！楚囚相对，岌岌顾影，人命危浅，朝不虑夕。国为待死之国，一国之民为待死之民。万事付之奈何，一切凭人作弄，亦何足怪！‖任公曰：我中国其果老大矣乎？是今日全地球之一大问题也。如其老大也，则是中国为过去之国，即地球上昔本有此国，而今渐澌灭，他日之命运殆将尽也。如其非老大也，则是中国为未来之国，即地球上昔未现此国，而今渐发达，他日之前程且方长也。欲断今日之中国为老大耶？为少年耶？则不可不先明“国”字之意义。夫国也者，何物也？有土地，有人民，以居于其土地之人民，而治其所居之土地之事，自制法律而自守之；有主权，有服从，人人皆主权者，人人皆服从者。夫如是，斯谓之完全成立之国。地球上之有完全成立之国也，自百年以来也。完全成立者，壮年之事也。未能完全成立而渐进于完全成立者，少年之事也。故吾得一言以断之曰：欧洲列邦在今日为壮年国，而我中国在今日为少年国。‖夫古昔之中国者，虽有国之名，而未成国之形也。或为家族之国，或为酋长之国，或为诸侯封建之国，或为一王专制之国。虽种类不一，要之，其于国家之体质也，有其一部而缺其一部。正如婴儿自胚胎以迄成童，其身体之一二官支，先行长成，此外则全体虽粗具，然未能得其用也。故唐虞以前为胚胎时代，殷周之际为乳哺时代，由孔子而来至于今为童子时代。逐渐发达，而今乃始将入成童以上少年之界焉。其长成所以若是之迟者，则历代之民贼有窒其生机者也。譬犹童年多病，转类老态，或且疑其死期之将至焉，而不知皆由未完成未成立也。非过去之谓，而未来之谓也。‖且我中国畴昔，岂尝有国家哉？不过有朝廷耳！我黄帝子孙，聚族而居，立于此地球之上者既数千年，而问其国之为何名，则无有也。夫所谓唐、虞、夏、商、周、秦、汉、魏、晋、宋、齐、梁、陈、隋、唐、宋、元、明、清者，则皆朝名耳。朝也者，一家之私产也。国也者，人民之公产也。朝有朝之老少，国有国之老少。朝与国既异物，则不能以朝之老少而指为国之老少明矣。文、武、成、康，周朝之少年时代也。幽、厉、桓、赧，则其老年时代也。高、文、景、武，汉朝之少年时代也。元、平、桓、灵，则其老年时代也。自余历朝，莫不有之。凡此者谓为一朝廷之老也则可，谓为一国之老也则不可。一朝廷之老且死，犹一人之老且死也，于吾所谓中国者何与焉。然则，吾中国者，前此尚未出现于世界，而今乃始萌芽云尔。天地大矣，前途辽矣。美哉我少年中国乎！‖玛志尼者，意大利三杰之魁也。以国事被罪，逃窜异邦。乃创立一会，名曰“少年意大利”。举国志士，云涌雾集以应之。卒乃光复旧物，使意大利为欧洲之一雄邦。夫意大利者，欧洲之第一老大国也。自罗马亡后，土地隶于教皇，政权归于奥国，殆所谓老而濒于死者矣。而得一玛志尼，且能举全国而少年之，况我中国之实为少年时代者耶！堂堂四百余州之国土，凛凛四百余兆之国民，岂遂无一玛志尼其人者！‖龚自珍氏之集有诗一章，题曰《能令公少年行》。吾尝爱读之，而有味乎其用意之所存。我国民而自谓其国之老大也，斯果老大矣；我国民而自知其国之少年也，斯乃少年矣。西谚有之曰：“有三岁之翁，有百岁之童。”然则，国之老少，又无定形，而实随国民之心力以为消长者也。吾见乎玛志尼之能令国少年也，吾又见乎我国之官吏士民能令国老大也。吾为此惧！夫以如此壮丽浓郁翩翩绝世之少年中国，而使欧西日本人谓我为老大者，何也？则以握国权者皆老朽之人也。非哦几十年八股，非写几十年白折，非当几十年差，非挨几十年俸，非递几十年手本，非唱几十年喏，非磕几十年头，非请几十年安，则必不能得一官、进一职。其内任卿贰以上，外任监司以上者，百人之中，其五官不备者，殆九十六七人也。非眼盲则耳聋，非手颤则足跛，否则半身不遂也。彼其一身饮食步履视听言语，尚且不能自了，须三四人左右扶之捉之，乃能度日，于此而乃欲责之以国事，是何异立无数木偶而使治天下也！且彼辈者，自其少壮之时既已不知亚细亚、欧罗巴为何处地方，汉祖唐宗是那朝皇帝，犹嫌其顽钝腐败之末臻其极，又必搓磨之，陶冶之，待其脑髓已涸，血管已塞，气息奄奄，与鬼为邻之时，然后将我二万里山河，四万万人命，一举而畀于其手。呜呼！老大帝国，诚哉其老大也！而彼辈者，积其数十年之八股、白折、当差、挨俸、手本、唱诺、磕头、请安，千辛万苦，千苦万辛，乃始得此红顶花翎之服色，中堂大人之名号，乃出其全副精神，竭其毕生力量，以保持之。如彼乞儿拾金一锭，虽轰雷盘旋其顶上，而两手犹紧抱其荷包，他事非所顾也，非所知也，非所闻也。于此而告之以亡国也，瓜分也，彼乌从而听之，乌从而信之！即使果亡矣，果分矣，而吾今年七十矣，八十矣，但求其一两年内，洋人不来，强盗不起，我已快活过了一世矣！若不得已，则割三头两省之土地奉申贺敬，以换我几个衙门；卖三几百万之人民作仆为奴，以赎我一条老命，有何不可？有何难办？呜呼！今之所谓老后、老臣、老将、老吏者，其修身齐家治国平天下之手段，皆具于是矣。西风一夜催人老，凋尽朱颜白尽头。使走无常当医生，携催命符以祝寿，嗟乎痛哉！以此为国，是安得不老且死，且吾恐其未及岁而殇也。‖任公曰：造成今日之老大中国者，则中国老朽之冤业也。制出将来之少年中国者，则中国少年之责任也。彼老朽者何足道，彼与此世界作别之日不远矣，而我少年乃新来而与世界为缘。如僦屋者然，彼明日将迁居他方，而我今日始入此室处。将迁居者，不爱护其窗栊，不洁治其庭庑，俗人恒情，亦何足怪！若我少年者，前程浩浩，后顾茫茫。中国而为牛为马为奴隶，则烹脔棰鞭之惨酷，惟我少年当之。中国如称霸宇内，主盟地球，则指挥顾盼之尊荣，惟我少年享之。于彼气息奄奄与鬼为邻者何与焉？彼而漠然置之，犹可言也。我而漠然置之，不可言也。使举国之少年而果为少年也，则吾中国为未来之国，其进步未可量也。使举国之少年而亦为老大也，则吾中国为过去之国，其澌亡可翘足而待也。故今日之责任，不在他人，而全在我少年。少年智则国智，少年富则国富；少年强则国强，少年独立则国独立；少年自由则国自由，少年进步则国进步；少年胜于欧洲则国胜于欧洲，少年雄于地球则国雄于地球。红日初升，其道大光。河出伏流，一泻汪洋。潜龙腾渊，鳞爪飞扬。乳虎啸谷，百兽震惶。鹰隼试翼，风尘吸张。奇花初胎，矞矞皇皇。干将发硎，有作其芒。天戴其苍，地履其黄。纵有千古，横有八荒。前途似海，来日方长。美哉我少年中国，与天不老！壮哉我中国少年，与国无疆！","古文观止+选补",""
"庖丁解牛","先秦","庄 周","文章叙议相间，层次分明。写宰牛时动作之优美，技术之高超；成功后的志得意满等，绘声绘色，如闻如见，引人入胜。语言生动形象，“目无全牛”、“游刃有余”、“踌躇满志”成语，即出自本篇。‖庖丁为文惠君解牛（1），手之所触，肩之所倚，足之所履，膝之所踦（2），砉然响然（3），奏刀𬴃然（4），莫不中音。合于桑林之舞（5），乃中经首之会（6）。‖文惠君曰：“𫍻（7），善哉！技盖至此乎（8）？”‖庖丁释刀对曰：“臣之所好者道也，进乎技矣（9）。始臣之解牛之时，所见无非牛者。三年之后，未尝见全牛也。方今之时，臣以神遇而不以目视，官知止而神欲行（10）。依乎天理（11），批大郤（12），道大窾（13），因其固然（14）。技经肯綮之未尝（15），而况大軱乎（16）！良庖岁更刀，割也（17）；族庖月更刀（18），折也（19）。今臣之刀十九年矣，所解数千牛矣，而刀刃若新发于硎（20）。彼节者有间（21），而刀刃者无厚；以无厚入有间，恢恢乎其于游刃必有余地矣（22），是以十九年而刀刃若新发于硎。虽然，每至于族（23），吾见其难为，怵然为戒（24），视为止，行为迟。动刀甚微，謋然已解（25），如土委地（26）。提刀而立，为之四顾，为之踌躇满志，善刀而藏之（27）。”‖文惠君曰：“善哉，吾闻庖丁之言，得养生焉（28）。”‖选自王先谦《庄子集解》本‖有一个名叫丁的厨师替梁惠王宰牛，手所接触的地方，肩所靠着的地方，脚所踩着的地方，膝所顶着的地方，都发出皮骨相离声，刀子刺进去时响声更大，这些声音没有不合乎音律的。它竟然同《桑林》、《经首》两首乐曲伴奏的舞蹈节奏合拍。‖梁惠王说：“嘻！好啊！你的技术怎么会高明到这种程度呢？”‖庖丁放下刀子回答说：“臣下所探究的是事物的规律，这已经超过了对于宰牛技术的追求。当初我刚开始宰牛的时候，（对于牛体的结构还不了解），看见的只是整头的牛。三年之后，（见到的是牛的内部肌理筋骨），再也看不见整头的牛了。现在宰牛的时候，臣下只是用精神去接触牛的身体就可以了，而不必用眼睛去看，就象感觉器官停止活动了而全凭精神意愿在活动。顺着牛体的肌理结构，劈开筋骨间大的空隙，沿着骨节间的空穴使刀，都是依顺着牛体本来的结构。宰牛的刀从来没有碰过经络相连的地方、紧附在骨头上的肌肉和肌肉聚结的地方，更何况股部的大骨呢？技术高明的厨工每年换一把刀，是因为他们用刀子去割肉。技术一般的厨工每月换一把刀，是因为他们用刀子去砍骨头。现在臣下的这把刀已用了十九年了，宰牛数千头，而刀口却象刚从磨刀石上磨出来的一样。牛身上的骨节是有空隙的，可是刀刃却并不厚，用这样薄的刀刃刺入有空隙的骨节，那么在运转刀刃时一定宽绰而 有余地了，因此用了十九年而刀刃仍象刚从磨刀石上磨出来一样。虽然如此，可是每 当碰上筋骨交错的地方，我一见那里难以下刀，就十分警惧而小心翼翼，目光集中，动作放慢。刀子轻轻地动一下，哗啦一声骨肉就已经分离，象一堆泥土散落在地上了。我提起刀站着，为这一成功而得意地四下环顾，一副悠然自得、心满意足的样子。拭好了刀把它收藏起来。”‖梁惠王说：“好啊！我听了庖丁的话，学到了养生之道啊。”","古文观止+选补",""
"秋水","先秦","庄周","秋水时至（1），百川灌河（2），泾流之大（3），两涘渚崖之间，不辩牛马（4）。于是焉，河伯欣然自喜，以天下之美为尽在己。顺流而东行，至于北海，东面而视，不见水端。于是焉，河伯始旋其面目（5），望洋向若而叹曰（6）：“野有之曰：‘闻道百，以为莫己若’者，我之谓也。且夫我尝闻少仲尼之闻，而轻伯夷之义者（7），始吾弗信。今我睹子之难穷也（8），吾非至子之门，则殆矣，吾长见笑于大方之家（9）。”‖北海若曰：“井蛙不可以语于海者（10），拘于虚也（11）；夏虫不可以语于冰者，笃于时也（12）；曲士不可以语于道者（13），束于教也。今尔出于崖涘，观于大海，乃知尔丑（14），尔将可与语大理矣（15）。天下之水，莫大于海，百川归之，不知何时止而不盈；尾闾泄之（16），不知何时已而不虚（17）。春秋不变，水旱不知，此其过江河之流（18），不可为量数，而吾未尝以此自多者（19），自以比形于天地，而受气于阴阳，吾在天地之间，犹小石小木之在大山也（20）。方存乎见少（21），又奚以自多（22）！计四海之在天地之间也，不似礨空之在大泽乎（23）？计中国之在海内，不似看样子稊米之在太仓乎（24）？号物之数谓之万（25），人处一焉。人卒九州，谷食之所生，舟车之所通，人处一焉。此其比万物也，不似豪末之在于马体乎？五帝之所连（26），三王之所争，仁人之所忧，任士之所劳（27），尽此矣。伯夷辞之以为名，仲尼语之以为博，此其自多也，不似尔向之自多于水乎？”‖河伯曰：“然则吾大天地，而小毫末，可乎？”‖北海若曰：“否。夫物量无穷，时无止，分无常（28），终始无故（29）。是故大知观于远近（30），故小而不寡，大而不多，知量无穷（31）。证向今故（32），故遥而不闷，掇而不跂（33），知时无止。察乎盈虚，故得而不喜，失而不忧。知分之无常也（34）。明乎坦涂（35），故生而不说（36），死而不祸，知终始之不可故也。计人之所知，不若其所不知；其生之时，不若未生之时。以其至小，求穷其至大之域（37），是故迷乱而不能自得也。由此观之，又何以知毫末之足以定至细之倪（38），又何以知天地之足以穷至大之域？”‖河伯曰：“世之议者皆曰：‘至精无形，至大不可围（39）’，是信情乎（40）？”‖北海若曰：“夫自细视大者不尽，自大视细者不明。夫精，小之微也；垺，大之殷也（41），故异便（42），此势之有也。夫精粗者，期于有形者也（43）。无形者，数之所不能分也（44）；不可围也，数之所不能穷也。可以言论者，物之粗也；可以意致者，物之精也。言之所不能论，意之所不能察致者，不期精粗焉（45）。是故大人之行，不出乎害人，不多仁恩（46）。动不为利，不贱门隶。货财弗争，不多辞让。事焉不借人，不多食乎力，不贱贪污。行殊乎俗，不多辟异（47）。为在从众，不贱佞谄。世之爵禄不足以为劝，戮耻不足以为辱。知是非之不可为分，细大之不可为倪（48）。闻曰：‘道人不闻，至德不得，大人无己（49）。’约分之至也。”‖河伯曰：“若物之外，若物之内，恶至而倪贵贱（50），恶至而倪大小？”‖北海若曰：“以道观之，物无贵贱。以物观之，自贵而相贱。以俗观之，贵贱不在己。以差观之（51），因其所大而大之，则万物莫不大；因其所小而小之，则万物莫不小。知天地之为稊米也，知毫末之为丘山也，则差数等矣（52）。以功观之，因其所有而有之，则万物莫不有；因其所无而无之，则万物莫不无。知东西之相反，而不可以相无，则功分定矣（53）。以趣观之（54），因其所然而然之，则万物莫不然；因其所非而非之，则万物莫不非。知尧桀之自然而相非，则趣操睹矣（55）。昔者尧舜让而帝，之哙让而绝（56）；汤武争而王，白公争而灭（57）。由此观之，争让之礼，尧桀之行，贵贱有时，未可以为常也（58）。梁丽可以冲城（59），而不可以窒穴，言殊器也。骐骥骅骝，一日千里，捕鼠不如狸狌，言殊技也。鸱鸺夜撮蚤，察毫末，昼出，瞋目而不见丘山，言殊性也（60）。故曰，盖师是而无非（61），师治而无乱乎。是未明天地之理，万物之情者也。是犹师天而无地，师阴而无阳，其不可行明矣。然且语而不舍，非愚则诬也。帝王殊禅，三代殊继，差其时，逆其俗者，谓之篡夫。当其时，顺其俗者，谓之义徒。默默乎河伯，女恶知贵贱之门，大小之家（62）？”‖河伯曰：“然则我何为乎？何不为乎？吾辞受趣舍（63），吾终奈何？”‖北海若曰：“以道观之，何贵何贱，是谓反衍（64）。无拘而志（65），与道大蹇（66）。何多何少，是谓谢施（67）。无一而行，与道参差。严乎若国之有君（68），其无私德：繇繇乎若祭之有社（69），其无私福；泛泛乎若四方之无穷，其无所畛域（70）。兼怀万物，其孰承翼（71），是谓无方。万物一齐，孰短孰长。道无终始，物有死生，不恃其成（72）。一虚一满，不位乎其形（73）。年不可举（74），时不可止，消息虚盈（75），终则有始。是所以语大义之方（76），论万物之理也。物之生也，若骤若驰，无动而不变，无时而不移。何为乎？何不为乎？夫固将自化。”‖河伯曰：“然则何贵于道邪？”‖北海若曰：“知道者，必达于理。达于理者，必明于权（77）。明于权者，不以物害己。至德者，火弗能热，水弗能溺，寒署弗能害，禽兽弗能贼。非谓其薄之也（78），言察于安危，宁于祸福，谨于去就，莫之能害也。故曰，天在内，人在外，德在乎天。知天人之行，本乎天，位乎德，蹢躅而屈伸（79），反要而语极（80）。”‖曰：“何谓天？何谓人？”‖北海若曰：“牛马四足，是谓天。落马首（81），穿牛鼻，是谓人。故曰，无以人灭天，无以故灭命，无以得殉名。谨守勿失，是谓反其真。”‖选自郭庆藩《庄子集释》本‖秋水随着时令到来，千百条川流都奔注入黄河，大水一直浩瀚地流去，遥望两岸洲渚崖石之间，辨不清牛马之形。于是乎，河伯（黄河之神）便欣然自喜，以为天下所有的美景全都在自己这里了。他顺着水流向东走，到了北海。他向东遥望，看不见水的尽处。于是，河伯才改变了他的神态，茫然地抬头对北海若（北海之神）感慨地说：“俗语说：‘自以为知道很多道理，没人能赶上自已了。’这正是说我呀。而且，我还曾经听说过有人贬低仲尼的学识，轻视伯夷的节义，开始我不相信。现在我看到你的浩瀚无穷，如果我不到你的门下，那是多么危险，我将会永远被讥笑于大方之家了。”‖北海若说：“井底的蛙，不能跟它谈海之大，因为它被狭小的生活环境所局限；夏天的虫，不能跟它谈冬天的冰，因为它受到气候时令的限制；知识浅陋的曲士，不能跟他谈大道理，因为他被拘束于狭隘的教育。现在你走出了水崖河岸，看到了浩大的海，才知道你的鄙陋，你才可以同我谈论大道理了。天下所有的水，没有比海更大的了，千百条川流都归注到大海，不知道什么时候才停止而不溢出；从尾闾流泄，也不知道什么时候会流尽而又不空；无论春天或秋天，大海总没有变化；无论干旱水涝，大海永远没有感觉。这就是大海胜过江河水流之处，海水不能以容量来计算，但我从来没有以此自夸，我自以为形体同于天地，气魄受于阴阳，我在天地之间，好象太山上的一块小石，一株小树，正自感到渺小，又怎么会因此自大呢。请你想想四海在天地之内，不就象一小块石头浸在大湖里吗？整个中国在四海之内，不是象太仓中的一粒细米吗？世上的物类数以万计，人只是万物之一。九州之大，住了许多人，生长了许多谷物粮食，通行着许多舟船车马，人也只是其中之一。人与万物比较起来，不是象马身上的一根毛吗？古代三王五帝所要继承和争取的，讲仁义的儒者所担忧的，讲任劳的墨家所努力的，都是这些东西。可是伯夷却为了节义之名而辞让不受，仲尼为了显示多知博闻而讲个不停，这是他们在自我夸耀，不是象你刚才自夸其水之大一样吗？”‖河伯说：“那么，我把天地看得很大，把毫末看得很小，行吗？”‖北海若说：“不行。万物的量无穷无尽，时间无有止境，性分也不是一成不变的，一切事物的终与始也不是固定不变的。因此，大智大慧的人从远近各个角度观察万物，所以他看到小的不以为小，看到大的不以为大，因为他知道物量无有穷尽。他理解事物，必求证于今古，以今事证古事，古事虽远，也看得很明白；以古事证今事，今事虽近在手头，也有不可理解的地方。因此他知道时间不会终止。他又看透了盈虚消长的规律，所以有所得不以为喜，有所失也不以为忧，因为他知道性分不会永远不变。他又明白人生的大道，所以生活着并不感到喜悦，死亡也不以为是祸灾，因为他知道万物终始的变化也是不固定的。计算一个人所知道的估不如他所不知道的那么多；一个人生存的时间，不如他未生的时间那么长。人们用自己有限的生命，去求得掌握无限大的知识，就只会感到迷惑而不能满足。由此看来，你又怎么能知道毫末可以定为最微小的标准，又怎么能知道天地可以作为最大的极限？”‖河伯说：“世人的议论都说，‘最微细的东西是无形的，最大的东西是无限的’。这是真实情况吗？”‖北海若说：“站在小的角度去看大的东西，是看不到极限的；站在大的角度去看细微的东西，是看不清楚的。所谓精，是最为微小的；所谓垺，是最为庞大的，所以能够看出不同的区分，这是形态上具有的区别。所谓精和粗，都只能凭借有形态的东西来判断。无形态的东西，就不能用数字来区分；没有范围的东西，不是数字所能算清。凡是可以用语言论述的东西，都是粗大之物；只能意识到的东西，便是细微之物。语言所不能论述，意识所不能观察到的，就不能用精粗去衡量了。因此，得道的大人先生的行为，不会出于害人，但也不重视给人以仁义恩惠；他们的行动不为求利，也不以做门隶奴仆为贱；他们不争夺财货，但也并不赞赏辞让；做事不借助他人，不赞美自食其力者，也不轻视贪污的人。他们的行为既与一般世俗人不同，却并不主张高傲怪僻；表现和众人一样，也不贱视谄佞的人。世俗的官爵利禄，对他们起不了鼓励作用；刑罚侮辱，也不足以成为羞耻。他们知道是非不是一定的区别，大小也不是一定的标准。听说：‘有道的人不求名声，品德极高的人不自显其德，伟大的人都是忘我无私的。’这些人都是最能守性分的人。”‖河伯说：“那么，在万物的内或外，有什么标准去区别贵贱和大小呢？”‖北海若说：“从道的观点看，万物并无贵贱之分。从事物本体看，都是自以为贵而贱视对方。从世俗观点看，贵贱在于舆论而不在于物的本身。从事物的相对差别看，就会按照自己所认为大的标准去要求大，那么万物都可以说是大的；按照自己所认为小的标准去要求小，那么万物都可以说是小的。如果知道天地有时也象细米那么小，知道毫末有时也象丘山那么大，那么差别的概念就没有了。从功利的观点看，如果按自己所有的标准去看，那么万物都有功利；用自己所没有的标准去看，那么万物都没有功利了。知道了东和西是两个相反的方向，而两者彼此又不能没有，那么功利的性分就可以确定了。再从一个人的思想倾向看，如果依照自己认为对的就肯定它，那么万物没有不对的；如果按照自己认为不对的就否定它，那么万物没有不可被否定的。知道尧和桀都自认为是而互相否定，那么倾向和标准便表现出来了。从前，尧和舜由禅让而取得了王位，燕王哙禅让给国相子之而身亡国乱；商汤伐桀、周武王灭纣，都以斗争取得了王位，而楚国的白公胜却因斗争而自取灭亡。由此看来，斗争和禅让的仪式，尧和桀的行为，贵或贱都是由于时势的不同，不能认为那是经常不变的规律。粗大的栋梁可以用来攻撞城墙，而不能用来堵塞蚁穴鼠洞，这是说不同的器材有不同的用法。骐骥、骅骝，一天能跑千里，捕捉老鼠却比不上野猫和黄鼠狼，那是说不同的才技有不同的用处。猫头鹰能在黑夜中捕捉跳蚤，能看清楚最小的东西，可是在白天，它睁大了眼睛还看不见山丘，这是说才性不同而能力也不同。所以说，如果肯定自己的‘是’而否定‘非’，自以为能‘治’而否定‘乱’，这就是不明白天地万物变化的规律和道理啊。这正象只尊崇天而看不到地，尊崇阴而看不到阳那样，这显然是行不通的。但是，某些人还要坚持辩论而不愿放弃，这不是愚蠢便是有意制造混乱。三王五帝有不同的禅让方式，夏、商、周三代有不同的继承法，不适应时势，违反风俗人情的，就称之为篡弑的叛徒。配合时势，顺应世俗人情的，就被称为仗义的革命家。安静些吧，河伯，你哪里会知道贵和贱的界限，大和小的标准呢！”‖河伯说：“那么，我应该做什么？不应该做什么？我对于一切事物的拒绝或接受，求取或放弃，究竟应该怎么决定？”‖北海若说：“从道的标准看，什么贵什么贱，都是各自向对立的方向发展。不要拘泥你的思想，否则会与大道相抵触的。哪里多哪里少，那是事物的代谢转化。不要固执你的行为，而与大道有参差。要庄重地象国君那样，对谁都公正无私；坦然自得地象社祭时的土地神，对谁都不偏私福祐；浩荡广大地象天地四方那样无边无际，没有界限。要能同时包容万物，谁也不受到特殊的偏爱，这就叫做‘无方’。天下万物都是一样的，无所谓长短。大道无终无始；万物都有死有生，所以它的存在是不足凭恃的。事物的变化时虚时满，形态也是不固定的。年岁不能提取，时光无法停止，消亡、生长、满盈、亏虚，始终循环。知道这种现象，就可以谈论大道的方向、原则，和万物变化的规律。天下万物的生长，象奔驰一样，没有一个动作不在变易，无时无刻不在转移。你何必耽心于做什么，不做什么呢？它本身就在不断变化。”‖河伯说：“既然如此，又何必重视‘道’呢？”‖北海若说：“懂得道的人，一定能通情达理，通情达理的人，一定很懂得权宜应变，能应变的人，就不会因物而伤害自己。有最高道德的人，火不能烧灼他，水不能淹溺他，严寒酷署都不能伤他，凶禽猛兽不能残害他。这并不是说要他故意去触犯水火、寒署、禽兽，而是说他很能察觉安危、祸福的契机，能小心地选择进退去就，因此外物不能伤害他。所以说：天性是内在的，人为是外在的，道就体现在天性里。知道天性和人为的运行规律，以了解天性为基础，以道德为根据，或退或进，或屈或伸，这就是归结到要点，而我的话也尽于此了。”‖河伯说：“那么，什么是天性？什么是人为？”‖北海若说：“牛和马都有四条腿，这就是天性。给马络上笼头，给牛鼻上穿上绳索，就是人为。所以说：不要用人为去毁灭天性，不要因人事而忽视天命，不要因有限之得而殉无穷之名。小心地紧守这三个原则，这才叫做反朴归真。”","古文观止+选补",""
"劝学","先秦","荀况","君子曰（1）：学不可以已。青，取之于蓝，而青于蓝；冰，水为之，而寒于水。木直中绳，𫐓以为轮（2），其曲中规；虽有槁暴，不复挺者，𫐓使之然 也。故木受绳则直，金就砺则利，君子博学而日参省乎已，则知明而行无过矣（3）。‖吾尝终日而思矣，不如须臾之所学也；吾尝跂而望矣（4），不如登高之博见也。登高而招，臂非加长也，而见者远。顺风而呼，声非加疾也，而闻者彰。假舆马者（5），非利足也，而致千里；假舟楫者（6），非能水也，而绝江河。君子生非异也（7），善假于物也。‖积土成山，风雨兴焉；积水成渊，蛟龙生焉；积善成德，而神明自得，圣心备焉。故不积跬步（8），无以至千里；不积小流，无以成江海。骐骥一跃，不能十步；驽马十驾（9），功在不舍。锲而舍之，朽木不折；锲而不舍，金石可镂。螾无爪牙之利（10），筋骨之强，上食埃土，下饮黄泉，用心一也。蟹六跪而二螯（11），非蛇蟺之穴无可寄托者（12），用心躁也。‖选自上海古籍出版社影印本《二十二子·荀子》‖君子说：学习决不可以停止。染料靛青是从蓝草中提炼取得的，但比蓝草更青；冰是水所结成，可是比水更寒冷。木材本是笔直而符合墨线要求的，但用火熏烤把木材制作成车轮，它的曲度就符合了圆规的要求；即使把它晒干也不再重新挺直，这是火的熏烤使它变成这样的。所以木材经墨线量过，就能取直；金属放在磨刀石上磨过，就能锋利；君子广泛地学习，每天对自己进行检查反省，就明白事理，行为也不会有过错了。‖我曾经整天地冥思苦想，却不如学习片刻有收获；我曾经踮起脚跟眺望远方，却不如登上高处能看得更远。登上高处招手，胳臂并未加长，可是远处的人也能看见。顺着风向呼唤，声音并未加强，可是听的人却很清楚。驾车骑马的人，并非腿脚特别强健，却能到达千里之外。乘坐船艇的人，并非都会游泳，却能横渡江河。君子的先天资质与一般人差异不大，可是聪明能干，这是因为善于凭借和利用客观事物啊。‖积土成为高山，风雨就从山里兴起；积水成为深渊，蛟龙就在渊中生长；积累善行养成美德，人就能情操高尚，智慧日增，也就具备了圣人的思想品质。所以不一步一步踏实地走，无法到达千里之外；不汇集细小的水流，不能成为江海。骏马跳一下，未必能超过十步远；劣马拉车走上十天，也能走得很遥远，它的成功是因为不停地前进。雕刻一下就丢下，即使是朽木也刻不断；不停地雕刻下去，即便是金属石块也能刻成艺术品。蚯蚓并无锋利的爪牙和强壮的筋骨，却能上吃地面的尘土，下饮地底的泉水，这是它用心专一的结果。螃蟹有六条腿和两只大螯，但如果不依靠蛇和黄鳝的洞穴竟然无处可以寄居存身，这是因为它用心浮躁不专的缘故。","古文观止+选补",""
"谏逐客书","先秦","李斯","刘勰《文心雕龙·论说》称：“李斯之止逐客”，“顺情入机，动言中务，虽批逆鳞，而功成计合，此上书之善说也。”当时赶走客卿的主张，已得到秦王同意。李斯反对赶走客卿，触犯秦王，所以称“批逆鳞”，却能“功成计合”，这跟“顺情入机，动言中务”有关。他开头提出“臣闻吏议逐客，窃以为过矣。”把“逐客”说成是“吏议”，使秦皇容易听下去，这就是“顺情”。接下来历举穆公、孝公、惠王、昭王四君任用客卿所收到的功效，这就“入机”，又以“向使四君却客而不内”会怎样，作正反比较，逐客的错误就明显了。‖转到秦王，另起波澜。从秦王爱好的色乐珠玉都不产于秦，然后反复推论，归结到重色乐珠玉而轻人民，“此非所以跨海内、制诸侯之术也。”这就是“动言中务”，正点到秦王要称霸的雄心。接下来又从“地广者粟多”等联系到泰山、河海的比喻，再转到“弃黔首以资敌国”的错误，归结到“今逐客以资敌国”的危殆。这样波澜起伏，正是“飞文敏以济辞”（刘勰语），终于打动了秦王。‖臣闻吏议逐客，窃以为过矣（1）。昔穆公求士（2），西取由余于戎（3），东得百里奚于宛（4），迎蹇叔于宋（5），求丕豹、公孙支于晋（6）。此五人者，不产于秦，而穆公用之，并国二十，遂霸西戎（7）。孝公用商鞅之法（8），移风易俗，民以殷盛，国以富强。百姓乐用，诸侯亲服。获楚、魏之师，举地千里（9），至今治强。惠王用张仪之计（10），拔三川之地；西并巴蜀（11）；北收上郡（12）；南取汉中，包九夷，制鄢郢（13）；东据成皋之险（14），割膏腴之壤。遂散六国之从，使之西面事秦，功施到今。昭王得范雎（15），废穰侯，逐华阳（16），强公室，杜私门，蚕食诸侯，使秦成帝业。此四君者，皆以客之功。由此观之，客何负于秦哉？向使四君却客而不内（17），疏士而不用，是使国无富利之实，而秦无强大之名也。‖今陛下致昆山之玉，有随和之宝，垂明月之珠（18），服太阿之剑，乘纤离之马，建翠凤之旗，树灵鼍之鼓（19）。此数宝者，秦不生一焉，而陛下说之（20），何也？必秦国之所生然后可，则是夜光之璧不饰朝廷，犀象之器不为玩好，郑魏之女不充后宫，而骏马𫘝𫘨不实外厩（21），江南金锡不为用，西蜀丹青不为采。所以饰后宫、充下陈（22）、娱心意、说耳目者，必出于秦然后可，则是宛珠之簪、傅玑之珥、阿缟之衣、锦绣之饰不进于前（23），而随俗雅化（24）、佳冶窈窕赵女不立于侧也。夫击瓮叩缶、弹筝搏髀而歌呼呜呜快耳目者（25），真秦之声也。郑卫桑间、韶虞武象者（26），异国之乐也。今弃击瓮而就郑卫，退弹筝而取韶虞，若是者何也？快意当前适观而已矣。‖今取人则不然，不问可否，不论曲直，非秦者去，为客者逐，然则是所重者在乎色乐珠玉，而所轻者在乎人民也，此非所以跨海内制诸侯之术也。臣闻地广者粟多，国大者人众，兵强则士勇。是以泰山不让土壤，故能成其大；河海不择细流，故能就其深；王者不却众庶，故能明其德。是以地无四方，民无异国，四时充美，鬼神降福，此五帝三王之所以无敌也（27）。今乃弃黔首以资敌国，却宾客以业诸侯，使天下之士，退而不敢西向，裹足不入秦，此所谓藉寇兵而赍盗粮者也（28）。夫物不产于秦可宝者多，士不产于秦而愿忠者众。今逐客以资敌国，损民以益仇，内自虚而外树怨于诸侯，求国之无危，不可得也。‖选自中华书局排印本《史记》‖臣听说官吏在议论赶走客卿，私下认为错了。从前穆公求取士子，西面在西戎那里得到由余，东面在宛地得到百里奚，从宋国迎接蹇叔，从晋国求得丕豹、公孙支。这五个人不生在秦国，穆公任用他们，并吞了二十个部落，得以在西戎称霸。孝公用商鞅变法，移风易俗，百姓富裕兴盛，国家因此富强。百姓乐于听命，诸侯国亲近服从。俘虏了楚魏的军队，开拓千里疆土，直到现在国家治理强盛。惠王用张仪的计划，攻取了三川的地方，向西并吞巴蜀；向北取得上郡；向南占有汉中，包举众多夷族，控制楚国国都鄢郢；向东占据成皋的险要地区，割据富腴的田地。于是解散了六国的合纵，使他们向西服属秦国，功效一直延续到今天。昭王得到范雎，废去了穰侯，赶走了华阳君，加强了王朝，杜塞了私家的弄权，侵占了诸侯国，使秦国建成了帝王大业。这四位君主，都依靠客卿的功劳。从此看来，客卿有什么对不起秦国啊？假使四位君主辞退客卿不接纳，疏远士子不任用，这是使得国家没有富裕的实际，秦国没有强大的声望。‖现在大王得到昆冈的宝玉，有宝贵的随珠和璧，挂着明月珠，佩着太阿剑，驾着纤离马，竖立着翠凤旗，架起了鼍皮鼓。这几样宝物，秦国一样都不生产，王上却喜欢它们，为什么？一定要秦国生产的然后可用，那末夜光璧不能装饰朝廷，犀牛角、象牙制的器物不能成为玩好，郑魏的美女不能充实后宫，𫘝𫘨好马不能充实宫外的马棚，江南的金锡不能用，西蜀的丹青不作为采色。用来装饰后宫、充实后列、娱乐心意满足耳目的，一定要秦国生产的然后可用，那末嵌着宛珠的簪子、配上珠玑的耳饰、东阿丝织的衣服、锦绣的修饰品都不能进用，而化俗为雅、艳丽美好的赵女也不立在旁边。敲着瓦瓮瓦器、弹着筝、拍着大腿唱呜呜以满足视听的，是真正秦国的音乐。郑卫桑间的民间音乐、韶虞武象的朝廷乐舞，都是别国的音乐。现在抛弃击瓮接近郑卫的音乐，不用弹筝而用韶虞的雅乐，这是为什么？要使情意酣畅于眼前以适合观赏罢了。‖现在录用人才却不这样，不问可不可用，不论是非，不是秦国人就去掉，是客卿就赶走，那末所看重的在于女色音乐珠宝玉器，所看轻的在于人民，这不是跨越海内、制服诸侯的方法。臣听说土地广大的粮多，国家大的人多，军队强盛的战士勇敢。因此泰山不推掉泥土，所以能够成就它的大；黄河和大海不摈弃细流，所以能够成就它的深广；王者不拒绝众民，所以能够宣扬他的德教。因此，土地不论四方，百姓不分国别，四季充实美好，鬼神来降福，这是五帝三王之所以无敌的原因。现在却抛弃人民来帮助敌国，辞退宾客去为诸侯建功立业，使得天下的士子后退而不敢向西，停步不进秦国，这就是所谓帮助寇盗兵器并且给与粮食啊。‖东西不产在秦国而可以宝爱的多，士子不生在秦国而愿意效忠的多。现在赶走客卿来帮助敌国，减少百姓来加多敌国的力量，对内使自己虚弱，对外在诸侯国建立怨仇，要想国家没有危险，是不能得到的。","古文观止+选补",""
"会稽刻石","秦","李斯","皇帝休烈（1），平一宇内，德惠攸长（2）。卅有七年（3），亲巡天下，周览远方。遂登会稽，宣省习俗（4），黔首斋庄（5）。群臣诵功，本原事迹，追道高明（6）。秦圣临国，始定刑名（7），显陈旧章。初平法式，审别职任，以立恒常。六王专倍（8），贪戾慠猛（9），率众自强。暴虐恣行，负力而骄，数动甲兵（10）。阴通间使，以事合从（11），行为辟方（12）。内饰诈谋，外来侵边，遂起祸殃。义威诛之，殄熄暴悖（13），乱贼灭亡。圣德广密，六合之中（14），被泽无疆。皇帝并宇，兼听万事，远近毕清。运理群物，考验事实，各载其名。贵贱并通，善否陈前（15），靡有隐情。饰省宣义（16），有子而嫁，倍死不贞。防隔内外，禁止淫佚，男女絜诚。夫为寄猳（17），杀之无罪，男秉义程（18）。妻为逃嫁，子不得母，咸化廉清。大治濯俗，天下承风，蒙被休经（19）。皆遵度轨，和安敦勉（20），莫不顺令。黔首修絜，人乐同则，嘉保太平。后敬奉法，常治无极，舆舟不倾。从臣诵烈，请刻此石，光垂休铭（21）。‖选自中华书局标点本《史记·秦始皇本纪》‖皇帝创业美且盛，境内平定大一统，德泽恩惠长又长。始皇三十有七年，亲自出巡游天下，视察周遍到远方。于是登上会稽山，宣布教化树风尚，国民肃敬又端庄。臣子个个颂功德，寻根求原明事迹，追述往事赞秦皇。秦皇天圣做国君，始立法令正名实，明确公布旧规章。首先统一总法式，审别官职明任务，从此办事有恒常。六王专横背信义，贪心乖戾又凶猛，个个带头想逞强。随心所欲施暴虐，自恃军力太骄狂，屡次出兵动刀枪。暗中通使搞离间，串联合纵拒秦国，所作所为不正当。掩盖内心怀奸计，公然外来侵我疆，天下从此起祸殃。秦国正义威力强，扑灭暴力诛叛逆，乱世寇贼尽灭亡。始皇圣德深又广，充满天地和四方，泽被众生浩无疆。皇帝统一海内地，兼听天下万千事，远远近近政治清。运用道理管万物，确定是非看事实，载入史册须正名。无论贵贱法通用，是非公诸众人前，不准欺骗有隐情。文饰过错说有理，夫死弃子再嫁人，加倍死罪惩不贞。内外隔绝防范严，禁止男女犯奸淫，人人干净心要诚。有妇之夫淫人妻，杀死奸夫不算罪，男子礼仪有章程。为人之妻若逃嫁，害得子女失母亲，都要教育使廉清。政治统一改陋俗，天下众民受教化，善经美典披在身。人人知道遵法度，家家和好共敦勉，天下无不听王令。国民都能修洁心，乐守规矩同法则，吉庆欢乐保太平。后人奉公敬守法，长治久安无尽期，犹如车船永不倾。随从群臣齐歌颂，请求刻石树丰碑，光辉永留映美铭。","古文观止+选补",""
"过秦论（上）","汉","贾谊","秦孝公据殽函之固（1），拥雍州之地（2），君臣固守，而窥周室（3）；有席卷天下、包举宇内、囊括四海之意，并吞八荒之心（4）。当是时，商君佐之（5），内立法度，务耕织，修守战之备；外连衡而斗诸侯（6）。于是秦人拱手而取西河之外（7）。‖孝公既没，惠文、武、昭蒙故业（8），因遗册（9），南兼汉中（10），西举巴蜀（11），东据膏腴之地，收要害之郡（12）。诸侯恐惧，会盟而谋弱秦：不爱珍器、重宝、肥美之地，以致天下之士，合从缔交（13），相与为一。当是时，齐有孟尝（14），赵有平原（15），楚有春申（16），魏有信陵（17）。此四君者，皆明知而忠信，宽厚而爱人，尊贤重士，约从离衡（18），并韩、魏、燕、楚、齐、赵、宋、卫、中山之众。于是六国之士，有宁越、徐尚、苏秦、杜赫之属为之谋，齐明、周最、陈轸、昭滑、楼缓、翟景、苏厉、乐毅之徒通其意，吴起、孙膑、带佗、儿良、王廖、田忌、廉颇、赵奢之朋制其兵（19），常以十倍之地，百万之众，叩关而攻秦。秦人开关延敌，九国之士逡巡遁逃而不敢进（20）。秦无亡失遗镞之费（21），而天下诸侯已困矣。于是纵散约解，争割地而奉秦。秦有余力制其弊，追亡逐北（22），伏尸百万，流血漂卤（23）。因利乘便，宰割天下，分裂河山，彊国请服（24），弱国入朝。‖延及孝文王、庄襄王，享国日浅（25），国家无事。及至秦王（26），续六世之余烈（27），振长策而御宇内，吞二周而亡诸侯（28），履至尊而制六合（29），执棰拊以鞭笞天下（30），威震四海。南取百越之地（31），以为桂林、象郡（32）。百越之君，俛首系颈（33），委命下吏。乃使蒙恬北筑长城（34），而守藩篱（35），却匈奴七百余里。胡人不敢南下而牧马，士不敢弯弓而报怨。‖于是废先王之道，焚百家之言（36），以愚黔首（37）。堕名城（38），杀豪俊，收天下之兵聚之咸阳，销锋铸鐻（39），以为金人十二，以弱黔首之民。然后斩华为城（40），因河为津（41），据亿丈之城，临不测之溪以为固。良将劲弩，守要害之处，信臣精卒，陈利兵而谁何（42）！天下已定，秦王之心，自以为关中之固，金城千里，子孙帝王万世之业也。‖秦王既没，余威震于殊俗（43）。然而陈涉（44），瓮牖绳枢之子（45），甿隶之人（46），而迁徙之徙（47），才能不及中人，非有仲尼、墨翟之贤（48），陶朱、猗顿之富（49）；蹑足行伍之间（50），而崛起什伯之中（51），率罢散之卒（52），将数百之众，而转攻秦。斩木为兵，揭竿为旗，天下云集响应，赢粮而景从（53），山东豪俊遂并起而亡秦族矣。‖且夫天下非小弱也。雍州之地，殽函之固，自若也。陈涉之位，非尊于齐、楚、燕、赵、宋、卫、中山之君；鉏櫌棘矜（54），非铣于句戟长铩也（55）；适戍之众（56），非抗于九国之师（57）；深谋远虑，行军用兵之道，非及乡时之士也（58）。然而成败异变，功业相反也。试使山东之国与陈涉度长絜大（59），比权量力，则不可同年而语矣。然秦以区区之地，千乘之权（60），招八州而朝同列（61），百有余年矣。然后以六合为家，殽、函为宫。一夫作 难而七庙堕（62），身死人手，为天下笑者，何也？仁义不施，而攻守之势异也。‖选自百衲本《史记·秦始皇本纪》‖秦孝公凭据崤山和函谷关那样险固的关隘，又拥有雍州的土地，君臣固守疆土，暗中窥探东周王朝的虚实，怀有席卷天下、包举四方、囊括四海、吞并八荒之地的野心。这时，商鞅辅佐秦孝公，对内建立法规制度，鼓励农民种田和织布，修造防守和进攻的武器装备；对外推行连横政策，使诸侯之间互相争斗。于是，秦人轻而易举地夺取了黄河以西的大片土地。‖秦孝公死后，惠文王、武王、昭王继承祖上的事业，遵循既定的政策，向南兼并了汉中，向西攻取了巴、蜀，在东面占据了肥沃的土地，割取了地势险要的州郡。诸侯们很害怕，共同结盟来设法削弱秦国：他们不吝惜珍奇的器具、贵重的宝物、肥沃的土地，用以招纳普天下的才士，“合纵”结成同盟，相互联成一体。在这时，齐国有孟尝君，赵国有平原君，楚国有春申君，魏国有信陵君。这四位君子都聪明、忠诚、讲信用，对人宽厚而友爱，尊重贤士，相约用合纵来离散秦国的连横，联合了韩国、魏国、燕国、楚国、齐国、赵国、宋国、卫国、中山国的兵力。于是，东方六国的士人，有宁越、徐尚、苏秦、杜赫这班人替他们出谋献策，有齐明、周最、陈轸、昭滑、楼缓、翟景、苏厉、乐毅这班人替他们互通消息，有吴起、孙膑、带佗、儿良、王廖、田忌、廉颇、赵奢这班人替他们统帅军队，常常以十倍于秦的土地做后方，率领万大军，逼临函谷关进攻秦国。秦人大开关门，引敌入境，但九国的将士徘徊犹豫，结果逃之夭夭而不敢进击。秦国既未丢失土地、又不化费兵力，而各诸侯国已陷入了困境。于是合纵离散，盟约解除，各国争着割让土地去讨好秦国。秦国有余力控制并利用各国诸侯的弱点，追逐逃亡、失败的各国士兵，被杀的人多达百万，流的血可以漂浮起大盾。秦国乘着胜利的机会，宰割天下的土地，分裂各国的河山，迫使强国请求投降，弱国入秦朝拜。‖延续到孝文王、庄襄王，他们在位的时间短，国家没有重大的战事。到了秦始皇，他继承了六世祖先积聚的功业，挥动长鞭统治天下，吞并了周王朝，又灭亡了六国诸侯，终于登上了至高无上的皇帝宝座，统治了天下四方，手执棍棒鞭挞天下百姓，威震四海。他向南攻取了百越的土地，设置桂林郡和象郡。百越的君主低着头、把绳索套在脖颈上前来投降，听命于秦朝的官吏。于是，又派遣蒙恬在北方修筑长城，以防守边境，把匈奴击退了七百多里。匈奴人不敢再南下放马，士兵也不敢挑起战事报仇。‖于是，秦始皇完全废除前代君王治国的原则，焚烧诸子百家的著作，以使百姓愚昧无知。又毁坏六国的名城，杀害六国的豪杰俊才，收集全国的兵器聚集到咸阳，销毁锋刃而铸成钟鼓，又制作十二个铜人，以削弱百姓的力量。然后据守华山以为咸阳的城墙，凭借黄河作为护城河，据守着亿丈高的城墙，下临深不可测的护城河，以为这样就固若金汤了。又派遣良将手持硬弓，驻守要害之处，派遣忠实的大臣率领精锐的士兵，手执锐利的兵器盘问过往的行人。天下已经安定了，秦始皇的心里，自以为关中地势的坚固，就象千里铜墙铁壁，真是子孙后代称帝万世的基业。‖秦始皇死后，他的余威还波及偏远地区。然而，陈涉，这位用破瓮作窗、用绳子拴着门板人家的子弟，卑贱的农夫，后来是谪罚戍边的士卒，才能不及一般人，又没有孔子、墨子的贤能，陶朱公、猗顿的富有，置身于士卒之间，却崛起于行伍之中，率领疲惫散乱的士兵，统领着数百人的队伍，辗转推进，攻打秦朝。他们斩断树木作兵器，撑起竹竿当旗帜，天下人象云集般汇聚，象回声般响应，身背粮食如影随身般地跟从陈涉，于是，殽山以东的豪杰英俊就一齐起来消灭秦王朝了。‖至于秦朝的天下，并没有受到侵夺而缩小削弱，雍州的土地，殽山和函谷关的险固，仍然和过去一样。陈涉的地位，也不比齐国、楚国、燕国、赵国、宋国、卫国、中山国的君主尊贵；他手中的锄头和木棍，并不比钩戟长矛锋利；谪罚守边的士卒，战斗力并不超过九国的军队；深谋远虑，行军用兵的战略战术，又比不上过去六国的谋士。然而，成功和失败却发生了变化，建立功业的人正好相反。如果比较一下殽山以东的诸侯国与陈涉的强弱，比较二者的权势和实力，那就不可以同日而语了。然而，当初秦国凭借小小的国士和千辆兵车的国力，却迫令八州诸侯称臣，使原先位处同列的诸侯入秦朝拜，达一百多年之久。然后以天地四方为家，把殽山和函谷关当作宫墙。谁料陈涉一人起来发难，秦朝的社稷就毁灭了，国君死在别人的手里，被天下人嘲笑，这是什么道理呢？就因为不施行仁义，而攻守的形势也就不同了。","古文观止+选补",""
"齐桓公伐楚","","佚名","楚子使与师言日（2）：“君处北海，寡人处南海（3），唯是风马牛不 相及也（4）。不虞君之涉吾地也（5），何故？”管仲对曰：“昔召康公命 我先君大公曰（6）：‘五候九伯（7），女实征之（8），以夹辅周室。’赐我先 君履（9）：东至于海，西至于河，南至于穆陵，北至于无隶。尔贡 包茅不入（11），王祭不共（12），无以缩酒（13），寡人是征（14）；昭王南征而不 复，寡人是问（15）。”对曰：“贡之不入，寡君之罪也，敢不共给？昭 王不复，君其问诸水滨。”师进，次于陉（16）。‖夏，楚子使屈完如师（17）。师退，次于召陵（18）。‖齐侯陈诸侯之师，与屈完乘而观之。齐侯曰：“岂不谷是为？ 先君之好是继（19）。与不谷同好，如何？”对曰：“君惠徼福于敝邑之 社稷（20），辱收寡君（21），寡君之愿也。”齐侯曰：“以此众战（22），谁能御 之！以此攻城，何城不克！”对曰“：“君若以德绥诸候（23），准敢不服？ 君若以力，楚国方城以为城（24），汉水以为池，虽众，无所用之！”‖屈完及诸侯盟（25）。","古文观止+选补",""
"治安策","汉","贾 谊","黄帝曰（18）：“日中必<bzgwgz_002/bz>，操刀必割（19）。”今令此道顺（20），而全安甚易（21）；不肯早为，已乃堕骨肉之属而抗刭之（22），岂有异秦之季世乎（23）！夫以天子之位，乘今之时，因天之助，尚惮以危为安，以乱为治，假设陛下居齐桓之处（24），将不合诸侯而匡天下乎（25）？臣又以知陛下有所必不能矣（26）。假设天下如曩时（27），淮阴侯尚王楚，黥布王淮南，彭越王梁，韩信王韩，张敖王赵，贯高为相，卢绾王燕，陈狶在代（28），令此六七公者皆亡恙（29），当是时而陛下即天子位，能自安乎？臣有以知陛下之不能也。天下殽乱（30），高皇帝与诸公倂起（31），非有仄室之势以豫席之也（32）。诸公幸者乃为中涓（33），其次仅得舍人（34），材之不逮至远也（35）。高皇帝以明圣威武即天子位，割膏腴之地以王诸公（36），多者百余城，少者乃三四十县，德至渥也（37），然其后十年之间，反者九起。陛下之与诸公，非亲角材而臣之也（38），又非身封王之也（39），自高皇帝不能以是一岁为安（40），故臣知陛下之不能也。‖然尚有可诿者（41），曰疏（42）。臣请试言其亲者（43）。假令悼惠王王齐，元王王楚，中子王赵，幽王王淮阳，共王王梁，灵王王燕，厉王王淮南（44），六七贵人皆亡恙，当是时陛下即位，能为治乎？臣又知陛下之不能也。若此诸王，虽名为臣，实皆有布衣昆弟之心（45），虑无不帝制而天子自为者（46）。擅爵人，赦死罪（47），甚者或戴黄屋（48），汉法令非行也。虽行不轨如厉王者，令之不肯听，召之安可致乎！幸而来至，法安可得加！动一亲戚，天下圜视而起（49），陛下之臣虽有悍如冯敬者（50），适启其口，匕首已陷其胸矣。陛下虽贤，谁与领此（51）？‖故疏者必危，亲者必乱，已然之效也（52）。其异姓负强而动者（53），汉已幸胜之矣，又不易其所以然（54）。同姓袭是迹而动（55），既有征矣（56），其势尽又复然。殃祸之变未知所移（57），明帝处之尚不能以安，后世将如之何！‖屠牛坦一朝解十二牛（58），而芒刃不顿者（59），所排击剥割（60），皆众理解也（61）。至于髋髀之所（62），非斤则斧（63）。夫仁义恩厚，人主之芒刃也；权势法制，人主之斤斧也。今诸侯王皆众髋髀也，释斤斧之用，而欲婴以芒刃（64），臣以为不缺则折。胡不用之淮南、济北？势不可也。‖臣窃迹前事（65），大抵强者先反，淮阴王楚最强，则最先反；韩信倚胡（66），则又反；贯高因赵资（67），则又反；陈狶兵精，则又反；彭越用梁（68），则又反；黥布用淮南，则又反；卢绾最弱，最后反。长沙乃在二万五千户耳（69），功少而最完（70），势疏而最忠（71），非独性异人也，亦形势然也。曩令樊、郦、绛、灌据数十城而王（72），今虽以残亡可也（73）；令信、越之伦列为彻侯而居（74），虽至今存可也。‖然则天下之大计可知已。欲诸王之皆忠附，则莫若令如长沙王，欲臣子之勿菹醢（75），则莫若令如樊郦等；欲天下之治安，莫若众建诸侯而少其力（76）。力少则易使以义（77），国小则亡邪心。令海内之势如身之使臂，臂之使指，莫不制从。诸侯之君不敢有异心，辐凑并进而归命天子（78），虽在细民（79），且知其安，故天下咸知陛下之明。割地定制（80），令齐、赵、楚各为若干国，使悼惠王、幽王、元王之子孙毕以次各受祖之分地，地尽而止，及燕、梁它国皆然。其分地众而子孙少者，建以为国，空而置之，须其子孙生者，举使君之（81）。诸侯之地其削颇入汉者（82），为徙其侯国（83），及封其子孙也，所以数偿之（84）；一寸之地，一人之众，天子亡所利焉，诚以定治而已（85），故天下咸知陛下之廉。地制壹定，宗室子孙莫虑不王（86），下无倍畔之心（87），上无诛伐之志，故天下咸知陛下之仁。法立而不犯，令行而不逆，贯高、利几之谋不生（88），柴奇、开章不计不萌（89），细民乡善（90），大臣致顺，故天下咸知陛下之义。卧赤子天下之上而安（91），植遗腹（92），朝委裘（93），而天下不乱。当时大治，后世诵圣。壹动而五业附（94），陛下谁惮而久不为此（95）？‖天下之势方病大瘇（96）。一胫之大几如要（97），一指之大几如股（98），平居不可屈信（99），一二指搐（100），身虑亡聊（101）。失今不治，必为锢疾（102），后虽有扁鹊（103），不能为已。病非徒瘇也，又苦跖戾（104）。元王之子（105），帝之从弟也，今之王者（106），从弟之子也。惠王之子（107），亲兄子也；今之王者（108），兄子之子也。亲者或亡分地以安天下（109），疏者或制大权以偪天子（110），臣故曰非徒病瘇也，又苦跖戾。可痛哭者，此病是也（111）。‖选自中华书局排印本《汉书·贾谊传》‖建立的诸侯国过于强大，必然形成中央与诸侯相疑忌的形势，诸侯已多次遭受这种局面的祸害，朝廷也多次受到诸侯叛乱的伤害，实在不是稳固中央政权、保全诸侯王国的办法。而今或者有皇帝的亲弟弟谋作“东帝”，或者有亲兄之子发兵西向，眼下吴王抗拒朝廷命令的事又被人告上来了。皇帝正当壮年，行事得宜，没有过失，对那些诸侯王恩德有加，尚且如此，何况还有一个最大的诸侯，其力量十倍于此呢。‖然而天下尚能稍稍安定，这是为什么呢？这是因为，那些大诸侯国的国君年纪尚幼，朝廷给他们设置的太傅和丞相，还正掌握着大权。数年之后，这些诸侯王大多将成年，血气方刚，朝廷委派的太傅丞相，会以身体有病为由被解职，于是诸侯国中从丞尉以上的大小百官，会全部安插诸侯王的亲信，像这样，同淮南王、济北王的行为还有什么两样呢？到那时再想天下太平，即使是尧舜再世也没有办法了。‖黄帝说：“太阳当头时一定要曝晒物件，利刀在手时一定要宰割什么。”现在如果能够按照这个道理去做，求得下全上安很容易；不愿及早行动，日后弄到毁弃骨肉之亲，甚至送去杀头，难道与秦朝末年有什么两样吗？再说，处在天子的地位，乘着今日有利的时机，靠着上天的帮助，尚且担心不能转危为安，变乱为治，假设陛下处于齐桓公的地位，能不能大会诸侯、匡正天下呢？我又知道陛下是一定不能够的。假设天下如过去一样，淮阴侯韩堆仍在做楚王，黥布在做淮南王，彭越在做梁王，韩王信在做韩王，张敖在做赵王，贯高为赵相，卢绾在做燕王，陈狶在做代王，假令此六七公都还好好活着，在这种情况下，陛下即天子位，能自保平安吗？我有理由认为陛下是不能的。秦末天下大乱，高皇帝与上述诸公一同起事，他并没有如陛下那样作为皇帝侧室之子的势力以为凭资，诸公中的幸运者才能成为近臣，等而下之者只能作门客，他们的才能同高祖相比差得远了，高皇帝凭着圣明威武，登上了天子的宝座，分出肥沃的土地，封诸公为王，多的据有百余城，少的也有三四十个县，恩德是很厚的了，但在其后的十年之间，叛乱发生了九次。陛下之与诸公，没有亲自同他们较量并使他们臣服，也没有亲自分封他们为诸侯王。从高皇帝开始就不能以此求得一年的太平，所以我知道陛下也是无法得到安宁的。‖但是还有一种可以推诿的说法：这些人本不是高皇帝的亲属。那么我再来说说那些皇亲。假令悼惠王仍做着齐王，元王做着楚王，中子做着赵王，幽王做着淮阳王，共王做着梁王，灵王做着燕王，厉王做着淮南王，这六七位贵人都还好好活着，在这种情势下陛下登上皇位，能太平吗？我又知道陛下是不能的了。像这些诸侯王，虽然名义上是臣子，实际上都认为同陛下是像平民兄弟那样的关系，我估计他们没有一个不想仿行皇帝的礼仪制度而自己做天子的。擅自封人爵位，赦免死囚，其中最为过分的人甚至用了皇帝的车马仪仗，汉廷的法令在他们身上行不通了。即使是行为不轨像厉王这样的人，命令他都不肯服从，召见他怎么可能来呢？即使来了，也不能绳之以法，触动一个亲戚，同姓王们就会相顾联合起而谋叛。陛下的臣子中，即便有勇猛如冯敬这样的人，刚刚开出口来，刺客的匕首就已经插入他的胸膛了。陛下虽然贤明，有谁能帮助你处理这些事呢？‖所以异姓王一定会引起危险，同姓王也必定发生叛乱，这已经成为事实了。异姓王恃强发动暴乱的，汉朝已幸而战胜他们，但又不改变之所以发生祸乱的制度。同姓王沿袭异姓王的行径而谋叛，已经有兆头了，象这样发展下去，必同异姓王完全一样。灾祸的变化，还不知会怎么样，贤明的陛下处于这种形势，尚且不能得到安宁，到后世还能拿出什么办法来对付呢？‖屠牛坦之所以一天能解割十二头牛，而锋刃不钝，是因为他所批击剥割的地方，都在肌理肢节的缝隙之间。至于髋髀等大骨头，就一定要用斧头来砍了。仁义恩厚，就是天子的锋刃；权势法制，则是天子的斧斤。现在的诸侯王，都是那些髋髀之类，丢开斧斤不用，而想施以锋刃，我以为不是缺口就是折断。为什么不能用仁义恩厚去对待淮南王、济北王这些人呢？是形势不允许。‖我曾总结过去的经验，发现大抵是强者先反。淮阴侯韩信做楚王，最强大，就最先反叛；韩王信倚靠匈奴，接着又反叛；贯高有赵国的资助，就又反叛；陈狶兵精，又反叛；彭越凭借做梁王的势力，又反叛；黥布利用做淮南王的条件，又反叛；卢绾最弱，最后反叛。长沙王的封地只有二万五千户，功劳少但最为完好，同皇族关系疏远，却最忠顺，不是仅因为他秉性与众不同，也是形势造成的。假使当年让樊哙、郦商、周勃、灌婴也据有几十个城市而封王，今天即使说他们已经因此而衰败，也是可能的；如果让韩信、彭越之流列为普通的彻侯，即使说他们至今仍完好也是不会错的。‖那末天下之大计已经可以知道了。想要诸侯王都忠实附顺，则莫过于使他们都象长沙王；想要臣子不至于因为谋反而被剁成肉酱，莫过于使他们都象樊哙、郦商那样；想要使天下太平，莫过于多封一些诸侯，并减弱每个诸侯国的力量。力量单薄就容易使他们遵守朝廷法纪，国土狭小则不会有邪念。让天下之势，象身体指使臂膀，臂膀带动手指，没有不服从的。诸侯国的君主不敢有什么异心，象车辐归聚轴心那样，归心于天子，即使是平民百姓，也知道能够安心，所以天下人都会体会到陛下的英明。定出分割土地的制度，规定齐国、赵国、楚国各分为若干小诸侯国，使悼惠王、幽王、元王的子孙，全都依次得到祖上所受的封地，一直到土地分完为止，其余梁、燕各国都照这样办。那些分地多而子孙少的诸侯王，可以让一些新建立的诸侯国，暂时空缺而搁置一边，等待他们有了子孙，再让子孙去做诸侯国国君。诸侯国因犯罪而被朝廷挖夺了大片土地的，就迁徙他们的侯国，等到封他们的子孙时如数尝还。诸侯国的一寸土地、一个辖民，天子都不据为已有，只是为了国家稳定而已，所以天下人都知道陛下的廉明。分土制度确立之后，皇室宗族的子孙都不愁做不成王了，下面没有背叛的念头，上面没有诛伐的打算，所以天下之人都理解陛下对他们的仁爱。法令制订了无人触犯，命令发布后无人反对，象贯高、利几那样的叛谋就不会产生，柴奇、开章的反计也不会萌发，百姓安于本业，大臣更加恭顺，因此天下人都领会到陛下的法理用心。即使是年幼小儿做皇帝天下也会安定，甚至扶植遗腹子为君，或以亡君的礼服接受朝拜，天下也不会乱套，当代天下大治，后世歌颂圣明。采取一个措施，可以得到明、廉、仁、义、圣五项功业，陛下究竟顾忌什么而久久不这样做呢？‖当今天下形势，毛病正如脚腿严重浮肿，一条小腿肿得和腰一样粗，一根脚趾肿得象腿一样大，平时无法屈伸，只要有一二个脚趾抽筋，就会担心整个身体失去依靠，错过今天的机会不治疗，一定会成为顽症，以后即使有扁鹊那样的神医，也无能为力了。毛病还不单是脚腿浮肿，还苦于脚掌扭折。元王的儿子，是陛下的堂弟，现在继位的，是堂弟的儿子；惠王的儿子，是陛下亲哥哥的儿子，现在继位的，是兄子之子。嫡系子孙有的还没有封地以使天下安定，非嫡系子孙反倒握有大权以威胁天子。所以我说，还不单有脚腿浮肿的毛病，又苦于脚掌扭折，本末倒置。可以为之痛哭的，就是这种病啊！","古文观止+选补",""
"上书谏猎","汉","司马相如","臣间物有同类而殊能者，故力称乌获（1），捷言庆忌（2），勇期贲、育（3）。臣之愚，窃以为人诚有之，兽亦宜然。今陛下好陵阻险，射猛兽，卒然遇逸材之兽（4），骇不存之地，犯属车之清尘（5），舆不及还辕（6），人不暇施巧，虽有乌获、逢蒙之技不能用（7），枯木朽枝尽为难矣。是胡越起于毂下（8），而羌夷接轸也（9），岂不殆哉！虽万全而无患，然本非天子之所宜近也。‖且夫清道而后行，中路而驰，犹时有衔橛之变（10）。况乎涉丰草，骋丘虚，前有利兽之乐，而内无存变之意，其为害也不难矣。夫轻万乘之重不以为安（11），乐出万有一危之途以为娱，臣窃为陛下不取。‖盖明者远见于未萌，而知者避危于无形，祸固多藏于隐微而发于人之所忽者也。故鄙谚曰：“家累千金，坐不垂堂（12）。”此言虽小，可以喻大。臣愿陛下留意幸察。‖选自中华书局排印本《汉书》‖臣子听说物有族类相同而能力不一样的，所以力气要称誉乌获，速度要说起庆忌，勇敢要数到孟贲、夏育。臣子愚蠢，私下认为人确实有这种力士勇士，兽类也应该是这样。现在陛下喜欢登险峻难行之处，射猎猛兽，要是突然遇到特别凶猛的野兽，它们因无藏身之地而惊起，冒犯了您圣驾车骑的正常前进，车子来不及掉头，人来不及随机应变，即使有乌获、逢蒙的技术也施展不开，枯树朽枝全都成了障碍。这就象胡人越人从车轮下窜出，羌人夷人紧跟在车子后面，岂不危险啊！即使一切安全不会有危险，但这类事本来不是皇上应该接近的啊。‖况且清扫了道路而后行车，驰骋在大路中间，尚且不时会出现拉断了马嚼子、滑出了车钩心之类的事故。何况在密层层的草丛里穿过，在小丘土堆里奔驰，前面有猎获野兽的快乐在引诱，心里却没有应付事故的准备，这样造成祸害也就不难了。看轻皇帝的贵重不以为安逸，乐于外出到可能发生万一的危险道路上去以为有趣，臣子以为陛下这样不可取。‖聪明的人在事端尚未萌生时就能预见到，智慧的人在危险还未露头时就能避开它，灾祸本来就多藏在隐蔽细微之处，而暴发在人忽视它的时候。所以俗语说：“家里积聚了千金，就不坐在近屋檐的地方。”这说的虽是小事，却可以引申到大的问题上。臣子希望陛下留意明察。","古文观止+选补",""
"项羽本纪","汉","司马迁","沛公军霸上（1），未得与项羽相见。沛公左司马曹无伤使人言于项羽曰（2）：“沛公欲王关中（3），使子婴为相（4），珍宝尽有之。”项羽大怒，曰：“旦日飨士卒（5），为击破沛公军（6）！”‖当是时，项羽兵四十万，在新丰鸿门（7）；沛公兵十万，在霸上。范增说项羽曰（8）：“沛公居山东时（9），贪于财货，好美姬。今入关，财物无所取，妇女无所幸，此其志不在小。吾令人望其气，皆为龙虎，成五采，此天子气也（10）。急击勿失！”‖楚左尹项伯者（11），项羽季父也，素善留侯张良（12）张良是时从沛公。项伯乃夜驰之沛公军，私见张良，具告以事，欲呼张良与俱去，曰：“毋从俱死也。”张良曰：“臣为韩王送沛公（13）。沛公今事有急，亡去，不义。不可不语。”良乃入，具告沛公。沛公大惊，曰：“为之奈何？”张良曰：“谁为大王为此计者？”曰：“鲰生说我曰（14），‘距关毋内诸侯（15），秦地可尽王也。’故听之。”良曰：“料大王士卒足以当项王乎？”沛公默然，曰：“固不如也。且为之奈何？”张良曰：“请往谓项伯，言沛公不敢背项王也。”沛公曰：“君安与项伯有故？”张良曰：“秦时与臣游，项伯杀人，臣活之（16）。今事有急，故幸来告良。”沛公曰：“孰与君少长？”良曰：“长于臣。”沛公曰：“君为我呼入，吾得兄事之。”张良出，要项伯（17）。项伯即入见沛公。沛公奉卮酒为寿（18），约为婚姻，曰：“吾入关，秋豪不敢有所近（19），籍吏民（20），封府库（21），而待将军。所以遣将守关者，备他盗之出入与非常也。日夜望将军至，岂敢反乎！愿伯具言臣之不敢倍德也（22）。”项伯许诺，谓沛公曰：“旦日不可不蚤自来谢项王（23）！”沛公曰：“诺。”于是项伯复夜去。至军中，具以沛公言报项王。因言曰：“沛公不先破关中，公岂敢入乎？今人有大功而击之，不义也。不如因善遇之。”项王许诺。‖沛公旦日从百余骑来见项王（24），至鸿门，谢曰：“臣与将军戮力而攻秦（25），将军战河北，臣战河南，然不自意能先入关破秦，得复见将军于此。今者有小人之言，令将军与臣有郤（26）。”项王曰：“此沛公左司马曹无伤言之，不然，籍何以至此。”项王即日因留沛公与饮。项王、项伯东向坐（27）；亚父南向坐亚父者，范增也；沛公北向坐；张良西向侍。范增数目项王（28），举所佩玉玦以示之者三（29）。项王默然不应。范增起，出召项庄（30），谓曰：“君王为人不忍（31），若入前为寿，寿毕，请以剑舞，因击沛公于坐，杀之。不者，若属皆且为所虏！”庄则入为寿，寿毕，曰：“君王与沛公饮，军中无以为乐，请以剑舞。”项王曰：“诺。”项庄拔剑起舞，项伯亦拔剑起舞，常以身翼蔽沛公（32），庄不得击。‖于是张良至军门（33），见樊哙（34），樊哙曰：“今日之事何如？”良曰：“甚急！今者项庄拔剑舞，其意常在沛公也。”哙曰：“此迫矣！臣请入，与之同命！”哙即带剑拥盾入军门。交戟之卫士欲止不内（35），樊哙侧其盾以撞，卫士仆地。哙遂入。披帷西向立，瞋目视项王（36），头发上指，目眦尽裂（37）。项王按剑而跽曰（38）：“客何为者？”张良曰：“沛公之参乘樊哙者也（39）。”项王曰：“壮士！赐之卮酒！”则与斗卮酒（40）。哙拜谢，起，立而饮之。项王曰：“赐之彘肩（41）！”则与一生彘肩。樊哙覆其盾于地，加彘肩上，拔剑切而啖之（42）。项王曰：“壮士！能复饮乎？”樊哙曰：“臣死且不避，卮酒安足辞！夫秦王有虎狼之心，杀人如不能举（43），刑人如恐不胜，天下皆叛之。怀王与诸将约曰：‘先破秦入咸阳者王之（44）。今沛公先破秦入咸阳，毫毛不敢有所近，封闭宫室，还军霸上，以待大王来。故遣将守关者，备他盗出入与非常也（45）。劳苦而功高如此，未有封侯之赏，而听细说（46），欲诛有功之人，此亡秦之续耳，窃为大王不取也（47）。”项王未有以应，曰：“坐！”樊哙从良坐。坐须臾（48），沛公起如厕（49），因招樊哙出。‖沛公已出，项王使都尉陈平召沛公（50）。沛公曰：“今者出，未辞也，为之奈何？”樊哙曰：“大行不顾细谨，大礼不辞小让。如今人方为刀俎，我为鱼肉，何辞为？”于是遂去。乃令张良留谢。良问曰：“大王来何操？”曰：“我持白璧一双（51），欲献项王；玉斗一双（52），欲与亚父。会其怒，不敢献。公为我献之。”张良曰：“谨诺。”当是时，项王军在鸿门下，沛公军在霸上，相去四十里。沛公则置车骑，脱身独骑（53），与樊哙、夏侯婴、靳彊、纪信等四人持剑盾步走（54），从郦山下（55），道芷阳间行（56），沛公谓张良曰：“从此道至吾军，不过二十里耳。度我至军中（57），公乃入。”沛公已去，间至军中（58），张良入，谢曰：“沛公不胜杯杓（59），不能辞。谨使臣良奉白璧一双，再拜献大王足下（60）；玉斗一双，再拜奉大将军足下（61）。”项王曰：“沛公安在？”良曰：“闻大王有意督过之（62），脱身独去，已至军矣。”项王则受璧，置之坐上。亚父受玉斗，置之地，拔剑撞而破之，曰：“唉（63）！竖子不足与谋（64），夺项王天下者，必沛公也。吾属今为之虏矣！”‖沛公至军，立诛杀曹无伤。‖选自中华书局标点本《史记》‖沛公刘邦驻军在霸上，还没有得到机会与项羽相见。他的左司马曹无伤派人对项羽说：“沛公想在关中称王，让亡秦之君子婴作丞相，把秦国的珍宝都占为己有。”项羽听了大怒，说：“明天一早，好好犒劳士兵们，让他们一举击溃沛公的部队。‖当时的形势是，项羽有四十万军队，驻在新丰县鸿门阪；刘邦才十万士兵，在霸上。项羽的谋臣范增劝谏他道：“沛公在崤山之东时，既贪财物，又好女色。现在进了关，反而既不取财物，又不近妇女，这说明他的志气不小啊！我让人观望他顶上的云气，都结成龙虎之形，呈现出五采祥色，这是天子之气啊。大王务必尽快将他击破，千万不能丧失时机！”‖项羽的左尹项伯，是他的族叔，与后来封为留侯的张良一向交情很深张良这时跟随着刘邦。于是项伯就星夜骑马到刘邦军中，偷偷地会见张良，把楚营的部置都告诉了他，想叫张良和他一起逃走。项伯说：“千万不要跟着刘邦一起找死啊！”张良说：“我替韩王韩成护送沛公，现在沛公遇到了急难之事，我如果逃去，就是不义。这事不能不向沛公禀报。”于是张良就进入沛公帐中，把事情一五一十告禀了他。刘邦大惊，说：“这事可怎么办呢！”张良说：“谁替大王设下了在关中称王的计划呢？”刘邦回答：“是那浅陋无知的小人劝我说：‘只要凭依函谷关天险，抵拒诸侯，不放他们进关，就可以君临整个秦中之地’所以我听从了他。”张良又说：“大王自己估量一下，您的军队足以与项羽匹敌吗？”刘邦沉默了一会儿，说：“本来就不如项羽啊！然而现在又该怎么办呢？”张良说：“请允许我去对项伯讲，说是沛公不敢背离项王啊！”刘邦问道：“先生又怎么会和项伯有交情的呢？”张良答道：“还在秦朝时，项伯就和臣交游，他杀了人，臣设法救了他。所以现在有了急难，他就来告诉我，真是幸亏了他啊！”刘邦又问：“项伯与先生谁年长？”张良说：“项伯比臣年龄大。”刘邦听了说：“先生替我叫他进来，我可以象对兄长那样接待他。”张良就又出去，邀请项伯，项伯立刻就进去见刘邦。刘邦恭恭敬敬地捧了一卮酒，祝项伯长寿，并和他约定结为儿女亲家，然后说：“我进了关后，亡秦的一切，丝毫也不敢动用，只是把官吏民户登记成册，封存了官府的仓库，一心等待项将军到来。我之所以要派将士守卫函谷关，只是为了防备那些盗贼出入和意外的变故啊！希望兄长把我的心意详细转告，臣决不敢有背项王的恩德啊！”项伯答应了，对刘邦说：“明天一早，您千万不可不尽早来向项王当面赔罪！”刘邦说：“是！”于是项伯又连夜回去，到了楚军中，把刘邦的话详详细细地禀报了项羽，又说道：“如果不是沛公先攻破关中，您怎么能轻易进关呢！现在别人立了大功，您反而要去攻击他，这是不义之举啊！倒不如趁刘邦效忠之机，好好地对待他！”项王同意了。‖第二天清早，刘邦只带了一百多骑从来拜见项王，到了鸿门，向项羽赔罪道：“臣与将军协力攻秦，将军在黄河以北作战，臣在河南作战，然而我自己也未料到竟然能先进入关中破秦，得以在此地重见将军。现在有小人的流言蜚语，企图使将军与臣不和。”项羽说：“这是沛公您的左司马曹无伤说的，不然，我怎么会生气到这种地步呢！”当天项羽就留沛公一起饮酒。项羽、项伯坐西向东；亚父坐北向南亚父，就是范增，意即“次于父”，是项羽对范增的尊称；沛公坐南向北，张良在东头面向西，一旁侍奉。饮酒之间，范增多次向项王使眼色，并三次举起腰间佩带的玉玦向他示意，要他下决心杀掉刘邦。项羽默默地不理他。于是范增起身离席，到帐外召来项羽的堂弟项庄，对他说：“君王为人下不了狠心，你进去上前祝寿，祝寿毕，就请求作剑舞助兴，趁机在坐席上袭击沛公，杀掉他。如果不这样，你们这些人将都被刘邦俘虏！”于是项庄就进帐祝寿，祝毕，说道：“大王与沛公饮酒，军中没什么可以助兴，请允许臣作剑舞！”项王说：“好吧！”于是项庄就拔剑起舞，项伯一见，也拔剑起舞，并老是用身体遮护沛公，这样，项庄就找不到机会袭击。‖张良见到这种情景，就出外到营门口招见樊哙。樊哙问：“今天的事情怎样了？”张良说：“很危急！现在项庄拔剑起舞，不住在沛公身上打主意。”樊哙说：“这事太紧急了，让我进去，与沛公同生死！”樊哙说完就带着剑，拥着盾牌，预备进营门。执戟的卫士将戟交叉起来想制止他进营，樊哙侧过盾牌向卫士猛撞过去，卫士都被撞倒在地，就这样樊哙进了军营。他到宴会帐前，掀开帐帷向西而立，怒目圆睁，瞪着项王，因为愤怒头发都竖了起来，眼眶都裂开了。项王一见，手按佩剑，由跪坐而挺身，说：“这是什么人？”张良说：“这是沛公的车右侍卫樊哙啊！”项王说：“真是位壮士，赐他一卮酒。”于是左右就给了樊哙一卮酒。项王又说：“赐给他猪腿！”左右就又给了他一只生猪腿。樊哙就将盾牌倒扣在地下，把猎腿放在上面，拔出佩剑切开猎腿大吃起来。项王又称赞道：“壮士！还能再饮酒吗？”樊哙说：“臣即使死也不避，一卮酒又哪里值得推辞！臣想那秦王怀有虎狼般的凶残之心，杀人唯恐不能杀绝，用刑罚惩处人，唯恐不能用其极，天下人都叛离他。楚怀王与各位将军约定道：‘谁先击破秦军攻入秦都咸阳，谁就据有秦地。现在沛公先破秦，攻入咸阳，而他一丝一毫不敢据为己有，封闭了宫室，撤军还霸上，而等待大王到来。其所以要派遣将士守卫函谷关，只是防备那些盗贼进出与意外之变啊，沛公这样劳苦功高，大王却非但不给予封侯的重赏，反而听信小人的谗言，企图诛杀有功之人，这样做，是亡秦的继续啊！臣私下以为太不合适了。”项王无言可对，就说：“坐！”樊哙就在张良旁边坐下。坐了一会儿，刘邦起身离席上厕所，接着就把樊哙也招了出来。‖刘邦出来后，项王又派都尉陈平召他进来。刘邦闻召，对自己的部属说：“现在虽已出来了，但未向项王辞别，这可怎么办？”樊哙说：“成就大事业的人不可拘泥小节，讲求大节的人不必计较琐细的礼让。现在人家正像屠宰用的刀砧，我们就象砧上待人宰割的鱼肉，还告辞什么呢？”于是刘邦就离营而去，却命张良留下辞谢。张良问：“大王来的时候带了什么礼物？”刘邦说：“我带了一双玉璧，预备献给项王；一双玉斗，打算送给亚父。不料正碰到项王震怒，所以没敢献出，先生替我献上吧！”张良说：“臣恭领大王之命。”当时，项王的军队在鸿门，刘邦的部队在霸上，相距四十里路。刘邦丢下了车仗骑从，脱身后自己一人骑马，和樊哙、夏侯婴、靳彊、纪信等四人这四人持剑拥盾快步小跑 一起从郦山下取道芷阳县抄小路回军。临行前，刘邦对张良说：“从这条小路到我军驻地，不过二十里罢了。先生估计我到了军中，再进去见项王。”刘邦走后，张良揣度他们已从小路到了军中，就回进项羽营帐，赔罪道：“沛公饮多了，抗不住酒力，不能向大王面辞了，所以特地命小臣张良恭捧一双玉璧，再拜进献在大王驾前；又有玉斗一双，再拜奉进在范大将军驾前。”项王问道：“沛公现在哪里？”张良说：“听说大王有意找他麻烦，已脱身独自回去，现在已经回到军中了吧！”于是项王就受下了玉璧，放在座上，范增也接过玉斗，却抛在地下，拔出佩剑将玉斗斫碎，然后冲着项庄指桑骂槐地说：“唉，无知的小子，根本不能和你一起谋事！将来夺取项王天下的人，一定是沛公刘邦啊！我们从今日起就可算已被他俘虏了啊！”‖刘邦回到军中，立刻杀了曹无伤。","古文观止+选补",""
"周亚夫军细柳","汉","司马迁","上自劳军（9）。至霸上及棘门军，直驰入，将以下骑送迎。已而之细柳军，军士吏被甲（10），锐兵刃，彀弓弩（11），持满（12）。天子先驱至，不得入。先驱曰：“天子且至！”军门都尉曰（13）：“将军令曰：‘军中闻将军令，不闻天子之诏。’”居无何，上至，又不得入。于是上乃使使持节诏将军（14）：“吾欲入劳军。”亚夫乃传言开壁门。壁门士吏谓从属车骑曰（15）：“将军约，军中不得驱驰。”于是天子乃按辔徐行（16）。至营，将军亚夫持兵揖曰（17）：“介胄之士不拜（18），请以军礼见。”天子为动，改容式车（19）。使人称谢：“皇帝敬劳将军。”成礼而去。‖既出军门，群臣皆惊。文帝曰：“嗟呼，此真将军矣！者霸上、棘门军，若儿戏耳，其将固可袭而虏也。至于亚夫，可得而犯邪！”称善者久之。月余，三军皆罢。乃拜亚夫为中尉（20）。‖选自中华书局排印本《史记》‖汉文帝后元六年，匈奴大规模侵入汉朝边境。于是，朝廷委派宗正官刘礼为将军，驻军在霸上；祝兹侯徐厉为将军，驻军在棘门；委派河内郡太守周亚夫为将军，驻军细柳，以防备胡人侵扰。‖皇上亲自去慰劳军队。到了霸上和棘门的军营，长驱直入，将军及其属下都骑着马迎送。旋即来到了细柳军营，只见官兵都披戴盔甲，兵器锐利，开弓搭箭，弓拉满月。皇上的先行卫队到了营前，不准进入。先行的卫队说：“皇上即将驾到。”镇守军营的将官回答：“将军有令：‘军中只听从将军的命令，不听从天子的诏令。’”过不多久，皇上驾到，也不让入军营。于是皇上就派使者拿了天子的凭证去告诉将军：“我要进营慰劳军队。”周亚夫这才传令打开军营大门。守卫营门的官兵对跟从皇上的武官说：“将军规定，军营中不准纵马奔驰。”于是皇上也只好放松了缰绳，让马慢慢行走。到了大营，将军亚夫手持兵器，长揖到地说：“我是盔甲在身的将士，不能跪拜，请允许我以军礼参见。”皇上为之动容，马上神情严肃地俯身靠在车前横木上，派人致意说：“皇帝敬重地慰劳将军。”劳军礼仪完毕后辞去。‖出了细柳军营的大门，许多大臣都深感惊诧。文帝说：“啊！这才是真正的将军了。刚才霸上、棘门的军营，简直就像儿戏一样，那里的将军是完全可以通过偷袭而俘虏的，至于周亚夫，岂是能够侵犯他的吗？”长时间对周亚夫赞叹不已。过了一个多月，三支军队都撤防了，文帝就任命周亚夫做中尉。","古文观止+选补",""
"廉颇蔺相如列传","汉","司马迁","秦王使使者告赵王（67），欲与王为好（68），会于西河外渑池（69）。赵王畏秦，欲毋行（70）。廉颇、蔺相如计（71），曰：“王不行，示赵弱且怯也。”赵王遂行。相如从。廉颇送至境，与王诀曰（72）：“王行，度道里会遇之礼毕（73），还，不过三十日。三十日不还，则请立太子为王，以绝秦望（74）。”王许之。遂与秦王会渑池。‖秦王饮酒酣，曰：“寡人窃闻赵王好音（75），请奏瑟（76）。”赵王鼓瑟（77）。秦御史前（78），书曰：“某年月日，秦王与赵王会饮，令赵王鼓瑟。”蔺相如前曰：“赵王窃闻秦王善为秦声（79），请奏盆缻秦王（80），以相‖娱乐。”秦王怒，不许。于是相如前进缻，因跪请秦王。秦王不肯击缻。。相如曰：“五步之内，相如请得以颈血溅大王矣（81）！”左右欲刃相如（82），相如张目叱之，左右皆靡（83）。于是秦王不怿（84），为一击缻。。相如顾召赵御史（85），书曰：“某年月日，秦王为赵王击缻。”秦之群臣曰：“请以赵十五城为秦王寿（86）。”蔺相如亦曰：“请以秦之咸阳为赵王寿（87）。”秦王竟酒（88），终不能加胜于赵（89）。赵亦盛设兵以待秦，秦不敢动（90）。‖既罢（91），归国。以相如功大，拜为上卿，位在廉颇之右（92）。‖廉颇曰：“我为赵将，有攻城野战之大功，而蔺相如徒以口舌为劳（93），而位居我上。且相如素贱人（94），吾羞，不忍为之下。”宣言曰（95）：“我见相如，必辱之。”相如闻，不肯与会。相如每朝时，常称病，不欲与廉颇争列（96）。已而相如出（97），望见廉颇，相如引车避匿。‖于是舍人相与谏曰（98）：“臣所以去亲戚而事君者（99），徒慕君之高义也。今君与廉颇同列（100），廉君宣恶言，而君畏匿之，恐惧殊甚。且庸人尚羞之，况于将相乎！臣等不肖（101），请辞去。”蔺相如固止之（102），曰：“公之视廉将军孰与秦王（103）？”曰：“不若也。”相如曰：“夫以秦王之威，而相如廷叱之，辱其群臣。相如虽驽（104），独畏廉将军哉？顾吾念之（105），强秦之所以不敢加兵于赵者，徒以吾两人在也。今两虎共斗，其势不俱生（106）。吾所以为此者，以先国家之急而后私仇也。”‖廉颇闻之，肉袒负荆（107），因宾客至蔺相如门谢罪（108），曰：“鄙贱之人，不知将军宽之至此也（109）！”‖卒相与欢，为刎颈之交（110）。‖选自中华书局排印本《史记》‖廉颇是赵国的杰出将领。赵惠文王十六年，廉颇任赵国的大将，领兵攻打齐国，大败齐军，夺取了阳晋，被封为上卿，凭着他的勇气闻名于诸侯。‖蔺相如是赵国人，是赵国宦官头领缪贤的门客。‖赵惠文王时，得到楚国的和氏璧。秦昭王知道了这事，派人送给赵王一封信，表示愿意拿十五座城请求换这块璧。赵王同大将军廉颇等大臣商议：想把璧给秦国，恐怕不能得到秦国的城，白白地受骗；想不给，就担忧秦国发兵打来。计策定不下，想找一个能够出使答复秦国的人，也没找到。‖宦官头领缪贤说：“我的门客蔺相如可以出使。”赵王问：“你怎么知道他能够胜任呢？”缪贤回答说：“我曾经犯过罪，私下打算逃亡燕国。我的门客蔺相如阻止我，说：‘您怎么知道燕王会收容您呢？’我告诉他说：‘我曾跟随大王同燕王在边境上会过面。燕王背地里握着我的手，说：愿意和你交个朋友。凭此而晓得他，所以打算前往。’蔺相如对我说：‘那时赵国强而燕国弱，而且您又受赵王宠爱，所以燕王要同你结友。现在您是要背叛赵国去投奔燕国，燕国畏怕赵国，势必不敢收留您，而会把您捆绑起来送回赵国的。您不如袒露身体伏在刑具上请求恕罪，或许能得到赦免。’我听从了他的计策。幸运得很，大王也赦免了我。我私下认为，这个人是 个勇士，有智谋，适宜担任这个差使。”‖于是赵王召见蔺相如，问相如说：“秦王要拿十五座城来换我的和氏璧，可不可给？”相如说：“秦国强而赵国弱，不可不答应。”赵王说：“要是拿了我的璧，不给我们城怎么办？”相如说：“秦国用城来换璧，要是赵国不答应，理亏在赵国；赵国给了璧，要是秦国不给赵国城，理亏在秦国。权衡这两种对策，宁可答应他，而让秦国担负理亏的责任。”赵王问：“谁可出使呢？”相如说：“大王果真没有合适的人，我愿意捧璧前往出使。等城给了赵国，我就把璧留给秦国；如果城不给，我保证完整无缺地把璧送回赵国。”赵王于是就派蔺相如捧护宝璧西行到秦国去。‖秦王高坐在章台宫里接见蔺相如。相如捧护宝璧进献给秦王，秦王非常高兴，把宝璧传递给姬妾和左右侍臣观赏，左右的人都高呼万岁。相如看出秦王没有诚意把城交付给赵国，就上前说：“这璧上有点小斑疵，请让我指给大王看。”秦王把璧递给 相如，相如趁此拿过璧，倒退几步站住，靠着殿柱，怒发冲冠地对秦王说：“大王想得到璧，派人送信给赵王，赵王把所有的大臣全都召集起来商议，都说：‘秦国向来贪婪，倚仗自己势力大，想拿空话来赚取璧，给赵国的城恐怕得不到。’商议的结果都不愿把璧给秦国。我却认为普通百姓之间的交往，尚且不相互欺骗，何况秦是个大国呢？而且为了一块璧的缘故，惹得强大的秦国不高兴，也不值得。赵王听了我的话，于是斋戒五天，才派我捧璧出使，在朝廷上拜送了国书。为什么这样呢？是为了尊重大国的威严而表示恭敬啊。现在我来此，大王只在普通的殿堂里接见我，礼节甚为傲慢；拿到璧，又递给嫔妃们传看，以此来戏弄我。我看大王没有诚意把城偿付给赵国，所以我又重取回了璧。如果大王一定要逼迫我，我的头颅今天就跟这块璧一起撞碎在殿柱上了！”‖相如举着璧，斜瞅着殿柱，准备向殿柱撞去。秦王害怕他撞碎宝璧，于是婉言道歉，坚决请求他不要这样。召唤主管版图的官吏来察看地图，指划着从这里到那里十五座城划给赵国。‖相如料想秦王只不过是用欺诈的手段假装作要给赵国城邑，其实是不会得到的，就对秦王说：“和氏璧，是天下公认的宝物。赵王害怕你们，不敢不献。赵王送璧时，斋戒了五天。现在大王您也应该斋戒五天，在朝廷上设九宾大礼，我才敢献上宝璧。”秦王估计这事，终究不能强夺，就答应斋戒五天。安置相如住在广成宾馆。‖相如预料秦王虽然斋戒了，必定不守信用，不愿把城给赵国。于是就派他的一个随从穿着粗布便衣，怀揣着那块璧，从小路逃走，把璧送回赵国。‖秦王斋戒五天以后，就在大殿上设下九宾大礼，招请赵国的使臣蔺相如。相如到来，对秦王说：“秦国从穆公以来二十多位国君，未曾有过坚守信约的。我实在怕被大王欺骗而辜负了赵国，所以叫人把璧送回去了。如今抄小路已到赵国了。好在秦国强而赵国弱，大王只要派一个小小使者到赵国，赵国立刻就会把璧送来。现在凭秦国这样的强大，要是先把十五座城割给赵国，赵国怎敢留下璧而得罪大王呢？我知道欺骗大王的罪过该受惩罚，我请求受汤镬之刑。只是希望大王您和各位大臣仔细 考虑这件事！”‖秦王和群臣们听后，面面相觑，“嘻”地都发出惊怪声。左右侍卫有的想把相如拉出去处死，秦王忙说：“现在杀了相如，终究得不到宝璧，却断绝了秦国和赵国的友好关系。倒不如趁此机会好好款待他，让他回赵国去。赵王难道会因为一块璧的缘故欺骗秦国吗？”终于在朝廷上接见了相如，仪式完毕之后就送他回了赵国。‖相如回国以后，赵王认为他是个贤能的大夫，奉命出使不受诸侯国的欺侮，就任命他作上大夫。结果秦国也没割城给赵国，赵国也始终没有把璧给秦国。‖在这以后，秦国攻打赵国，夺取了石城。第二年，又攻打赵国，杀了二万人。‖秦王 派遣使臣告诉赵王，想同赵王和好，约他在黄河以西的渑池相会。赵王害怕秦国，想不 去。廉颇、蔺相如商议后对赵王说：“大王不去，就显得赵国太软弱而胆怯了。”赵王于是决定赴会。由蔺相如随从。廉颇送到边境，与赵王拜别说：“大王此行，估计全部行程和会见的礼节完毕，到回来，不过三十天。三十天不回来，那就请允许立太子为王，以断绝秦王要挟的念头。”赵王答应了他。于是和秦王在渑池相 会。‖秦王喝酒喝到畅快时，说：“我私下听说赵王爱好音乐，请弹弹瑟吧。”赵王只好为他弹瑟。秦国的史官上前记道：“某年某月某日，秦王和赵王相会饮酒，令赵王弹瑟。”这时蔺相如走上前去说：“我们赵王也私下听说秦王善于演奏秦国乐曲，请允许我献上瓦盆给秦王敲，以此相互娱乐。”秦王大怒，不答应。于是相如上前献上瓦盆，接着跪下请求秦王。秦王不肯敲瓦盆。相如说：：“在这五步之内，请让我把头颈里的血溅到大王身上！”秦王左右侍卫要杀相如，相如瞪着眼怒视他们，侍从都被吓退了。于是秦王很不高兴，为赵王敲了一下瓦盆。相如回头召呼赵国的史官写道：“某年某月某日，秦王给赵王敲瓦盆。”秦国的大臣们说：“请用赵国的十五座城为秦王祝福。”蔺相如也反击道：“请用秦国的国都咸阳为赵王祝福。”秦王直到酒宴完毕，始终没有在赵国头上占到上风。赵国这期间也大规模地部置军队来防备秦国进攻，秦国不敢轻举妄动。‖渑池之会结束后，赵王回到赵国，因为蔺相如功劳大，封他为上卿，位次在廉颇之上。‖廉颇说：“我身为赵国的大将，有攻城野战的大功；而蔺相如仅凭着口舌立了点功，位次却在我之上。况且相如本来是个微贱之人。我感到羞耻，不甘心位居他之下。”并公开扬言说：“我见了蔺相如，定要羞辱他。”相如听说了这话，不肯和他见面。相如每逢上朝时，常常推托有病，不愿跟廉颇争位次的先后，后来相如出门，望见廉颇，他就调转车绕道回避。‖于是，相如的门客们都劝相如说：“我们之所以离开亲眷家人来侍奉您，只是仰慕您的高尚德行啊。现在您和廉颇职位相同，廉将军公然说一些无礼的话，您却害怕而躲避他，恐惧得太过分了。平常的人对此尚且会感到羞耻，何况身为将相的人呢！我们这些人没用，请让我们走吧！”蔺相如坚决挽留他们说：“诸位看廉将军的威风比秦王怎么样？”门客们回答说：“自然不如秦王。”相如说：“凭着秦王那样的威风，可是我蔺相如公开在朝廷上呵斥他，羞辱他的大臣们。我虽然无能，难道会单怕廉将军吗？但我想到，强暴的秦国之所以不敢对赵国施加武力，只因为有我们两个人在。假如两虎相斗，势必不能同存。我所以这样做，是因为把国家的急难放在前头而把个人的仇怨放在后头啊。”‖后来廉颇听到这话，就光着膀子背上荆条，由门客引导着到相如府上赔罪，说：“我这粗野鄙贱的人，不知道将军您竟宽容我到了这种地步啊！”‖两人终于彼此和好，成了同生共死的朋友。","古文观止+选补",""
"报任安书","汉","司马迁","仆赖先人绪业，得待罪辇毂下（25），二十余年矣。所以自惟（26）：上之，不能纳忠效信，有奇策材力之誉，自结明主；次之，又不能拾遗补阙，招贤进能，显岩穴之士；外之，不能备行伍，攻城野战，有斩将搴旗之功（27）；下之，不能累日积劳，取尊官厚禄，以为宗族交游光宠。四者无一遂，苟合取容，无所短长之效，可见于此矣。乡者，仆亦尝厕下大夫之列（28），陪外廷末议（29）。不以此时引维纲（30），尽思虑，今已亏形为埽除之隶（31），在阘茸之中（32），乃欲卬首信眉（33），论列是非，不亦轻朝廷、羞当世之士邪！嗟乎！嗟乎！如仆，尚何言哉！尚何言哉！‖且事本末未易明也。仆少负不羁之才，长无乡曲之誉（34）。主上幸以先人之故，使得奉薄技，出入周卫之中（35）。仆以为戴盆何以望天（36）？故绝宾客之知，忘室家之业，日夜思竭其不肖之材力，务壹心营职，以求亲媚于主上。而事乃有大谬不然者。‖夫仆与李陵俱居门下（37），素非相善也。趣舍异路（38），未尝衔杯酒接殷勤之欢（39）。然仆观其为人自奇士，事亲孝，与士信，临财廉，取予义，分别有让，恭俭下人，常思奋不顾身以徇国家之急。其素所畜积也（40），仆以为有国士之风。夫人臣出万死不顾一生之计，赴公家之难，斯已奇矣。今举事壹不当，而全躯保妻子之臣随而媒孽其短（41），仆诚私心痛之。且李陵提步卒不满五千，深践戎马之地，足历王庭（42），垂饵虎口，横挑彊胡（43），卬亿万之师（44），与单于连战十余日，所杀过当，虏救死扶伤不给，旃裘之君长咸震怖（45），乃悉征左右贤王（46），举引弓之民，一国共攻而围之。转斗千里，矢尽道穷，救兵不至，士卒死伤如积。然李陵一呼劳军，士无不起躬流涕，沬血饮泣（47），张空弮（48），冒白刃，北首争死敌。陵未没时，使有来报，汉公卿王侯皆奉觞上寿（49）。后数日，陵败书闻，主上为之食不甘味，听朝不怡。大臣忧惧，不知所出。仆窃不自料其卑贱，见主上惨凄怛悼，诚欲效其款款之愚（50）。以为李陵素与士大夫绝甘分少（51），能得人之死力，虽古名将不过也。身虽陷败，彼观其意，且欲得其当而报汉。事已无可奈何，其所摧败，功亦足以暴于天下。仆怀欲陈之，而未有路。适会召问，即以此指推言陵功（52），欲以广主上之意，塞睚眦之辞（53）。未能尽明，明主不深晓，以为仆沮贰师（54），而为李陵游说，遂下于理（55）。拳拳之忠，终不能自列，因为诬上，卒从吏议。家贫，财赂不足以自赎，交游莫救，左右亲近不为壹言。身非木石，独与法吏为伍，深幽囹圄之中（56），谁可告愬者（57）！此正少卿所亲见，仆行事岂不然邪？李陵既生降，𬯎其家声（58），而仆又茸以蚕室（59），重为天下观笑。悲夫！悲夫！事未易一二为俗人言也。‖仆之先人非有剖符丹书之功（60），文史星历近乎眩卜祝之间（61），固主上所戏弄，倡优畜之（62），流俗之所轻也。假令仆伏法受诛，若九牛亡一毛，与蝼螘何异（63）？而世又不与能死节者比，特以为智穷罪极，不能自免，卒就死耳。何也？素所自树立使然。人固有一死，死有重于泰山，或轻于鸿毛，用之所趋异也。太上，不辱先；其次，不辱身；其次，不辱理色；其次，不辱辞令；其次，诎体受辱（64）；其次，易服受辱（65）；其次，关木索、被菙楚受辱（66）；其次，鬄毛发、婴金铁受辱（67）；其次，毁肌肤、断支体受辱；最下腐刑（68），极矣。传曰“刑不上大夫”（69），此言士节不可不厉也。猛虎处深山，百兽震恐，及其在阱槛之中（70），摇尾而求食，积威约之渐也。故土有画地为牢势不入，削木为吏议不对，定计于鲜也（71）。今交手足，受木索，暴肌肤，受榜棰（72），幽于圜墙之中。当此之时，见狱吏则头枪地（73），视徒隶则心惕息（74）。何者？积威约之势也。及已至此，言不辱者，所谓彊颜耳，曷足贵乎？且西伯，伯也（75），拘牖里（76）；李斯（77），相也，具五刑（78）；淮阴（79），王也，受械于陈（80）；彭越（81）、张敖南乡称孤（82），系狱具罪；绛侯诛诸吕（83），权倾五伯（84），囚于请室（85）；魏其，大将也，衣赭关三木（86）；季布为朱家钳奴（87）；灌夫受辱居室（88）。此人皆身至王侯将相，声闻邻国，及罪至罔加（89），不能引决自财（90），在尘埃之中。古今一体，安在其不辱也！由此言之，勇怯，势也；彊弱，形也。审矣，曷足怪乎！且人不能蚤自财绳墨之外（91），已稍陵夷，至于鞭棰之间，乃欲引节，斯不亦远乎！古人所以重施刑于大夫者，殆为此也。‖夫人情莫不贪生恶死，念亲戚，顾妻子。至激于义理者不然，乃有不得已也。今仆不幸，蚤失二亲，无兄弟之亲，独身孤立。少卿视仆于妻子何如哉？且勇者不必死节，怯夫慕义，何处不勉焉！仆虽怯耎欲苟活（92），亦颇识去就之分矣，何至自湛溺累绁之辱哉（93）？且夫臧获婢妾犹能引决（94），况若仆之不得已乎？所以隐忍苟活，函粪土之中而不辞者，恨私心有所不尽，鄙没世而文采不表于后也。‖古者富贵而名摩灭，不可胜记，唯俶傥非常之人称焉（95）。盖西伯拘而演《周易》（96）；仲尼厄而作《春秋》（97）；屈原放逐，乃赋《离骚》（98）；左丘失明，厥有《国语》（99）；孙子膑脚，《兵法》修列（100）；不韦迁蜀，世传《吕览》（101）；韩非囚秦，《说难》、《孤愤》（102）。《诗》三百篇（103），大氐圣贤发愤之所为作也。此人皆意有所郁结，不得通其道，故述往事，思来者。及如左丘明无目，孙子断足，终不可用，退论书策以舒其愤，思垂空文以自见。仆窃不逊，近自托于无能之辞，网罗天下放失旧闻（104），考之行事，稽其成败兴坏之理。上计轩辕，下至于兹。为十表，本纪十二，书八章，世家三十，列传七十，凡百三十篇，亦欲以究天人之际，通古今之变，成一家之言。草创未就，适会此祸，惜其不成，是以就极刑而无愠色（105）。仆诚已著此书，臧之名山，传之其人，通邑大都。则仆偿前辱之责，虽万被戮，岂有悔哉？然此可为智者道，难为俗人言也。‖且负下未易居，下流多谤议，仆以口语遇遭此祸，重为乡党戮笑（106），污辱先人，亦何面目复上父母之丘墓乎？虽累百世，垢弥甚耳！是以肠一日而九回（107），居则忽忽若有所亡，出则不知所如往。每念斯耻，汗未尝不发背沾衣也。身直为闺合之臣（108），宁得自引深臧于岩穴邪？故且从俗浮湛，与时俯仰，以通其狂惑。今少卿乃教以推贤进士，无乃与仆之私指谬乎。今虽欲雕瑑（109），曼辞以自解，无益，于俗不信，祗取辱耳。要之死日，然后是非乃定。书不能尽意，故略陈固陋。谨再拜。‖选自百衲本《汉书》‖太史公、供牛马般奔走的司马迁再拜陈说。‖少卿足下：以前，承蒙您给我写信，教导我要顺应时世来处理事情，把推举贤人、引进才士当作责任。来信的辞意和语气诚恳而真挚，好象在抱怨我不听从您的指教，却随着一般人的意见而改变主张，我是不敢这样做的呀！我虽然无才无德，但也曾听说品德高尚的长者遗风。只是自以为身体残缺、地位下贱，一行动就遭人指责，想做点贡献却反把事情搞坏，所以才心情抑郁，无人诉说。谚语说：“为谁而干呢？又让谁来听呢？”钟子期死后，伯牙终身不再弹琴。为什么呢？因为士人只为知己者效力，女子只为喜欢自己的人美容。至于我身体已经残缺，即使怀抱象随侯珠、和氏璧那样的才华，行为又象许由、伯夷那样高洁，还是不可自以为光彩，这样反而会使人感到可笑以致自取侮辱。您的来信本该及时答复，但正碰上我跟从皇上东巡归来，又忙于低贱的琐事，彼此相见的机会很少，忙忙碌碌没有片刻的空闲可以让我倾诉衷肠。现在，您背着后果不堪设想的罪名，再过一个月，就到冬末了，而我又将被迫跟从皇上到雍地去，担心您会突然遭到不幸。那样我就永远不能把满腔悲愤向您诉说，而您的在天之灵一定会抱恨无穷的。请让我简略地陈述一些偏狭、浅陋的意见。这么长时间不给您回信，请不要责备。‖我曾听说：“增加自身的修养是智慧的仓库；乐于施舍是仁的开端；获取和给予恰当是守义的标志；以被侮辱为可耻是具备勇敢的先决条件；建立功名是行动的最高目标。”士人具备了这五种品德，然后可以立身处世，跻身于君子的行列。所以，祸害没有比贪利更悲惨了，悲哀没有比伤心更痛苦了，行为没有比祖先受辱更难堪了，而耻辱没有比遭受宫刑更巨大了。受过宫刑的人，不能同正常人相提并论，这不仅当今之世如此，历史上由来已久。从前，卫灵公和宦官同车，孔子就出走陈国；商鞅靠景监被秦孝公召见，赵良就替他担忧；赵谈陪汉文帝坐车，袁盎就勃然变色；自古以来就是鄙视宦官的。中等才能的人，只要事情同宦官有关，没有不自感气馁的，更何况慷慨激昂之士呢？如今朝廷虽然缺乏人材，又怎么会让受过宫刑的人来推荐天下的豪杰英俊呢？‖我依靠先人未竟的学术事业，才得以在京师做官，至今已二十多年了。所以我想：对上，不能献纳自己的忠信，获得有奇策和才能的声誉，从而取得皇上的信任；其次，又不能为皇上拾缀遗漏、弥补缺失、招纳贤才、引进能人，使山岩洞穴之士扬名于世；对外，不能参加军队行列，攻打城池，作战野外，建立斩杀敌将、拔取敌旗的功勋；最次，不能累积年资和功劳，获取高官厚禄，以此为宗族和朋友增光。这四条没有一条实现，不过是勉强容身，没有尺寸之功，也就由此可见了。过去，我也曾置身于下大夫的行列，奉陪于外廷发表一些微议。不在这时申张国家的法度，竭尽智谋，到现在形体已经亏缺，当了一名打扫台阶的差役，身处下贱之辈的行列，却要昂首扬眉，评论谁是谁非，不是也太轻视朝廷、太羞辱当今的士人了吗？唉！唉！象我这样的人，还说什么呢？还说什么呢？‖而且事情的本末是不容易搞清楚的。我少年时自恃有骏马般不可羁绊的才华，但长大后并没有在故乡获得好名声。幸亏皇上因为我祖先的缘故，使我得以奉献微薄的技能，在宫廷里进出。我以为头上带了木盆怎么能够望见天空呢？所以谢绝宾客的交往，忘记家庭的私事，日日夜夜思考竭尽自己并不出色的才干和能力，一心一意地克尽职守，以求得皇上的亲近和好感。但是，事情却远远不是这样。‖我与李陵，同在侍中曹任职，素来不是好朋友。彼此的好恶不同，所以未曾在一起喝酒，尽情地欢乐。然而，我观察李陵的为人，的确是一个奇士，他侍奉父母很孝顺，与士人交往守信用，遇到钱财廉洁奉公，获取和给予都符合礼义，懂得名分和差别而能谦让，恭敬节俭，甘居人后，常想奋不顾身地去排解国家的急难。他这些长期养成的好品德，我以为有国士的风貌。一个大臣出于宁肯万死而不求一生的意念，奔赴国家的危难之地，这已经很难得了。现在，他办事一有不妥当，那些只会保全自己的身躯和妻儿的大臣紧跟着就夸大他的短处，我实在私下感到痛心。况且李陵带领的步兵不足五千人，深入敌方阵营，到达匈奴王驻地，在虎口垂饵诱敌，气势凌厉地向强悍的匈奴挑战，向群山之间的匈奴大军发起仰攻，与匈奴王接连战斗了十多天，杀伤敌兵超过了自己将士的人数，以致敌寇救死扶伤都来不及。匈奴的君主、长官们都感到震惊和恐怖，于是全数调集了左、右贤王的军队，征发善长弓箭的百姓，全国一起进攻和围困李陵。李陵转战数千里，箭矢用尽，兵退绝境，而援军迟迟不至，死伤的士卒堆积遍地。但只要李陵振臂一呼鼓舞士兵，士兵没有不强撑起身体，流着眼泪，以血洗脸，以泪解渴，拉开没有箭的空弓，冒着寒光闪闪的锋刃，争着向北拼死杀敌。当李陵的军队还没有覆没时，有信使来报捷，朝中的公卿王侯都向皇上祝贺胜利。几天后，李陵兵败的奏书传来，皇上为此食不甘味，上朝听政也闷闷不乐。大臣们担心害怕，不知如何奏对。我心里不再多考虑自己的卑贱，见皇上悲伤痛苦，实在想要献上自己诚恳的意见。我以为李陵对待部下向来先人后己，因此能赢得别人以死力效劳，即使是古代的名将也比不上他。他虽因兵败而身陷匈奴，但看他的用意，是想要寻找一个适当的机会来报效汉朝。这件事已经无可奈何，但他曾击败强敌，功劳也足以颁布天下了。我心里想陈述给皇上听，但却没有机会。正逢皇上召见，我就用这些意思来推崇李陵的功劳，想以此来宽舒皇上的胸怀，堵塞那些怨恨李陵的言辞。我没能彻底表达清楚，以致英明的皇上不能进一步了解，反以为我在诋毁贰师将军，而有意为李陵说好话，于是就把我交司法官审判。耿耿忠心，终于无法自我表白，因而指责我欺蒙皇上，皇上终于听从了狱吏的判决。我家境贫困，钱财不足以为自己赎罪，朋友无力救援，皇上的左右亲信也不为我说一句求情的话。我不是木块、石头，却偏要让我同执法的狱吏一起相处，被关押在重重监狱里，心中的痛苦可以向谁诉说呢？这些正是您亲眼看到的，我的行为处事难道不是这样吗？李陵既然已经活着投降了匈奴，败坏了他家族的声誉，而我关在蚕室里，又被天下的人看着耻笑。可悲啊，可悲！这些事情是不容易一一数说给一般人听的。‖我的祖先并没有获得封王赐侯的功勋，掌管文史书籍和天文历法，地位接近于掌管占卜和祭祀的官员，本来就是被皇上戏弄、象乐工伶人一样养着，为世俗所轻视的。假如我受到法律的制裁被杀，就象在九头牛身上去掉一根牛毛，与杀死一只蝼蚁有什么区别呢？而世人又不会把我比之于坚持节操而死的人 ，只认为我是想不出办法而又罪大恶极，实在无法避免，终于受死的。为什么呢？因为我的职业历来就被人瞧不起。人必然有一死，有的死比泰山还要重，有的死比鸿毛还要轻，这是因为死的目的不同。首先，不使祖先受辱；其次，不使自己身体受辱；其次，不在道理和颜面上受辱；其次，不在言辞上受辱；其次，被捆缚受辱；其次，被囚禁受辱；其次，戴上木枷绳索被人抽打受辱；其次，或剃光了头、或头颈上戴着铁链受辱；其次，毁坏肌肤、截断四肢受辱；最下等的，就是遭受宫刑，这是达到极点了！《礼记》中说：“刑罚不能加于大夫以上。”这是说士大夫的节操不可以不勉励。猛虎处在深山之中，百兽为之震惊、恐怕，等到它落进了陷阱、关进了笼子，就摇着尾巴乞求食物，这是长期威力渐渐制约它的结果。所以，在地上划圈为牢，气节之士势必不肯进去；用木头削成狱吏，气节之士也认为不能受它审讯：他们的打算非常的明确。现在，手足交叉，戴着木枷、绳索，肌肉、皮肤暴露在外，遭受竹鞭和棍棒的抽打，被关押在监狱之中。在这个时候，见到狱吏就叩头触地，见到狱卒就战战兢兢不敢喘息。为什么呢？这是受到威压逼迫而逐渐形成的局面啊。已经到了这种地步，还说没有遭受侮辱，就是所谓的“厚脸皮”，还有什么尊贵可言呢？况且，西伯，是一位霸主，却被拘禁在牖里；李斯，是秦朝的丞相，却受遍五刑；淮阴侯韩信，被封楚王，却在陈地被拘捕；彭越、张敖，曾南面封王，却下狱判罪；绛侯周勃诛杀了诸吕，权力超过了春秋“五霸”，却被关进请室；魏其侯窦婴，身为大将，却穿上囚衣，戴上了三枷；季布卖身为朱家家奴；灌夫关进居室蒙受侮辱。这些人都位至王侯将相，名声远播邻国，等到犯罪以至法网加身，不能果断自杀，结果落在肮脏的尘埃之中。古代和今天是一脉相承的，怎么能不受到侮辱呢？由此而言，勇敢和胆怯，坚强和懦弱，都是具体形势造成的。我终于明白了，有什么值得奇怪的呢？况且，人不能在受到法律制裁之前就已自杀，已经有点卑下了，到了遭受鞭打的时候，才想到要以自杀来保持节操，这不是已经走得更远了吗！古人之所以加刑于大夫时极为慎重，大概就是这个原因。‖人天生的感情都是热爱生命，害怕死亡，思念父母，顾及妻儿的。至于被正义和真理激动起来的人就不是这样了，他们有一种无法克制的冲动。现在，我很不幸，双亲早亡，没有兄弟姐妹，独自一人孤单地生活。您看我对妻儿的态度怎样？况且勇敢的人不必为了名节而死，懦夫仰慕高义，又何处不在勉励自己呢？我虽然怯弱，想苟活偷生，但也知道该做什么、不该做什么的界线，怎么会自甘沉溺于牢狱的侮辱之中呢？就是奴婢还能够下决心自杀，更何况象我这样的不得已呢？我之所以暗暗地忍受，苟活偷生，关在粪土般污秽的监狱里而不肯去死，就因为抱恨自己心中还有未实现的理想，如果在屈辱中死去，我的文章才华就不能流传于后世了。‖自古以来，富贵而名声埋没不传的人，多得无法记载，只有豪迈不受拘束、非同寻常的人才能流芳百世；西伯被拘囚而推演出《周易》，孔子处于困境而写成了《春秋》，屈原被楚怀王放逐，于是创作了《离骚》；左后明失明，才完成了《国语》；孙膑膝盖被截，撰修了《孙膑兵法》；吕不韦谪迁蜀地，《吕氏春秋》却流传于世；韩非子被囚禁在秦国，这才有了《说难》、《孤愤》；《诗经》共三百篇，大都是圣人贤士为抒发愤懑而写作的。这些人都是情意郁结，不得舒展，所以才追述往事，而希望于将来的。至于象左丘明眼瞎，孙膑腿断，他们认为永远不可能被起用了，退下来著书立说以抒发心中的愤懑，想借助留传后世的文章来表现自己。我私下里不自量力，最近靠着拙劣的文字，收集记载了散失于天下的旧说遗闻，考证其中的事件，推穷历史上成败、兴衰的道理。上从轩辕黄帝开始，下到当今为止。写成表十篇，本纪十二篇，书八篇，世家三十篇，列传七十篇，共一百三十篇，也就是想要探究自然和人间的关系，弄通自古至今的变化规律，成为一家之言。草稿还没有完成，正好遇上那场大祸，我痛惜全书未完，所以即使受最严厉的刑罚也毫无怨色。如果我著成那本书，就要把它藏在名山之中，传给能够理解它的后人，在四通八达的都市里散布。这样，我从前被侮辱的旧债就能偿还了，即使被千刀万剐，我难道会后悔吗？然而，这些话只能对有知识的人说，难以同一般人谈的。‖再说，背着污辱之名的人不容易安生，地位卑贱的人常常被诽谤、议论。我因为多说了几句话遭到了这次灾祸，深深地被故乡人耻笑，侮辱了祖先，又有什么脸面去给父母亲上坟呢？即使百代之后，这种侮辱也只会加重！所以我天天痛苦之极，居家则恍恍惚惚、若有所失，出门则不知要到哪里去。每当我想起那种耻辱，冷汗就从背上渗出、浸湿了衣服。我简直已经成了宦官，怎么能够自己引身而退、深藏到山林岩穴中去呢？所以暂且只好随波逐流，见机行事，以自我宽解内心的愤怒与矛盾。现在您少卿却教我推举贤人，引进才士，不正与我内心的想法相反吗？时至今日，我即使想要修饰打扮，用美妙的言辞为自己解脱，也无济于事，一般人不会相信，只不过自取侮辱罢了。总而言之，到我之后才能确定谁是谁非。信中不能尽情表达心意，所以简略地陈述我偏狭浅陋的意见。谨再次叩首。","古文观止+选补",""
"子产不毁乡校","","佚名","郑人游于乡校①，以论执政②。然明谓子产曰③：“毁乡校，何 如？”子产曰；“何为？夫人朝夕退而游焉④，以议执政之善否。其 所善者，吾则行之；其所恶者，吾则改之，是吾师也，若之何毁 之？我闻忠善以损怨⑤，不闻作威以防怨(6)。岂不遽止(7)？然犹防川(8)： 大决所犯，伤人必多，吾不克救也；不如小决使道(9)，不如吾闻而 药之也(10)。”然明曰：“蔑也，今而后知吾子之信可事也(11)。小人实 不才(12)。若果行此，其郑国实赖之，岂唯二三臣(13)？”‖仲尼闻是语也，曰(14)：“以是观之，人谓子产不仁，吾不信也。”","古文观止+选补",""
"苏武传","汉","班固","武字子卿，少以父任［1］，兄弟并为郎［2］，稍迁至栘中厩监［3］。时汉连伐胡，数通使相窥观［4］。匈奴留汉使郭吉、路充国等前后十余辈［5］。匈奴使来，汉亦留之以相当［6］。‖天汉元年［7］，且鞮侯单于初立［8］，恐汉袭之，乃曰：“汉天子，我丈人行也。”尽归汉使路充国等。武帝嘉其义，乃遣武以中郎将使持节送匈奴使留在汉者［9］；因厚赂单于，答其善意。武与副中郎将张胜及假吏常惠等，募士、斥候百余人俱［10］。既至匈奴，置币遗单于。单于益骄，非汉所望也。‖方欲发使送武等，会缑王与长水虞常等谋反匈奴中［11］。缑王者，昆邪王姊子也［12］，与昆邪王俱降汉，后随浞野侯没胡中［13］。及卫律所降者［14］，阴相与谋劫单于母阏氏归汉［15］。会武等至匈奴。虞常在汉时，素与副张胜相知，私候胜，曰：“闻汉天子甚怨卫律，常能为汉伏弩射杀之。吾母与弟在汉，幸蒙其赏赐。”张胜许之，以货物与常。‖后月余，单于出猎，独阏氏子弟在。虞常等七十余人欲发；其一人夜亡，告之。单于子弟发兵与战，缑王等皆死，虞常生得。单于使卫律治其事。张胜闻之，恐前语发，以状语武。武曰：“事如此，此必及我。见犯乃死，重负国！”欲自杀，胜、惠共止之。虞常果引张胜。单于怒，召诸贵人议，欲杀汉使者。左伊秩訾曰［16］：“即谋单于，何以复加？宜皆降之。”单于使卫律召武受辞［17］，武谓惠等：“屈节辱命，虽生，何面目以归汉！”引佩刀自刺。卫律惊，自抱持武，驰召医。凿地为坎，置煴火，覆武其上，蹈其背以出血。武气绝，半日复息。惠等哭，舆归营［18］。单于壮其节，朝夕遣人候问武，而收系张胜。‖武益愈，单于使使晓武，会论虞常，欲因此时降武。剑斩虞常已，律曰：“汉使张胜，谋杀单于近臣，当死。单于募降者赦罪。”举剑欲击之，胜请降。律谓武曰：“副有罪，当相坐［19］。”武曰：“本无谋，又非亲属，何谓相坐？”复举剑拟之，武不动。律曰：“苏君！律前负汉归匈奴，幸蒙大恩，赐号称王；拥众数万，马畜弥山［20］，富贵如此！苏君今日降，明日复然。空以身膏草野［21］，谁复知之！”武不应。律曰：“君因我降，与君为兄弟。今不听吾计，后虽欲复见我，尚可得乎？”‖武骂律曰：“女为人臣子，不顾恩义，畔主背亲，为降虏于蛮夷，何以女为见［22］！且单于信女，使决人死生；不平心持正，反欲斗两主［23］，观祸败！南越杀汉使者，屠为九郡［24］。宛王杀汉使者，头县北阙［25］。朝鲜杀汉使者，即时诛灭［26］。独匈奴未耳。若知我不降明，欲令两国相攻。匈奴之祸，从我始矣！”律知武终不可胁，白单于。单于愈益欲降之，乃幽武，置大窖中，绝不饮食。天雨雪，武卧啮雪，与旃毛并咽之［27］，数日不死。匈奴以为神，乃徙武北海上无人处［28］，使牧羝，羝乳乃得归［29］。别其官属常惠等，各置他所。‖武既至海上，廪食不至，掘野鼠去草实而食之［30］。仗汉节牧羊，卧起操持，节旄尽落。积五六年，单于弟于靬王弋射海上［31］。武能网纺缴［32］，檠弓弩［伎33］，于靬王爱之，给其衣食。三岁余，王病，赐武马畜、服匿、穹庐［34］。王死后，人众徙去。其冬，丁令盗武牛羊［35］，武复穷厄。‖初，武与李陵俱为侍中［36］。武使匈奴明年，陵降，不敢求武。久之，单于使陵至海上，为武置酒设乐。因谓武曰：“单于闻陵与子卿素厚，故使陵来说足下，虚心欲相待。终不得归汉，空自苦亡人之地，信义安所见乎？前长君为奉车［37］，从至雍棫阳宫［38］，扶辇下除［39］，触柱折辕，劾大不敬［40］，伏剑自刎，赐钱二百万以葬。孺卿从祠河东后土［41］，宦骑与黄门驸马争船［42］，推堕驸马河中溺死。宦骑亡，诏使孺卿逐捕，不得，惶恐饮药而死。来时，太夫人已不幸［43］，陵送葬至阳陵［44］。子卿妇年少，闻已更嫁矣。独有女弟二人［45］，两女一男，今复十余年，存亡不可知。人生如朝露，何久自苦如此！陵始降时，忽忽如狂，自痛负汉，加以老母系保宫［46］，子卿不欲降，何以过陵！且陛下春秋高［47］，法令亡常，大臣亡罪夷灭者数十家，安危不可知。子卿尚复谁为乎？愿听陵计，勿复有云！”‖武曰：“武父子亡功德，皆为陛下所成就，位列将［48］，爵通侯［49］，兄弟亲近，常愿肝脑涂地。今得杀身自效，虽蒙斧钺汤镬［50］，诚甘乐之。臣事君，犹子事父也；子为父死，亡所恨。愿勿复再言！”‖陵与武饮数日，复曰：“子卿壹听陵言。”武曰：“自分已死久矣！王必欲降武，请毕今日之驩，效死于前！”陵见其至诚，喟然叹曰：“嗟乎，义士！陵与卫律之罪，上通于天！”因泣下沾衿，与武决去。陵恶自赐武，使其妻赐武牛羊数十头。‖后陵复至北海上，语武：“区脱捕得云中生口［51］，言太守以下吏民皆白服，曰上崩［52］。”武闻之，南向号哭，欧血，旦夕临数月。‖昭帝即位［53］，数年，匈奴与汉和亲。汉求武等，匈奴诡言武死。后汉使复至匈奴，常惠请其守者与俱，得夜见汉使，具自陈道。教使者谓单于，言天子射上林中［54］，得雁，足有系帛书，言武等在某泽中。使者大喜，如惠语以让单于。单于视左右而惊，谢汉使曰：“武等实在。”于是李陵置酒贺武曰：“今足下还归，扬名于匈奴，功显于汉室。虽古竹帛所载［55］，丹青所画［56］，何以过子卿！陵虽驽怯［57］，令汉且贳陵罪［58］，全其老母，使得奋大辱之积志，庶几乎曹柯之盟［59］，此陵宿昔之所不忘也！收族陵家，为世大戮，陵尚复何顾乎？已矣，令子卿知吾心耳！异域之人，壹别长绝！”陵起舞，歌曰：“径万里兮度沙幕，为君将兮奋匈奴。路穷绝兮矢刃摧，士众灭兮名已𬯎。老母已死，虽欲报恩将安归！”陵泣下数行，因与武决。单于召会武官属，前已降及物故，凡随武还者九人。‖武以始元六年春至京师［60］。诏武奉一太牢谒武帝园庙［61］。拜为典属国［62］，秩中二千石［63］；赐钱二百万，公田二顷，宅一区。常惠、徐圣、赵终根皆拜为中郎，赐帛各二百匹。其余六人老，归家，赐钱人十万，复终身。常惠后至右将军，封列侯，自有传。武留匈奴凡十九岁［64］，始以强壮出，及还，须发尽白。‖武来归明年，上官桀、子安与桑弘羊及燕王、盖主谋反［65］，武子男元与安有谋，坐死。初桀、安与大将军霍光争权［66］，数疏光过失予燕王，令上书告之。又言苏武使匈奴二十年，不降，还乃为典属国。大将军长史无功劳［67］，为搜粟都尉，光颛权自恣。及燕王等反诛，穷治党与，武素与桀、弘羊有旧，数为燕王所讼，子又在谋中，廷尉奏请逮捕武［68］。霍光寝其奏［69］，免武官。‖数年，昭帝崩。武以故二千石与计谋立宣帝［70］，赐爵关内侯，食邑三百户［71］。久之，卫将军张安世荐武明习故事［72］，奉使不辱命，先帝以为遗言［73］。宣帝即时召武待诏宦者署［74］。数进见，复为右曹典属国［75］。以武著节老臣，令朝朔望，号称祭酒［76］，甚优宠之。武所得赏赐，尽以施予昆弟故人，家不余财。皇后父平恩侯、帝舅平昌侯、乐昌侯、车骑将军韩增、丞相魏相、御史大夫丙吉，皆敬重武［77］。‖武年老，子前坐事死，上闵之。问左右：“武在匈奴久，岂有子乎？”武因平恩侯自白：“前发匈奴时，胡妇适产一子通国，有声问来，原因使者致金帛赎之。”上许焉。后通国随使者至，上以为郎。又以武弟子为右曹［78］。‖武年八十余，神爵二年病卒［79］。……","古文观止+选补",""
"霍光传","汉","班固","霍光字子孟，票骑将军去病弟也［1］。父中孺，河东平阳人也［2］，以县吏给事平阳侯家，与侍者卫少儿私通而生去病。中孺吏毕归家，娶妇生光，因绝不相闻。久之，少儿女弟子夫得幸于武帝［3］，立为皇后，去病以皇后姊子贵幸。既壮大，乃自知父为霍中孺，未及求问，会为票骑将军击匈奴，道出河东，河东太守郊迎，负弩矢先驱至平阳传舍［4］，遣吏迎霍中孺。中孺趋入拜谒，将军迎拜，因跪曰：“去病不早自知为大人遗体也。”中孺扶服叩头［5］，曰：“老臣得托命将军，此天力也。”去病大为中孺买田宅奴婢而去。还，复过焉，乃将光西至长安，时年十余岁，任光为郎［6］，稍迁诸曹侍中［7］。去病死后，光为奉车都尉光禄大夫［8］，出则奉车，入侍左右，出入禁闼二十余年，小心谨慎，未尝有过，甚见亲信。‖征和二年［9］，卫太子为江充所败［10］，而燕王旦、广陵王胥皆多过失［11］。是时上年老，宠姬钩弋赵偼伃有男［12］，上心欲以为嗣，命大臣辅之。察群臣唯光任大重，可属社稷［13］。上乃使黄门画者画周公负成王朝诸侯以赐光［14］。后元二年春［15］，上游五柞宫［16］，病笃，光涕泣问曰：“如有不讳［17］，谁当嗣者？”上曰：“君未谕前画意邪？立少子，君行周公之事。”上以光为大司马大将军，日䃅为车骑将军［18］，及太仆上官桀为左将军［19］，搜粟都尉桑弘羊为御史大［20］，皆拜卧内床下，受遗诏辅少主。明日，武帝崩，太子枭尊号，是为孝昭皇帝。帝年八岁，政事一决于光。遗诏封光为博陆侯［21］。‖光为人沉静详审，长财七尺三寸［22］，白皙，疏眉目，美须髯。每出入下殿门，止进有常处，郎仆射窃识视之［23］，不失尺寸，其资性端正如此。初辅幼主，政自己出，天下想闻其风采。殿中尝有怪，一夜群臣相惊，光召尚符玺郎［24］郎不肯授光。光欲夺之，郎按剑曰：“臣头可得，玺不可得也！”光甚谊之［25］。明日，诏增此郎秩二等［26］。众庶莫不多光［27］。‖光与左将军桀结婚相亲，光长女为桀子安妻［28］，有女年与帝相配［29］，桀因帝姊鄂邑盖主内安女后宫为偼伃［30］，数月立为皇后。父安为票骑将军，封桑乐侯。光时休沐出，桀辄入代光决事。桀父子既尊盛，而德长公主。公主内行不修，近幸河间丁外人。桀、安欲为外人求封，幸依国家故事以列侯尚公主者，光不许。又为外人求光禄大夫，欲令得召见，又不许。长主大以是怨光。而桀、安数为外人求官爵弗能得，亦惭。自先帝时，桀已为九卿［31］，位在光右。及父子并为将军，有椒房中宫之重［32］，皇后亲安女，光乃其外祖，而顾专制朝事，由是与光争权。‖燕王旦自以昭帝兄，常怀怨望。及御史大夫桑弘羊建造酒榷盐铁［33］，为国兴利，伐其功［34］，欲为子弟得官，亦怨恨光。于是盖主、上官桀、安及弘羊皆与燕王旦通谋，诈令人为燕王上书，言光出都肄羽林［35］，道上称��［36］，太官先置；又引苏武前使匈奴［37］，拘留二十年不降，还乃为典属国［38］，而大将军长史敞亡功为搜粟都尉［39］；又擅调益莫府校尉［40］；光专权自恣，疑有非常，臣旦愿归符玺，入宿卫，察奸臣变。候司光出沐日奏之。桀欲从中下其事，桑弘羊当与诸大臣共执退光。书奏，帝不肯下。‖明旦，光闻之，止画室中不入［41］。上问：“大将军安在？”左将军桀对曰：“以燕王告其罪，故不敢入。”有诏召大将军。光入，免冠军顿首谢，上曰：“将军冠。朕知是书诈也，将军亡罪。”光曰：“陛下何以知之？”上曰：“将军之广明［42］，都郎属耳。调校尉以来未能十日，燕王何以得知之？且将军为非，不须校尉。”是时帝年十四，尚书左右皆惊［43］，而上书者果亡，捕之甚急。桀等惧，白上：“小事不足遂。”上不听。‖后桀党与有谮光者，上辄怒曰：“大将军忠臣，先帝所属以辅朕身，敢有毁者坐之。”自是桀等不敢复言，乃谋令长公主置酒请光，伏兵格杀之，因废帝，迎立燕王为天子。事发觉，光尽诛桀、安、弘羊、外人宗族。燕王、盖主皆自杀。光威震海内。昭帝既冠，遂委任光，迄十三年，百姓充实，四夷宾服。‖元平元年［44］，昭帝崩，亡嗣。武帝六男独有广陵王胥在，群臣议所立，咸持广陵王。王本以行失道，先帝所不用。光内不自安。郎有上书言：“周太王废太伯立王季［45］，文王舍伯邑考立武王［46］，唯在所宜，虽废长立少可也。广陵王不可以承宗庙。”言合光意。光以其书视丞相敞等［47］，擢郎为九江太守［48］，即日承皇太后诏［49］，遣行大鸿胪事少府乐成、宗正德、光禄大夫吉、中郎将利汉迎昌邑王贺［50］。‖贺者，武帝孙，昌邑哀王子也［51］。既至，即位，行淫乱。光忧懑，独以问所亲故吏大司农田延年［52］。延年曰：“将军为国柱石，审此人不可，何不建白太后，更选贤而立之？”光曰：“今欲如是，于古尝有此否？”延年曰：“伊尹相殷［53］，废太甲以安宗庙［54］，后世称其忠。将军若能行此，亦汉之伊尹也。”光乃引延年给事中［55］，阴与车骑将军张安世图计，遂召丞相、御史、将军、列侯、中二千石、大夫、博士会议未央宫［56］。光曰：“昌邑王行昏乱，恐危社稷，如何？”群臣皆惊鄂失色［57］，莫敢发言，但唯唯而已。田延年前，离席按剑，曰：“先帝属将军以幼孤，寄将军以天下，以将军忠贤能安刘氏也。今群下鼎沸，社稷将倾，且汉之传谥常为孝者［58］，以长有天下，令宗庙血食也［59］。如令汉家绝祀，将军虽死，何面目见先帝于地下乎？今日之议，不得旋踵。群臣后应者，臣请剑斩之。”光谢曰：“九卿责光是也。天下匈匈不安，光当受难。”于是议者皆叩头，曰：“万姓之命在于将军，唯大将军令。”‖光即与群臣俱见白太后，具陈昌邑王不可以承宗庙状。皇太后乃车驾幸未央承明殿［60］，诏诸禁门毋内昌邑群臣。王入朝太后还，乘辇欲归温室［61］，中黄门宦者各持门扇［62］，王入，门闭，昌邑群臣不得入。王曰：“何为？”大将军跪曰：“有皇太后诏，毋内昌邑群臣。”王曰：“徐之，何乃惊人如是！”光使尽驱出昌邑群臣，置金马门外［63］。车骑将军安世将羽林骑收缚二百余人，皆送廷尉诏狱［64］。令故昭帝侍中中臣侍守王。光敕左右：“谨宿卫，卒有物故自裁［65］，令我负天下，有杀主名。”王尚未自知当废，谓左右：“我故群臣从官安得罪，而大将军尽系之乎？”顷之，有太后诏召王。王闻召，意恐，乃曰：“我安得罪而召我哉！”太后被珠襦，盛服坐武帐中［66］，侍御数百人皆持兵，期门武士陛戟［67］，陈列殿下。群臣以次上殿，召昌邑王伏前听诏。光与群臣连名奏王，……荒淫迷惑，失帝王礼谊，乱汉制度，……当废［68］。……皇太后诏曰：“可。”光令王起拜受诏，王曰：“闻天子有争臣七人，虽无道不失天下［69］。”光曰：“皇太后诏废，安得天子！”乃即持其手，解脱其玺组，奉上太后，扶王下殿，出金马门，群臣随送。王西面拜［70］，曰：“愚戆不任汉事。”起就乘舆副车。大将军光送至昌邑邸，光谢曰：“王行自绝于天，臣等驽怯，不能杀身报德。臣宁负王，不敢负社稷。愿王自爱，臣长不复见左右。”光涕泣而去。群臣奏言：“古者废放之人屏于远方，不及以政，请徙王贺汉中房陵县［71］。”太后诏归贺昌邑，赐汤沐邑二千户［72］。昌邑群臣坐亡辅导之谊，陷王于恶，光悉诛杀二百余人。出死，号呼市中曰：“当断不断，反受其乱。”‖光坐庭中，会丞相以下议定所立。广陵王已前不用，及燕刺王反诛，其子不在议中。近亲唯有卫太子孙号皇曾孙在民间［73］，咸称述焉。光遂与丞相敞等上奏曰：“《礼》曰：‘人道亲亲故尊祖，尊祖故敬宗［74］。’大宗亡嗣，择支子孙贤者为嗣。孝武皇帝曾孙病已，武帝时有诏掖庭养视，至今年十八，师受《诗》、《论语》、《孝经》，躬行节俭，慈仁爱人，可以嗣孝昭皇帝后，奉承祖宗庙，子万姓。臣昧死以闻。”皇太后诏曰：“可。”光遣宗正刘德至曾孙家尚冠里［75］，洗沐赐御衣，太仆以𫐉车迎曾孙就斋宗正府［76］，入未央宫见皇太后，封为阳武侯［77］。而光奉上皇帝玺绶，谒于高庙，是为孝宣皇帝。‖明年，下诏曰：“夫褒有德，赏元功，古今通谊也。大司马大将军光宿卫忠正，宣德明恩，守节秉谊，以安宗庙。其以河北、东武阳益封光万七千户。”与故所食凡二万户。赏赐前后黄金七千斤，钱六千万，杂缯三万匹，奴婢百七十人，马二千匹，甲第一区。‖自昭帝时，光子禹及兄孙云皆中郎将［78］，云弟山奉车都尉侍中，领胡越兵［79］。光两女婿为东西宫卫尉［80］，昆弟、诸婿、外孙皆奉朝请［81］，为诸曹大夫，骑都尉、给事中。党亲连体，根据于朝廷。光自后元秉持万机［82］，及上即位，乃归政。上谦让不受，诸事皆先关白光，然后奏御天子。光每朝见，上虚己敛容，礼下之已甚。‖光秉政前后二十年。地节二年春病笃［83］，车驾自临问光病，上为之涕泣。光上书谢恩曰：“愿分国邑三千户，以封兄孙奉车都尉山为列侯，奉兄骠骑将军去病祀。”事下丞相御史，即日拜光子禹为右将军。‖光薨，上及皇太后亲临光丧［84］。","古文观止+选补",""
"论盛孝章书","汉","孔融","岁月不居［1］，时节如流。五十之年，忽焉已至。公为始满［2］，融又过二［3］。海内知识，零落殆尽［4］，惟会稽盛孝章尚存。其人困于孙氏［5］，妻孥湮没［6］，单孑独立，孤危愁苦。若使忧能伤人，此子不得复永年矣［7］！‖《春秋传》曰［8］：“诸侯有相灭亡者，桓公不能救，则桓公耻之。”［9］今孝章实丈夫之雄也，天下谈士［10］，依以扬声，而身不免于幽执［11］，命不期于旦夕，是吾祖不当复论损益之友［12］，而朱穆所以绝交也［13］。公诚能驰一介之使［14］，加咫尺之书［15］，则孝章可致，友道可弘矣。‖今之少年，喜谤前辈，或能讥评孝章。孝章要为有天下大名［16］，九牧之民所共称叹［17］。燕君市骏马之骨［18］，非欲以骋道里，乃当以招绝足也［19］。惟公匡复汉室，宗社将绝［20］，又能正之［21］。正之之术，实须得贤。珠玉无胫而自至者，以人好之也［22］，况贤者之有足乎！昭王筑台以尊郭隗［23］，隗虽小才，而逢大遇［24］，竟能发明主之至心，故乐毅自魏王［25］，剧辛自赵往［26］，邹衍自齐往［27］。向使郭隗倒悬而王不解［28］，临溺而王不拯，则士亦将高翔远引，莫有北首燕路者矣［29］。凡所称引［30］，自公所知［31］，而复有云者，欲公崇笃斯义也［32］。因表不悉［33］。","古文观止+选补",""
"登楼赋","汉","王粲","登兹楼以四望兮［1］，聊暇日以销忧［2］。览斯宇之所处兮，实显敞而寡仇。挟清漳之通浦兮［3］，倚曲沮之长洲［4］。背坟衍之广陆兮［5］，临皋隰之沃流［6］。北弥陶牧［7］，西接昭丘［8］。华实蔽野，黍稷盈畴。虽信美而非吾土兮，曾何足以少留！‖遭纷浊而迁逝兮，漫逾纪以迄今［9］。情眷眷而怀归兮，孰忧思之可任？凭轩槛以遥望兮，向北风而开襟［10］。平原远而极目兮，蔽荆山之高岑［11］。路逶迤而修迥兮，川既漾而济深。悲旧乡之壅隔兮，涕横坠而弗禁。昔尼父之在陈兮，有归欤之叹音［12］。钟仪幽而楚奏兮［13］，庄舄显而越吟［14］。人情同于怀土兮，岂穷达而异心！‖惟日月之逾迈兮，俟河清其未极［15］。冀王道之一平兮，假高衢而骋力。惧匏瓜之徒悬兮［16］，畏井渫之莫食［17］。步栖迟以徙倚兮，白日忽其将匿。风萧瑟而并兴兮，天惨惨而无色。兽狂顾以求群兮，鸟相鸣而举翼。原野阒其无人兮［18］，征夫行而未息。心凄怆以感发兮，意忉怛而憯恻［19］。循阶除而下降兮，气交愤于胸臆。夜参半而不寐兮，怅盘桓以反侧。","古文观止+选补",""
"让县自明本志令","魏晋","曹操","孤始举孝廉［1］，年少，自以本非岩穴知名之士［2］，恐为海内人之所见凡愚［3］，欲为一郡守［4］，好作政教［5］，以建立名誉，使世士明知之［6］；故在济南［7］，始除残去秽［8］，平心选举，违迕诸常侍［9］。以为强豪所忿，恐致家祸，故以病还。‖去官之后，年纪尚少［10］，顾视同岁中［11］，年有五十，未名为老。内自图之，从此却去二十年，待天下清，乃与同岁中始举者等耳。故以四时归乡里，于谯东五十里筑精舍［12］，欲秋夏读书，冬春射猎，求底下之地［13］，欲以泥水自蔽［14］，绝宾客往来之望。然不能得如意。‖后征为都尉［15］，迁典军校尉［16］，意遂更欲为国家讨贼立功［17］，欲望封侯作征西将军［18］，然后题墓道言“汉故征西将军曹侯之墓”，此其志也。而遭值董卓之难［19］，兴举义兵［20］。是时合兵能多得耳，然常自损，不欲多之；所以然者，多兵意盛，与强敌争，倘更为祸始。故汴水之战数千［21］，后还到扬州更募［22］，亦复不过三千人，此其本志有限也。‖后领兖州［23］，破降黄巾三十万众［24］。又袁术僭号于九江［25］，下皆称臣，名门曰建号门，衣被皆为天子之制，两妇预争为皇后。志计已定，人有劝术使遂即帝位，露布天下［26］，答言“曹公尚在，未可也”。后孤讨禽其四将［27］，获其人众，遂使术穷亡解沮［28］，发病而死。及至袁绍据河北［29］，兵势强盛，孤自度势，实不敌之；但计投死为国，以义灭身，足垂于后。幸而破绍，枭其二子［30］。又刘表自以为宗室［31］，包藏奸心，乍前乍却［32］，以观世事，据有当州［23］，孤复定之，遂平天下。身为宰相，人臣之贵已极，意望已过矣［34］。‖今孤言此，若为自大，欲人言尽，故无讳耳。设使国家无有孤，不知当几人称帝，几人称王！或者人见孤强盛，又性不信天命之事，恐私心相评，言有不逊之志［35］，妄相忖度，每用耿耿。齐桓、晋文所以垂称至今日者［36］，以其兵势广大，犹能奉事周室也。《论语》云：“三分天下有其二，以服事殷，周之德可谓至德矣［37］。”夫能以大事小也［38］。昔乐毅走赵［39］，赵王欲与之图燕［40］。乐毅伏而垂泣，对曰：“臣事昭王，犹事大王；臣若获戾，放在他国，没世然后已，不忍谋赵之徒隶［41］，况燕后嗣乎［42］！”胡亥之杀蒙恬也［43］，恬曰：“自吾先人及至子孙，积信于秦三世矣［44］；今臣将兵三十余万，其势足以背叛，然自知必死而守义者，不敢辱先人之教以忘先王也。”孤每读此二人书，未尝不怆然流涕也。孤祖、父以至孤身［45］，皆当亲重之任，可谓见信者矣，以及子桓兄弟［46］，过于三世矣。‖孤非徒对诸君说此也，常以语妻妾，皆令深知此意。孤谓之言：“顾我万年之后［47］，汝曹皆当出嫁，欲令传道我心，使他人皆知之。”孤此言皆肝鬲之要也［48］。所以勤勤恳恳叙心腹者，见周公有《金縢》之书以自明［49］，恐人不信之故。然欲孤便尔委捐所典兵众［50］，以还执事［51］，归就武平侯国［52］，实不可也。何者？诚恐己离兵为人所祸也。既为子孙计，又己败则国家倾危，是以不得慕虚名而处实祸，此所不得为也。前，朝恩封三子为侯，固辞不受，今更欲受之，非欲复以为荣，欲以为外援，为万安计［53］。‖孤闻介推之避晋封［54］，申胥之逃楚赏［55］，未尝不舍书而叹，有以自省也。奉国威灵［56］，仗钺征伐［57］，推弱以克强［58］，处小而禽大。意之所图，动无违事，心之所虑，何向不济，遂荡平天下，不辱主命。可谓天助汉室，非人力也［59］。然封兼四县［60］，食户三万［61］，何德堪之！江湖未静，不可让位；至于邑土，可得而辞。今上还阳夏、柘、苦三县户二万，但食武平万户，且以分损谤议［62］，少减孤之责也。","古文观止+选补",""
"洛神赋","魏晋","曹植","黄初三年［1］，余朝京师［2］，还济洛川［3］。古人有言，斯水之神名曰宓妃［4］。感宋玉对楚王说神女之事［5］，遂作斯赋。其词曰：余从京域［6］，言归东藩［7］，背伊阙［8］，轘辕［9］，经通谷［10］，陵景山［11］。日既西倾，车殆马烦［12］。尔乃税驾乎蘅皋［13］，秣驷乎芝田［14］，容与乎阳林［15］，流盼乎洛川［16］。于是精移神骇［17］，忽焉思散［18］。俯则未察，仰以殊观［19］。睹一丽人，于岩之畔。乃援御者而告之曰［20］：“尔有觌于彼者乎［21］？彼何人斯，若此之艳也！”御者对曰：“臣闻河洛之神，名曰宓妃。然则君王之所见也，无乃是乎［22］！其状若何？臣愿闻之。”‖余告之曰：其形也，翩若惊鸿［23］，婉若游龙［24］。荣曜秋菊，华茂春松［25］。仿佛兮若轻云之蔽月，飘飖兮若流风之回雪［26］。远而望之，皎若太阳升朝霞［27］；迫而察之，灼若芙蓉出渌波［28］秾纤得中［29］，修短合度［30］。肩若削成，腰如束素［31］。延颈秀项［32］，皓质呈露［33］。芳泽无加，铅华弗御［34］。云髻峨峨［35］，修眉连娟［36］。丹唇外朗，皓齿内鲜［37］。明眸善睐［38］，靥辅承权（39］。瑰姿艳逸［40］，仪静体闲［41］。柔情绰态［42］，媚于语言。奇服旷世［43］，骨像应图［44］。披罗衣文璀灿兮［45］，‖珥瑶碧之华琚［46］。戴金翠之首饰［47］，缀明珠以耀躯。践远游之文履［48］，曳雾绡之轻裾［49］。微幽兰之芳蔼兮［50］，步踟蹰于山隅［51］。于是忽焉纵体，以遨以嬉［52］。左倚采旄［53］，右阴桂旗［54］。攘皓腕于神浒兮［55］，采湍濑之玄芝［56］。‖余情悦其淑美兮，心振荡而不怡［57］。无良媒以接欢兮，托微波而通辞［58］。愿诚素之先达兮［59］，解玉珮以要之［60］。嗟佳人之信修兮［61］，羌习礼而明诗［62］。抗琼珶以和予兮［63］，指潜渊而为期［64］。执眷眷之款实兮［65］，惧斯灵之我欺［66］。感交甫之弃言兮［67］，怅犹豫而狐疑［68］。收和颜而静志兮［69］,申礼防以自持［70］。‖于是洛灵感焉，徙倚彷徨［71］。神光离合［72］，乍阴乍阳［73］。竦轻躯以鹤立［74］，若将飞而未翔。践椒途之郁烈［75］，步蘅薄而流芳［76］。超长吟以永慕兮［77］，声哀厉而弥长［78］。尔乃众灵杂沓［79］，命俦啸侣［80］。或戏清流，或翔神渚［81］，或采明珠，或拾翠羽［82］。从南湘之二妃［83］，携汉滨之游女［84］。叹瓠瓜之无匹兮［85］，咏牵牛之独处［86］。扬轻袿之猗靡兮［87］，翳修袖以延伫［88］。体迅飞凫［89］，飘忽若神。陵波微步，罗袜生尘［90］。动无常则，若危若安；进止难期［91］，若往若还。转盼流精［92］，光润玉颜。含辞未吐，气若幽兰［93］。华容婀娜［94］，令我忘餐。‖于是屏翳收风［95］，川后静波［96］。冯夷鸣鼓［97］，女娲清歌［98］。腾文鱼以惊乘［99］，鸣玉銮以偕逝［100］。六龙俨其齐首［101］，戴云车之容裔［102］。鲸鲵踊而夹毂［103］，水禽翔而为卫［104］。于是越北沚［105］，过南冈，纡素领，回清扬［106］。动朱唇以徐言，陈交接之大纲［107］。恨人神之道殊兮，怨盛年之莫当［108］。抗罗袂以掩涕兮［109］，泪流襟之浪浪［110］。悼良会之永绝兮，哀一逝而异乡。无微情以效爱兮［111］，献江南之明珰［112］。虽潜处于太阴［113］，长寄心于君王。忽不悟其所舍［114］，怅神宵而蔽光［115］。‖于是背下陵高［116］，足往神留。遗情想像，顾望怀愁。冀灵体之复形［117］，御轻舟而上溯［118］。浮长川而忘反，思绵绵而增慕［119］。夜耿耿而不寐［120］，沾繁霜而至曙。命仆夫而就驾，吾将归乎东路［121］。揽𬴂辔以抗策［122］，怅盘桓而不能去［123］。","古文观止+选补",""
"与山巨源绝交书","魏晋","嵇康","康白：足下昔称吾于颍川［1］，吾常谓之知言［2］。然经怪此意尚未熟悉于足下［3］，何从便得之也？前年从河东还［4］，显宗、阿都说足下议以吾自代［5］，事虽不行，知足下故不知之。足下傍通［6］，多可而少怪［7］；吾直性狭中［8］，多所不堪，偶与足下相知耳。间闻足下迁［9］，惕然不喜［10］，恐足下羞庖人之独割，引尸祝以自助［11］，手荐鸾刀［12］，漫之膻腥［13］，故具为足下陈其可否。‖吾昔读书，得并介之人［14］，或谓无之，今乃信其真有耳。性有所不堪，真不可强。今空语同知有达人无所不堪，外不殊俗，而内不失正，与一世同其波流，而悔吝不生耳［15］。老子、庄周［16］，吾之师也，亲居贱职；柳下惠、东方朔［17］，达人也，安乎卑位，吾岂敢短之哉［18］！又仲尼兼爱［19］，不羞执鞭［20］；子文无欲卿相［21］，而三登令尹［22］，是乃君子思济物之意也［23］。所谓达则兼善而不渝［24］，穷则自得而无闷［25］。以此观之，故尧、舜之君世［26］，许由之岩栖［27］，子房之佐汉［28］，接舆之行歌［29］，其揆一也［30］。仰瞻数君，可谓能遂其志者也。故君子百行［31］，殊途而同致［32］，循性而动，各附所安。故有处朝廷而不出，入山林而不返之论［33］。且延陵高子臧之风［34］，长卿慕相如之节［35］，志气所托，不可夺也。吾每读尚子平、台孝威传［36］，慨然慕之，想其为人。加少孤露［37］，母兄见骄［38］，不涉经学。性复疏懒，筋驽肉缓［39］，头面常一月十五日不洗，不大闷痒，不能沐也［40］。每常小便而忍不起，令胞中略转乃起耳［41］。又纵逸来久，情意傲散，简与礼相背，懒与慢相成，而为侪类见宽［42］，不攻其过。又读《庄》、《老》［43］，重增其放，故使荣进之心日颓，任实之情转笃［44］。此犹禽鹿［45］，少见驯育，则服从教制；长而见羁［46］，则狂顾顿缨［47］，赴蹈汤火；虽饰以金镳［48］，飨以嘉肴［49］，愈思长林而志在丰草也。‖阮嗣宗口不论人过［50］，吾每师之而未能及；至性过人，与物无伤，唯饮酒过差耳［51］。至为礼法之士所绳［52］，疾之如仇，幸赖大将军保持之耳［53］。吾不如嗣宗之资［54］，而有慢弛之阙［55］；又不识人情，暗于机宜［56］；无万石之慎［57］，而有好尽之累［58］。久与事接，疵衅日兴［59］，虽欲无患，其可得乎？又人伦有礼，朝廷有法，自惟至熟［60］，有必不堪者七，甚不可者二：卧喜晚起，而当关呼之不置［61］，一不堪也。抱琴行吟，弋钓草野［62］，而吏卒守之，不得妄动，二不堪也。危坐一时，痹不得摇［63］，性复多虱［64］，把搔无已［65］，而当裹以章服［66］，揖拜上官，三不堪也。素不便书，又不喜作书，而人间多事，堆案盈机［67］，不相酬答，则犯教伤义［68］，欲自勉强，则不能久，四不堪也。不喜吊丧，而人道以此为重，已为未见恕者所怨，至欲见中伤者；虽瞿然自责［69］，然性不可化，欲降心顺俗［70］，则诡故不情［71］，亦终不能获无咎无誉如此［72］，五不堪也。不喜俗人，而当与之共事，或宾客盈坐，鸣声聒耳［73］，嚣尘臭处，千变百伎，在人目前，六不堪也。心不耐烦，而官事鞅掌［74］，机务缠其心，世故烦其虑，七不堪也。又每非汤、武而薄周、孔［75］，在人间不止，此事会显［76］，世教所不容，此甚不可一也。刚肠疾恶，轻肆直言，遇事便发，此甚不可二也。以促中小心之性［77］，统此九患，不有外难，当有内病，宁可久处人间邪？又闻道士遗言，饵术黄精［78］，令人久寿，意甚信之；游山泽，观鱼鸟，心甚乐之；一行作吏，此事便废，安能舍其所乐而从其所惧哉！‖夫人之相知，贵识其天性，因而济之。禹不逼伯成子高［79］，全其节也；仲尼不假盖于子夏［80］，护其短也；近诸葛孔明不逼元直以入蜀［81］，华子鱼不强幼安以卿相［82］，此可谓能相终始，真相知者也。足下见直木不可以为轮，曲木不可以为桷［83］，盖不欲枉其天才，令得其所也。故四民有业［84］，各以得志为乐，唯达者为能通之，此足下度内耳［85］。不可自见好章甫［86］，强越人以文冕也［87］；己嗜臭腐，养鸳雏以死鼠也［88］。吾顷学养生之术，方外荣华［89］，去滋味［90］，游心于寂寞，以无为为贵。纵无九患，尚不顾足下所好者。又有心闷疾，顷转增笃［91］，私意自试，不能堪其所不乐。自卜已审，若道尽途穷则已耳。足下无事冤之［92］，令转于沟壑也［93］。‖吾新失母兄之欢，意常凄切。女年十三，男年八岁，未及成人，况复多病。顾此悢悢［94］，如何可言！今但愿守陋巷，教养子孙，时与亲旧叙离阔，陈说平生，浊酒一杯，弹琴一曲，志愿毕矣。足下若嬲之不置［95］，不过欲为官得人，以益时用耳。足下旧知吾潦倒粗疏［96］，不切事情，自惟亦皆不如今日之贤能也。若以俗人皆喜荣华，独能离之，以此为快；此最近之，可得言耳。然使长才广度［97］，无所不淹［98］，而能不营［99］，乃可贵耳。若吾多病困，欲离事自全，以保余年，此真所乏耳，岂可见黄门而称贞哉［100］！若趣欲共登王途［101］，期于相致，时为欢益，一旦迫之，必发狂疾。自非重怨［102］，不至于此也。‖野人有快炙背而美芹子者［103］，欲献之至尊［104］，虽有区区之意［105］，亦已疏矣。愿足下勿似之。其意如此，既以解足下，并以为别［106］。嵇康白。","古文观止+选补",""
"班超传","南朝·宋","范晔","班超，字仲升，扶风平陵人［1］，徐令彪之少子也［2］。为人有大志，不修细节，然内孝谨，居家常执勤苦，不耻劳辱。有口辩，而涉猎书传。‖永平五年［3］，兄固被召诣校书郎［4］，超与母随至洛阳［5］。家贫，常为官佣书以供养［6］，久劳苦。尝辍业投笔叹曰：“大丈夫无他志略，犹当效傅介子、张骞立功异域［7］，以取封侯，安能久事笔研间乎［8］？”左右皆笑之。超曰：“小子安知壮士志哉？”其后行诣相者，曰：“祭酒［9］，布衣诸生耳，而当封侯万里之外。”超问其状。相者指曰：“生燕颔虎颈［10］，飞而食肉，此万里侯相也。”久之，显宗问固［11］：“卿弟安在？”固对：“为官写书，受直以养老母［12］。”帝乃除超为兰台令史［13］。后坐事免官。‖十六年［14］，奉车都尉窦固出击匈奴［15］，以超为假司马［16］，将兵别击伊吾［17］，战于蒲类海［18］，多斩首虏而还。固以为能，遣与从事郭恂俱使西域［19］。超到鄯善［20］，鄯善王广奉超礼敬甚备，后忽更疏懈。超谓其官属曰：“宁觉广礼意薄乎？此必有北虏使来［21］，狐疑未知所从故也［22］。明者睹未萌，况已著耶？”乃诏侍胡诈之曰［23］：“匈奴使来数日，今安在乎？”侍胡惶恐，具服其状［24］。超乃闭侍胡［25］，悉会其吏士三十六人，与共饮，酒酣，因激怒之曰：“卿曹与我俱在绝域［26］，欲立大功以求富贵。今虏使到裁数日［27］，而王广礼敬即废，如今鄯善收吾属送匈奴，骸骨长为豺狼食矣［28］。为之奈何！”官属皆曰：“今在危亡之地，死生从司马。”超曰：“不入虎穴，不得虎子。当今之计，独有因夜以火攻虏使［29］，彼不知我多少，必大震怖，可殄尽也［30］。灭此虏则鄯善破胆，功成事立矣。”众曰：“当与从事议之。”超怒曰：“吉凶决于今日。从事文俗吏［31］，闻此必恐而谋泄，死无所名，非壮士也。”众曰：“善。”‖初夜，遂将吏士往奔虏营。会天大风，超令十人持鼓，藏虏舍后。约曰：“见火然［32］，皆当鸣鼓大呼。”余人悉持兵弩夹门而伏［33］，超乃顺风纵火，前后鼓噪。虏众惊乱，超手格杀三人，吏兵斩其使及从士三十余级，余众百许人悉烧死。明日，乃还告郭恂。恂大惊，既而色动，超知其意，举手曰：“掾虽不行［34］，班超何心独擅之乎［35］？”恂乃悦。超于是召鄯善王广，以虏使首示之，一国震怖。超晓告抚慰，遂纳子为质［36］。还奏于窦固，固大喜。具上超功效，并求更选使使西域。帝壮超节［37］，诏固曰：“吏如班超，何故不遣，而更选乎？今以超为军司马［38］，令遂前功［39］。”‖超复受使，固欲益其兵［40］，超曰：“愿将本所从三十余人足矣，如有不虞［41］，多益为累。”是时于阗王广德新攻破莎车［42］，遂雄张南道［43］，而匈奴遣使监护其国。超既西，先至于阗，广德礼意甚疏，且其俗信巫［44］，巫言：“神怒，何故欲向汉？汉使有䯄马［45］，急求取以祠我。”广德乃遣使就超请马。超密知其状，报许之，而令巫自来取马。有顷巫至，超即斩其首，以送广德，因辞让之［46］。广德素闻超在鄯善诛灭虏使，大惶恐，即令攻杀匈奴使者而降超。超重赐其王以下，因镇抚焉。‖时龟兹王建为匈奴所立［47］，倚恃虏威，据有北道，攻破疏勒［48］，杀其王，而立龟兹人兜题为疏勒王。明年春，超从间道至疏勒，去兜题所居槃橐城九十里［49］，逆遣使田虑先往降之［50］。敕虑曰［51］：“兜题本非疏勒种，国人必不用命，若不即降，便可执之。”虑既到，兜题见虑轻弱，殊无降意。虑因其无备，遂前劫缚兜题。左右出其不意，皆惊惧奔走。虑驰报超，超即赴之，悉召疏勒将吏，说以龟兹无道之状，因立其故王兄子忠为王，国人大悦。忠及官属皆请杀兜题，超不听，欲示以威信，释而遣之。疏勒由是与龟兹结怨。‖十八年，帝崩。焉耆以中国大丧［52］，遂攻没都护陈睦［53］。超孤立无援，而龟兹、姑墨数发兵攻疏勒［54］。超守槃橐城，与忠为首尾，士吏单少，拒守岁余。肃宗初即位［55］，以陈睦新没，恐超单危，不能自立，下诏征超。超发还，疏勒举国忧恐，其都尉黎弇曰［56］：“汉使弃我，我必复为龟兹所灭耳。诚不忍见汉使去。”因以刀自刭［57］。超还至于阗，王侯以下皆号泣曰：“依汉使如父母，诚不可去。”互抱超马脚，不得行。超恐于阗终不听其东，又欲遂本志，乃更还疏勒。疏勒两城自超去后，复降龟兹，而与尉头连兵［58］。超捕斩反者，击破尉头，杀六百余人，疏勒复安。‖建初三年［59］，超率疏勒、康居、于阗、拘弥兵一万人［60］，攻占墨石城，破之，斩首七百级。超欲因此叵平诸国［61］，乃上疏请兵曰：“臣窃见先帝欲开西域［62］，故北击匈奴［63］，西使外国［64］，鄯善、于阗，即时向化。今拘弥、莎车、疏勒、月氏、乌孙、康居复愿归附［65］，欲共并力，破灭龟兹，平通汉道。若得龟兹，则西域未服者百分之一耳。臣伏自惟念［66］，卒伍小吏，实愿从谷吉效命绝域［67］，庶几张骞弃身旷野［68］。昔魏绛列国大夫［69］，尚能和辑诸戎，况臣奉大汉之威，而无铅刀一割之用乎［70］？前世议者皆曰取三十六国，号为断匈奴右臂［71］。今西域诸国，自日之所入［72］，莫不向化［73］，大小欣欣，贡奉不绝，唯焉耆、龟兹独未服从。臣前与官属三十六人奉使绝域，备遭艰厄，自孤守疏勒，于今五载，胡夷情数［74］，臣颇识之。问其城廓小大，皆言依汉与倚天等。以是效之［75］，则葱领可通［76］；葱领通，则龟兹可伐。今宜拜龟兹侍子白霸为其国王［77］，以步骑数百送之，与诸国连兵。岁月之间，龟兹可禽［78］。以夷狄攻夷狄［79］，计之善者也。臣见莎车、疏勒田地肥广，草牧饶衍［80］，不比敦煌、鄯善间也［81］。兵可不费中国，而粮食自足。且姑墨、温宿二王特为龟兹所置［82］，既非其种，更相厌苦，其势必有降反，若二国来降，则龟兹自破。愿下臣章，参考行事，诚有万分，死复何恨？臣超区区，特蒙神灵［83］，窃冀未便僵仆［84］，目见西域平定、陛下举万年之觞［85］，荐勋祖庙［86］，布大喜于天下。”‖书奏，帝知其功可成，议欲给兵。平陵人徐干素与超同志［87］，上疏愿奋身佐超。五年，遂以干为假司马，将弛刑及义从千人就超［88］。先是莎车以为汉兵不出，遂降于龟兹，而疏勒都尉番辰亦复反叛［89］，会徐干适至，超遂与干击番辰，大破之，斩首千余级。多获生口。超既破番辰，欲进攻龟兹，以乌孙兵强，宜因其力［90］，乃上言：“乌孙大国，控弦十万［91］，故武帝妻以公主［92］，至孝宣皇帝卒得其用［93］。今可遣使招慰，与共合力。”帝纳之。八年，拜超为将兵长使［94］，假鼓吹幢麾［95］，以徐干为军司马，别遣卫侯李邑护送乌孙使者［96］，赐大小昆弥以下锦帛［97］。‖李邑始到于阗，而值龟兹攻疏勒，恐惧不敢前，因上书陈西域之功不可成，又盛毁超拥爱妻［98］，抱爱子，安乐外国，无内顾心。超闻之叹曰：“身非曾参，而有三至之谗［99］，恐见疑于当时矣。”遂去其妻。帝知超忠，乃切责邑曰：“纵超拥爱妻，抱爱子，思归之士千余人，何能尽与超同心乎？”令邑诣超受节度［100］。诏超：若邑任在外者，便留与从事［101］。超即遣邑将乌孙侍子还京师。徐干谓超曰：“邑前亲毁君，欲败西域［102］。今何不缘诏书留之［103］，更遣他吏送侍子乎？”超曰：“是何言之陋也，以邑毁超，故今遣之，内省不疚，何恤人言［104］？快意留之，非忠臣也。”‖明年，复遣假司马和恭等四人将兵八百诣超，超因发疏勒、于阗兵击莎车。莎车阴通使疏勒王忠，啖以重利［105］，忠遂反，从之西保乌即城。超乃更立其府丞成大为疏勒王［106］，悉发其不反者以攻忠，积半岁而康居遣精兵救之，超不能下。是时月氏新与康居婚，相亲，超乃使使多赍金帛遗月氏王［107］，令晓示康居王。康居王乃罢兵，执忠以归其国，乌即城遂降于超。后三年，忠说康居王借兵，还居损中［108］，密与龟兹谋，遣使诈降于超，超内知其奸，而外伪许之。忠大喜，即从轻骑诣超。超密勒兵待之［109］，为供张设乐［110］。酒行，乃叱吏缚忠斩之，因击破其众，杀七百余人，南道于是遂通。‖明年，超发于阗诸国兵二万五千人，复击莎车，而龟兹王遣左将军发温宿、姑墨、尉头合五万人救之。超召将校及于阗王议曰：“今兵少不敌，其计莫若各散去，于阗从是而东，长史亦于此西归，可须夜鼓声而发［111］。”阴缓所得生口［112］。龟兹王闻之，大喜，自以万骑于西界遮超［113］，温宿王将八千骑于东界徼于阗［114］。超知二虏已出，密召诸部勒兵，鸡鸣，驰赴莎车营，胡大惊乱奔走，追斩五千余级，大获其马畜财物，莎车遂降。龟兹等因各退散。自是威震西域。","古文观止+选补",""
"狱中与诸甥侄书","南朝·宋","范晔","覆灭［1］，岂复可言，汝等皆当以罪人弃之［2］。然平生行已在怀，犹应可寻，至于能不［3］，意中所解，汝等或不悉知。‖吾少懒学问，晚成人，年三十许政始有向耳［4］。自尔以来，转为心化［5］，推老将至者，亦当未已也。往往有微解［6］，言乃不能自尽。为性不寻注书［7］，心气恶［8］，小苦思便愦闷［9］，口机又不调利［10］，以此无谈功［11］。至于所通解处，皆自得之于胸怀耳［12］。文章转进，但才少思难，所以每于操笔，其所成篇，殆无全称者［13］。‖常耻作文士。文患其事尽于形［14］，情急于藻［15］，义牵其旨［16］，韵移其意［17］。虽时有能者，大较多不免此累［18］，政可类工巧图缋［19］，竟无得也。常谓情志所托［20］，故当以意为主，以文传意。以意为主，则其旨必见［21］；以文传意，则其词不流［22］。然后抽其芬芳［23］，振其金石耳［24］。此中情性旨趣，千条百品［25］，屈曲有成理［26］。自谓颇识其数［27］，尝为人言，多不能赏，意或异故也。‖性别宫商［28］，识清浊［29］，斯自然也。观古今文人，多不全了此处；纵有会此者，不必从根本中来。言之皆有实证，非为空谈。年少中谢庄最有其分［30］，手笔差易［31］，文不拘韵故也［32］。吾思乃无定方，特能济难适轻重［33］，所禀之分［34］，犹当未尽，但多公家之言［35］，少于事外远致［36］，以此为恨［37］，亦由无意于文名故也。本未关史书，政恒觉其不可解耳［38］。‖既造《后汉》［39］，转得统绪［40］。详观古今著述及评论，殆少可意者［41］。班氏最有高名［42］，既任情无例，不可甲乙辨［43］。后赞于理近无所得［44］，唯志可推耳［45］。博赡不可及之［46］，整理未必愧也［47］。吾杂传论［48］，皆有精意深旨，既有裁味［49］，故约其词句。至于《循史》以下及《六夷》诸序论，笔势纵放，实天下之奇作［50］。其中合者［51］，往往不减《过秦》篇［52］。尝共比方班氏所作，非但不愧之而已。欲遍作诸志，《前汉》所有者悉令备［53］。虽事不必多，且使见文得尽；又欲因事就卷内发论，以正一代得失，意复未果。赞自是吾文之杰思［54］，殆无一字空设，奇变不穷，同含异体［55］，乃自不知所以称之。此书行，故应有赏音者。‘纪传例’为举其大略耳［56］，诸细意甚多。自古体大而思精，未有此也。恐世人不能尽之，多贵古贱今，所以称情狂言耳［57］。‖吾于音乐，听功不及自挥［58］，但所精非雅声为可恨［59］。然至于一绝处［60］，亦复何异邪［61］！其中体趣，言之不尽。弦外之意，虚响之音，不知所从而来。虽少许处，而旨态无极［62］。亦尝以授人，士庶者中未有一豪似者［63］。此永不传矣！‖吾书虽小小有意，笔势不快。余竟不成就。每愧此名。‖—选自中华书局标点本《宋书》‖我因为疏狂放肆而终遭杀身之祸，这还有甚么可说的呢，你们也都将被当作罪人而被判处死刑。但我一生的行状自己心里清楚，还是可以追忆回顾的。至于能不能这样，尤其是头脑中所想到的，你们或许不一定全部知晓。‖我小时候学习并不怎么勤奋，成熟得亦比较晚，一直到了三十岁左右才开始树立志向。从那以后，转而中心感化，自己估计就是到老，也不会停止这一行动的。常常有些精微深刻的见解，难以用言语表达完整。我天性不喜欢钻书本，脑子也不灵，稍微费些精力便头昏脑胀，而又缺少能言善辩的口才，所以也难以因此取得功名。至于所获得的一些见解，一般都出于内心对事物的领悟。文章写得好些了，但缺少才气，思维钝涩，所以每每挥毫写作，写成的却几乎没有一篇能完全令人满意。‖我常以作一个文士为耻。一般的文章常耽心或只求形似而缺少内涵，或急于言情而忽略文彩，或辞不达意而影响主题的表达，或过份注重音律而妨碍了文意。虽时有擅长于作文的人，但大多数都不免这些毛病，正好比技艺精妙的工匠在已有五彩花纹的图像上再作画，貌似好看，结果一无所得。我常以为，文章主要是用来表达情志的，因此应当以意为主，以文传意。若以意为主，文章的主旨必然会显现于读者面前；做到了以文传意，那么，就不会出现文不达意的现象。然后才能达到内容完美，声调铿锵。这当中各人的情性旨趣，虽然各种各样，名目繁多，但在这不同中有着一定的规律法度。我自己认为很懂得其中的方法奥妙，也曾经跟人谈起，但大多数人都不能理解赏识，我以为这或许是各人看法不同的缘故罢。‖我能够识辨宫商五音，也能分得清清音浊音，这都是本已存在的语音现象。可是看来自古至今许多文人，却往往不完全明白这一点；即使懂得一些，又未必从根本上理解。我说这些话都是有事实依据的，并非空谈。比如年少一辈中的谢庄算是最能辨别区分宫商清浊的了，可是写出来的文章却并不如此，这是因为没有注意，文不拘韵的缘故。而我的看法是拘韵与否并没有固定的标准，只要能够表达出难以言传的情事，符合语音的顿挫抑扬、高低变化就可以了。但我所具有的天分，却仍未能完全达到这一点，因为我自己写的却又大多是用于公事的不拘韵的实用文，很少有超出这一范围以外的文字，常常以此为一大遗憾，也正因为如此所以无意去追求文名。以上所说与史书并不相关，只是常常觉得这事不大可以理解罢了。‖我既完成了《后汉书》的编纂，便因此而掌握了其中的端绪。我仔细通观古往今来的有关著作及其评论文字，几乎很少有使人赞同的。班固最负盛名，但他按自己的想法著史，不再遵守《史记》的先例，他就不可能“通古今之变”。《汉书》的赞文实际上一无足取，只有十志值得推崇赞扬。我所著的《后汉书》，内容的广博宏富不一定比得上他；但史料的处理和编纂体例的创新，我不一定比之有愧。我所著的各种传论，都含有精深的意蕴，因为带有评判裁定的性质，所以就写得简明扼要了。至于《循吏》以下及《六夷》诸篇序论，更是笔势纵横自如，实在是天下少有的奇妙文章。其中那些切中时弊的文字，往往不逊色于贾谊的《过秦论》。所以我曾经将《后汉书》与《汉书》作过比较，结果不仅是不感到惭愧而已。我曾想把诸志全部作成，凡是《汉书》中有的都撰写完备。虽然史实不一定面面俱到，但要使人看后有十分详尽的印象；又想就某些历史事实发些议论，以匡正一代的得失，这一设想未能成为现实。《后汉书》里的赞文，应当说特别体现了我的见解与思想，几乎没有一个字是多余的，文字变幻无穷，同是议论文字却内容各不相同，以至我自己也不知道该怎样来称许它。这书刊行以后，一定会获得知音赞赏的。《后汉书》的序例仅仅是举其大概，还有一些细小具体的问题，实在太多了。自古以来，规模宏大，思虑精密，没有哪一家能做到这样的。因为怕世人贵古贱今，不一定能了解详细，所以就恣意狂言，自夸自吹了一通。‖我对于音乐，鉴赏审别能力比不上自家弹奏的能力，而又以所精通的不是正声为憾事。不过真正达到了音乐的最高境界，雅与不雅又有甚么区别呢！这当中的意趣，确非言语能表达完尽。那弦外之响，意外之音，真令人不知其从何而来。虽说非雅之音很少有值得称许的地方，但其中的意蕴神韵却并无穷尽。我也曾以此授人，可惜一般从学的士子和百姓中，竟无一个酷似神肖的。这一技法恐怕将永远失传了！‖我的信虽然稍有深意，但行文毕竟不畅快。我到底没有成功。我常常感到痛恨羞愧。","古文观止+选补",""
"芜城赋","南朝·宋","鲍照","沵迆平原［1］，南驰苍梧涨海［2］，北走紫塞雁门［3］。柂以漕渠［4］，轴以昆岗［5］。重关复江之奥［6］，四会五达之庄［7］。当昔全盛之时，车挂轻𫐕［8］，人驾肩［9］；廛闬扑地［10］，歌吹沸天［11］。孳货盐田［12］，铲利铜山［13］，才力雄富，士马精妍［14］。故能侈秦法［15］，佚周令［16］，划崇墉［17］，刳濬洫［18］，图修世以休命［19］。是以板筑雉堞之殷［20］，井干烽橹之勤［21］，格高五岳［22］，袤广三坟［23］，崪若断岸［24］，矗似长云［25］。制磁石以御冲［26］，糊赪壤以飞文［27］。观基扃之固护［28］，将万祀而一君［29］。出入三代［30］，五百余载，竟瓜剖而豆分［31］。‖泽葵依井［32］，荒葛罥涂［33］。坛罗虺蜮［34］，阶斗麕鼯［35］。木魅山鬼［36］，野鼠城狐，风嗥雨啸，昏见晨趋。饥鹰砺吻［37］，寒鸱吓雏［38］。伏暴藏虎［39］，乳血飡肤［40］。崩榛塞路，峥嵘古馗［41］。白杨早落，寒草前衰。棱棱霜气［42］，蔌蔌风威［43］。孤篷自振［44］，惊沙坐飞。灌莽杳而无际［45］，丛薄纷其相依［46］。通池既已夷［47］，峻隅又已颓［48］。直视千里外，唯见起黄埃。凝思寂听，心伤已摧。‖若夫藻扃黼帐［49］，歌堂舞阁之基；璇渊碧树［50］，弋林钓渚之馆［51］；吴蔡齐秦之声［52］，鱼龙爵马之玩［53］；皆薰歇烬灭，光沉响绝［54］。东都妙姬，南国佳人，蕙心纨质，玉貌绛唇［55］，莫不埋魂幽石，委骨穷尘［56］。岂忆同辇之愉乐。离宫之苦辛哉［57］？‖天道如何，吞恨者多。抽琴命操［58］，为芜城之歌。歌曰：‖边风急兮城上寒，井径灭兮丘陇残［59］。千龄兮万代，共尽兮何言。","古文观止+选补",""
"登大雷岸与妹书","南朝·宋","鲍照","吾自发寒雨，全行日少，加秋潦浩汗［1］，山溪猥至［2］，渡溯无边［3］，险径游历，栈石星饭［4］，结荷水宿［5］，旅客贫辛，波路壮阔［6］，始以今日食时［7］，仅及大雷。涂登千里［8］，日逾十晨［9］，严霜惨节，悲风断肌［10］，去亲为客，如何如何！‖向因涉顿，凭观川陆［11］；遨神清渚，流睇方曛［12］；东顾五州之隔，西眺九派之分［13］；窥地门之绝景［14］，望天际之孤云。长图大念［15］，隐心者久矣［16］！南则积山万状，负气争高［17］，含霞饮景［18］，参差代雄，凌跨长陇［19］，前后相属，带天有匝［20］，横地无穷［21］。东则砥原远隰［22］，亡端靡际［23］。寒蓬夕卷［24］，古树云平。旋风四起，思鸟群归。静听无闻，极视不见。北则陂池潜演［25］，湖脉通连。苧蒿攸积［26］，菰芦所繁［27］。栖波之鸟，水化之虫，智吞愚，彊捕小［28］，号噪惊聒［29］，纷乎其中，西则回江永指［30］，长波天合［31］。滔滔何穷，漫漫安竭！创古迄今，舳舻相接［32］。思尽波涛，悲满潭壑［33］。烟归八表，终为野尘［34］。而是注集，长写不测［35］，修灵浩荡［36］，知其何故哉！西南望庐山，又特惊异。基压江潮［37］，峰与辰汉相接［38］。上常积云霞，雕锦缛［39］。若华夕曜［40］，岩泽气通［41］，传明散彩［42］，赫似绛天［43］。左右青霭［44］，表里紫霄［45］。从岭而上，气尽金光［46］；半山以下，纯为黛色［47］。信可以神居帝郊［48］，镇控湘、汉者也。若潀洞所积［49］，溪壑所射［50］，鼓怒之所豗击［51］，涌澓之所宕涤［52］，则上穷荻浦［53］，下至狶洲［54］；南薄燕<bzgwgz_004/bz>［55］，北极雷淀［56］，削长埤短［57］，可数百里。其中腾波触天，高浪灌日［58］，吞吐百川，写泄万壑。轻烟不流，华鼎振涾［59］。弱草朱靡［60］，洪涟陇蹙［61］。散涣长惊［62］，电透箭疾［63］。穹溘崩聚［64］，坻飞岭复［65］。回沫冠山［66］，奔涛空谷［67］。砧石为之摧碎［68］，埼岸为之<bzgwgz_005/bz>落［69］。仰视大火［70］，俯听波声、愁魄胁息［71］，心惊慓矣［82］！至于繁化殊育［73］，诡质怪章［74］，则有江鹅、海鸭、鱼鲛、水虎之类［75］，豚首、象鼻、芒须，针尾之族［76］，石蟹、土蚌、燕箕、雀蛤之俦［77］，折甲、曲牙、逆鳞、返舌之属［78］。掩沙涨［79］，被草渚［80］，浴雨排风，吹涝弄翮［81］。夕景欲沈，晓雾将合，孤鹤寒啸［82］，游鸿远吟，樵苏一叹［83］再泣［84］。诚足悲忧，不可说也。‖风吹雷飙［85］，夜戒前路［86］。下弦内外［87］，望达所届［88］。寒暑难适，汝专自慎，夙夜戒护［89］，勿我为念。恐欲知之，聊书所睹。临涂草蹙［90］，辞意不周。","古文观止+选补",""
"别 赋","南朝·梁","江淹","黯然销魂者［1］，唯别而已矣。况秦吴兮绝国［2］，复燕宋兮千里［3］。或春苔兮始生，乍秋风兮踅起［4］。是以行子肠断，百感凄恻。风萧萧而异响，云漫漫而奇色。舟凝滞于水滨，车逶迟于山侧［5］，櫂容与而讵前［6］，马寒鸣而不息。掩金觞而谁御［7］，横玉柱而沾轼［8］。居人愁卧，恍若有亡［9］。日下壁而沈彩［10］，月上轩而飞光。见红兰之受露，望青楸之离霜［11］。巡曾楹而空揜，抚锦幕而虚凉［12］。知离梦之踯躅［13］，意别魂之飞扬［14］。‖故别虽一绪，事乃万族［15］：‖至若龙马银鞍［16］，朱轩绣轴［17］，帐饮东都［18］，送客金谷［19］。琴羽张兮箫鼓陈［20］，燕赵歌兮伤美人［21］；珠与玉兮艳暮秋，罗与绮兮娇上春［22］。惊驷马之仰秣［23］，耸渊鱼之赤鳞［24］。造分手而衔涕［25］，感寂漠而伤神［26］。‖乃有剑客惭恩［27］，少年报士［28］，韩国赵厕［29］，吴宫燕市［30］，割慈忍爱，离邦去里，沥泣共诀［31］，抆血相视［32］。驱征马而不顾，见行尘之时起。方衔感于一剑［33］，非买价于泉里［34］。金石震而色变［35］，骨肉悲而心死［36］。‖或乃边郡未和，负羽从军［37］。辽水无极［38］，雁山参云［39］。闺中风暖，陌上草薰。日出天而耀景［40］，露下地而腾文［41］，镜朱尘之照烂［42］，袭青气之烟煴［43］。攀桃李兮不忍别，送爱子兮沾罗裙［44］。‖至如一赴绝国，讵相见期［45］。视乔木兮故里［46］，决北梁兮永辞［47］。左右兮魂动，亲宾兮泪滋。可班荆兮赠恨［48］，惟尊酒兮叙悲［49］。值秋雁兮飞日，当白露兮下时。怨复怨兮远山曲，去复去兮长河湄［50］。‖又若君居淄右［51］，妾家河阳［52］。同琼珮之晨照［53］，共金炉之夕香［54］，君结绶兮千里［55］，惜瑶草之徒芳［56］。惭幽闺之琴瑟，晦高台之流黄［57］。春宫閟此青苔色［58］，秋帐含兹明月光，夏簟清兮昼不暮［59］，冬兮凝兮夜何长［60］！织锦曲兮泣已尽，迥文诗兮影独伤［61］。‖傥有华阴上士［62］，服食还山［63］。术既妙而犹学，道已寂而未传［64］。守丹灶而不顾［65］，炼金鼎而方坚［66］，驾鹤上汉，骖鸾腾天［67］。𫏐游万里，少别千年［68］。惟世间兮重别，谢主人兮依然［69］。‖下有芍药之诗［70］，佳人之歌［71］。桑中卫女，上宫陈娥［72］。春草碧色，春水渌波［73］，送君南浦［74］，伤如之何！至乃秋露如珠，秋月如珪［75］，明月白露，光阴往来，与子之别，思心徘徊。‖是以别方不定［76］，别理千名［77］，有别必怨，有怨必盈［78］，使人意夺神骇，心折骨惊［79］。虽渊云之墨妙［80］，严乐之笔精［81］，金闺之诸彦［82］，兰台之群英［83］，赋有凌云之称［84］，辩有雕龙之声［85］，谁能摹暂离之状，写永诀之情者乎！","古文观止+选补",""
"答谢中书书","南朝·梁","陶弘景","山川之美，古来共谈。高峰入云，清流见底。两岸石壁，五色交辉。青林翠竹，四时俱备。晓雾将歇，猿鸟乱鸣；夕日欲颓［1］，沈鳞竞跃［2］，实是欲界之仙都［3］，自康乐以来［4］，未复有能与其奇者［5］。","古文观止+选补",""
"与陈伯之书","南朝·梁","丘迟","迟顿首陈将军足下［1］：无恙［2］，幸甚，幸甚！将军勇冠三军［3］，才为世出［4］，弃燕雀之小志，慕鸿鹄以高翔［5］。昔因机变化，遭遇明主［6］，立功立事，开国称孤［7］。朱轮华毂［8］，拥旄万里［9］，何其壮也！如何一旦为奔亡之虏，闻鸣镝而股战［10］，对穹庐以屈膝［11］，又何劣邪！‖寻君去就之际［12］，非有他故，直以不能内审诸己［13］，外受流言，沈迷猖蹶，以至于此。圣朝赦罪责功［14］，弃瑕录用［15］，推赤心于天下，安反侧于万物［16］。将军之所知，不假仆一二谈也［17］。朱鲔涉血于友于［18］，张绣<bzgwgz_007/bz>刃于爱子［19］，汉主不以为疑，魏君待之若旧。况将军无昔人之罪，而勋重于当世！夫迷涂知返，往哲是与［20］，不远而复［21］，先典攸高［22］。主上屈法申恩，吞舟是漏［23］；将军松柏不剪［24］，亲戚安居，高台未倾［25］，爱妾尚在；悠悠尔心，亦何可言！‖今功臣名将，雁行有序［26］，佩紫怀黄［27］，赞帷幄之谋［28］，乘轺建节［29］，奉疆埸之任［30］，并刑马作誓［31］，传之子孙［32］。将军独腼颜借命［33］，驱驰毡裘之长［34］，宁不哀哉！夫以慕容超之强［35］，身送东市［36］；姚泓之盛［37］，面缚西都［38］。故知霜露所均［39］，不育异类［40］；姬汉旧邦［41］，无取杂种［42］。北虏僭盗中原［43］，多历年所［44］，恶积祸盈，理至燋烂［45］。况伪��昏狡［46］，自相夷戮［47］，部落携离［48］，酋豪猜贰［49］。方当系颈蛮邸［50］，悬首藁街［51］，而将军鱼游于沸鼎之中，燕巢于飞幕之上［52］，不亦惑乎？‖暮春三月，江南草长，杂花生树，群莺乱飞。见故国之旗鼓，感平生于畴日，抚弦登陴，岂不怆悢［53］！所以廉公之思赵将［54］，吴子之泣西河［55］，人之情也，将军独无情哉？‖想早励良规［56］，自求多福。当今皇帝盛明，天下安乐。白环西献［57］，楛矢东来［58］；夜郎滇池［59］，解辫请职［60］；朝鲜昌海［61］，蹶角受化［62］。唯北狄野心，掘强沙塞之间，欲延岁月之命耳［63］！中军临川殿下［64］，明德茂亲［65］，揔兹戎重［66］，吊民洛汭［67］，伐罪秦中［68］，若遂不改［69］，方思仆言。聊布往怀［70］，君其详之。丘迟顿首。","古文观止+选补",""
"与宋元思书","南朝·梁","吴均","风烟俱净，天山共色，从流飘荡，任意东西。自富阳至桐庐［1］。一百许里，奇山异水，天下独绝。水皆缥碧［2］，千丈见底；游鱼细石，直视无碍。急湍甚箭，猛浪若奔。夹嶂高山，皆生寒树，负势竞上，互相轩邈［3］，争高直指，千百成峰。泉水激石，泠泠作响［4］；好鸟相鸣，嘤嘤成韵［5］。蝉则千转不穷［6］，猿则百叫无绝。鸢飞唳天者［7］，望峰息心；经纶世务者［8］，窥谷忘返。横柯上蔽［9］，在昼犹昏；疏条交映，有时见日。","古文观止+选补",""
"三 峡","北朝·魏","郦道元","自三峡七百里中［1］，两岸连山，略无阙处。重岩叠嶂，隐天蔽日。自非亭午夜分，不见曦月。至于夏水襄陵，沿溯阻绝［2］。或王命急宣，有时朝发白帝［3］，暮到江陵［4］，其间千二百里，虽乘奔御风，不以疾也。春冬之时，则素湍绿潭［5］，回清倒影。绝�疃嗌�怪柏［6］，悬泉瀑布，飞漱其间。清荣峻茂，良多趣味。每至晴初霜旦，林寒涧肃，常有高猿长啸，属引凄异，空谷传响，哀转久绝。故渔者歌曰：“巴东三峡巫峡长［7］，猿鸣三声泪沾裳。”","古文观止+选补",""
"哀江南赋序","北朝·周","庾信","粤以戊辰之年，建亥之日［1］，大盗移国，金陵瓦解［2］。余乃窜身荒谷，公私涂炭［3］。华阳奔命，有去无归［4］。中兴道销，穷于甲戌［5］。三日哭于都亭［6］，三年囚于别馆［7］。天道周星，物极不反［8］。傅燮之但悲身世，无处求生［9］；袁安之每念王室，自然流涕［10］。昔桓君山之志事［11］，杜元凯之平生［12］，并有着书，咸能自序［13］。潘岳之文采，始述家风［14］；陆机之辞赋，先陈世德［15］。信年始二毛，即逢丧乱［16］，藐是流离，至于暮齿［17］。《燕歌》远别，悲不自胜［18］；楚老相逢，泣将何及［19］！畏南山之雨，忽践秦庭［20］；让东海之滨，遂餐周粟［21］。下亭漂泊，高桥羁旅［22］。楚歌非取乐之方［23］，鲁酒无忘忧之用［24］。追为此赋，聊以记言［25］，不无危苦之辞，惟以悲哀为主［26］。‖日幕途远，人间何世［27］！将军一去，大树飘零［28］。壮士不还，寒风萧瑟［29］。荆璧睨柱，受连城而见欺［30］；载书横阶，捧珠盘而不定［31］。钟仪君子，入就南冠之囚［32］；季孙行人，留守西河之馆［33］。申包胥之顿地，碎之以首［34］；蔡威公之泪尽，加之以血［35］。钓台移柳，非玉关之可望［36］；华亭鹤唳，岂河桥之可闻［37］！‖孙策以天下为三分，众才一旅［38］；项籍用江东之子弟，人惟八千［39］。遂乃分裂山河，宰割天下［40］。岂有百万义师，一朝卷甲，芟夷斩伐，如草木焉［41］？江淮无涯岸之阻［42］，亭壁无藩篱之固［43］。头会箕敛者，合从缔交［44］；锄耰棘矜者，因利乘便［45］。将非江表王气，终于三百年乎［46］！是知并吞六合，不免轵道之灾［47］；混一车书，无救平阳之祸［48］。呜呼！山岳崩颓，既履危亡之运［49］；春秋迭代，必有去故之悲［50］。天意人事，可以凄怆伤心者矣［51］！况复舟楫路穷，星汉非乘槎可上［52］；风飙道阻，蓬莱无可到之期［53］。穷者欲达其言，劳者须歌其事［54］。陆士衡闻而抚掌，是所甘心［55］；张平子见而陋之，固其宜矣［56］。","古文观止+选补",""
"代李敬业传檄天下文","","佚名","伪临朝武氏者［1］，人非温顺，地实寒微［2］。昔充太宗下陈［3］，尝以更衣入侍［4］。洎乎晚节［5］，秽乱春宫［6］。密隐先帝之私［7］，阴图后庭之嬖［8］。入门见嫉，蛾眉不肯让人［9］；掩袖工谗［10］，狐媚偏能惑主［11］。践元后于翚翟［12］，陷吾君于聚麀［13］。加以虺蜴为心［14］，豺狼成性，近狎邪僻［15］，残害忠良［16］，杀姊屠兄［17］，弑君鸩母［18］。神人之所共疾，天地之所不容。犹复包藏祸心，窥窃神器［19］。君之爱子，幽之于别宫［20］；贼之宗盟［21］，委之以重任。呜呼！霍子孟之不作［22］，朱虚侯之已亡［23］。燕啄皇孙，知汉祚之将尽［24］；龙漦帝后，识夏庭之遽衰［25］。‖敬业皇唐旧臣，公侯冢子［26］。奉先帝之遗训［27］，荷本朝之厚恩。宋微子之兴悲［28］，良有以也［29］；桓君山之流涕［30］，岂徒然哉！是用气愤风云，志安社稷［31］。因天下之失望，顺宇内之推心［32］，爰举义旗［33］，誓清妖孽。南连百越［34］，北尽三河［35］，铁骑成群，玉轴相接［36］。海陵红粟［37］，仓储之积靡穷；江浦黄旗［38］，匡复之功何远。班声动而北风起［39］，剑气冲而南斗平。喑呜则山岳崩颓，叱咤则风云变色［40］。以此制敌，何敌不摧；以此攻城，何城不克！‖公等或家传汉爵［41］，或地协周亲［42］，或膺重寄于爪牙［43］，或受顾命于宣室［44］。言犹在耳，忠岂忘心？一抔之土未干，六尺之孤安在［45］？傥能转祸为福［46］，送往事居［47］，共立勤王之勋［48］，无废旧君之命［49］，凡诸爵赏，同指山河［50］。若其眷恋穷城［51］，徘徊歧路，坐昧先几之兆［52］，必贻后至之诛［53］。‖请看今日之域中，竟是谁家之天下！移檄州郡，咸使知闻。","古文观止+选补",""
"春夜宴从弟桃李园序","唐","李白","夫天地者，万物之逆旅也［1］；光阴者，百代之过客也。而浮生若梦［2］，为欢几何？古人秉烛夜游，良有以也［3］。况阳春召我以烟景，大块假我以文章［4］。会桃李之芳园，序天伦之乐事［5］。群季俊秀，皆为惠连［6］；吾人咏歌，独惭康乐［7］。幽赏未已，高谈转清。开琼筵以坐花，飞羽觞而醉月［8］。不有佳咏，何伸雅怀？如诗不成，罚依金谷酒数［9］。","古文观止+选补",""
"右溪记","唐","元结","道州城西百余步［1］，有小溪。南流数十步，合营溪［2］。水抵两岸，悉皆怪石，攲嵌盘屈［3］，不可名状。清流触石，洄悬激注。休木异竹［4］，垂阴相荫［5］。此溪若在山野，则宜逸民退士之所游处［6］；在人间［7］，可为都邑之胜境，静者之林亭［8］。而置州已来［9］，无人赏爱；徘徊溪上，为之怅然！乃疏凿芜秽，俾为亭宇；植松与桂，兼之香草［10］，以裨形胜。为溪在州右，遂命之曰“右溪”。刻铭石上，彰示来者。","古文观止+选补",""
"杂说（四）","唐","韩愈","世有伯乐［1］，然后有千里马。千里马常有，而伯乐不常有，故虽有名马，只辱于奴隶人之手，骈死于槽枥之间［2］，不以千里称也。‖马之千里者，一食或尽粟一石［3］。食马者［4］，不知其能千里而食也；是马也，虽有千里之能，食不饱，力不足，才美不外见［5］，且欲与常马等不可得，安求其能千里也？‖策之不以其道［6］，食之不能尽其才，鸣之而不能通其意，执策而临之曰：“天下无马！”呜呼！其真无马邪？其真不知马也［7］！","古文观止+选补",""
"讳辩","唐","韩愈","愈与李贺书［1］，劝贺举进士［2］。贺举进士有名，与贺争名者毁之，曰贺父名晋肃，贺不举进士为是，劝之举者为非。听者不察也，和而唱之［3］，同然一辞。皇甫湜曰［4］：“若不明白，子与贺且得罪。”愈曰：“然。”‖律曰：“二名不偏讳［5］。”释之者曰：“谓若言‘征’不称‘在’，言‘在’不称‘征’是也［6］。”律曰：“不讳嫌名［7］。”释之者曰：“谓若‘禹’与‘雨’、‘丘’与‘<bzgwgz_010/bz>’之类是也［8］。”今贺父名晋肃，贺举进士，为犯二名律乎［9］？为犯嫌名律乎？父名晋肃，子不得举进士，若父名仁，子不得为人乎？夫讳始于何时？作法制以教天下者［10］，非周公孔子欤［11］？周公作诗不讳［12］，孔子不偏讳二名［13］，《春秋》不讥不讳嫌名［14］，康王钊之孙，实为昭王［15］。曾参之父名晳，曾子不讳昔［16］。周之时有骐期［17］，汉之时有杜度［18］，此其子宜如何讳？将讳其嫌遂讳其姓乎？将不讳其嫌者乎？汉讳武帝名彻为通［19］，不闻又讳车辙之辙为某字也；讳吕后名雉为野鸡［20］，不闻又讳治天下之治为某字也。今上章及诏［21］，不闻讳浒、势、秉、机也［22］。惟宦官宫妾，乃不敢言谕及机［23］，以为触犯。士君子言语行事［24］，宜何所法守也？今考之于经，质之于律［25］，稽之以国家之典［26］，贺举进士为可邪？为不可邪？‖凡事父母，得如曾参，可以无讥矣；作人得如周公孔子，亦可以止矣［27］。今世之士，不务行曾参周公孔子之行［28］，而讳亲之名，则务胜于曾参周公孔子，亦见其惑也。夫周公孔子曾参卒不可胜，胜周公孔子曾参，乃比于宦者宫妾［29］，则是宦者宫妾之孝于其亲，贤于周公孔子曾参者邪？","古文观止+选补",""
"张中丞传后叙","唐","韩愈","元和二年四月十三日夜［1］，愈与吴郡张籍阅家中旧书［2］，得李翰所为《张巡传》［3］。翰以文章自名［4］，为此传颇详密。然尚恨有阙者：不为许远立传［5］，又不载雷万春事首尾［6］。‖远虽材若不及巡者，开门纳巡［7］，位本在巡上。授之柄而处其下［8］，无所疑忌，竟与巡俱守死，成功名，城陷而虏，与巡死先后异耳［9］。两家子弟材智下［10］，不能通知二父志［11］，以为巡死而远就虏，疑畏死而辞服于贼。远诚畏死，何苦守尺寸之地，食其所爱之肉［12］，以与贼抗而不降乎？当其围守时，外无蚍蜉蚁子之援［13］，所欲忠者，国与主耳，而贼语以国亡主灭［14］。远见救援不至，而贼来益众，必以其言为信；外无待而犹死守［15］，人相食且尽，虽愚人亦能数日而知死所矣。远之不畏死亦明矣！乌有城坏其徒俱死，独蒙愧耻求活？虽至愚者不忍为，呜呼！而谓远之贤而为之邪？‖说者又谓远与巡分城而守，城之陷，自远所分始［16］。以此诟远，此又与儿童之见无异。人之将死，其藏腑必有先受其病者；引绳而绝之，其绝必有处。观者见其然，从而尤之，其亦不达于理矣！小人之好议论，不乐成人之美，如是哉！如巡、远之所成就，如此卓卓，犹不得免，其他则又何说！‖当二公之初守也，宁能知人之卒不救，弃城而逆遁？苟此不能守，虽避之他处何益？及其无救而且穷也，将其创残饿嬴之余［17］，虽欲去，必不达。二公之贤，其讲之精矣［18］！守一城，捍天下，以千百就尽之卒，战百万日滋之师，蔽遮江淮，沮遏其势［19］，天下之不亡，其谁之功也！当是时，弃城而图存者，不可一二数；擅强兵坐而观者，相环也。不追议此，而责二公以死守，亦见其自比于逆乱，设淫辞而助之攻也。‖愈尝从事于汴徐二府［20］，屡道于两府间，亲祭于其所谓双庙者［21］。其老人往往说巡、远时事云：南霁云之乞救于贺兰也［22］，贺兰嫉巡、远之声威功绩出己上，不肯出师救；爱霁云之勇且壮，不听其语，强留之，具食与乐，延霁云坐。霁云慷慨语曰：“云来时，睢阳之人，不食月余日矣！云虽欲独食，义不忍；虽食，且不下咽！”因拔所佩刀，断一指，血淋漓，以示贺兰。一座大惊，皆感激为云泣下。云知贺兰终无为云出师意，即驰去；将出城，抽矢射佛寺浮图，矢着其上砖半箭，曰：“吾归破贼，必灭贺兰！此矢所以志也。”愈贞元中过泗州［23］，船上人犹指以相语。城陷，贼以刃胁降巡，巡不屈，即牵去，将斩之；又降霁云，云未应。巡呼云曰：“南八［24］，男儿死耳，不可为不义屈！”云笑曰：“欲将以有为也；公有言，云敢不死！”即不屈。‖张籍曰：“有于嵩者，少依于巡；及巡起事，嵩常在围中［25］。籍大历中于和州乌江县见嵩［26］，嵩时年六十余矣。以巡初尝得临涣县尉［27］，好学无所不读。籍时尚小，粗问巡、远事，不能细也。云：巡长七尺余，须髯若神。尝见嵩读《汉书》，谓嵩曰：‘何为久读此？’嵩曰：‘未熟也。’巡曰：‘吾于书读不过三遍，终身不忘也。’因诵嵩所读书，尽卷不错一字。嵩惊，以为巡偶熟此卷，因乱抽他帙以试［28］，无不尽然。嵩又取架上诸书试以问巡，巡应口诵无疑。嵩从巡久，亦不见巡常读书也。为文章，操纸笔立书，未尝起草。初守睢阳时，士卒仅万人［29］，城中居人户，亦且数万，巡因一见问姓名，其后无不识者。巡怒，须髯辄张。及城陷，贼缚巡等数十人坐，且将戮。巡起旋，其众见巡起，或起或泣。巡曰：‘汝勿怖！死，命也。’众泣不能仰视。巡就戮时，颜色不乱，阳阳如平常。远宽厚长者，貌如其心；与巡同年生，月日后于巡，呼巡为兄，死时年四十九。”嵩贞元初死于亳宋间［30］。或传嵩有田在亳宋间，武人夺而有之，嵩将诣州讼理，为所杀。嵩无子。张籍云。","古文观止+选补",""
"蓝田县丞厅壁记","唐","韩愈","丞之职所以贰令［1］，于一邑无所不当问。其下主薄、尉［2］，主薄、尉乃有分职［3］。丞位高而偪［4］，例以嫌不可否事［5］。文书行［6］，吏抱成案诣丞［7］，卷其前［8］，钳以左手［9］，右手摘纸尾［10］，雁鹜行以进［11］，平立睨丞曰［12］：“当署。”丞涉笔占位［13］，署惟谨［14］，目吏，问：“可不可？”吏曰：“得。”则退。不敢略省［15］，漫不知何事［16］。官虽尊，力势反出主薄、尉下。谚数慢［17］，必曰“丞”。至以相訾謷［18］。丞之设，岂端使然哉［19］？‖博陵崔斯立［20］，种学绩文［21］，以蓄其有［22］，泓涵演迤［23］，日大以肆［24］。贞元初［25］，挟其能战艺于京师［26］，再进再屈千人［27］。元和初［28］，以前大理评事言得失黜官［29］，再转而为丞兹邑［30］。始至，喟曰：“官无卑［31］，顾材不足塞职［32］。”既噤不得施用［33］，又喟曰：“丞哉，丞哉！余不负丞，而丞负余。”则尽<bzgwgz_012/bz>去牙角［34］，一蹑故迹［35］，破崖岸而为之［36］。‖丞厅故有记，坏漏污不可读。斯立易桷与瓦［37］，墁治壁［38］，悉书前任人名氏［39］。庭有老槐四行，南墙巨竹千梃［40］，俨立若相持［41］，水�撰籽�除鸣［42］。斯立痛扫溉［43］，对树二松，日吟哦其间［44］。有问者，辄对曰：“余方有公事，子姑去。”‖考功郎中、知制诰韩愈记［45］。","古文观止+选补",""
"勾践灭吴","","国语","越王勾践栖于会稽之上（1），乃号令于三军曰：“凡我父兄昆弟及国子姓（2），有能助寡人谋而退吴者，吾与之共知越国之政（3）。”大夫种进对曰（4）：“臣闻之：贾人夏则资皮，冬则资𫄨（5），旱则资舟，水则资车，以待乏也。夫虽无四方之忧（6），然谋臣与爪牙之士，不可不养而择也（7）。譬如蓑笠，时雨既至，必求之。今君王既栖于会稽之上，然后乃求谋臣，无乃后乎（8）？”勾践曰：“苟得闻子大夫之言，何后之有（9）？”执其手而与之谋。‖遂使之行成于吴（10），曰：“寡君勾践乏无所使（11），使其下臣种，不敢彻声闻于大王（12），私于下执事（13）曰：寡君之师徒不足以辱君矣（14）；愿以金玉、子女赂君之辱（15）。请勾践女女于王（16），大夫女女于大夫，士女女于士；越国之宝器毕从（17）！寡君帅越国之众以从君之师徒。唯君左右之（18），若以越国之罪为不可赦也，将焚宗庙，系妻孥（19），沈金玉于江；有带甲五千人，将以致死，乃必有偶（20），是以带甲万人事君也，无乃即伤君王之所爱乎（21）？与其杀是人也，宁其得此国也，其孰利乎？”‖夫差将欲听，与之成。子胥谏曰（22）：“不可！夫吴之与越也，仇雠敌战之国也；三江环之（23），民无所移。有吴则无越，有越则无吴。将不可改于是矣！员闻之：陆人居陆，水人居水，夫上党之国（24），我攻而胜之，吾不能居其地，不能乘其车；夫越国，吾攻而胜之，吾能居其地，吾能乘其舟。此其利也，不可失也已。君必灭之！失此利也，虽悔之，必无及已。”‖越人饰美女八人，纳之太宰嚭（25），曰：“子苟赦越国之罪，又有美于此者将进之。”太宰嚭谏曰：“嚭闻古之伐国者，服之而已（26）；今已服矣，又何求焉？”夫差与之成而去之。‖勾践说于国人曰：“寡人不知其力之不足也，而又与大国执仇，以暴露百姓之骨于中原（27），此则寡人之罪也。寡人请更！”于是葬死者，问伤者，养生者；吊有忧，贺有喜；送行者，迎来者；去民之所恶，补民之不足。然后卑事夫差，宦士三百人于吴，其身亲为夫差前马（28）。‖勾践之地，南至于句无（29），北至于御儿（30），东至于鄞（31），西至于姑蔑（32），广运百里（33），乃致其父兄、昆弟而誓之：寡人闻古之贤君，四方之民归之，若水归下也。今寡人不能，将帅二三子夫妇以蕃（34）。令壮者无取老妇（35），令老者无取壮妻；女子十七不嫁，其父母有罪；丈夫二十不取，其父母有罪。将免者以告（36），公令医守之。生丈夫，二壶酒，一犬；生女子，二壶酒，一豚（37）；生三人，公与之母（38）；生二子，公与之饩（39）。当室者死（40），三年释其政（41）；支子死，三月释其政；必哭泣葬埋之如其子。令孤子、寡妇、疾疹、贫病者，纳官其子（42）；其达士，絜其居，美其服，饱其食，而摩厉之于义（43）。四方之士来者，必庙礼之（44）。勾践载稻与脂于舟以行。国之孺子之游者，无不𫗦也，无不歠也（45），必问其名。非其身之所种则不食，非其夫人之所织不衣。十年不收于国，民俱有三年之食。‖国之父兄请曰：“昔者夫差耻吾君于诸侯之国，今越国亦节矣，请报之！”勾践辞曰：“昔者之战也，非二三子之罪也，寡人之罪也。如寡人者，安与知耻？请姑无庸战！”父兄又请曰：“越四封之内（46），亲吾君也，犹父母也。子而思报父母之仇，臣而思报君之仇，其有敢不尽力者乎？请复战！”勾践既许之，乃致其众而誓之，曰：“寡人闻古之贤君，不患其众之不足也，而患其志行之少耻也。今夫差衣水犀之甲者亿有三千（47），不患其志行之少耻也，而患其众之不足也。今寡人将助天灭之。吾不欲匹夫之勇也，欲其旅进旅退也（48）。进则思赏，退则思刑；如此，则有常赏（49）。进不用命，退则无耻；如此，则有常刑。”‖果行，国人皆劝（50）。父勉其子，兄勉其弟，妇勉其夫，曰：“孰是君也，而可无死乎？”是故败吴于囿（51），又败之没（52），又郊败之。‖夫差行成，曰：“寡人之师徒不足以辱君矣！请以金玉子女，赂君之辱！”勾践对曰：“昔天以越予吴，而吴不受命；今天以吴予越，越可以无听天命而听君之令乎？吾请达王甬、句东（53），吾与君为二君乎！”夫差对曰：“寡人礼先壹饭矣（54）。君若不忘周室而为弊邑寰宇（55），亦寡人之愿也。君若曰：‘吾将残汝社稷，灭汝宗庙’，寡人请死！余何面目以视于天下乎（56）？越君其次也（57）！”遂灭吴。‖选自上海古籍出版社标点本《国语》","古文观止+选补",""
"桐叶封弟辨","唐","柳宗元","古之传者有言［1］：成王以桐叶与小弱弟戏［2］，曰：“以封汝。”周公入贺［3］。王曰：“戏也。”周公曰：“天子不可戏。”乃封小弱弟于唐［4］。‖吾意不然。王之弟当封邪，周公宜以时言于王，不待其戏而贺以成之也。不当封邪，周公乃成其不中之戏［5］，以地以人与小弱者为之主，其得为圣乎？且周公以王之言不可苟焉而已［6］，必从而成之邪？设有不幸，王以桐叶戏妇寺［7］，亦将举而从之乎［8］？凡王者之德，在行之何若。设未得其当，虽十易之不为病［9］；要于其当，不可使易也，而况以其戏乎！若戏而必行之，是周公教王遂过也［1］。‖吾意周公辅成王，宜以道［11］，从容优乐，要归之大中而已［13］，必不逢其失而为之辞［14］。又不当束缚之，驰骤之［15］，使若牛马然，急则败矣。且家人父子尚不能以此自克［16］，况号为君臣者邪！是直小丈夫�努耪咧�事［17］，非周公所宜用，故不可信。‖或曰：封唐叔［18］，史佚成之［19］。","古文观止+选补",""
"段太尉逸事状","唐","柳宗元","太尉始为泾州刺史时［1］，汾阳王以副元帅居蒲［2］。王子晞为尚书［3］，领行营节度使［4］，寓军邠州［5］，纵士卒无赖［6］。邠人偷嗜暴恶者，率以货窜名军伍中［7］，则肆志，吏不得问。日群行丐取于市，不嗛［8］，辄奋击折人手足，椎釜鬲瓮盎盈道上［9］，袒臂徐去，至撞杀孕妇人。邠宁节度使白孝德以王故［10］，戚不敢言。‖太尉自州以状白府［11］，愿计事。至则曰：“天子以生人付公理［12］，公见人被暴害，因恬然。且大乱，若何？”孝德曰：“愿奉教。”太尉曰：“某为泾州，甚适，少事；今不忍人无寇暴死，以乱天子边事。公诚以都虞候命某者［13］，能为公已乱，使公之人不得害。”孝德曰：“幸甚！”出如尉请。‖既署一月，晞军士十七人入市取酒，又以刃刺酒翁，坏酿器，酒流沟中。太尉列卒取十七人，皆断头注槊上，植市门外。晞一营大噪，尽甲。孝德震恐，召太尉曰：“将奈何？”太尉曰：“无伤也！请辞于军。”孝德使数十人从太尉，太尉尽辞去。解佩刀，选老躄者一人持马［14］，至晞门下。甲者出，太尉笑且入曰：“杀一老卒，何甲也？吾戴吾头来矣！”甲者愕。因谕曰：“尚书固负若属耶？副元帅固负若属耶？奈何欲以乱败郭氏？为白尚书，出听我言。”‖晞出见太尉。太尉曰：“副元帅勋塞天地，当务始终。今尚书恣卒为暴，暴且乱，乱天子边，欲谁归罪？罪且及副元帅。今邠人恶子弟以货窜名军籍中，杀害人，如是不止，几日不大乱？大乱由尚书出，人皆曰尚书倚副元帅，不戢士［15］。然则郭氏功名，其与存者几何？”言未毕，晞再拜曰：“公幸教晞以道，恩甚大，愿奉军以从。”顾叱左右曰：“皆解甲散还火伍中，敢哗者死！”太尉曰：“吾未晡食［16］，请假设草具。”既食，曰：“吾疾作，愿留宿门下。”命持马者去，旦日来。遂卧军中。晞不解衣，戒候卒击柝卫太尉［17］。旦，俱至孝德所，谢不能，请改过。邠州由是无祸。‖先是，太尉在泾州为营田官［18］。泾大将焦令谌取人田，自占数十顷，2给与农，曰：“且熟，归我半。”是岁大旱，野无草，农以告谌。谌曰：“我知入数而已，不知旱也。”督责益急，农且饥死，无以偿，即告太尉。‖太尉判状辞甚巽［19］，使人求谕谌。谌盛怒，召农者曰：“我畏段某耶？何敢言我！”取判铺背上，以大杖击二十，垂死，舆来庭中。太尉大泣曰：“乃我困汝！”即自取水洗去血，裂裳衣疮，手注善药，旦夕自哺农者，然后食。取骑马卖，市谷代偿，使勿知。‖淮西寓军帅尹少荣［20］，刚直士也。入见谌，大骂曰：“汝诚人耶？泾州野如赭［21］，人且饥死；而必得谷，又用大杖击无罪者。段公，仁信大人也，而汝不知敬。今段公唯一马，贱卖市谷入汝，汝又取不耻。凡为人傲天灾、犯大人、击无罪者，又取仁者谷，使主人出无马，汝将何以视天地，尚不愧奴隶耶！”谌虽暴抗，然闻言则大愧流汗，不能食，曰：“吾终不可以见段公！”一夕，自恨死。‖及太尉自泾州以司农征［22］，戒其族：“过岐［23］，朱泚幸致货币［24］，慎勿纳。”及过，泚固致大绫三百匹。太尉婿韦晤坚拒，不得命。至都，太尉怒曰：“果不用吾言！”晤谢曰：“处贱无以拒也。”太尉曰：“然终不以在吾第。”以如司农治事堂，栖之梁木上。泚反，太尉终，吏以告泚，泚取视，其故封识具存［25］。‖太尉逸事如右［26］。‖元和九年月日［27］，永州司马员外置同正员柳宗元谨上史馆［28］。今之称太尉大节者，出入以为武人一时奋不虑死［29］，以取名天下，不知太尉之所立如是。宗元尝出入岐周邠斄间［30］，过真定［31］，北上马岭［32］，历亭障堡戍，窃好问老校退卒［33］，能言其事。太尉为人姁姁［34］，常低首拱手行步，言气卑弱，未尝以色待物［35］；人视之，儒者也。遇不可，必达其志，决非偶然者。会州刺史崔公来，言信行直，备得太尉遗事，覆校无疑，或恐尚逸坠，未集太史氏，敢以状私于执事［36］。谨状。","古文观止+选补",""
"憎王孙文","唐","柳宗元","猿、王孙居异山，德异性，不能相容。猿之德静以恒，类仁让孝慈［1］。居相爱，食相先，行有列，饮有序。不幸乖离，则其鸣哀。有难，则内其柔弱者。不践稼蔬。木实未熟，相与视之谨；既熟，啸呼群萃，然后食，衎衎焉［2］。山之小草木，必环而行遂其植。故猿之居山恒郁然。王孙之德躁以嚣，勃诤号呶［3］，唶唶彊彊［4］，虽群不相善也。食相噬啮，行无列，饮无序。乖离而不思。有难，推其柔弱者以免。好践稼蔬，所过狼藉披攘。木实未熟，辄龁咬投注［5］。窃取人食，皆知自实其嗛［6］。山之小草木，必凌挫折挽，使之瘁然后已。故王孙之居山恒蒿然。以是猿群众则逐王孙，王孙群众亦齚猿［7］。猿弃去，终不与抗。然则物之甚可憎，莫王孙若也。余弃山间久，见其趣如是，作《憎王孙》云。‖湘水之浟浟兮［8］，其上群山。胡兹郁而疲彼兮，善恶异居其间。恶者王孙兮善者猿，环行遂植兮止暴残。王孙兮甚可憎！噫，山之灵兮［9］，胡不贼旃［10］？‖跳踉叫嚣兮，冲目宣龂［11］。外以败物兮，内以争群。排斗善类兮，哗骇披纷。盗取民食兮，私己不分。充嗛果腹兮，骄傲欢欣，嘉华美木兮硕而繁，群披竞啮兮枯株根。毁成败实兮更怒喧，居民怨苦兮号穹旻［12］。王孙兮甚可憎！噫，山之灵兮，胡独不闻？‖猿之仁兮，受逐不校；退优游兮，唯德是效。廉、来同兮圣囚［13］，禹、稷合兮凶诛［14］。群小遂兮君子违［15］，大人聚兮孽无余［16］。善与恶不同乡兮，否泰既兆其盈虚［17］。伊细大之固然兮，乃祸福之攸趋［18］。王孙兮甚可憎！噫，山之灵兮，胡逸而居？","古文观止+选补",""
"三戒（并序）","唐","柳宗元","吾恒恶世之人，不知推己之本［1］，而乘物以逞［2］，或依势以干非其类［3］，出技以怒强［4］，窃时以肆暴［5］，然卒迨于祸［6］。有客谈麋、驴、鼠三物［7］，似其事，作［三戒》。‖临江之麋‖临江之人畋［8］，得麋麑［9］，畜之。入门，群犬垂涎，扬尾皆来。其人怒，怛之［10］。自是日抱就犬［11］，习示之，使勿动，稍使与之戏。积久，犬皆如人意。麋麑稍大，忘己之麋也，以为犬良我友［12］，抵触偃仆［13］，益狎。犬畏主人，与之俯仰甚善［14］，然时啖其舌［15］。‖三年，麋出门，见外犬在道甚众，走欲与为戏。外犬见而喜且怒，共杀食之，狼藉道上，麋至死不悟。‖黔之驴‖黔无驴［17］，有好事者船载以入，至则无可用，放之山下。虎见之，庞然大物也，以为神。蔽林间窥之，稍出近之，�辑既荒�相知［18］。‖他日，驴一鸣，虎大骇远遁，以为且噬己也，甚恐。然往来视之，觉无异能者。益习其声，又近出前后，终不敢搏。稍近益狎，荡倚冲冒［19］，驴不胜怒，蹄之。虎因喜，计之曰：“技止此耳！”因跳踉大�\［20］，断其喉，尽其肉，乃去。‖噫！形之庞也类有德［21］，声之宏也类有能，向不出其技，虎虽猛，疑畏，卒不敢取；今若是焉，悲夫！‖永某氏之鼠‖永有某氏者［22］，畏日［23］，拘忌异甚。以为己生岁直子［24］；鼠，子神也，因爱鼠，不畜猫犬，禁僮勿击鼠［25］。仓廪庖厨［26］，悉以恣鼠［27］，不问。‖由是鼠相告，皆来某氏，饱食而无祸。某氏室无完器，椸无完衣［28］，饮食大率鼠之余也。昼累累与人兼行［29］，夜则窃啮斗暴［30］，其声万状，不可以寝，终不厌。‖数岁，某氏徙居他州；后人来居，鼠为态如故。其人曰：“是阴类［31］，恶物也，盗暴尤甚。且何以至是乎哉？”假五六猫，阖门撤瓦灌穴［32］，购僮罗捕之，杀鼠如丘，弃之隐处，臭数月乃已。‖呜呼！彼以其饱食无祸为可恒也哉！","古文观止+选补",""
"钴𬭁潭西小丘记","唐","柳宗元","得西山后八日［1］，寻山口西北道二百步，又得钴𬭁潭［2］，潭西二十五步，当湍而浚者为鱼梁［3］。梁之上有丘焉，生竹树。其石之突怒偃蹇［4］，负土而出，争为奇状者，殆不可数。其嵚然相累而下者［5］，若牛马之饮于溪；其冲然角列而上者，若熊罴之登于山［6］。‖丘之小不能一亩，可以笼而有之。问其主，曰：“唐氏之弃地，货而不售。”问其价，曰：“止四百。”余怜而售之。李深源、元克己时同游［7］，皆大喜，出自意外。即更取器用，铲刈秽草［8］，伐去恶木，烈火而焚之。嘉木立，美竹露，奇石显。由其中以望，则山之高，云之浮，溪之流，鸟兽之遨游，举熙熙然回巧献技，以效兹丘之下。枕席而卧，则清泠之状与目谋［9］，�塬苤�声与耳谋［10］，悠然而虚者与神谋，渊然而静者与心谋。不匝旬而得异地者二［11］，虽古好事之士，或未能至焉。‖噫！以兹丘之胜，致之沣、镐、鄠、杜［12］，则贵游之士争买者，日增千金而愈不可得。今弃是州也，农夫渔父过而陋之，贾四百［13］，连岁不能售。而我与深源、克己独喜得之，是其果有遭乎！书于石，所以贺兹丘之遭也。","古文观止+选补",""
"至小丘西小石潭记","唐","柳宗元","从小丘西行百二十步，隔篁竹，闻水声，如鸣珮环，心乐之。伐竹取道，下见小潭，水尤清冽。全石以为底，近岸卷石底以出，为坻为屿［1］，为嵁为岩［2］。青树翠蔓，蒙络摇缀，参差披拂。潭中鱼可百许头，皆若空游无所依。日光下澈，影布石上，佁然不动［3］；俶尔远逝［4］；往来翕忽，似与游者相乐。‖潭西南而望，斗折蛇行［5］，明灭可见。其岸势犬牙差互，不可知其源。坐潭上，四面竹树环合，寂寥无人，凄神寒骨，悄怆幽邃。以其境过清，不可久居，乃记之而去。‖同游者吴武陵、龚右［6］，余弟宗玄；隶而从者，崔氏二小生，曰怒己，曰奉壹。","古文观止+选补",""
