题目,朝代,作者,内容,来源,词牌
农夫与魔鬼,,,从前有位远见卓识、机智聪明的农夫，有关他足智多谋的故事至今人们仍广为传颂。其中最精彩的要首推他曾经怎样捉弄魔鬼的故事。⏎一天，农夫在田间劳动了一整天，天黑时正准备回家，忽然发现自己的田里有堆煤在燃烧，他惊讶万分，于是便走上前去看，发现竟有一个黑色的小魔鬼走在燃烧的煤堆上。⏎“你是坐在财宝上吗？”农夫问。⏎“正是财宝。”魔鬼答道，“而且比你一生见到的都要多呢！”⏎“财宝在我田里就得归我。”农夫说道。⏎“就归你吧！”魔鬼说，“只要你肯将两年内一半的收成给我就行了。钱，我有的是，但我更喜欢地上的果实。”⏎农夫答应了这桩交易，并说：“为了避免在我们分配时出现纠纷，凡泥土上的东西归你，泥土下的归我。”魔鬼感到心满意足，但这位聪明的农夫却种上了萝卜。⏎现在收获的季节到了，魔鬼又来了，要求收回属于他的收成。但除了那些枯黄的败叶外，他一无所获；而农夫却在兴高采烈地挖着他的萝卜。⏎“这次让你占了便宜，”魔鬼说，“下次可不能这样。地上的归你，地下的归我。”⏎“悉听尊便。”农夫答道。⏎播种的季节又到了，这次他可不播萝卜，而是种上了小麦。⏎麦子熟了，他来到田间，把麦秆齐根割倒在地。魔鬼又来了，见到除了残茬外，他又一无所获，气得转身就走，顺着石缝钻了进去。⏎“我就是这样骗倒魔鬼的。”农夫说完，赶紧拾起财宝回家去了。,故事365·寓言,
金斧头,,,从前，有一个人叫陈平，他家里很穷，连饭都很难吃上。为了糊口，爸爸妈妈只好让他给地主刘扒皮家干活。⏎陈平每天从早忙到晚，不歇气儿。可是刘扒皮还嫌他干的活少，动不动就打骂他。⏎冬天到了，寒风刺骨，人们都躲在家里不敢出门。可刘扒皮扔给陈平一把斧头，逼他上山砍柴去。⏎陈平穿着单薄的衣服往山上爬，手脚都冻僵了。经过独木桥时脚步不稳，插在腰间的斧头滑出去，掉进河里去了。 没有了斧头，不能上山砍柴，回家又怕地主的皮鞭子，他急得在河岸上放声大哭。⏎他的哭声感动了河神。 河神化成个白胡子老爷爷，站在陈平面前，问陈平。 “孩子，你哭什么？什么事情使你这样伤心？”⏎“老爷爷，我的斧头落到河里去了，我怕东家的皮鞭子！”陈平老老实实地回答。⏎“孩子，别伤心啦，我下河给你捞上来。”老爷爷刚说完话，“扑通”一声跳到河里。⏎老爷爷拿上来一把金斧头，问陈平：“孩子，这把斧头是你的吗？”陈平接过来一看，金光闪闪，怪可爱的，但是他说：“老爷爷，这不是我的。”老爷爷点点头，和蔼地笑了笑。⏎老爷爷又跳下河去，这一次拿上来的是一把银斧头，银光亮亮，怪可爱的。但是，陈平说：“老爷爷，这把斧头也不是我的。”老爷爷仍然点点头，又和蔼地笑了笑。⏎老爷爷第三次跳下河去，这一次拿上来的是一把铁斧头。陈平接过来一看，说：“谢谢老爷爷，这把是我的斧头了。”老爷爷仍然点点头，又和蔼地笑了笑说：“孩子，诚实的孩子，你会永远愉快和幸福的！”⏎陈平正要向老人家道谢，可是一眨眼老爷爷就不见了。⏎陈平拿了这把斧头，说来也奇怪。斧子变得特别好用，砍起柴特别轻松，不大一会儿就砍好了一担柴。很快，就他愉快地唱着山歌，挑着柴回家了。⏎刘扒皮一见陈平就破口大骂:“你这个懒东西!不好好砍柴，这么早就溜回来，罚你今天没饭吃!”⏎陈平指着那满满的一担柴叫刘扒皮看，还把丢斧头的经过讲了一遍。刘扒皮听了，大骂陈平是傻瓜，同时一个鬼主意从他脑子里冒了出来。⏎第二天，刘剥皮伪装去砍柴，过河的时候，故意把斧头丢到河里，假意地放声大哭，比陈平哭的声音还要大。河神也被感动了。⏎“老乡亲，你哭什么？什么事情使你这样伤心？”⏎“我的斧头落到河里去了，我怕主人的皮鞭子！”刘剥皮回答。⏎“老乡亲，别伤心啦，我下河给你捞上来。”老爷爷刚说完话，“扑通”一声跳到河里。⏎老爷爷又跳下河去，这一次拿上来的是一把银斧头，银光亮亮，怪可爱的。但是，刘剥皮说：“这把斧头也不是我的。”⏎老爷爷第三次跳下河去，这一次拿上来一把金斧头。⏎“老乡亲，这把斧头是你的吗？”老爷爷这句话的声音很响亮，声音里还有点愤怒。⏎刘剥皮一看，金斧头金光闪闪，想着这可值多少钱！他笑嘻嘻地说：“谢谢你，这把斧头可真是我的了！”⏎老爷爷把金斧头给了刘剥皮，自己走了。⏎不过这次，他的脸上不但没有露出和蔼的笑容，反而很生气，刘扒皮可没空管这些，他心里一直盘算着该用这把金斧头做些什么，但就是没想过用它来砍柴。河里的水流很急，就像是生气了一样。⏎刘扒皮此时只顾着高兴了，忘了自己是走在独木桥上，他还在桥上挥舞斧头呢，金斧头可比铁斧头重多了。他一不小心掉进了水里，他在湍急的水流里探了两次头，就不知道冲到哪里去了。,故事365·寓言,
乌鸦喝水,,,一个干旱炎热的夏天，一只口渴的乌鸦找不到水喝，乌鸦飞来飞去，已经累得精疲力尽了，乌鸦突然发现地面上有一口井，他兴奋地朝井边飞去，乌鸦心想：终于找到水喝了！⏎可是，井里一滴水也没有，这时，乌鸦发现井边有一个瓶子，乌鸦高兴极了，心想：我可以从瓶里弄到水喝了！可是，瓶子里水很少，瓶口又很小，乌鸦把嘴伸进瓶口试了试，根本喝不到水，乌鸦想把水瓶撞到，他撞了几下，水瓶动也没动，眼看着瓶里的水喝不到嘴，乌鸦又气又急，乌鸦搂住水瓶，用力地摇晃，水瓶仍然没动，乌鸦用头使劲顶，水瓶还是不动，哎！乌鸦觉的自己太笨了，又渴又累的乌鸦失望地坐在地上。⏎这是，乌鸦看到地上有许多石子，忽然想起了一个好主意，乌鸦用嘴叼起石子，投进水瓶里，乌鸦投了一些石子，瓶子里的水位开始上升了，乌鸦不停地往瓶子里投石子，瓶子里的水位越升越高，乌鸦越投越起劲，眼看就要喝水了，瓶子里的水已经升到了瓶口，乌鸦终于喝到水了。⏎乌鸦喝足了水，快乐地飞走了。,故事365·寓言,
守株待兔,,,宋国有个农夫种着几亩地，他的地头上有一棵大树。一天，他在地里干活，忽然看见一只兔子箭一般地飞奔过来，猛的撞在那棵大树上，一下子把脖子折断了，蹬蹬腿就死了。⏎这个农夫飞快的跑过去，把兔子捡起来，高兴地说：“这真是一点劲没费，白捡了个大便宜，回去可以美美地吃上一顿了。”他拎着兔子一边往家走，一边得意地想：“我的运气真好，没准明天还会有兔子跑来，我可不能放过这样的便宜。”⏎第二天，他到地里，也不干活，只守着那棵大树，等着兔子撞过来。结果，等了一天什么也没等到。他却不甘心，从此，天天坐在那棵大树下等着兔子来撞死。他等呀等呀，直等到地里的野草长得比庄稼都高了，连个兔子影也没有再见到。⏎“守株待兔”的成语就是从这个故事来的。人们用它来比喻不想努力，而希望获得成功的侥幸心理。,故事365·寓言,
揠苗助长,,,有个急性子的宋国人，日夜盼望稻田里的稻子快些长大。可是，稻子是要慢慢长的，不能照他想的那样长的那么快。⏎有一天，他想出了一个妙计：下得田去，把每棵稻子都从土里拔高了一些。⏎“好累啊！辛辛苦苦干了一整天！不过，田里的稻子倒是都长高好些了。”⏎他的儿子听说田里的稻子长高了好些，连忙跑到田里去看。可是，糟糕得很，田里的稻苗的叶子，都开始枯萎了。⏎拔苗助长比喻违反事物发展的客观规律，为急于求成，反而坏事。,故事365·寓言,
螳螂捕蝉,,,吴王一向很专横，要想说服他是件很难的事情。⏎有一次，吴王准备进攻楚国。他召集群臣，宣布要攻打楚国。大臣们一听这个消息，低声议论起来，因为大家都知道吴国目前的实力还不够雄厚，应该养精蓄锐，先使国富民强，这才是当务之急。⏎吴王听到大臣们在底下窃窃私语，似有异议，便厉声制止道：⏎“各位不必议论，我决心已定，谁也别想动摇我的决心，倘若有谁执意要阻止我，决不轻饶！”⏎众大臣面面相觑，谁也不敢乱说一句说，于是，匆匆退朝。⏎大臣中有一位正直的年轻人，他下朝后心中仍无法安宁，思前想后，他觉得不能因为自己而不顾国家的安危。这位大臣在自家的花园内踱来踱去，目光无意中落到树上的一只蝉的身上，他立刻有了主意。⏎第二天一大早，这位大臣便来到王宫的后花园内，他知道每天早朝前吴王都要到这里散步，所以，他有意等在这里。⏎过了大约两个时辰，吴王果然在宫女的陪同下，来到后花园。那位大臣装着没有看见吴王，眼睛紧盯着一棵树。⏎吴王看到这位大臣的衣服已经被露水打湿了，却仿佛没有察觉一般，眼睛死死地盯着树枝在看什么，手里还擒着一只弹弓，便很纳闷地拍拍他的肩，问道：⏎“喂，你一大早在这里做什么？何以如何入神，连衣服湿了都不知道？”⏎那位大臣故意装作仿佛刚刚看到吴王，急忙施礼赔罪道：⏎“刚才只顾看那树上的蝉和螳螂，竟不知大王的到来，请大王恕罪。”⏎吴王挥挥手，却好奇地问：⏎“你究竟在看什么？”⏎那位大臣说道：⏎“我刚才看到一只蝉在喝露水，毫无觉察一只螳螂正弓首腰准备捕食它，而螳螂也想不到一只黄雀正在把嘴瞄准了自己，黄雀更想不到我手中的弹弓会要它的命  ”⏎吴王笑了说：⏎“我明白了，不要再说了。”⏎终于，吴王打消了攻打楚国的念头。,故事365·寓言,
刻舟求剑,,,古时候，楚国有一个人，在他坐船过江的时候，一不小心，把身上挂的一把宝剑掉进江里去了。那个人不慌不忙地从衣袋里取出一把小刀，在船舷上落下宝剑的地方刻了一个记号。嘴里自言自语嘱咐自己： “别忘记了，我的宝剑是从这儿掉下去的。”⏎同船人见他不着急的样子都很纳闷，就问他：“为什么不赶快下水捞宝剑？你在船舷上刻个记号有什么用呀？”⏎“着什么急，我的宝剑是从这个地方掉下去的，一等船靠岸了， 我就要从这个刻有记号的地方跳下水去，把宝剑找回来。”⏎过了一会儿，船到了目的地，停下来靠了码头，这个人便从船上刻的记号处，跳下水去捞宝剑，可是，摸了好长时间也没有找到。⏎同船人看到他这样寻找宝剑都感到很可笑，有一个人说：“宝剑掉江里以后，船还是在行走的，而宝剑沉在水底下是不会跟着走的。 事实上，现在船离开丢剑的地方已经很远了，再按船舷上刻记号处去找 它怎么能找到呢？”⏎大家都议论说：“这个人连一个很普通的道理也不懂得呢。”⏎后来人们根据这个故事引申出“刻舟求剑”这句成语， 比喻人们做事情要从客观实际出发，注意事物的发展变化，来处理事情。,故事365·寓言,
邯郸学步,,,相传在两千年前，燕国某地有一位少年，不愁吃不愁穿，论长相也算得上中等人材，可他就是缺乏自信心，经常无缘无故地感到事事不如人，低人一等  衣服是人家的好，饭菜是人家的香，站相坐相也是人家高雅。他见什么学什么，学一样丢一样，虽然花样翻新，却始终不能做好一件事，不知道自己该是什么模样。⏎家里的人劝他改一改这个毛病，他认为是家里人管得太多。亲戚、邻居们说他是狗熊掰棒子，他也根本听不进去。日久天长，他竟怀疑自己该不该这样走路，越看越觉得自己走路的姿势太笨、太丑了。⏎有一天，他在路上碰到几个人说说笑笑，只听得有人说邯郸人走路姿势很美。他一听，急忙走上前去，想打听个明白。不料想，那几个人看见他，一阵大笑之后扬长而去。⏎邯郸人走路的姿势究竟怎样美呢？他怎么也想象不出来，这成了他的心病。终于有一天，他瞒着家人，跑到遥远的邯郸学走路去了。⏎一到邯郸，他感到处处新鲜，简直令人眼花缭乱。看到小孩走路，他觉得活泼、美，学；看见老人走路，他觉得稳重，学；看到妇女走路，摇摆多姿，学。就这样，不过半月光景，他连走路也不会了，路费也花光了，只好爬着回去了。⏎故事出自《庄子 秋水》。成语“邯郸学步”，比喻生搬硬套，机械地模仿别人，不但学不到别人的长处，反而会把自己的优点和本领也丢掉。,故事365·寓言,
南辕北辙,,,小石头正在路口放羊，从远处来了一辆马车，下来一个人问：“请问到楚国该怎么走呀？”⏎小石头用手里的鞭子指着南边的大路说：“顺着这条路走，就可以到了。”⏎可那人却让马车拐向北边的路，小石头大叫：“错了，错了，方向不对。”那人笑笑说：“没关系，我的马好，日行千里，夜行八百。”⏎小石头摇摇头：“马跑得越快，你离楚国越远了呀。”那人满不在乎，拍拍身上的钱袋子说：“别担心，我有足够的路费，一定没问题的。”⏎小石头说：“钱再多，也得走对路才行啊。”那人又得意地指着自己的车夫说：“这可是最好的车夫，我花了很多钱请来的，你就别操心了。”⏎小石头叹口气说：“那你就走吧，祝你好运哦。”那人对着车夫喊：“出发！”车夫对着马儿说：“驾！”然后他们飞快地向北驶去。⏎（小朋友，你说那人能到楚国吗？你有没有像他这样，明知道是错的事情，还要做呢？）,故事365·寓言,
买椟还珠,,,有一个来自楚国的商人，他有一颗非常漂亮的珍珠。为了能把珍珠卖个好价钱，他决定为珍珠做一个漂亮的盒子。⏎商人请来手艺高超的木匠为珍珠做盒子。盒子的做好后，木匠用香料把它熏得香气扑鼻。⏎熏完香后，木匠又对盒子进行装饰，让这个盒子立刻变得精美绝伦，与众不同。⏎商人拿过盒子，小心翼翼地将珍珠放进去，抱着盒子快步走向市场。⏎商人把盒子一拿出来，市场上的人就被盒子美丽的外表和香气吸引了。⏎这时，人群中的一个郑国人从商人手中拿过盒子，爱不释手地左看右看，终于出高价买了下来。⏎可是，郑国人拿着盒子没走几步，突然又走了回来。商人以为郑国人后悔了。⏎可谁知，郑国人拿出盒子里的珍珠递给商人，然后拿着盒子，一边欣赏一边走了。⏎商人拿着被退回的珍珠尴尬极了。没想到，精美的盒子在别人眼里竟然超过了珍珠的价值。⏎买椟还珠：我国古代成语，出自《韩非子》，原意是买来珠宝却只留下漂亮的盒子，不要里面真正价值高的珠宝。现在经常用来比喻没有眼光，取舍不当，丢了西瓜捡芝麻，不值得。,故事365·寓言,
狐假虎威,,,在茂密的森林里，老虎是最凶猛的野兽，号称森林之王。它每天都要捕食其它动物，动物们都非常怕它。⏎一天，它碰到了一只狐狸，狐狸刚要溜走，已被它一把捉住。⏎狡猾的狐狸看见自己无法逃脱，就耍了一个花招。它一本正经地大声对老虎说：“你怎么敢吃我？我是天帝任命来管理所有的野兽的，你要吃了我，就是违抗天帝的命令。”⏎老虎一听愣住了。⏎狐狸马上接着说：“你要是不信，就跟在我后面走一趟，看看是不是所有的野兽见了我都赶快逃命。”⏎老虎听狐狸说话的口气很大，态度也很强硬，有几分相信了，决定跟着狐狸去看看。⏎森林里大大小小的野兽们，看见狐狸大摇大摆，耀武扬威地走过来，后面跟着一只张牙舞爪的大老虎，都吓得要命，四处奔逃。⏎老虎看着动物们都逃跑了，不知道野兽们怕得是自己，以为真是被狐狸的威风吓跑的，彻底相信了狐狸的话。它怕狐狸怪罪自己，做出什么对自己不利的举动，于是也慌忙逃走了。⏎“狐假虎威”就是由这个故事而来，现在，人们用它来比喻倚仗别人的势力欺压别人。,故事365·寓言,
东施效颦,,,春秋时代，越国有一位美女名叫西施。她的美貌简直到了倾国倾城的程度。无论是她的举手、投足，还是她的音容笑貌，样样都惹人喜爱。西施略用淡妆，衣着朴素，走到哪里，哪里就有很多人向她行“注目礼”，没有人不惊叹她的美貌。⏎西施患有心口疼的毛病。有一天，她的病又犯了，只见她手捂胸口，双眉皱起，流露出一种娇媚柔弱的女性美。当她从乡间走过的时候，乡里人无不睁大眼睛注视。⏎乡下有一个丑女子，名叫东施，不仅相貌难看，而且没有修养。她平时动作粗俗，说话大声大气，却一天到晚做着当美女的梦。今天穿这样的衣服，明天梳那样的发式，却仍然没有一个人说她漂亮。⏎这一天，她看到西施捂着胸口、皱着双眉的样子竟博得这么多人的青睐，因此回去以后，她也学着西施的样子，手捂胸口、紧皱眉头，在村里走来走去。哪知这丑女的矫揉造作使她原本就丑陋的样子更难看了。其结果，乡间的富人看见丑女的怪模样，马上把门紧紧关上；乡间的穷人看见丑女走过来，马上拉着妻、带着孩子远远地躲开。人们见了这个怪模怪样模仿西施心口疼在村里走来走去的丑女人简直像见了瘟神一般。⏎这个丑女人只知道西施皱眉的样子很美，却不知道她为什么很美，而去简单模仿她的样子，结果反被人讥笑。看来，盲目模仿别人的做法是愚蠢的。,故事365·寓言,
自相矛盾,,,楚国有一个卖兵器的人，到市场上去卖矛和盾。⏎好多人都来看，他就举起他的盾，向大家夸口说： “我的盾，是世界上最最坚固的，无论怎样锋利尖锐的东西也不能刺穿它!”⏎接着，这个卖兵器的人又拿起一支矛，大言不惭地夸起来：“我的矛，是世界上最尖利的，无论怎样牢固坚实的东西也挡不住它一 戳，只要一碰上，嘿嘿，马上就会被它刺穿!” 他十分得意，便又大声吆喝起来：“快来看呀，快来买呀，世界上 最最坚固的盾和最最锋利的矛!”⏎这时，一个看客上前拿起一支矛，又拿起一面盾牌问道：“如果用这矛去戳这盾，会怎样呢?” “这  ” 围观的人先都一楞，突然爆发出一阵大笑，便都散了。⏎那个卖兵器的人，呆了半天，一句话也说不出来。最后灰溜溜地扛着矛和盾走了。⏎释义 “矛”古代一种长柄的装有金属枪头的武器，用以刺杀敌人。“盾”，古代用来保护自己、抵档敌人刺杀的武器。后以自相矛盾比喻语言、行动前后不一致或互相抵触。,故事365·寓言,
亡羊补牢,,,从前，有人养了许多羊。一天早晨，他发现少了一只羊，仔细一查，原来羊圈破了个大窟窿，夜里狼钻进来，把羊叼走了。⏎邻居劝他说：“赶快把羊圈修一修，堵上窟窿吧！”那个人不肯接受劝告，回答说：“羊已经丢了，还修羊圈干什么？”⏎第二天早上，他发现羊又少了一只。原来，狼又从窟窿中钻进来，又叼走了一只羊。⏎他很后悔自己没有听从邻居的劝告，于是赶快堵上窟窿，修好了羊圈。⏎从此，狼再也不能钻进羊圈叼羊了。⏎战国时期，楚国的楚襄王即位后，重用奸臣，政治腐败，国家一天天衰亡下去。大臣庄辛看到这种情况，非常着急，劝襄王不要成天吃喝玩乐，不管国家大事；这样长此以往，楚国就要亡国了。楚襄王听了大怒，骂道：“你老糊涂了吧，竟敢这样诅咒楚国。”⏎庄辛见楚襄王不纳忠言，只好躲到了赵国。结果庄辛到赵国才住了五个月，秦国果然派兵攻打楚国，攻陷了楚国的都城郢城。楚襄王惶惶如丧家之犬，逃到城阳。这时，他想到庄辛的忠告，又悔又恨，便派人把庄辛迎请回来，说：“过去因为我没听你的话，所以才会弄到这种地步，现在，你看还有办法挽救吗？”庄辛看到楚襄王有悔过之心，便借机给他讲了这个亡羊补牢的故事。⏎庄辛又给楚襄王分析了当时的形势，认为楚国都城虽被攻陷，但只要振作起来，改正过去的过错，秦国是灭不了楚国的。楚襄王听了，便遵照庄辛的话去做，果真度过了危机，振兴了楚国。,故事365·寓言,
对牛弹琴,,,两个人吵架，一方对另一方说：“我真是对牛弹琴。”对方并不是牛，自己也没有弹琴，为什么这么说呢？原来，成语“对牛弹琴”是用来嘲笑听话的人不懂对方说的话，它的由来有个美妙的故事。⏎春秋时期，鲁国有个非常著名的音乐家叫公明仪。公明仪极善弹琴，优美的琴声从他手下流出，听众便会如痴如醉。⏎一年春天，公明仪带着琴去田野散步。春风柔和，送来青草阵阵芬芳，公明仪心旷神怡，不由得四处环顾。他发现远处有一头牛正在吃草，对他的到来不闻不问。他忽然有了奇思妙想。过去，他弹琴给人听，得到了不少赞誉，如果给这头牛弹上一曲，它也会听得进去吗？这样想着，他架好琴，拨动琴弦，便在田野里弹奏起来。他弹奏的这首曲子十分高雅，叫作《清角之操曲》。⏎这样美妙的琴声，如果被人听见，肯定会沉浸其中，难以自拔。然而田野中的这头牛，却依然低头吃草，时不时还甩动一下尾巴，根本不理会公明仪的个人音乐会，更谈不上领会曲子中的美妙意境了。⏎公明仪尽心尽力，一曲奏完，看到眼前这头牛如此无动于衷，实在无奈。他想了想，又有了新主意。于是，他再次拨动琴弦，弹出一段段奇怪的杂乱的声音，一会儿像苍蝇在嗡嗡乱飞，一会儿又像迷路的小牛犊发出的叫声。这下子倒吸引了牛的注意，它居然停止了吃草，抬起头，竖起耳朵，认真地倾听起来。⏎后来，人们就用“对牛弹琴”来比喻对愚蠢的人讲深刻的道理，或对外行人说内行话，白白浪费时间。当然，如果有人评价说话者在“对牛弹琴”，那么这话的重点就不是在说听话的人愚蠢或者外行，而是在讥讽说话者不看对象了。,故事365·寓言,
井底之蛙,,,一口废井里住着一只青蛙。有一天，青蛙在井边碰上了一只从海里来的大龟。⏎青蛙就对海龟夸口说：“你看，我住在这里多快乐！有时高兴了，就在井栏边跳跃一阵；疲倦了，就回到井里，睡在砖洞边一回。或者只留出头和嘴巴，安安静静地把全身泡在水里：或者在软绵绵的泥浆里散一回步，也很舒适。看看那些虾和蝌虾，谁也此不上我。而且，我是这个井里的主人，在这井里极自由自在，你为什么不常到井里来游赏呢！”⏎那海龟听了青蛙的话，倒真想进去看看。但它的左脚还没有整个伸进去，右脚就已经被栏杆绊住了。它连忙后退了两步，把大海的情形告诉青蛙说：⏎“你看过海吗？海的广大，哪止千里；海的深度，哪只千来丈。古时候，十年有九年大水，海里的水，并不涨了多少；后来，八年里有七年大早，海里的水，也不见得浅了多少。可见大海是不受旱涝影响的。住在那样的大海里，才是真的快乐呢！”⏎青蛙这才知道，井外还有这么大的天地。他吃惊地呆在那里，再没有话可说了。⏎成语“井底之蛙”比喻见识短浅，却又妄自尊大。,故事365·寓言,
掩耳盗铃,,,春秋时候，晋国世家赵氏灭掉了范氏。有人趁机跑到范氏家里想偷点东西，看见院子里吊着一口大钟。钟是用上等青铜铸成的，造型和图案都很精美。小偷心里高兴极了，想把这口精美的大钟背回自己家去。可是钟又大又重，怎么也挪不动。他想来想去，只有一个办法，那就是把钟敲碎，然后再分别搬回家。⏎小偷找来一把大锤子，拼命朝钟砸去，咣的一声巨响，把他吓了一大跳。小偷心想，心想这下糟了，这钟声不就等于是告诉人们我正在这里偷钟吗？他心里一急，身子一下子扑到了钟上，张开双臂想捂住钟声，可钟声又怎么捂得住呢！钟声依然悠悠地传向远方。⏎他越听越害怕，不由自主地抽回双手，使劲捂住自已的耳朵。“咦，钟声变小了，听不见了！”⏎小偷高兴起来，“妙极了！把耳朵捂住不就听不进钟声了吗！”⏎他立刻找来两个布团，把耳朵塞住，心想，这下谁也听不见钟声了。⏎于是就放手砸起钟来，一下一下，钟声响亮地传到很远的地方。⏎人们听到钟声蜂拥而至把小偷捉住了。,故事365·寓言,
郑人买履,,,从前，有个郑国人想买鞋子，他先用尺子量了量自己的脚，然后把量好的尺寸放在了自己的座位上。但是，当他准备去买鞋的时候，却忘了拿量好的尺寸。⏎到了集市，他拿着新鞋子，突然想起来没有带尺寸，于是对售货员说：“我忘记了带量好的尺寸，我现在就回去拿，一会儿就回来。”于是他回去取脚的尺寸。等到他回来的时候，集市已经关门了，结果这个人没有买到鞋，很失望地走在回家的路上。⏎路上，遇到了一个朋友，朋友知道了这件事，奇怪地问他：“你为什么不直接用脚试试呢？”⏎他说：“我只相信尺寸，不相信自己的脚。”,故事365·寓言,
塞翁失马,,,战国时期，靠近北部边城，住着一个老人，名叫塞翁。塞翁养了许多马，一天，他的马群中忽然有一匹走失了。邻居们听说这件事，跑来安慰，劝他不必太着急，年龄大了，多注意身体。塞翁见有人劝慰，笑了笑说：“丢了一匹马损失不大，没准会带来什么福气呢。”⏎邻居听了塞翁的话，心里觉得很好笑。马丢了，明明是件坏事，他却认为也许是好事，显然是自我安慰而已。过了几天，丢失的马不仅自动返回家，还带回一匹匈奴的骏马。⏎邻居听说了，对塞翁的预见非常佩服，向塞翁道贺说：“还是您有远见，马不仅没有丢，还带回一匹好马，真是福气呀。” 塞翁听了邻人的祝贺，反而一点高兴的样子都没有，忧虑地说：“白白得了一匹好马，不一定是什么福气，也许惹出什么麻烦来。”⏎邻居们以为他故作姿态纯属老年人的狡猾。心里明明高兴，有意不说出来。⏎塞翁有个独生子，非常喜欢骑马。他发现带回来的那匹马顾盼生姿，身长蹄大，嘶鸣嘹亮，膘悍神骏，一看就知道是匹好马。他每天都骑马出游，心中洋洋得意。⏎一天，他高兴得有些过火，打马飞奔，一个趔趄，从马背上跌下来，摔断了腿。邻居听说，纷纷来慰问。⏎塞翁说：“没什么，腿摔断了却保住性命，或许是福气呢。”邻居们觉得他又在胡言乱语。他们想不出，摔断腿会带来什么福气。 不久，匈奴兵大举入侵，青年人被应征入伍，塞翁的儿子因为摔断了腿，不能去当兵。入伍的青年都战死了，唯有塞翁的儿子保全了性命。⏎塞翁失马比喻一时虽然受到损失，也许反而因此能得到好处。也指坏事在一定条件下可变为好事。,故事365·寓言,
狼和小羊,,拉封丹,最强者的道理总是最大道理，⏎下面我们就来证实。⏎一只小羊在清澈的⏎溪水边上喝水。⏎一条大灰狼寻食，⏎被饥饿引到这里。⏎这只野兽暴跳如雷：⏎“你真胆大包天，⏎竟敢搅浑我喝的水！⏎你这样有恃无恐，⏎就应该受到严惩！”⏎“陛下，”小羊回答，“大王，⏎且请您息怒，⏎您何不想一想，⏎我喝水的地方，⏎是在下游，⏎离开您有二十多步，⏎因此怎么也不会⏎搅浑您喝的水。”⏎“搅浑了，”残暴的狼又吼叫，⏎“我还知道，去年你说过我坏话。”⏎“那怎么可能，去年我还没有出生。”⏎小羊这样回答，⏎“现在我还吃妈的奶呢。”⏎“不是你，那就是你哥哥。”⏎“我是独生子。”⏎“反正是你们家的哪一个。⏎没错，你们牧人和牧犬，⏎谁都不肯放过我。⏎大家都对我这样说，⏎这个仇我一定得报。”⏎狼说罢就叼起小羊，⏎到密林深处吃掉，⏎根本不走诉讼的过场。,拉封丹寓言·李玉民译,
鹬蚌相争,,,战国时，赵国、燕国都不是实力很强的国家，然而赵惠文王无视对赵、燕两国虎视眈眈的强大的秦国，打算出兵攻打燕国。⏎为了避免一场国破家亡的战乱，燕国的苏代跑到赵国去求见赵惠文王，以游说赵与燕两相和好、共同抗秦。苏代对惠文王说：大王您先别谈打仗的事，我且讲个故事给您听⏎一只河蚌好久没上岸了。有一天出了太阳，河岸上十分暖和，于是河蚌爬到岸上，张开蚌壳晒太阳。河蚌只觉得浑身舒服极了，它懒洋洋地打起瞌睡来。⏎这时，一只鹬鸟飞过来，悄悄落在河蚌的身边，很快地用长长的尖嘴伸过去啄河蚌的肉。河蚌猛一惊醒，迅速用力把蚌壳一合，将鹬的尖嘴紧紧地夹住了。⏎鹬鸟对河蚌说：⏎“我看你能在岸上呆多久！如果今天不下雨明天不下雨，你就会被干死、晒死，到时候，这岸上就会有一只死蚌了。”⏎河蚌也十分强硬地说：⏎“我看你能饿多长时间！我今天不松开你的嘴，明天也不松开你的嘴，你就会在这里被饿死，到时候这岸上就会有一只死鹬了。”⏎两个小东西就这样对抗着，谁也不肯相让，真有要拼个同归于尽的架式。⏎这时，一位渔人走过来，十分轻易地就捡了个便宜，把蚌和鹬都捉住，满心高兴地赶回家去。⏎苏代的故事刚一讲完，赵惠文王幡然醒悟。他拍着自己的脑袋说：⏎“多谢先生的启发，如果我们小国间自相残杀，让秦国从中得利，那我们跟这故事里刚愎自用的鹬和蚌又有什么区别呢？”⏎于是，赵王取消了攻打燕国的念头。⏎从这则寓言我们应该认识到，有头脑的人不论干什么事情，都要全面、周密地思考一下，权衡利弊得失后再行动。否则，为了一点点恩怨、矛盾而互相争斗，必定会做出鹬蚌相争的蠢事来。,故事365·寓言,
寒号鸟,,,寒号鸟和喜鹊是邻居，寒号鸟住在石崖缝里，喜鹊住在一颗大树上。冬天快要到了，喜鹊提前做窝为过冬做准备，而寒号鸟却整天出去玩。喜鹊一而再再而三地提醒寒号鸟赶快做窝，而寒号鸟却听不进劝告，只愿享受眼前的生活。冬天来了，喜鹊有了自己温暖的窝，而寒号鸟却冻死在了一个大雪纷飞的深夜里。,故事365·寓言,
善与恶,,伊索,善因为力弱，被恶赶走了，他便走到天上。⏎善于是请问宙斯，怎样到人间去。宙斯告诉他，不要大家一齐去，只是一个一个地去访问人间吧。⏎因为这个缘故，恶与人很相近，所以接连不断地去找他们，善则因为从天上来，所以就来得很是迟缓了。⏎这就是说，人很不容易遇到善，却每日为恶所侵袭。,伊索寓言·周作人译,
卖木像的人,,伊索,有人制作了一个赫尔墨斯的木像，拿到市场去卖。因为没有一个买主近前来，他想招集人来，便大声嚷说，有赐福招财的神道出卖。⏎在旁边的一个人对他说道：“喂，这既然是如此，那么你该自己享受他的利益，为什么要出卖呢？”⏎那人答道：“我要的是现在就有的利益，可是这神道的利益常是来得慢的。”⏎这故事正是说那种人，卑鄙地求利，连神道也不尊敬的。,伊索寓言·周作人译,
鹰与狐狸,,伊索,鹰与狐狸互相结交，决意彼此住在近处，因了同住一处使得交情巩固。⏎于是鹰走到一棵高树上面，造起巢来，狐狸则走进底下的丛莽中间，生育儿女。⏎有一回狐狸出去觅食，鹰正缺乏食物，就飞下到丛莽里去，抢走了狐狸的儿女，同了他自己的小鹰拿来吃掉了。⏎狐狸回来了，知道了鹰所做的事情，他悲伤他儿女的死，但是对于报仇的事更其悲伤，因为他是地上的兽，不能去追逐有翼的鸟。因此他远远地站着，诅咒他的敌人，这是留给没有力量的弱者唯一可以做的事了。⏎可是不久，鹰的破坏友谊的大罪也受到重罚了。有些人在野外用羊祀神，鹰飞下去，从祭坛上抓走了带着火的羊的内脏，拿回自己的巢里去。这时候烈风吹了起来，从那细小陈旧的枯枝上发出了猛烈的火焰来了。⏎为了这个缘故，那些小鹰都被烧死（因为那羽毛还未长好），掉在地上。狐狸跑了过来，便在鹰的眼前，把那些小鸟都吃了下去了。⏎这故事说明，凡破弃友谊的人，即使因为受害者的懦弱，逃过了他的惩罚，但他总不能免于神明的报复。,伊索寓言·周作人译,
鹰与蜣螂,,伊索,鹰在追一只兔子。兔看见没有什么人可以救他，只是恰巧看到一只蜣螂（qiāngláng），便求他救助。⏎蜣螂鼓励兔子，他见鹰将要到来，便请求鹰不要抓走向他求救的那兔。但是鹰因为蜣螂很小，看不起他，就在他的眼前把兔子吃掉了。⏎自此以后，蜣螂深以此为憾，他便不断地去守候鹰的巢，只要鹰生了卵，他就高高地飞上去，把鹰卵推滚出来，将它打碎。⏎鹰到处躲避，直至后来飞到宙斯那里去（因为他是属于宙斯的神圣的鸟），请求宙斯给他一个安全的地方可以养育儿女。宙斯许可他在他自己的膝上来生产。⏎蜣螂知道了这事，就做了一个粪团，高飞上去，到得宙斯的上面，把这落在他的膝上。宙斯想要拂落那粪，便站了起来，不觉把鹰的卵都掉了下来了。⏎自此以后，据说在蜣螂出现的时节，鹰是不造他的巢的。⏎这故事教人不要看不起人，因为没有人是这样无力的，脸上被涂了泥而不能报复自己。,伊索寓言·周作人译,
鹰与燕乌与牧羊人,,伊索,有鹰从一个高岩上飞下来，把一只小羊抓走了。⏎一只燕乌看了这事，很是歆羡，心想仿效他一下。他呼呼地飞去落在一只公羊上面，要把他带走，可是他的脚爪给羊毛缠住了，再也拔不脱，直拍着翅膀。⏎直到后来牧羊人知道了这件事，跑来将他抓住，剪去了翅膀的羽毛，到了傍晚，他拿去给了他自己的孩子们。他们问这鸟是什么，他答说道：“照我看来，这分明是乌鸦，可是他自己估量是一只老鹰呢。”⏎照这样子，同优胜者去竞争，不但得不到什么益处，还因这些灾祸而招到嘲笑。,伊索寓言·周作人译,
拔了羽毛的鹰与狐狸,,伊索,有一回，一只鹰被人抓住了。那人把鹰的羽毛剪了，同鸡一起放在家里。⏎鹰因为悲哀，很是颓丧，什么也不吃，好像是一个被囚系的国王。⏎别一个人买了这鹰去，拔去羽毛，涂上没药，使他长出羽毛来。鹰飞了上去，爪里抓了一只兔子，拿来送给那人作为礼物。⏎狐狸看见了说道：“你不必给这人，倒是该给那第一个人，因为这人是生来的善人。那个人你该更同他要好，使他不至于再把你抓住，拔去你的羽毛。”⏎这就是说，对于恩人应该好好地还报，恶人要谨慎地回避才是。,伊索寓言·周作人译,
被箭射的鹰,,伊索,一只鹰立在岩石上头，想要去捕捉一只兔子。有人用弓箭射了他，那箭深入他的身内，带着那羽毛的箭翎正竖在鹰的眼前。⏎他见了说道：“这于我又是别一种苦痛，我乃是死在自己的羽毛上。”⏎这就是说，在因了自己的原因而遭危难的时候，那苦痛的刺乃更是难受。,伊索寓言·周作人译,
莺与鹞子,,伊索,莺坐在一棵高树上，照着常例歌唱着。鹞（yào）子看见了她，因为刚缺乏食物，就飞过去，把她抓住了。⏎在她将要被杀的时候，她请求饶放她，说她不足充满鹞子的胃，若是缺少食物，应当去找那更大的鸟。⏎但是他回答说道：“假如我放掉了手里现成的吃食，再去追赶还看不见的东西，那我不是呆子了么？”⏎人间也正是如此，有些为了希望更大的事物，而放弃了手里所有的，这也是没有头脑的人。,伊索寓言·周作人译,
夜莺与燕子,,伊索,有燕子劝告一只夜莺，像她一样地来与人同住在一个家屋内。⏎夜莺答说道：“我不愿意记起我从前的灾祸的苦痛，因此我所以住在荒野里的。”⏎因了什么不幸受过苦痛的人，愿意逃避那从前发生苦痛的地方。,伊索寓言·周作人译,
欠债的雅典人,,伊索,一个欠债的雅典人被债主催着还钱，他推说没有，请求展期。因为债主不曾应允，他把他所有唯一的母猪赶出来，当场出卖。⏎买主走近前来，问这猪会生小猪么，他答说她不但会生，而且说来还难相信，因为她在地母秘密节生下些小母猪，在大雅典娜祭生下些小公猪呢。⏎那人听了这话大为吃惊，债主说道：“没有什么奇怪，因为她在狄（dí）俄尼索斯节还会给你生些小山羊哩。”⏎这故事说明，有好些人为了自己的利益，不怕给不可能的事情去作伪证。,伊索寓言·周作人译,
黑人,,伊索,有人买了一个黑人，以为他的皮色由于以前的主人的疏忽所以如此。⏎带回家里之后，他用了所有的一切的去污粉和一切的水，想要洗他干净。可是那颜色一直没有变，而且因了辛苦反把他弄病了。⏎这故事说明，那先天的东西一直留着，同最初的时候一样。,伊索寓言·周作人译,
猫与公鸡,,伊索,猫抓住了一只公鸡，想要用一个很好的口实来把他吃掉。他就说他因为在夜里高叫，妨害安眠，于人有损。⏎公鸡辩解说，他那样做原是为的于人有益，因为叫醒他们，去做他们平常所做的工作。⏎猫于是再举出一个理由，说他的行为是违反自然的，因为他与他母亲与姊妹们同居。⏎公鸡回答说，那也是为了主人的利益，因为这样可以给他们生许多的鸡蛋。⏎但是猫说道：“你尽管有许多很好的辩解，可是我总不能老是没有食吃。”于是他就把他吃下去了。⏎这故事说明，天性决定要做恶事的人，假如他不能找到好的借口，他就毫不隐藏地作起恶来了。,伊索寓言·周作人译,
猫与鼠,,伊索,在一个人家里有许多老鼠。猫知道了这事，走到那里去，一只只地抓来吃了。老鼠因为常常被杀，都躲进他们的洞里去了。⏎猫不再能够抓到他们，他就想用什么计策把他们叫了出来。因此他爬上去在一个木橛上挂了下来，装出死了的样子。⏎一个老鼠出来窥探一下，看见了他，说道：“呵，这家伙！你就是变做了一只皮袋，我也决不走近前去呢。”⏎这故事说明，有思想的人们在对于一个人试验过了他的恶行之后，他就不会再受他做作的欺骗了。,伊索寓言·周作人译,
猫与鸡,,伊索,猫听说某处鸡栏里有鸡在生病，便假装成医生，带了医学上所要的器具，走到那里去。⏎他站在鸡栏前面，问他们状况怎么样。他们答道：“很好，只要请你离开这儿就好了。”⏎照这个样子，人间的恶人即使装出十分善心的样子，有思想的人也是不会看不出的。,伊索寓言·周作人译,
山羊与牧人,,伊索,牧人把许多山羊招集到羊圈里来。但是其中有一只山羊在吃什么好吃的东西，独自落后了。⏎牧人拿了一块石头投过去，恰巧打中，把山羊的一只角折断了。⏎牧人请求山羊不要对主人说这事，山羊道：“就是我不作声，这怎么隐藏得过呢？我的角折了，这总是很明显的。”⏎这是说，罪状明显的时候，这是无可隐藏的。,伊索寓言·周作人译,
山羊与驴,,伊索,有人养着一只山羊和一条驴子。山羊因为驴子的食料丰富，感觉妒忌，对他说你一会儿转磨，一会儿背重东西，不断地吃苦，便劝他假装癫痫，跌倒在坑里，可以得到休息。⏎驴子听从了他的话，跌得遍身是伤。⏎主人叫医生来，请他救治，医生说将山羊的肺煎汤给他吃，就可以复元。⏎于是他们杀了山羊去医治驴子了。⏎这是说，凡是对于他人计划恶事的人，将成为自己的不幸的制造者。,伊索寓言·周作人译,
牧人与野山羊,,伊索,牧人把自己的山羊赶往牧场去，他看见有些野山羊来夹杂在自己的羊群里。傍晚到来的时候，他将他们都赶进他的一个山洞里去。⏎但是第二天起了很大的暴风雨，不能带了他们到平时的牧场去，便在那里饲养他们。他对于自己的山羊给的食料很少，只够他们不至于饿死罢了，但是对于那外来的羊却给的很多，因为想把他们留为己有。⏎在风雨停止了的时候，他要把所有的羊都赶向牧场去，可是那些野羊到了山边，全逃走了。牧人便责备他们忘恩负义，因为他特别优待他们，现在却弃他而去。⏎他们回过头来答道：“我们因此所以更要谨慎了，因为假如你看重昨天刚跟你的我们，过于从前一直同你在一起的，那么这是很明显的事，假如后来再有别的来跟你时，你一定是选中他们的了。”⏎这故事说明，凡是看重新交的我们过于他的旧友的人，我们不当欢迎他的友谊，其理由是，我们即使同他相交很久，他与别人为友的时候，也便即选取了他们了。,伊索寓言·周作人译,
丑的女奴与阿弗洛狄忒,,伊索,有主人爱上一个丑而且心坏的女奴。她拿到金钱，把自己装饰得很华丽的，去同她的女主人去竞争，她又不断地祭祀阿弗洛狄忒（tè），请求将自己变得漂亮些。⏎阿弗洛狄忒在睡梦中出现，对女奴说不能为了她的祭品给她美丽，倒是对于以她为美的那人觉得要生气动怒。⏎这就是说，凡是因了卑鄙的事以致富有的人，不应得意忘形，特别是他既无身分，亦无姿容。,伊索寓言·周作人译,
在船坞里的伊索,,伊索,寓言作者伊索在闲暇的时候，走进一个船坞里去。那些造船工人戏弄他，叫他回答。⏎他说在古时候只有混沌和水，但宙斯想要土这元素出现，便叫他分三遍吞吸那海水。他开始一吸，山最先出现，在他吸第二遍的时候，原野也出来了。⏎“假如他想定要吸第三次的水，那么你们的本领都将没有用处了。”⏎这故事说明，嘲弄比自己优胜的人，不知不觉地常会得从他引出更大的悲哀到自己这边来。,伊索寓言·周作人译,
两只公鸡与鹰,,伊索,两只公鸡为了母鸡的事打起架来，其中一只把别一只赶跑了。⏎那只打败的走到有什么遮盖的地方躲了起来，那打胜的向上边高飞，站在高墙上大声地叫喊。立刻飞下了一只鹰来，将他抓去了。那躲藏在暗处的公鸡，自此以后平平安安地占有了那些母鸡了。⏎这故事说明，主是反对那傲慢的，却给谦卑的以恩惠。,伊索寓言·周作人译,
公鸡与竹鸡,,伊索,有人在家里养着些公鸡，遇见有一只驯熟的竹鸡出卖，便买了带回家来，想同公鸡养在一起。但那些鸡都啄他追他，竹鸡以为他们看他不起，是因为他是异种的关系。⏎可是隔了不久，他看见那些公鸡互相打架，非到彼此流血不肯停止。⏎他对自己说道：“我现在被他们所啄，再没有什么怨恨了，因为我亲眼见他们自己也不互相饶恕。”⏎这故事说明，有思想的人看见邻人对于他们自己家里人还不相饶恕，那么他们的侮辱也就容易忍受下去了。,伊索寓言·周作人译,
渔人和鲔鱼,,伊索,渔人们出去捕鱼，辛苦了许多时候，却一点都捉不到。他们便坐在船里，觉得很是懊丧。⏎在这时候，有一条鲔（wěi）鱼被人追赶，哗啦哗啦地游着逃来，跳到了他们的船里来。⏎他们于是将他捉住，走到市里去卖了。⏎这样地，常有技术所得不到的，却由机缘给了你了。,伊索寓言·周作人译,
捉到石头的渔人,,伊索,渔人们拉网，那网很是沉重，他们很高兴，跳舞起来，以为这一下子有许多的鱼。⏎但是拉到岸边的时候，他们看见鱼并不多，网里却满是石头和别的东西。⏎他们大为懊恼，这倒并不因此事件而丧气，却是因为他们所预想的与这正是相反的。⏎他们中间一个年老的渔人说道：“朋友们，不要恼了，因为快乐显然是懊恼的姊妹，我们那么预先快乐过了，所以不得不受到一点什么讨厌的事的。”⏎我们见了人生的容易变化，想到上好的天气会得发生风暴，不应当对于自己的事情老是觉得高兴。,伊索寓言·周作人译,
吹箫的渔人,,伊索,一个会吹箫的渔人，拿了他的箫和网，走到海边去，站在一块突出的岩石上，最初吹起箫来，以为鱼听了美音会得自己跳到他的前面来的。⏎他用力吹了好久，可是毫无结果，便将箫放下，拿起网来，撒到水里去，捉到了许多的鱼。⏎在他将这些鱼从网里拿起，丢向岸上的时候，他看鱼喘气挣扎，便说：“喂，坏畜生！我吹着箫的时候，你们不跳舞，现在我不吹了，你们却又在跳了。”⏎这故事正是说那些行动不合时机的人们。,伊索寓言·周作人译,
渔人与大鱼小鱼,,伊索,渔人从海里拉起鱼网来的时候，他能够抓住那些大鱼，排在陆地上面，可是鱼里的小的那些却从网目中逃出到海里去了。⏎这就是说，小人物容易得救，但是那声名稍大的便难以躲过危险了。,伊索寓言·周作人译,
渔人与小梭鱼,,伊索,渔人把网放到海里去，捉到一条小梭鱼。那鱼很小，便求他不要捉他，说是因为他还小呢。⏎他又说：“在我长大了的时候，你可以捉我，那时这将于你更有利益。”⏎但那渔人说道：“若是我丢了手里的利益，因为他小，却去希望将来更大的利益，那我可不成为傻子了么？”⏎这故事说明，有人因了更大的希望，却将手中较小的丢掉了，这才是没有思想的人。,伊索寓言·周作人译,
打水的渔人,,伊索,渔人到一条河里去捕鱼。他把网张了，横截河流的两岸，用麻绳缚在石块上，打那河水，使得那些鱼慌忙逃窜，都进了他的网。⏎有住在近地的一个人看见他这样做，责备他说，这样把河弄浑，他们没有清水可喝了。⏎渔人答说：“可是河水如不那么浑，我也非饿死不可了。”⏎这就是说，有许多政党首领使他祖国发生事故，也正是那么地做的。,伊索寓言·周作人译,
翡翠,,伊索,翡翠是喜欢荒僻的地方，常居住在海上的鸟。据说因为防备人类的捕捉，她在海边的岩穴上做巢。⏎有一回到了孵卵的时候，她走到一处海岬（jiǎ），看见临海的一块岩石，便在那里营巢。⏎一天她出去觅食，忽然因了暴风，海上起了波浪，涌到那巢边，把它卷了去，小鸟都死了。⏎翡翠回来，见了这事件的时候，她说道：“我真是不幸，我用心防备那陆地，逃到这里来，可是他却是更靠不住。”⏎这就是说，世间有些人防备他的敌人，却不知道落在比那敌人更为厉害的友人手里。,伊索寓言·周作人译,
在迈安德河边的狐狸,,伊索,有一回，许多狐狸聚集在迈安德河边，想要去从河里喝水。但是因为河水流得很急，彼此只是相劝，没有一个敢于下去。⏎其中有一只，要想骂倒其余的狐狸，便嘲笑他们的懦怯，表示自己比他们更为英勇，大胆地跳下水里去。⏎那水流把他冲到河心去了，其余的站在河岸上对他说道：“请你不要丢开我们，回来，教我们可以下去安全喝水的那个口子吧。”⏎他被水冲着去，回答说道：“我有一封寄往米利都去的信，我想把这送到那里去，在我回来的时候我再教你们吧。”⏎这就是说那些因了装腔作势自己招来危险的人。,伊索寓言·周作人译,
肚胀的狐狸,,伊索,饥饿的狐狸看见在一株树的洞穴里有牧人遗留在那里的面包和肉，他就进去吃了。可是肚子饱胀了之后，他不能再走出来，便在那里叹息诉苦。⏎另外一只狐狸走过那里，听见他的叹声，走去问他原因。知道了这事件的经过，他对他说道：“你就暂时留在那里边，到了回复你进去时候的那个样子吧，那时你就很容易出来了。”⏎这故事说明，时间解决许多困难事情。,伊索寓言·周作人译,
狐狸与木莓,,伊索,狐狸跳上篱笆（líba）去，滑了一下，几乎跌了下来，抓住木莓去求援助。⏎可是他的脚被木莓的刺所刺出血来，很是疼痛，就对他说道：“哎呀，我找你想求援助，你却害得我更苦。”⏎木莓说道：“朋友，你想来抓住我那是错了，我的习惯本是什么都要抓的。”⏎这故事说明，有些向那生来只做恶事的去求援助，那是没有思想的人。,伊索寓言·周作人译,
狐狸与葡萄,,伊索,饥饿的狐狸看见在葡萄架上有葡萄挂着，想要取得，却是不能够。在走去的时候，他对自己说道：“这是生葡萄。”⏎这就是说，有些人因为没有力量，不能做成事情，也是这样地借时机来做口实。,伊索寓言·周作人译,
狐狸与龙,,伊索,狐狸看见睡着的龙，很羡慕他的身长。他想要同他一样，便躺倒在旁边，努力拉长自己的身体，直到因为用力太过，不觉裂开了。⏎那些与更为优胜的人竞争的人，会遭到这种事，在他能够赶上他们之前，自己先已开裂了。,伊索寓言·周作人译,
狐狸与樵夫,,伊索,狐狸逃避猎人们，看见有一个樵夫，便请求把他藏匿起来。樵夫叫他走进自己的小屋里去躲了。⏎随后有许多猎人到来，问这樵夫看见有狐狸从这里跑过没有，他嘴里说没有看见，可是用手做手势，告诉他们隐藏的地方。猎人们却不留意那手势，只相信了他的话。⏎那狐狸看见他们都走了，便走了出来，一声不响地将要跑去。樵夫责备他，被自己救了命，却不说句话打个招呼。⏎他回答道：“假如你的手势和举动是与你的话一致的，那么我该好好地感谢你了。”⏎这故事适用于那些人，明白地声明为善，在行为上却显得无聊的。,伊索寓言·周作人译,
狐狸与鳄鱼,,伊索,狐狸与鳄鱼争论他们的家世。鳄鱼关于他的祖先的伟大说了许多之后，又说他的先人都做体育场场长。⏎狐狸道：“这即使你不说，从你的皮上面也显得你是经过多年练习的。”⏎这样地，事实证明了说谎话的人。,伊索寓言·周作人译,
狐狸与狗,,伊索,狐狸走进到羊群里，抱起一只乳羔来，假装着在抚爱他。⏎狗问他是在干什么，他说：“我是在哄他，同他玩耍呢。”⏎狗乃说道：“现在，假如你不放下这羔羊，我将叫你尝尝狗的抚爱了。”⏎这故事适用于恶汉和笨贼。,伊索寓言·周作人译,
狐狸与豹,,伊索,狐狸和豹争论自己的美。豹每回总夸说他身体上的各种颜色。⏎狐狸说道：“我比你要美多少呀，因为我不是在身体上，却在精神上是各种颜色的。”⏎这故事说明，智识的装饰胜于身体之美。,伊索寓言·周作人译,
狐狸与被选为王的猴子,,伊索,在野兽的集会里，猴子跳舞起来，很受欢迎，被他们选举为王。⏎狐狸对他很是嫉妒，看见在一个弶（jiàng）里有肉放着，便引了猴子到那里去，说他发现这宝物，自己却不敢动，以为这是王家所有，一直看守着，劝他自己去取了来。⏎猴子轻率地跑上去，就落在弶里了。他责备狐狸，说是陷害了他，狐狸说道：“喂，猴子，你这样的浑人还做得野兽的王么？”⏎这样地，毫无思虑地着手做事的人，给他自己招来不幸与嘲笑。,伊索寓言·周作人译,
狐狸与猴子争论家世,,伊索,狐狸与猴子一同走着路，争论自己的家世。⏎他们种种陈说之后，走到一个地方，猴子回过头去，哭了起来。⏎狐狸问他缘故，猴子指着那些坟墓说道：“我看了这些为我的先人所解放的人以及家奴的墓石，我怎能不哭呢？”⏎狐狸道：“你尽量地去讲假话吧，因为他们没有一个人站起来反驳你的了。”⏎这样地，那些说谎话的人，在没有人反驳他的时候，就尤其大说而特说了。,伊索寓言·周作人译,
狐狸与公山羊,,伊索,一只狐狸掉下井里去，没有办法只好留在那里。公山羊觉得口渴，也来到这井边，看见了他，便问这水好么？⏎狐狸喜得有这好机会，便竭力称赞这水，说这水是顶好了，便劝他也跳下来。公山羊一心想喝水，轻率地走了下去，在他止了渴的时候，就不得不同狐狸计划上来的方法了。⏎狐狸开口说道：“我有一个方法，只要你肯救助我们两个。你把前脚抵住了井墙，把角竖直了，我从上边爬出去，再拉你出来。”⏎公山羊赞成了他的提议，那狐狸从他的脚和肩膀和角上跳过，出现在井口，随即上来，将要走去了。⏎公山羊责备他不遵守约言，狐狸回顾对公山羊说道：“喂，朋友，假如你的头脑有你胡须那么多，你便不至于在看好出口之前就跳下来了。”⏎这样地，世间有思想的人应当先想到事情的终局，随后着手去做。,伊索寓言·周作人译,
断尾的狐狸,,伊索,一只狐狸在一个弶里把尾巴切断了，他觉得为了这耻辱以后生活要很不好受，所以他决意要使得别的狐狸也这么做，大家都一样了，他可以隐藏过他的缺点。⏎他招集了所有狐狸，劝告他们割去尾巴，他说因为这不但不雅观，而且也带着一件笨重的东西。⏎他们中间的一个起来说道：“喂，朋友，假如这不是于你有利，你是不会得来劝我们的吧。”⏎这故事正说的是那些人，对于邻人有什么劝告，不是出于好意，却只由于他自己的利益。,伊索寓言·周作人译,
不曾见过狮子的狐狸,,伊索,有狐狸不曾见过狮子，在偶然遇见了他的时候，他第一次看见，惊惶极了，几乎吓得死去。⏎但是第二次遇见了他，还是惊恐，却没有像头一次厉害。⏎第三次看见他的时候，他胆子大了起来，敢于走近前去，同他说起话来了。⏎这故事说明，稔（rěn）熟减少了事物的可怕。,伊索寓言·周作人译,
狐狸与面具,,伊索,狐狸走进戏子的家里去，把他的行头一件件地细看，发现了一个制作精工的妖怪的面具。他把它拿在手里，说道：“喂，这是谁的头，却是没有脑子！”⏎这故事是说那身体魁伟而思想短少的人。,伊索寓言·周作人译,
争论神的事情的二人,,伊索,两个人争论两个神是哪一个大，是忒修斯还是赫拉克勒斯。但是那神们对于他们生了气，降罚于别一方面的人的土地（因为那人说他小）。⏎这就是说，下属的争斗引起主人们对于对方家人们的气愤。,伊索寓言·周作人译,
杀人的凶手,,伊索,一个人杀了人，被那亲人们所追赶。走到尼罗河边时，他遇见一只狼，他很惊恐，爬上生于河旁的一棵树上，躲在那里。但是他又看见那里一条大蛇对他爬来，他便投身到河里去，在河里有一条鳄鱼，就把他吃了。⏎这故事说明，对于神人共愤的罪人，没有元行——无论是地，是空气，或是水——是安全的。,伊索寓言·周作人译,
应许不可能的事的人,,伊索,有穷人生病，很是沉重，医生们都说没有希望了，他乃对众神祷告，假如使他病好，应许设“百牛祭”，还要献扁额给庙里去。⏎他的妻子恰好站在他的旁边，问道：“可是你从哪里支出这钱呢？”⏎那人答道：“你以为神们为的向我要这些东西，这才把我医好的么？”⏎这故事说明，人容易答应结果是做不到的事情。,伊索寓言·周作人译,
胆小的人与大鸦,,伊索,胆小的人出去打仗。大鸦叫了一声，他放下兵器，一动也不动，过了一会，拿起兵器再往前进，大鸦又叫了起来，他站住了，末了说道：“你们尽管尽你们的气力去叫吧，只是别来尝我的肉呀！”⏎这故事是说非常胆小的人。,伊索寓言·周作人译,
被蚂蚁咬了的人与赫尔墨斯,,伊索,有一回，一个人看见有船连同许多人沉了下去，便说神的裁判很不公平，因为有一个人不敬神，却连许多无罪的人也灭亡了。⏎他说这话的时候，在他站着的时候适值有许多蚂蚁，偶然他被其中一只所咬了。因了被一只咬了的原故，他把所有的蚂蚁都踏死了。⏎赫尔墨斯出现在他面前，用棍子打他，说道：“现在，神们裁判正如你裁判蚂蚁一样，你还有什么话说么？”⏎这样地，人不可侮慢神明，在患难到来的时候，倒还不如审察自己的过失。,伊索寓言·周作人译,
男人与乖张的妻子,,伊索,有人有一个妻子，她对于所有家里的人性情非常乖张。他想知道她对她父亲的家里是否也是如此，便用了很好的口实送她回到她父亲家去。⏎过了没有几天，她就回来了，他问那家里的人对她怎么样。⏎她答说道：“那些牧牛和牧羊的人都看不起我。”⏎男人对她说道：“啊，女人，假如那些一早赶了牛羊出去，晚上回来的人们还讨厌你，那么你可以想到那整天和你在一起的是怎么情形了。”⏎这样地，有些大事情常可以从小的，不明了的事情可以从明了的事情上看得出来。,伊索寓言·周作人译,
狡狯的人,,伊索,狡狯的人和一个人约好，指示给他看德尔菲的乩（jī）示的虚假。⏎约定的日期到了的时候，他在手里拿了一只小麻雀，将他隐藏在外衣底下，来到庙里，直站在这前面，问在他手里的是什么活的还是死的东西。⏎他的意思是，假如说是死的，他便拿出活麻雀来，若说是活的，就把他捏死了拿出来。⏎神却知道了他这狡狯的意思，说道：“汉子，住了，这是死体还是活物，还不单凭着你么？”⏎这故事说明，神明不可欺罔。,伊索寓言·周作人译,
说大话的人,,伊索,有五种竞技的人，平常因为缺少勇气，被城市的人所非难，暂时出外旅行去了。⏎过了些时回来的时候，很说些大话，说在别的各城市屡次英勇地竞赛，在罗得斯地方曾跳得那么远，没有一个奥林匹克选手能及得上，他还说那里在场的人们可以给他作证，假如他们下回到那里去的话。⏎在旁的一个人对他说道：“喂，朋友，假如这是真的，你也不要什么见证，因为这里就算是罗得斯，你跳好了！”⏎这故事说明，关于用事实容易证明的事，说话都是多余的。,伊索寓言·周作人译,
斑白的人与外宅,,伊索,一个斑白的男子有两个情人，一个还年青，一个年老了。⏎那个年长的女人有比她年青的男人来往，觉得不好意思，每在他来找她的时候，用心拔去他的黑头发。⏎那年青的又想隐藏她有一个老情人的事，拔去他的那些白的。⏎这样，他轮流地被两边拔着，终于变成了秃头了。⏎这样地，不平匀到处是有害的。,伊索寓言·周作人译,
难船的人,,伊索,一个雅典的富人同了别的好些人去航海。起了风暴，那船翻了，所有别的人都游泳着，可是那雅典人只是祷告雅典娜女神，答应供献许多东西，假如他得了救。⏎一同遇难的一个人游泳到他的旁边来，对他说道：“雅典娜保佑你，你也动你的手吧。”⏎我们在祷告众神的时候，还应该自己来想给自己做点什么事情。⏎这样地，自己努力，得到神的保佑，比自己不管，由神力而得救的，更可珍重。,伊索寓言·周作人译,
瞎子,,伊索,一个瞎子能够把放在手里的生物摸一下，说出他是什么性质的东西。⏎有一回，有人将一只小狼交给他，他摸过了，侧着头说道：“我不知道这是狼，还是狐狸，或者这一类的什么小动物，但总之我很明了地知道这个，便是把他和羊群放在一起是很不合适的。”⏎这样地，坏东西的性质往往从他的身体上显露出来。,伊索寓言·周作人译,
骗子,,伊索,有穷人生病，很是沉重，他祷告众神，假如使他病愈，他将奉献一百头牛。神们想要试他一下，便立即使他平复了。⏎他起了床，却没有真的牛，便用脂膏做成了百牛，在一个祭坛上烧了，说道：“诸位神明，请收受我所许的愿吧。”⏎这回神们要翻过来骗他一下，在梦里告诉他，往海边去，在那里可以找到雅典的一千块钱。⏎他欢喜极了，飞跑往海岸去。在那里他遇着海盗，被他们抓去卖了，得了一千块钱。⏎这故事适用于说谎话的人。,伊索寓言·周作人译,
烧炭的与漂布的,,伊索,烧炭的在一所房子里工作，他看见有一个漂布的迁到他的旁边来住的时候，走去劝他来同住，说这样可以彼此更是亲密，而且更有方便。⏎但是那漂布的答道：“可是这在我是完全不可能的，因为我所漂白的，你将把它弄黑了。”⏎这故事说明，凡不相类的不能相交。,伊索寓言·周作人译,
人与宙斯,,伊索,据说神最先造那些动物，赏给他们有的是力，有的是速度，有的是翅膀，人却是裸着体剩了下来，他说道：“你单不留给我一点什么赏赐么？”⏎宙斯说道：“你不感觉到你的礼物，那还是最大的礼物哩。因为你有着理性，那不论在神在人都是有力的，这比最有力的还有力，比最速的还速呢。”⏎人于是才感觉到那礼物，敬礼神们，很感谢地走去了。⏎这是说，神赏赐理性给一切人们，有人却并不感觉到这样的恩赏，却更去羡慕那无知识无理性的动物。,伊索寓言·周作人译,
人与狐狸,,伊索,有人与狐狸为敌，因为这很为害于他。他捉到了一只，想要大大地报复一下，便用麻皮浸油，缚在他尾巴上，点上了火。神灵引导那狐狸跑进那点火的人的田地里去。那时正是收获的时节，他追赶着痛哭，因为什么都收获不到。⏎这是说，人须要温和，不可过度地生气，因为从愤怒中常会生出对于易怒的人的重大的灾祸来。,伊索寓言·周作人译,
人与同路的狮子,,伊索,有一回，狮子与人一同走路。他们各自夸奖自己。在路上有一块石碑，刻着一个人把狮子扼死。⏎那人指给狮子看，说道：“你看，我们比你们强得多了吧。”⏎狮子微笑说道：“假如狮子们懂得雕刻，那么你会得看见有许多的人在狮子脚下的吧。”⏎这是说，许多人空口夸说多么勇敢大胆，可是实验一下，就显露出来了。,伊索寓言·周作人译,
人与山魈,,伊索,据说从前有人与一个山魈（xiāo）结交。冬天到了，天气变成寒冷的时候，那人拿他的手到口边来，呵起气来。那山魈追问原因，为什么他这样做，那人答说，因为冷，所以呵手取温。⏎这之后，他们同桌吃饭，那人因为食品很热，拿起一点送到口边，把它吹凉。山魈又问他是做什么，答说那肉太烫，要吹凉。⏎山魈对他说道：“喂，朋友！我只好同你绝交了，因为从你这嘴里会得同时吹出热气和冷气来的。”⏎我们对于那性情模棱的人的交际也应当避免。,伊索寓言·周作人译,
打破神像的人,,伊索,有人有一个木制的神像，他很贫穷，求神给他恩惠。他这样做了几时，可是穷得更甚，他生了气，抓住了神像的腿，撞到墙上边去。那头立即落下，从那里掉出些金钱来。⏎那人拾集了，大声说道：“你真是乖僻的、顽固的家伙，据我看来。我尊敬你的时候，一点都不给我利益，可是打了你时，却将许多好东西给我了。”⏎这故事说明，尊敬恶人没有一点利益，可是打了他时却可以多得利益。,伊索寓言·周作人译,
找到金狮子的人,,伊索,有一个胆小而贪得的富人发现了一匹金的狮子，说道：“我不知道在这事件里要弄成什么样子，我心里混乱得不晓得怎么办才好，一方面想要钱，一方面又是天生的胆小。这是怎么的偶然、怎么的神灵做出来了一个金的狮子？为了这事，我的心正同自己打着仗哩，爱那金子，又怕那金子所做的形象，欲望催我去拿，本性劝我退后。啊！这是给了而不许收受的好运，一点没有快乐的宝物，成为非恩惠之神的恩惠！这是怎么的？要用什么方法，使什么手段呢？我且回去，带了家人们来这里，凭了多人联合的力量来捉才好，我自己远远地做个旁观的吧。”⏎这故事适用于有些富人，他们是不敢去一触或是使用他的财富的。,伊索寓言·周作人译,
熊与狐狸,,伊索,一头熊大自夸诩，说是很爱人类，因为他是不吃死体的。⏎于是一匹狐狸对他说道：“但愿你撕碎死体，却不要动那活的。”⏎这故事揭穿了生活于伪善与虚荣里的贪婪者。,伊索寓言·周作人译,
农夫与狼,,伊索,农夫解开轭（è）下的牛，带了给喝水去。有饿狼出来觅食，看见那犁（lí），当初只在舔那牛的轭索，不知不觉地慢慢将项颈放了进去，再也拔不出来，只好拉了犁在田里走。⏎那农夫回来，看见了他，说道：“啊，凶头子！但愿你停止了抢夺与作恶，回过来种田吧。”⏎这样地，恶人即使告白去做有益的事，因了他们的本性，也没有人相信。,伊索寓言·周作人译,
天文学家,,伊索,一个天文学家照例每天晚上要出去观察星辰。有一回他走到郊外去，他的心全然对着天空，不知不觉掉进一个井里去了。⏎他大声叫号起来，有在附近的人听到那叫声，走来问了经过情形之后，对他说道：“喂，朋友，你用心观察那在天空的东西，却没有一看在地上的么？”⏎这故事适用于有些人，一般人的共通的事情还做不来，却要出奇地去说大话的。,伊索寓言·周作人译,
请求国王的蛙,,伊索,蛙因为自己没有元首，很不高兴，派代表到宙斯那里去，请求给他们一个国王。⏎宙斯看出他们的蠢笨，将一支木橛（jué）投下那池塘里去。那些蛙最初听了木头落下的声音大为惊骇，都钻到池塘的底里去了。可是后来因为木头一点不动，那蛙游到水面来，终于那么看他不起，大家爬上去，坐在他的上面了。⏎他们觉得有这样一个王很不体面，又走到宙斯面前去，请求他给他们换一个国王，因为前回的一个太是迟钝了。⏎宙斯对于他们生了气，便差一条水蛇往他们那里去，那些蛙就都被他抓来，吃了下去了。⏎这故事说明，有一个愚笨可是不坏的元首，比要扰乱作恶的要好得多。,伊索寓言·周作人译,
邻居的蛙,,伊索,两只蛙是邻居。一个住在离路很远的深的池塘里，另一个却在路上小水洼里。⏎那个在池塘里的劝别一个移居到他这里来，那么生活得更好更安全，可是他说要从住惯的地方离开很舍不得，不曾听从，后来终于在那里被走过的车子压死了。⏎这样地，有些人干着无聊的事务过日子的，在他转向更好的事之前就已灭亡了。,伊索寓言·周作人译,
池塘里的蛙,,伊索,两只蛙住在池塘里。到了夏天，那池塘干涸了，他们便离开这里，去寻找别个池塘。⏎他们遇见一个很深的井，一个见了便对别个说道：“喂，朋友，让我们一起下这井里去吧。”⏎但是那一个答说道：“假如这里的水也干了的时候，我们怎么爬上来呢？”⏎这故事说明，人不可无思虑地去着手做事。,伊索寓言·周作人译,
蛙医生与狐狸,,伊索,有一回，有蛙在一个池塘里，对着一切动物大声说道：“我是一个医生，懂得医药的。”⏎狐狸听见了，说道：“你自己跛着脚没有医好，怎么去救别人呢？”⏎这故事说明，一个没有弄过学问的人不能教育别人。,伊索寓言·周作人译,
公牛与车轴,,伊索,几头公牛拉着车子，车轴吱吱地作响，牛回过头去对它说道：“喂，朋友，我们担着全部重量，你倒叫唤么？”⏎这样地，有些人在别人做着苦工的时候，假装出自己也在劳动。,伊索寓言·周作人译,
只公牛与狮子,,伊索,三只公牛总是住在一起。有狮子想要吃他们，可是因为他们的齐心，没有能够做到。他便用了巧言离间他们，使得他们各自分开了，随后他乘各头牛独自在那里的时候，一个个地吃了。⏎这样地，假如你想要十分安全地过活，不要信那敌人，却要信你的友人，保持下去。,伊索寓言·周作人译,
牧牛人与赫拉克勒斯,,伊索,牧牛人赶车子到一个村里，⏎车子陷入了深的沟里。⏎他站着什么也不做，⏎只是祈祷求助于赫拉克勒斯，⏎一切神明中他所最尊敬的那一个。⏎赫拉克勒斯出现了说道：⏎“抓住那车轮，打那牛吧！⏎自己来干了，再祈祷神明，⏎否则祈祷也是徒然。”,伊索寓言·周作人译,
北风与太阳,,伊索,北风与太阳争论他们的能力。他们决定谁能使得走路的人脱去衣服，就算是优胜。⏎北风先来猛烈地吹，那人紧裹住他的衣服，风就更吹得猛了。那人被严寒所压倒，再穿上些衣服，直到后来风也疲倦了，便让给了太阳。⏎他最初适宜地晒起来，那人把外加的衣服脱去，太阳更增强了热度，直至那人再也受不了这热，脱光了衣服，走下近旁的河里洗浴去了。⏎这故事说明，劝说常比强迫更为有效。,伊索寓言·周作人译,
牧牛人与狮子,,伊索,牧人养着一群牛，失掉了一只小牛。他各处行走，都找不到，乃对宙斯祈祷，若是能发现那贼，当供献一只小山羊给他。⏎他走进一个树林里去，看见一头狮子正在吃那小牛，大吃一惊，举起两手向天，说道：“主宙斯啊，先前对你祈祷说，若是叫我发现那贼，当献一只小山羊，现在我将供献一只公牛，若是使我得从这贼的手里逃了出来。”⏎这故事是说那些不幸的人们，在不明白的时候祈祷能够找到，找着时又请求能够逃脱。,伊索寓言·周作人译,
金丝雀与蝙蝠,,伊索,金丝雀在一个笼里挂在窗口，在夜间歌唱。蝙蝠听到了他的歌声，走来问他为什么白天里静默，在夜间歌唱。⏎金丝雀答说，他这样做并不是没有理由的，因为从前他是白天唱歌时被捕，自此以后他所以谨慎了。⏎那蝙蝠说道：“可是你该谨慎的不在现今，那是已经徒然了，还是要在你被捕以前才好呀。”⏎这故事说明，在不幸之后，后悔是无用的。,伊索寓言·周作人译,
黄鼠狼与阿弗洛狄忒,,伊索,黄鼠狼恋爱一个漂亮的青年人，请求阿弗洛狄忒把她变成女人。那女神垂怜她的热情，将她变成一个美丽的处女，于是那青年人看见就爱上了她，引她到他自己家里去了。⏎当他们坐在新房里的时候，阿弗洛狄忒想要知道，那黄鼠狼变了形体，性质是不是也变了，她就把一只老鼠放在房子的中间去。那女的忘记了当时环境，从床上跳下来，去追那老鼠，想捉了来吃。⏎女神对她生了气，又将她变回原来的形状了。⏎这样地，有些本性恶劣的人，即使形体变了，他们的性质还是不变。,伊索寓言·周作人译,
黄鼠狼与锉刀,,伊索,黄鼠狼走进一个铁匠的工作场，有一把锉（cuò）刀放着，他就舔它。那舌头被擦破，流出好些血来。他以为刮下什么铁来了，很是喜欢，终于把舌头全都弄得没有了。⏎这故事是说那些喜欢争斗的人害了自己。,伊索寓言·周作人译,
老人与死神,,伊索,有一回，老人砍了柴，背着走了许多路。因为走路疲倦了，他就将担子放下，叫起死神来。⏎死神出现，问他为什么缘故叫他。⏎那老人道：“请你帮我举起那担子来。”⏎这故事说明，一切的人都爱活，即使他的生活不幸。,伊索寓言·周作人译,
农夫与鹰,,伊索,农夫发现一只鹰落在弶里，他看了鹰的美丽很是惊异，就放他自由了。⏎那鹰却也表示并不是忘恩的。他看见那人坐在将要倒坏的墙下，直飞下来，用脚抓去了他头上的头巾。那人站起来追去，鹰随即把头巾丢下来了。那人拾起，回过头来的时候，却发现那墙已在他所坐的地方倒坍了。他对于鹰的报恩很是感服。⏎这样地，从什么人受到好处，应当还报，因为你如做了好事，人家也将报答你。,伊索寓言·周作人译,
农夫与狗,,伊索,农夫因为风暴被封在自己的田庄里，不能出去置办自己的食粮，他最初来吃他的羊群。⏎可是风暴还是继续，山羊也都吃了。第三次，风暴一点不减退，他动手吃那耕田的牛了。⏎那些狗看了这些行为，互相说道：“我们不可不离开这里了，因为主人不放过那同他做工的牛，怎么会饶我们呢？”⏎这故事说明，那些对于家里的人要忍得作恶的人，不可不特别警戒。,伊索寓言·周作人译,
农夫与杀他儿子的蛇,,伊索,一条蛇爬进去，把农夫的儿子咬死了。农夫为此大为悲痛，拿起一把斧头，走到蛇的洞外站着，等候他出来时打他。⏎那蛇出来了，他将斧头砍去，没有打中他，却把放在近处的一块石头斫（zhuó）成两半。他顾虑后患，便去劝蛇，要同他和解。⏎蛇说道：“可是我不能对你有什么好感，在我看见那劈开了的石头的时候，你对我也是一样，如果你看见了你儿子的坟墓。”⏎这故事说明，大的怨恨不是容易可以和解的。,伊索寓言·周作人译,
农夫与冻僵的蛇,,伊索,农夫在冬天发现一条冻僵了的蛇，他可怜他，拿来放在他的怀里。蛇温暖过来，回复了他的本性，咬他的恩人，把他害死了。⏎他将死的时候说道：“我是该死，怜惜那恶人。”⏎这故事说明，邪恶的人们是不会变的，即使人家对他十分仁善。,伊索寓言·周作人译,
农夫与他的儿子们,,伊索,有农夫将要命终，想要他的儿子得到农业的经验，便叫他们来说道：“我的孩子们，我现将离去此世了，你们都去寻找我在葡萄园里所隐藏着的东西，去把全部找了来吧!”⏎他们以为在那里埋藏有什么宝物，在他们的父亲去世之后，把那葡萄园的地全都掘过了。宝物虽则没有遇着，可是那葡萄园很好地掘了一番，所以结了几倍多的果实。⏎这故事说明，劳作在人是一种宝物。,伊索寓言·周作人译,
农夫与时运女神,,伊索,农夫掘地，掘着了金子。他于是每日给地的女神奠酒，以为这是她施惠于他的。⏎时运女神出现在他面前，说道：“喂，汉子，为什么把我想叫你富有给了你的赠物去算作地的女神的呢？假如时势变了，这金子又落到别人的手里，那时节你一定又将恨我时运女神了。”⏎这故事说明，人应当认清施惠的人，报答他的恩惠。,伊索寓言·周作人译,
农夫与树,,伊索,在农夫的田地上有一棵树，这并不结实，只是给那些麻雀和鸣噪的蜂做避难所罢了。农夫因为他不结实，想要把他砍了。⏎他拿起斧头来，砍了一下。那些蝉和麻雀请求不要砍倒他们的避难所，且让他在那里，他们将在里边歌唱，使你农夫髙兴。他不理他们，又砍了第二斧和第三斧。⏎及至树上砍成一个洞，发现有蜜蜂窝和蜜。他尝吃了蜜，就抛下斧头，尊重这树像是神圣似的，很加以保护了。⏎这样地，人是生性如此，爱重正义不如追求利得。,伊索寓言·周作人译,
农夫的内讧的儿子们,,伊索,农夫的儿子们时常内讧（hòng）。他屡次劝导他们，可是只用口说不能说服，他觉到这必须用事实来才好，便叫他们去拿一束木棒来。⏎他们照了命令拿来了，他先把整束交给他们，叫把这去折断了。他们用尽了力量不能将它折断，他随后把那一束解开，各人都给一支棒。他们将这棒很容易地折断了。⏎他那时说道：“儿子们，你们看吧，假如齐心一致，你们不会被敌人们所征服，但若是内讧，便要被打倒了。”⏎这故事说明，一致是强有力的，而纷争易于被征服。,伊索寓言·周作人译,
老婆子与医生,,伊索,一个年老的女人有了眼病，请来一个医生，定了看资。那医生走来，每给她搽（chá）油膏的时候，乘她闭着眼睛，总把她的家具带走一件。⏎到了东西全都拿去，她也已治好了，医生便要讨那约定的看资。她不肯付这钱，便被带到长官那里去。⏎她说这看资她是答应的，假如给她医好眼光，可是在他医治之后，现今却比以前更坏了。⏎“因为，”她说，“以前看见家里的一切器具，现在却是看不见了。”⏎这样地，有些坏人因了贪婪，不觉供给对于自己的反证。,伊索寓言·周作人译,
女人与醉酒的丈夫,,伊索,一个女人她有醉酒的丈夫。她想矫正他的嗜好，这样地定了一个计划。⏎她看那男人沉醉得像死人似地不省人事的时候，举起来搁在肩上，带到万人洞（墓穴）里放下，走了回来。估计他醒过来的时光，她走去敲那万人洞的门。⏎那人问道：“敲门的是谁？”⏎她答道：“我是给死人送食料来的。”⏎他说道：“喂，好朋友，请你不要送吃的，还是送喝的来吧。你叫我想起只有吃的，却没有喝的，岂不叫我难受么？”⏎女人敲打她自己的胸脯，说道：“哎呀，我多么不幸呀！我用尽心机，一点都没有效用。因为你，丈夫呀，不但是没有改好，而且反变得更坏了，你的嗜好成为一种后天的性格了。”⏎这故事说明，人不可做坏事度日。因为即使人并不愿意，习惯自会成功的。,伊索寓言·周作人译,
女人与使女们,,伊索,一个寡妇很勤勉，她有好几个使女，常在鸡叫的时候在夜里就叫醒她们起来做工。⏎她们继续工作很是疲乏，决意要扼（è）死这家里的公鸡，因为她们以为夜里来叫醒女主人的那公鸡正是这些恶事的原因。⏎但是在她们做了这件事之后，她们反而遇到了比以前更为难堪的不幸。那女主人不知道鸡叫的时间，便在黑暗中更早地来叫起她们去做工了。⏎这样地，在许多人，自己的计划成为不幸的原因。,伊索寓言·周作人译,
女人与母鸡,,伊索,一个寡妇有一只母鸡，每天给她生一个蛋。她以为多给那鸡吃大麦，她会得每天生两个的，就这样地办了。那鸡肥了起来，就是每天一个也不能生了。⏎这故事说明，有些人因为贪婪，想得更多的东西，却把现在所有的也失掉了。,伊索寓言·周作人译,
女巫,,伊索,有女巫说能念咒语，疏解众神的怒，她也实际屡次这样地做，因此得到不少的生活费用。⏎后来为了这事，有人告发她要改革神道，把她捉去审判，判决她死刑。⏎有人见她被带了出法院去，对她说道：“喂，女人，你宣称能解神灵的怒，为什么你连世人也不能说服呢？”⏎这故事适用于有些流浪的女人，她们口说能做很大的事情，可是证明出来连平常的事还做不到。,伊索寓言·周作人译,
小母牛与公牛,,伊索,小母牛看见公牛工作，很可怜他的辛苦。可是祭祀到来的时候，人家放了公牛，却捉了小母牛去宰杀。⏎那公牛笑着对她说道：“喂，小母牛，正因为你是将要做牺牲的，所以你就不必工作的吧。”⏎这故事说明，危险等着那游惰的人。,伊索寓言·周作人译,
胆小的猎人与樵夫,,伊索,有猎人寻找狮子的脚迹。他问一个樵夫，有没有看见狮子的脚迹，他睡在哪里。⏎樵夫说道：“我就给你看狮子本身。”⏎猎人惊惶得脸色发黄，牙齿相打，说道：“我只寻找那脚迹，并不是狮子本身。”⏎这故事是说那些勇敢而懦怯的人，即是在言语上而不是在行为上刚强的人。,伊索寓言·周作人译,
小猪与羊群,,伊索,有小猪走进一个羊群里，一起吃食。后来牧人来捉他，他大声叫号，又极力抵抗。⏎那群羊非难他的叫号，说道：“我们常常被捉，可是并不叫喊。”⏎小猪对他们说道：“可是我的被捉和你们是不同的，因为捉你们为的是毛或是奶，我呢，却为的是肉呀。”⏎这故事说明，有些人的危险不是关系钱财，却是关系生命，那么他们的叫喊正是当然的。,伊索寓言·周作人译,
海豚与鲸鱼与虾虎鱼,,伊索,海豚与鲸鱼互相交战。这争执很久而且猛烈，那时有一匹虾虎鱼（这是一种小鱼），游上来劝告他们息争。⏎海豚中有一头说道：“我们宁可争战互相杀死，比有你来做调人还要好受得多。”⏎这样地，有些人本来毫无价值，遇着乱世，自以为是什么人物了。,伊索寓言·周作人译,
辩士狄马德斯,,伊索,辩士狄马德斯有一回在雅典对民众演说，大家全不注意听他，他便请大家许可他讲一则伊索的故事。⏎他们答应了，他开始说道：“德墨忒尔和一只燕子一条鳗在走路。到了一条河边，那燕子飞了，鳗钻到了水里去。”说了这话，他不再作声。⏎他们问他道：“那么德墨忒尔怎么了？”⏎他答说：“她正对你们生气哩，因为你们不关心国事，只要听伊索的故事。”⏎这样地，有些人疏忽必要的事情，却更去寻求快乐，也都是没有思想的人。,伊索寓言·周作人译,
第欧根尼与秃子,,伊索,犬儒第欧根尼为一个秃子所骂。⏎他说道：“我不还骂，决不。我倒赞赏你的头发，他离开这恶头颅而去了。”,伊索寓言·周作人译,
旅行的第欧根尼,,伊索,绰号狗的第欧根尼在旅行，走到一条泛滥的河边，站在岸上没有办法。有平常背人过渡的一个人，看见他的为难，走来举起他来搁在肩上，很亲切地给他渡过去了。⏎他站在那里，咕哝着说自己的贫穷，因此不能报答行善的人。他还在那里想这事的时候，那人看见有别的旅行者也不能过来，便跑了去，又将他渡过来了。⏎第欧根尼走近他来说道：“我现在对于刚才的事不必再感谢你了，因为我看出来你那样做并不出于审择，乃是由于一种怪癖罢了。”⏎这故事说明，有些人对于有价值的与无用的人都加善待，这不算亲切，倒可说是没有分别。,伊索寓言·周作人译,
麻栎树与宙斯,,伊索,麻栎树非难宙斯，说道：“我们生存着很是无谓，因为比别的一切植物我们多被砍伐。”⏎宙斯说道：“原因全在你们自己，招来这些不幸，假如你们不给斧柄，不是对于木匠和农人有用，那么斧头也不会来砍你们了。”⏎有些人是他自己不幸的原因，却是无知识地把非难加在神的上面。,伊索寓言·周作人译,
樵夫与松树,,伊索,有樵夫在劈那松树。他用松树做了楔（xiē）子，很容易地劈开了。⏎松树说道：“我不非难那斧子，像那从我身上生出来的楔子那么样。”⏎这是说，一个人吃别人的亏，没有像吃自家人的亏那么难受。,伊索寓言·周作人译,
白松与木莓,,伊索,白松与木莓互相争论。白松夸奖自己说道：“我很美，很是高大，可以做庙宇的屋顶和船只，你比起我来怎样呢？”⏎木莓说道：“假如你想起来劈你的斧和锯子，恐怕你还是情愿做了木莓吧。”⏎这是说，人在生存的期间不应夸示声名，因为谦逊的人的生活是无危险的。,伊索寓言·周作人译,
小河边的鹿与狮子,,伊索,一只鹿为口渴所迫，走到一个泉水那里去。他喝着水，望见水里的影子，他见自己那角，大而多歧（qí），心里很是喜欢，但看见那脚，又大不高兴，觉得那是细而且弱。⏎他正在想着的时候，有狮子出现，来追赶他。他便跑逃，在狮子的前面很有点远了，因为鹿的力量是在脚上，狮子的乃是在心脏上。⏎在空旷的平原上，他总跑在前头，逃得性命，但是到了有树木的什么地方，那时候他的角挂在树的小枝上，他不能再跑，就被捉住了。⏎在将要死的那时，他对自己说道：“我真才不幸呢！被我所怕要卖我的救了命，却被我所最相信的害了。”⏎这样地，在危险之中，常有被疑的朋友成为救星，最被信用的成为卖友的人。,伊索寓言·周作人译,
鹿与葡萄藤,,伊索,有一只鹿逃避猎人，躲在葡萄藤底下。他们差不多已走过去，那鹿以为终于躲过了，便开始来吃那葡萄叶子。⏎那叶动着，猎人们走了回来，觉得这是真的，在那叶底下有什么生物躲着，就一箭把这鹿捕获了。⏎在他将要死的时候，鹿这样说道：“我是该死，因为人不应该欺侮救他的人。”⏎这故事说明，那些对于恩人做恶事的人为神所惩罚。,伊索寓言·周作人译,
鹿与洞里的狮子,,伊索,有一只鹿逃避猎人，走到一个洞外，那里住着一个狮子，他走了进去想要躲藏。可是他即被狮子所捕获。⏎将要被杀的时候他说道：“我真是倒霉，逃避了人，却将自己交给了野兽的手里。”⏎这样地，有些人为了怕较小的危险，却将自己投到更大的危险里去。,伊索寓言·周作人译,
只眼睛的鹿,,伊索,有鹿坏了一只眼睛，走到一处海岸，在那里吃食，把那好的眼睛对着陆地，防着猎人的攻击，那坏的一只对着那海，因为他以为那边没有什么危险。⏎有些人乘船走过这地方，他们看见了他，就一下子把他射倒了。⏎他刚要咽气的时候，对自己说道：“我真是不幸，我防备着陆地那面，却是我所投靠的海这面来了更大的灾难。”⏎这样地，常常与我们的预料相反，以为是坏的事情却发现是有益的，相信可以为助的却很是无聊。,伊索寓言·周作人译,
站在屋上的小山羊与狼,,伊索,小山羊站在一处屋顶上，看见有狼走过，便骂他，嘲笑他。⏎那狼说道：“啊，伙计，骂我的不是你，而是那地方。”⏎这故事说明，地方与时机常给人以对于优胜者挑战的勇气。,伊索寓言·周作人译,
小山羊与吹箫的狼,,伊索,小山羊从羊群落后，被狼所追赶。他回过头去，对狼说道：“我知道，狼呵，我是你的食料，但是不要让我默默无闻而死，请你吹箫，使得我可以跳一回。”⏎狼吹着箫，小山羊跳起舞来，那些狗听见了跑来，就去追赶那狼。⏎狼回过头来，对小山羊说道：“这样我正是活该，因为我本是拿屠刀的，不该学那吹箫的人呀。”⏎这样地，有些人不看时机来做什么事情，终于失掉了他拿在手里的东西。,伊索寓言·周作人译,
赫尔墨斯与雕像家,,伊索,赫尔墨斯想要知道自己被人们如何尊重，便化作一个凡人，来到一个雕像家的工场里。⏎他看见宙斯的像，问这价值若干。那人答说一个德拉克马。他笑着，又问赫拉的像若干。答说那还要贵些。⏎他看见自己的像，心想自己是个神使，又是招财进福的，人们当出高价吧。赫尔墨斯便问这个若干，那雕像家答道：“假如你买了那两个，我便把这做添头奉送吧。”⏎这故事适用于那些为别人所看得毫无价值的虚荣的人。,伊索寓言·周作人译,
赫尔墨斯与地,,伊索,宙斯造了男人和女人，叫赫尔墨斯带他们到地上去，指点他们在那里挖掘，给自己供应食粮。⏎他照着命令做了的时候，最初地要阻挠。但是赫尔墨斯强迫她，说这是宙斯吩咐的。地说道：“那么让他们像心像意地去掘吧，因为这个他们反正要悲叹哭泣着来还的。”⏎这故事适用于那轻易借债，却辛苦地归还的人。,伊索寓言·周作人译,
赫尔墨斯与忒瑞西阿斯,,伊索,赫尔墨斯想要试验忒瑞西阿斯的占卜是否真实，便从农场里偷了他的几头牛，化作凡人样子，来到城市里去找他，当了他的客人。⏎忒瑞西阿斯得知了牛被偷的事，便带了赫尔墨斯来到郊外，要来观察关于偷儿的占兆，请求赫尔墨斯假如看见了什么鸟就告诉他。⏎赫尔墨斯最初看见一只鹰从左边飞到右边去，便报告给他。可是他说，这与他们是毫无关系的。⏎随后赫尔墨斯又看见一只乌鸦，落在一棵树上，有时往上看，有时低头向下，也指示给他了。⏎他于是说道：“那乌鸦凭了天地神祇（zhī）立誓说，只要你愿意，这牛我是可以拿回来的。”⏎这故事正可适用于偷窃的人们。,伊索寓言·周作人译,
赫尔墨斯与手艺人,,伊索,宙斯叫赫尔墨斯去给手艺人全都洒上了谎话的药。他把这药研好了，给每人洒上同一的分量。⏎可是末了单剩了皮匠的时候，还留下许多的药，他拿起这药全部都洒在他的身上了。因此一切的手艺人们都要说谎，他们中间特别是皮匠更为厉害。⏎这故事适用于说谎的人。,伊索寓言·周作人译,
赫尔墨斯的车子与阿拉伯人,,伊索,有一回，赫尔墨斯驾了一辆满载说谎、欺骗、诈伪的车子，往全世界去，各地分配给一点所载的东西。⏎在他走到阿拉伯人的国土的时候，据说那车子忽然坏了。他们以为是贵重的货物，把车里的东西都抢走了，他便不能再到别人那里分散去了。,伊索寓言·周作人译,
太监与祭司,,伊索,有太监到祭司那里去，请求他给他祭献牺牲，叫他能成为小孩的父亲。⏎祭司说道：“我看那牺牲的时候，我将请求让你成为小孩的父亲，可是我看你的面貌的时候，却不觉得你是个男人。”,伊索寓言·周作人译,
两个敌人,,伊索,有两个互相为敌的人，乘了同一只船去航海，一个坐在船尾，又一个坐在船头。⏎风暴发作，那船就快要沉了，在船尾的那人问舵工说，这船的哪一部分先下水去。舵工答说是船头的部分。⏎那人说道：“那么死对于我也没有什么可悲了，我将能看见我的敌人死在我的前面。”⏎这故事说明，有许多人不再关心自己的危险，只要能看见敌人在自己的前面遭了难。,伊索寓言·周作人译,
蝮蛇与狐狸,,伊索,一条蝮（fù）蛇在一束刺柴的上面，漂流在河上。⏎狐狸走过，看见了他，说道：“这船主倒与船正相配的。”⏎这是说的想做坏事情的恶人。,伊索寓言·周作人译,
蝮蛇与锉刀,,伊索,有蝮蛇走进铁匠工场里去，问那些器具要点捐助。从他们拿到了之后，来到锉刀那里，请给他一点什么东西。⏎锉刀说道：“你想从我这里要点东西去，那你真是傻了，我向来只是从人家去取，却不是给的。”⏎这故事说明，那些想从爱钱的人那里去获利的乃是愚笨的人。,伊索寓言·周作人译,
蝮蛇与水蛇,,伊索,蝮蛇走到一处水泉去喝水。但是住在那里的水蛇要阻碍他，因为他有了自己的领地还不够，却要跑到他的家里来，所以生了气。凡竞争心总是那么强烈的，所以他们约定交战，对于胜争的人把这水陆领地都归了他。⏎他们的日期决定了的时候，那些虾蟆因为怨恨水蛇，跑来找蝮蛇，很激励他，并且应允给他助战。⏎战事开始，蝮蛇向那水蛇进攻，可是那些虾蟆不能做什么事，只是大声叫唤。蝮蛇打胜了之后，他责备虾蟆们，答应了给他助战，不但不来帮助，反而唱起歌来了。⏎他们对他说道：“啊，朋友，你知道，我们的助战本不是用手，却只是用那声音的呀！”⏎这故事说明，在手是必要的时候，用言语帮助是无用的。,伊索寓言·周作人译,
宙斯与羞耻,,伊索,宙斯造了人类，把其他的种种性情都放进去了，就只忘记了放进羞耻去。宙斯不晓得把他从哪里引进去好，他便命令他从肛门进去。⏎他最初觉得这是受了轻蔑，反对这事。但是宙斯硬叫他做。⏎他说道：“我就从那里进去，只是有一个条件，不让厄洛斯进来。假如他进来了，我立即自己出去。”⏎因此凡是男娼都是无耻的。⏎这故事说明，那为恋爱所征服的人总是无羞耻的。,伊索寓言·周作人译,
宙斯与狐狸,,伊索,宙斯喜欢狐狸的聪明和狡猾，叫他做了那些没有理性的兽类的王。他想要知道他的时运转变了，他的贪婪的性质有没有改变，等他坐在轿子上走过的时候，在他面前放出一个蜣螂去。⏎那时蜣螂在轿子周围飞着，他再也忍耐不住，慌忙地跳了起来，想捉住他。⏎宙斯对他生了气，将他黜（chù）落到他原来的地位。⏎这故事说明，那些无聊的人，即使穿上了比以前华丽的服装，他的本性是不会改变的。,伊索寓言·周作人译,
宙斯与人,,伊索,宙斯造了人，叫赫尔墨斯拿了智慧给他们灌进去。他准备好了同等的分量，给各人灌了。⏎那些身体小的，有这分量就灌满了，成为聪明人，可是那大个儿的，那药走不到全身，连膝边还不到，便成了比别人蠢笨的了。⏎这故事适用于那些身体魁伟，精神方面却是不足的人。,伊索寓言·周作人译,
宙斯与阿波罗,,伊索,宙斯与阿波罗争论射术。阿波罗张了弓，射出一支箭去，宙斯却只一步已走到阿波罗所射的同一距离了。⏎这样地，那些与优胜的人竞争的，总追不上他们，还要招来讥（jī）笑。,伊索寓言·周作人译,
宙斯与蛇,,伊索,宙斯结婚的时候，所有动物各应了自己的力量送礼物来。⏎一条蛇在嘴里衔着一朵蔷薇花，爬了上来。⏎宙斯见了他说道：“别的一切动物的礼物我都收受，可是从你的嘴里我是万不敢受的。”⏎这故事说明，那坏人的惠赐也是可怕的。,伊索寓言·周作人译,
宙斯与众善的缸,,伊索,宙斯把一切的善封闭在一只缸里，来到一个人的那里。⏎那好奇的人想要知道里边是什么东西，揭起盖子来，一切又都飞到众神那里去了。⏎这样地，与人留在一起的，就只是答应给与那些逃去的众善的那希望罢了。,伊索寓言·周作人译,
宙斯与普罗米修斯与雅典娜与摩莫斯,,伊索,宙斯与普罗米修斯与雅典娜制造成东西，他是一头公牛，普罗米修斯是一个人，她是一所房子，叫摩莫斯来评判。⏎他对于这些作品有点妒忌，便说宙斯做得不对，因为没有把眼睛放在角上，让他可以看见触的什么地方。⏎普罗米修斯也不对，因为不把人的心挂在外边，让那些坏人躲藏不过，而且各人心里有些什么也都可以明了。⏎第三说到雅典娜，他说她应该把房屋装在轮子上面，那么假如有什么坏人住在贴邻，可以容易迁移。⏎宙斯为了他这诽谤很是生气，便把他轰出奥林匹斯去了。⏎这故事说明，没有那么完全的事，一点都无可批评的。,伊索寓言·周作人译,
宙斯与乌龟,,伊索,宙斯结了婚，招待一切的动物。只有乌龟没有到，不知道是什么缘故。第二天便问他为什么他独不来赴宴呢。⏎他答说道：“家里舒服，家里顶好。”⏎宙斯对他生了气，就叫他带了他自己的家走着。⏎这样地，有许多人与其同别人奢华地生活，宁愿简约地住在家里。,伊索寓言·周作人译,
宙斯做判官,,伊索,宙斯叫赫尔墨斯把人间的过恶写在贝壳上，投在他近旁的一个箱子里，让他来决定每人的刑罚。⏎但是那些贝壳都彼此混杂在一起，所以即使公平地判断，落在宙斯的手里时也有早有晚了。⏎这样地，人不必惊异，因为那些不正的和坏的人没有早早地受到他们恶事的惩罚。,伊索寓言·周作人译,
太阳与虾蟆,,伊索,太阳的结婚在夏天举行。一切动物都很喜欢，那些虾蟆也是高兴。⏎他们中间有一个说道：“傻子们，你们高兴什么？假如只有一个太阳的时候，烂泥还都干了，那么他结了婚，再生下同他一样的儿子们，我们要吃怎样的苦呢？”⏎这就是说，许多思想轻率的人对于没有什么可喜的事情觉得喜欢。,伊索寓言·周作人译,
骡子,,伊索,有骡子吃大麦吃得很肥，跳跃着，自己说道：“我的父亲是一匹善走马，我完全是像他的。”⏎可是有一回因为必要，骡子不得不去跑路了。竞走完了的时候，他立即脸上悲哀似地想起他的父亲驴子来了。⏎这故事说明，即使时机叫人得了名声，也不可忘记了自己的本源，因为这世间的生活是那么不定的。,伊索寓言·周作人译,
赫拉克勒斯与雅典娜,,伊索,赫拉克勒斯走路，通过一条狭的路。他看见地上一个苹果似的东西，想要踏碎它。⏎可是看见那东西变了两倍的大，他更加力地踏，又用那大头棒来打。它胀得很大，把那路也堵塞了。他丢下那棒，站着出惊。⏎雅典娜出现在他面前，说道：“弟兄，住手吧，这是竞争与对抗，假如放着不同它斗，它就同当初一样停留着，若是和它争斗，它就这样地膨胀起来了。”⏎这就是说，争斗和对抗是大损害的原因，这是大家都明白的事情。,伊索寓言·周作人译,
赫拉克勒斯与财神,,伊索,赫拉克勒斯被承认为神的同等，受宙斯的招待的时候，他同众神一个个地招呼，很是殷勤。末了那财神普路托斯进来了，他却低头向着地板，将背朝着他。⏎宙斯见了这事觉得奇怪，便问他为了什么，对一切神灵很高兴地招呼，却单不看普路托斯。⏎他回答说：“我不看他是为这事，我住在人间的时候，总看见他与那些坏人在一起。”⏎这故事是说那些人因机会而致富，可是性质却是坏的。,伊索寓言·周作人译,
半神,,伊索,有人在家里供着半神，对他丰富地祭献。他长久地用钱都花费在许多祭品上面。⏎半神在夜里对他出现，说道：“喂，朋友，你不要浪费你的财产了，因为假如你都花了，变成穷人，那时你怨的还是我呀。”⏎这样地，许多人因了自己的无知有了不幸，却把这原因推给众神去。,伊索寓言·周作人译,
鲔鱼与海豚,,伊索,鲔鱼为海豚所追赶，发出许多声响，在几乎被捉住的时候，猛然一跳，不意搁在海岸上边了。那海豚也是那么地动作，他同鲔鱼一样地上了陆。⏎鲔鱼回过头去，看见他奄奄一息的，便说道：“死对于我没有什么可悲了，因为我看见那成为我的死的原因的东西也同我一起死了。”⏎这故事说明，有些人看见那是他自己的不幸的原因的人也是不幸，便容易忍受那灾难了。,伊索寓言·周作人译,
庸医,,伊索,那里有一个庸医。他给一个病人看病，别的医生都说这病没有危险，就只是要拖延，他却叫他准备一切，说道：“因为你过不了明天了。”这样说了之后，他就走回去了。⏎过了些时候，这病人恢复了，脸色苍白，好容易走了出来。那医生遇见了他，说道：“你好，那地下的人们怎么样？”⏎他答说道：“喝了忘河的水，很安静的。只是不久以前，那死神和冥王因为医生们不让病人死去，很可怕地威吓，把他们的名字都记下了。本来他也要写你的名字，但是我伏在他们面前，极力请求，立誓说你并非真是医生，却是被人家冤枉的。”⏎这故事就将那无教育、无学问、说漂亮话的庸医榜示出来了。,伊索寓言·周作人译,
医生与病人,,伊索,一个医生给病人医治。病人死了，他对那些送葬的人说道：“这人假如戒了酒，却用那灌肠器，就不会死的。”⏎在场的一个人回答说道：“好先生，你不应该现在说这话，这是没有用了，但在可以用得的那时候，你是应当说的。”⏎这故事说明，应当在朋友正是困难的时候给与帮助，不可在事情已经无望之后再说闲话。,伊索寓言·周作人译,
鹞子与蛇,,伊索,鹞子抓了一条蛇飞去了。蛇回过头来，咬了他一口，两个都从高空落了下来，那鹞子却是死了。⏎蛇对他说道：“你为什么那么发狂，想要害那没有作坏事的人呢？你是受了强盗的正当的罚了。”⏎这是说，有些人专心贪得，对于弱者作恶，及至遇着了强者，想不到地便受了以前所作的恶报了。,伊索寓言·周作人译,
嘶叫的鹞子,,伊索,鹞子原有别的一种尖的声音。他听见马嘶叫得很好听，便学那马，他不断地这样做，这个没有好好学会，却也失掉了他自己的声音了，他于是没有马的也没有自己的叫声。⏎这是说，那么无聊而嫉妒的人想要他本性以外的东西，终于连他本有的也失掉了。,伊索寓言·周作人译,
捕鸟的与蝮蛇,,伊索,捕鸟的人拿了树胶与粘竿出去捕鸟。他看见在一株高树上坐着一只麻鸡，想要捕他。⏎于是他把粘竿接长了，一心地看着，将注意全用在天空中了。他这样地仰头向上，不知不觉踏了在他脚前睡着的一条蝮蛇。⏎蛇回过头来，咬了他一口。在他咽气的时候，他对自己说道：“我真是倒霉，想着要捉别个，不意自己反被捉而死了。”⏎这样地，那些想要去害近邻的人自己先陷于灾难。,伊索寓言·周作人译,
老马,,伊索,一匹老马被卖去挨磨。他在磨房里被驾上了轭的时候，叹息说道：“我从那么些跑马场来到了这样的一个终点。”⏎这是说，人不可对于壮年与声名的力量太得意了，因为许多人在老年时遇到辛苦。,伊索寓言·周作人译,
马与牛与狗与人,,伊索,宙斯造了人，给了他短的寿命。可是人用了自己的智慧，在冬天到来的时候给自己造了房屋，住在那里边。⏎有一回天气非常寒冷，天又下雨，马不能忍受了，便跑到人那里来，请求让他寄宿。人答说他不能那么做，除非马肯把自己的年岁给他一部分。马高兴地让步做了。⏎不久之后，那牛也再也受不了那寒冬。那人同样地说，他不允许收留他，假如他不交付出他自己的若干年岁，牛给了一部分，被收留进来了。⏎末了狗冻得几乎死了，也走了来，分给了自己的一部分年岁，得了寄宿。⏎于是成了这么的情形，人在宙斯所给的那年岁内，他是天真而善良的，到了马的年岁，他说大话，很是高傲，到了牛的年岁，渐能办事，及至狗的年岁，那时他便容易生气，大呼小叫。⏎这故事适用于易怒与乖戾（lì）的老人。,伊索寓言·周作人译,
马与马夫,,伊索,马夫偷了马的大麦，拿去卖了，却是整天擦马，用梳子梳他。⏎马说道：“假如你真要我长得美，请你不要卖喂我的大麦吧。”⏎这是说，那些贪婪的人用了甘言和谄（chǎn）媚，去钓那些穷人，却把那必需的物品也都抢走了。,伊索寓言·周作人译,
马与驴子,,伊索,一个人有一匹马和一匹驴子。在走着路的时候，驴子对马说道：“假如你肯救我一下，请你分拿一点我的担子。”⏎马不答应，驴子因为疲惫，跌倒死了。那主人把所有的东西都放在马上面，连那驴子的皮在内。⏎马叹息说道：“我真是倒霉！我的苦吃到哪里为止呢？我因为不肯分一点担负，现在背了这一切，还连那张皮。”⏎这故事说明那些大的与小的合作，两边都可安度一生。,伊索寓言·周作人译,
马与兵,,伊索,一个兵在有战事的时候用大麦喂他的马，以备在有些紧急时可以得到帮助。但是战争一停，那马便被用去做苦工，搬运很重的货物。⏎后来战事又起，喇叭吹了起来，主人在马上装上辔（pèi）头，自己武装起来骑了出去。⏎可是那马没有气力，老是跌倒，对他主人说道：“现在请你同了重甲部队一起走去吧，因为你把我从马变成一头驴子了，你怎么还能从驴子去找一匹马回来呢？”⏎这是说，在平安宽舒的时候不可忘记了灾难。,伊索寓言·周作人译,
芦苇与橄榄树,,伊索,芦苇与橄榄树关于忍耐、力量与镇定，互相争论。橄榄树非难芦苇，说他没有力，容易对各方的风都躺倒了，芦苇不作声，没有回答。⏎过了几时，强风吹了起来，芦苇弯过来，对那风躺倒了，就容易得了救。那橄榄树正当着风，被那强力吹折了。⏎这故事说明，那些对于时机和比自己优胜者不抵抗的人，比去与强者竞争的更为优胜。,伊索寓言·周作人译,
河里脱粪的骆驼,,伊索,骆驼渡过一条急流的河。他脱粪了，看见那粪为了急流很快地流在他的前面，说道：“什么？我看见在我后面的却到了我的前面来了。”⏎这故事适用于那些国家，那里落后的无思想的人替了那在前的有思想的得着势力。,伊索寓言·周作人译,
骆驼与象与猴子,,伊索,那无理性的动物要选举国王，骆驼与象竞选，一个因为个子大，一个因为有力，希望能超过众人而当选。⏎但是猴子说两者都不适当，说：“那骆驼因为对于做坏事的人也不生气，象则因为恐怕他所怕的那小猪会得攻击我们。”⏎这故事说明，有许多人为了很小的原因妨害了大事。,伊索寓言·周作人译,
骆驼与宙斯,,伊索,骆驼看见有牛夸说自己的角，很是羡慕他，自己想也得到同样的东西。因此他走到宙斯那里，请求他给他加上那角。⏎宙斯因为他对于身体的大和有力还不满足，却要贪得多余的物事，很是生气，不但不给他角，还把他耳朵的一部分也扯下了。⏎这样地，许多人因为贪得，羡慕别人，不觉连自己的东西也失掉了。,伊索寓言·周作人译,
跳舞的骆驼,,伊索,有骆驼被他的主人逼着跳舞，说道：“我不但是跳舞，就是走路也是不雅观的呢。”⏎这故事是说那一切不合宜的行为。,伊索寓言·周作人译,
初次看见的骆驼,,伊索,在骆驼初次被人看见的时候，大家惶恐，因他身体庞大而出惊，都逃走了。⏎过了些时候，他们看出他的温顺的脾气，胆大了起来，敢于走近前去。⏎这以后，人们渐渐知道这动物不会生气，终于看他不起，至于走去把辔头套上，交给孩子们去赶去了。⏎这故事说明，熟习减除对于事物的恐惧。,伊索寓言·周作人译,
两个蜣螂,,伊索,在一个小岛上养着牛，有两个蜣螂吃了这牛粪生活着。冬天来了，有一个对别一个说，他想立即飞到那大陆去，一则让那别个独自一人，食粮可以足用，一则自己要往那边去过冬。他又说，假如他发现水草丰富，将给他带来。⏎他去到了大陆，得到许多牛粪，还是湿的，就停留在那里过活。冬天过去了的时候，他飞回到岛里来了。那别一个看见他油晃晃的，身体很好，便责备他以前应许了他，却什么都没有带来。⏎他答说道：“你不要责备我，要去责备那地方的风气，因为在那里只可以吃，却是不能带出来的。”⏎这故事适用于那些人，他们的友谊只是限于宴享，此外对于朋友别无利益的。,伊索寓言·周作人译,
蟹与狐狸,,伊索,一只螃蟹从海里上来，独自在一个海岸上生活着。有饥饿的狐狸看见了他，正缺少吃食，便跑去抓住了他。⏎他在将要被吃的时候说道：“我真是活该，本是海里的，却想要做陆上的东西。”⏎这样地，有些人抛开了他们自己的业务，着手来做不适宜的事，当然是要入于不幸的。,伊索寓言·周作人译,
蟹与他的母亲,,伊索,螃蟹的母亲对小蟹说，不要横爬，也不要把腰去擦着那湿的岩石。⏎他答说道：“母亲，你教导我们的，请你直走看，我们看了可以照样地做。”⏎这是说，责备人的须要正直地生活，正直地走，再以同样的话去教导人。,伊索寓言·周作人译,
核桃树,,伊索,有核桃树生在路旁，被走过的人们用石头抛掷，叹息对自己说道：“我真是倒霉，每年给我自己招来许多侮辱与苦恼。”⏎这故事是说那些为了自己的善事而吃苦的人们。,伊索寓言·周作人译,
海狸,,伊索,海狸是住在池塘里的四足的动物。据说他的阴部有用于某病的医疗。假如有时为人所看见，便追赶他，想要割它下来。⏎他知道被追赶的原因，便凭了他脚的速力逃避，以保全他自己的身体，但是每到要被捕获的时候，他把自己的阴部切下来，抛了出去，这样地救了他的性命。⏎这样地，那些人为了他的财富被人打算，便来抛弃了以免危害他的生命的，是聪明的人。,伊索寓言·周作人译,
浇菜的种园人,,伊索,有人站在浇菜的种园人的旁边，问他为什么缘故，那野生的菜繁荣而且结实，家养的痩小而虚弱呢。⏎他答说道：“那边的地是亲娘，这边是晚娘呀。”⏎这样地，那些小孩为继母所养育的也与那有母亲的养得不是一样。,伊索寓言·周作人译,
种园人与狗,,伊索,种园人的狗掉到井里去了。那人想把他从那里拉上来，他自己也下到井里去。可是那狗以为他走来是要把他更往下沉下去，便回过身来，咬了他一口。⏎种园人负痛爬了上来，说道：“我真是活该，为什么我要这么热心去救那自杀者呢？”⏎这故事是说那些做坏事与忘恩负义的。,伊索寓言·周作人译,
弹琵琶的人,,伊索,一个没有天分的弹琵琶的人，平常总在有墙壁的房屋里弹唱，那声音返响过来，他觉得自己有很好的喉音。⏎他很是得意，心想须得上剧场去才好。可是登了场之后，唱得极坏，被人抛石子赶了出来了。⏎这样地，有些辩士在学校里觉得是一个角色，但是到得关于国事的时候，便发现是毫无价值的人了。,伊索寓言·周作人译,
麻鸡,,伊索,一只麻鸡在桃金娘树里觅食，但是因为那果子很好吃，他不离开这棵树。有捕鸟的人看到他喜欢这地方，便拿粘竿来把他捉住了。⏎在将要被杀的时候，他说道：“我真是不幸，为了吃食的美把性命失掉了。”⏎这故事适用于那些为了快乐亡身的放荡的人。,伊索寓言·周作人译,
偷儿与公鸡,,伊索,偷儿们走进一所人家里去，找不到别的东西，只有一只公鸡，便把他捉走了。⏎他在将要被用作牺牲的时候，请求放了他，说他是于人有用的，因为他在夜里叫醒他们去作工去。⏎偷儿们答说道：“正因为这事更要把你作了牺牲，因为你叫醒那些人，使得我们不好偷了。”⏎这故事说明，那些于好人有用的事正是于坏人有妨的。,伊索寓言·周作人译,
胃与脚,,伊索,胃与脚关于力量互相争论。每回脚总说他是那么地有力，连肚皮也搬得动。⏎胃答说道：“喂，朋友，但是假如我不给你们营养，那么你们也要搬不动了。”⏎这样地，关于军队，如不是将领谋划得很好，人数多也总是没有用的。,伊索寓言·周作人译,
燕乌与狐狸,,伊索,有饥饿的燕乌坐在一棵无花果树上。他发现那无花果还没有熟，便在那里等候它成熟。⏎狐狸看见他坐得很久，知道了原因之后，说道：“喂，朋友，你抱住了希望，真是糊涂了，那希望只会骗人，却不能养人的。”⏎这是说贪得的人。,伊索寓言·周作人译,
燕乌与大鸦,,伊索,一只燕乌比别的燕乌身体更大，他就看不起他的同类，跑到大鸦那里，要求同他们住在一起。大鸦们不认识他的形状和声音，将他殴打了，驱逐出去。⏎他被他们所赶走，又回到燕乌那里来。可是他们因了他的侮辱很是生气，不肯收容他。于是他成了被两边都绝了交了。⏎这样地，有些人舍弃了他的祖国，选择了外国，可是在那边因为是外国人，不尊重他，在本国也被嫌憎，因为他看轻了他们。,伊索寓言·周作人译,
燕乌与鸟类,,伊索,宙斯想要立一个鸟类的王，对他们约定一个日期，那时大家齐集，把他们中间最美丽的一个立为他们的王。那鸟类都到一条河里去洗刷身体。⏎一只燕乌看出自己周身的丑陋，便走了去，拾起那鸟类落下的羽毛，放在自己身上，用糊粘住了。因此他在他们之中显得是很美丽的了。⏎到了那约定的日期，一切鸟类都走到宙斯面前去。那燕乌变得花花绿绿的，他也去了。宙斯想要定燕乌为他们的王，因为他很美丽，可是鸟类都生了气，各自把他自己的羽毛从他身上拔了去了。⏎这样地被脱光了身子，他又成了一只燕乌了。⏎这样地，有些借债的人，在他拿着别人的东西的时候，似乎像个样子，可是一旦把这都还了，便又露出他的本身来了。,伊索寓言·周作人译,
燕乌与鸽子,,伊索,燕乌看见鸽子在鸽窝里吃得很好，便将自己刷白了，来到那里，同他们一起过活。⏎鸽子们在他不作声的时候以为他也是鸽子，容许他在一起，可是有一回他忘记了，叫了一声，他们立刻认识了那声音，将他驱逐出来了。⏎他在这边得不到吃食，就回到燕乌那边来，但是他们因为毛色不认识他了，也不让他和他们同住。⏎这样地，他要贪得两份，却一份都得不着了。⏎因此我们须得以自己所有的为满足，要知道贪得不但无益，而且常要失去现有的东西。,伊索寓言·周作人译,
逃走的燕乌,,伊索,有人捕得燕乌，用麻线缚在他的脚上，给了他的小孩。⏎那燕乌很不愿意同人住在一起，偶然得到一点自由，便逃走了，回到自己的窠里。那绳索缠住了树枝，他再也飞不起来。⏎在他将死的时候，对自己说道：“我真是倒霉，因为不愿忍受给人服役，不觉失掉了自己的生命。”⏎这故事适用于那些人，想要从平常的危险中救出自己，却不觉落于更大的恐怖之中。,伊索寓言·周作人译,
大鸦与狐狸,,伊索,有大鸦偷了肉来，坐在一棵树上。狐狸看见了他，想要拿那块肉，便站住了，称赞他的身体伟大而且美丽，又说在鸟类中间他是最适于为王，这一定可以，假如他会发声。⏎大鸦想要表示他会发声，放了那肉，大声地叫了。狐狸跑去，抢过那块肉来，说道：“喂，大鸦，假如你也有头脑，那么你去给鸟类做王没有什么问题了。”⏎这故事适用于愚蠢的人。,伊索寓言·周作人译,
大鸦与赫尔墨斯,,伊索,大鸦落在弶里，祷告阿波罗，说给他乳香。既然得脱了危难，他把这许愿忘却了。⏎随后又落在别的弶里，他拋开了阿波罗，应许给赫尔墨斯祭献。⏎赫尔墨斯对他说道：“你这坏东西，你背弃了并且欺骗了前主人，我怎么能相信你呢？”⏎这是说，那些忘恩的人，落在困难之中，是不能得救的。,伊索寓言·周作人译,
大鸦与蛇,,伊索,大鸦缺少吃食，看见有一条蛇睡在日光很好的地方，飞下去把他抓住了。那蛇回过头来，咬了他一口。⏎在将死的时候他说道：“我真是不幸，我找到了这样的好物事，却因此伤了生。”⏎这故事是说那些人，为了发现了宝物，乃至危及生命。,伊索寓言·周作人译,
生病的大鸦,,伊索,大鸦生了病，对他的母亲说道：“母亲，请你去求众神，且不要悲伤。”⏎那母亲回答说道：“儿呀，众神中间哪个会可怜你呢，因为有谁的肉你不曾偷过的呢？”⏎这故事说明，生平有许多敌人的人，在困难的时候找不到一个朋友。,伊索寓言·周作人译,
冠雀,,伊索,一只冠雀落在弶里，悲叹着说道：“我真是可怜的不幸的鸟呀！我偷的不是人家的金子，不是银子，也不是别的珍贵的东西，只是小小一颗谷子却把我致死了。”⏎这故事是说那些人，因了些许的利益招来更大的危险。,伊索寓言·周作人译,
乌鸦与大鸦,,伊索,乌鸦很羡慕那大鸦能因了前兆给人占卜，预言将来的事，又因此被人引作见证，心想做到同他们一样。⏎他看见有些旅人过来，便来到一棵树上，停住了大声地叫了起来。他们对那声音的方向回过头来看，有点出惊。⏎有一个人说道：“朋友们，我们走下去吧，这只是一只乌鸦，他叫了也是没有预兆的。”⏎这样地，有些人与优胜者竞争，不但不能同他一样，而且更招来人家的笑话。,伊索寓言·周作人译,
乌鸦与狗,,伊索,有乌鸦给雅典娜祭献，招了一只狗来宴享。那狗对他说道：“你为什么花钱办这无益的祭祀呢？那神明岂不是很讨厌你，所以使得你们的预兆都没有信用了么？”⏎乌鸦回答说道：“正因为这个缘故，所以我给她祭献，我知道她向来对我不好，那么可以同她和解哩。”⏎这样地，有许多人因了恐惧，不惜对敌人表示好意。,伊索寓言·周作人译,
田螺,,伊索,农夫的小孩烤着田螺。听见他们吱吱地响，他说道：“啊，可怜的东西，你们的家都烧了，还唱着歌呢。”⏎这故事说明，一切不合时机的行为是最可非难的。,伊索寓言·周作人译,
当作家鹅被捉的天鹅,,伊索,一个富人有家鹅与天鹅一起养着，可是目的却不是一样，一个是为唱歌，一个是供食桌之用的。⏎后来那鹅应当去作豢养他的目的之用去了，其时是夜间，那时候不大分得出彼此，天鹅便被当作家鹅抓了出去。⏎他唱了一回，算是死之前奏，因这唱歌表明了他的本性，于是为了这一曲使他得免于死了。⏎这故事说明，音乐常使死亡迟延。,伊索寓言·周作人译,
天鹅与主人,,伊索,据说天鹅在死的时候歌唱。有人偶见天鹅出售，听说这是有非常美音的鸟，便把他买了。⏎有一回正开宴会，他走去叫天鹅在筵间歌唱。这时候他却不作一声，到得后来，他知道将要死了，这才自悼歌唱起来了。⏎那主人听了说道：“假如你别的时候是不唱的，除非临死，那么我真是傻子了，在那时候劝你，却没有拿去祭献。”⏎这样的，有些人不肯自动地去做些事，却要等勉强地才去做它。,伊索寓言·周作人译,
两只狗,,伊索,一个人有两只狗，他叫一只去打猎，一只看家。有时候那猎人出去打猎，得到什么东西，他也把其中一部分给了那别只狗。⏎那猎狗很不高兴，便非难别只狗，说自己每次出去都很辛苦，他什么都没有做，却因了他的辛苦所得也来享用。⏎那狗对他说道：“你不要责备我，却该去责备我那主人，他不教我去辛苦，只是享受别人的辛苦呢。”⏎这样地，那些懒的小孩也不该非难，因为是他们的父母教他们成这样的。,伊索寓言·周作人译,
饥饿的狗,,伊索,几只饥饿的狗看见有皮浸在一条河里，却不能够得着它，便互相约定，先来喝那河水，这样就可以达到那皮了。可是他们喝下去，在到达那皮之前已都胀裂了。⏎这样地，有些人因为希望得利，去做危险的苦工，在得到所想要的东西之前，却已经灭亡了。,伊索寓言·周作人译,
被狗咬的人,,伊索,有人被狗所咬，各处行走，找寻医治的人。有一个人对他这样说，他须得用了面包擦那血，丢给咬他的那狗去吃。⏎他答说道：“假如我这样地做，那么这城里所有的狗一定都要来咬我了。”⏎这样地，人类的恶性受了鼓励，将被刺激了更去为恶。,伊索寓言·周作人译,
被招请的狗（或云人与狗）,,伊索,有人预备酒席，要招待他的亲友和家人。他的狗去请别一只狗来，说道：“朋友，请你来这里同我吃酒吧。”⏎那狗很高兴地跑来，看那丰富的筵席，在他心里叫道：“哎呀，好不喜欢，这真是料想不到的！让我享用，大嚼它一顿，到了明天还不至于肚饿。”他独自这样想着，摇着他的尾巴，很信托他那个朋友。⏎可是那时候那厨师看见他尾巴在那里四面摇晃，抓住了他的腿，立即从窗口抛到外边去了。那狗大声叫唤，跑回来了。⏎路上有些狗遇见他，有一只问道：“朋友，宴会怎么样呀？”⏎他回答道：“因为我喝得多，过了量，已经醉了，所以我走来的路也记不得了。”⏎这故事说明，不可相信那些把别人的东西答应请客的人。,伊索寓言·周作人译,
猎狗与众狗,,伊索,有一只狗养在人家里，叫他去和野兽打仗，可是他一看见许多的兽排了队站着，他就将项上的圈弄破，从街上逃走了。⏎别的许多狗看见他肥大得像公牛一样，问道：“你为什么逃的呢？”⏎那狗说道：“我知道，吃着好东西过活，我的身子很是享福，可是去和熊与狮子打仗，那我就与死相近了。”⏎那些狗互相说道：“我们过着很好的生活，虽然是穷苦一点，却不要去和狮子或熊打仗。”⏎这是说，人不可为了荣华与虚声去给自己招来危险，反而应当避免它才是。,伊索寓言·周作人译,
狗与公鸡与狐狸,,伊索,狗与公鸡做朋友，一同走路。到了晚上，公鸡上了树睡了，那狗睡在这树有一个洞穴的树根下。⏎那公鸡依了他的习惯夜里啼了起来，有狐狸听见了，便跑来站在下面，叫他下来，说有这样美丽的声音的生物他想拥抱他一下。⏎鸡答说请他叫醒那在树根下的看门的来，他如开了门，就可以下来，他正想要叫他的时候，那狗突然跳了起来，就把他撕碎了。⏎这故事说明，聪明的人们在敌人近前的时间，欺骗他们，把他们送到更强的人那里去。,伊索寓言·周作人译,
狗与海螺,,伊索,有一只狗习惯吃鸡蛋，看见一个海螺，以为这是鸡蛋，张大了嘴，一大口就把它吞了下去了。⏎后来觉得肚里沉重，很是苦痛，说道：“我正是活该，相信一切圆的都是鸡蛋。”⏎这故事教训我们，那些不经意地去接近事物的人，不知不觉地因了不熟习的事而使自己受苦。,伊索寓言·周作人译,
狗与兔,,伊索,猎狗捕得一只兔子，有时咬他，有时舔他的嘴唇。⏎兔抗拒他，对他说道：“喂，你这家伙，请你停住了这又咬又亲嘴的，表明你是我的敌人还是友人吧。”⏎这故事适用于态度暧昧的人。,伊索寓言·周作人译,
狗与屠夫,,伊索,一只狗跳进肉店里去，屠夫正在忙着，他就偷了一个猪心逃走了。⏎那屠夫回过头来，看见他正在逃，说道：“喂，你这东西，记住了吧，无论你在哪里，我都留心着，因为你不是偷了我一个心脏，却是把一个心脏给了我了。”⏎这故事说明，人们的灾祸常成为他的学问。,伊索寓言·周作人译,
睡着的狗与狼,,伊索,有一只狗睡在一个羊圈的前面。狼来袭击他，想把他当作食料。⏎那狗请求不要吃他，说道：“因为现在我很瘦小，只要你等一会儿，我的主人家要举行结婚，那时我有许多东西吃，将肥胖起来，你拿去也是更为好吃的食料了。”狼信了这话，便走去了。⏎过了几天他再回来，只见那狗睡在屋上，他站在下面叫他，要他记得那个约定。⏎那狗说道：“喂，狼呀，假如你以后看见我睡在那羊圈前面，请你不要再等结婚了。”⏎这故事说明，聪明的人遇着什么危险得救了之后，他一生在防备这事了。,伊索寓言·周作人译,
衔肉的狗,,伊索,一只狗衔着肉在渡过一条河。他看见水里自己的影子，以为这是别一只狗衔着一块更大的肉。想要去抢那狗的肉，他把自己的放下，冲了过去。⏎这样，他便将两边的都失掉了，那一个够不到，因为本来是没有的，这一个又被那河水冲了去了。⏎这故事适用于贪得的人。,伊索寓言·周作人译,
挂铃的狗,,伊索,有一只狗偷偷地咬人。那主人给他挂了一颗铃，让大家可以预先知道。可是他在市场上摇着那铃，很是得意。⏎一只老母狗对他说道：“你得意什么呢？你挂了这个并不是为的有德性，乃是为表示你的隐恶的呀。”⏎这样地，自夸的人的虚荣的性格显示他的隐秘的恶。,伊索寓言·周作人译,
追狮子的狗和狐狸,,伊索,有猎狗看见了狮子，便去追他。但是当狮子回顾，吼叫起来的时候，他发了慌，向后边逃走了。⏎狐狸看见他，说道：“啊，怯家伙，吼声也受不住，你还追狮子么？”⏎这故事是说那些僭（jiàn）罔的人，想要讪谤更是强有力的，可是那人出现在前面的时候却又立即向后跑走了。,伊索寓言·周作人译,
蚊子与狮子,,伊索,有蚊子来到狮子那里，说道：“我不怕你，你也并不比我强。假如说不是的，那么你的力量是什么呢？是用脚爪抓，用牙齿咬么？这些事情，那女人同男人打架的时候也会做的。我比你要强得多了。若是你愿意，我们来打一仗吧。”⏎蚊子吹着喇叭，攻上前去，咬在狮子脸上鼻子周围没有毛的地方。那狮子用脚爪把自己都抓坏了，终于要求停止。⏎那蚊子打胜了狮子，吹着喇叭，唱着凯歌，在那里飞着，却兜在蜘蛛网上，将被吃的时候，他很是悲叹，自己与那强大的生物还打过仗，却被这小虫蜘蛛所灭亡了。,伊索寓言·周作人译,
蚊子与公牛,,伊索,蚊子停在公牛的角上，休息了好久，他想要走开的时候，问那公牛是不是他希望他早点走了。⏎他答道：“你来的时候我并不知道，就是你走了，我也未必会知道。”⏎这故事适用于那些在也好不在也好，没有害处也没有好处的无能的人。,伊索寓言·周作人译,
兔与狐狸,,伊索,有一回，兔与鹰打仗，去请狐狸做他们的同盟。⏎狐狸们答道：“假如我们不知道你们是谁，你们和谁打仗，我们倒是会来帮助你们的。”⏎这故事说明，那些要与比较优胜的人竞争的，是在轻视自己身命的安全。,伊索寓言·周作人译,
兔与虾蟆,,伊索,有一回，有些兔子聚集在一处，互相悲叹生活那么危险，多有恐惶，因为被人与狗与鹰和别的许多东西所屠杀，不如一下子死了倒比一世颤抖着好。于是决定了这样做，他们一齐向着池塘奔去，想要投身下去，淹在水里死了。⏎许多虾蟆绕那池塘坐着，听到了那跑步的声响，立即都跳下池里去。兔子中间一只称为比别的更有见识的，说道：“朋友们，住了，我们不必自杀了。你们看，这里还有比我们更胆怯的动物呢！”⏎这故事说明，那些不幸的人们从那遇着更大不幸的别人上边得到慰藉（jiè）。,伊索寓言·周作人译,
海鸥与鹞子,,伊索,海鸥吞下一条鱼，把他的咽喉裂开了，成了死体躺在海岸上。⏎鹞子见了他说道：“你这真是该当的，生成是一只鸟，却在海上过你的生活。”⏎这样地，有些人弃舍了本当的事情，却去干全不相宜的事，当然要遇着不幸。,伊索寓言·周作人译,
母狮子与狐狸,,伊索,母狮子为狐狸所非难，说她单只生产一匹。⏎她答说道：“一匹，可是狮子呀。”⏎这是说，价值不能以数目计算，但须看那德性。,伊索寓言·周作人译,
狮子的王国,,伊索,一个狮子做国王，并不暴躁，也不凶残，也不强横，却是同人一样，和平而且公正。在他的治下，他召集了一切的动物，裁定他们相互间的案件，如狼对于羊，豹对于羚（líng）羊，老虎对于鹿，狗对于兔等。⏎那怯汉的兔子说道：“我祈祷着希望得见这样的日子，那时弱者被强者看来觉得可怕了。”⏎这是说，在城邦里有正义，一切的事都公平地裁判，那时弱者也可平安地生活了。,伊索寓言·周作人译,
年老的狮子与狐狸,,伊索,有狮子年老了，没有力气，不能给自己去觅食，觉得非用心计来做这事不可了。他走进一个洞窟里去，睡在那里，假装生病，这样等那些动物走来观看，便抓住吃了。⏎有许多动物被杀了之后，狐狸知道了他这策略，走来远远地站在洞外，问他现在身体怎么样。⏎狮子答道：“很不大好。”又问他为什么不进里边来。⏎狐狸说道：“我本来也进来了，假如不是我发现了有许多进去的脚印，却不见有一个出来的。”⏎这样地，聪明的人从证据上预先见到了，避开危险。,伊索寓言·周作人译,
被关的狮子与农夫,,伊索,有狮子走进农夫的家畜圈里去。农夫想要捉他，把院子的门关上了。那狮子不能出来，便先咬死那些羊，随后又来对付那些牛。那农夫忧虑他自身的安全，便将门打开了。⏎在狮子走去了之后，那妻子看见他在悲叹，说道：“你可不是活该么！你为什么要把那应该远避的东西关了起来的呢？”⏎这样地，那些去激怒比自己更强的，当然要承受因了自己的过失而起的结果。,伊索寓言·周作人译,
恋爱的狮子与农夫,,伊索,狮子爱上了农夫的女儿，向她求婚。农夫不能容许将他女儿给了一只兽，却又因为恐怕不能拒绝，他便想了这样一个计策。⏎狮子不断地来催促他，他便说，看他做他女儿的新郎是相适的，只是假如他不拔去他的牙齿，剪去他的脚爪，却不能给他，因为姑娘是怕惧这些东西的。⏎他因了恋爱的缘故都很容易地承受了，那农夫就看不起他，走上前去，用棍子打他，将他赶走了。⏎这故事说明，那些人轻易地相信邻人的话，脱去了自己特有的长处的时候，以前怀着恐惧的人便容易来把他捉住了。,伊索寓言·周作人译,
狮子与狐狸与鹿,,伊索,生了病的狮子睡在一个山洞里。他对那亲近的，向来要好的狐狸说道：“你若是要我康健，要我活下去，请你去把那住在森林里的顶大的鹿，用了你的甘言骗他，引到我的手里来，因为我很想他的那肚肠和心脏吃哩。”⏎那狐狸走去，看见那鹿正在树林子里跳着，对他说好话，问讯了之后说道：“我来报告你一个好消息。你知道，我们的国王狮子是我的邻居，他生着病，快就要死了。他正在考虑，动物之中哪一个可以继他为王。他说那野猪无知识，熊是懒汉，豹太暴躁，老虎架子大，只有鹿是最适宜于为王，他的个子高，年岁又大，他的角是蛇所怕惧的。我何必还对你多说呢？你的为王是一定的了。可是对于这第一个告诉你的我，你给些什么呢？说吧，我正忙着哩，不要让他（狮子）再在那里找我，因为一切事件他都和我商量的。但是假如你听我这老婆子的话，我劝你前去，等着他的临终。”⏎狐狸这样地说了，那鹿的心给这话糊涂住了，便走进那洞里去，没有想到什么要发生的事情。那狮子赶快来袭击他，单用了他的脚爪撕下了他的耳朵。鹿赶紧逃到树林里去了。⏎那狐狸辛苦一番还是徒然，只拍着她的两手。狮子大声吼叫，表示叹惜，因为他是饥饿，也很懊恼。请求狐狸再去想什么方法，用了狡计把他引来。⏎狐狸说道：“你吩咐我的是很艰难的事，可是我总将给你去办一下。”⏎她同猎狗似地找着脚迹，心里打算着恶计。她问牧人们见到一只带血的鹿么，他们告诉她是在树林子里。她看见鹿正在休息，便毫不羞怯地站在他的面前。⏎那鹿生了气，毛都竖了起来，说道：“坏东西，你休想再来弄我了！你若是走近我来，我不让你活着。你去狐媚别的无经验的人，叫别个做王，去激怒他吧。”⏎狐狸说道：“怎么你是这样懦怯卑劣的呢？你是这么地怀疑我们，怀疑你的朋友的么？那狮子抓住你的耳朵，只是垂死的人想要关于那么宏大的王位给你一点忠告与指示罢了。你却是连那衰弱的手的一抓都受不住。现在那人对于你非常生气，要将王位给了那狼哩。哎呀，那坏主人呀！来吧，不要担心，像羊那么样好了。我凭了一切的叶子和水泉对你立誓，你决不会从狮子受到什么害。我将来也专是伺候你一个人。”⏎她这样地骗那可怜的鹿，说服他再去。他进了那洞窟的时候，狮子就有了一顿食吃，把他所有的骨头、脑髓和肚肠都吃光了。⏎狐狸站在那里看着，那颗心脏掉下来了，她偷偷地拿了，把这吃了算作她的辛苦的酬劳。那狮子检查了一切之后，在找寻那一颗心。⏎狐狸远远地站着，说道：“他真是没有心的，你不要再寻了，因为他会两次走到狮子的家和他的手里来的，怎么他会有心呢！”⏎这是说，对于名誉之爱把人心蒙闭了，不再感觉了冒险的灾难了。,伊索寓言·周作人译,
狮子与熊与狐狸,,伊索,有狮子与熊找到了一只小鹿，为了这个他们战斗起来了。他们彼此都很厉害地着了打，眼睛都昏暗了，半死地躺在那里。⏎一只狐狸走过，看见他们瘫着，中间放着一只小鹿，他就拿了起来，在他们的当中走过去了。⏎他们站不起来，说道：“我们真是倒霉，好像我们是为狐狸辛苦这一场似的。”⏎这故事说明，那些人看见了自己辛苦所得的利益被初次遇见的人拿去了，生起气来，这正是当然的。,伊索寓言·周作人译,
狮子与虾蟆,,伊索,狮子听见虾蟆叫喊，向那声音的方面回过头去看，心想是什么大的动物。⏎等了一会儿之后，看见虾蟆从池塘里出来，他走去用脚踏瘪（biě）了，说道：“嗬，那么模样却那么叫唤么！”⏎这故事适用于那些饶舌的人，除了说话是没有能耐的。,伊索寓言·周作人译,
狮子与海豚,,伊索,狮子在海边闲走，看见海豚钻出头来，劝他同自己结为同盟，说他们成为朋友并帮手是很合适的，因为一个是海里动物的王，别一个是陆上动物的王。海豚很高兴答应了。⏎狮子很久同野牛打着仗，便来求海豚的帮助。可是他虽然想要从海里上来，却是不能，那狮子就说他是卖友。⏎他回答说道：“你不要责备我，要去责那自然，因为他把我做成海里的东西，不许可上陆的。”⏎这样地，我们结友谊，应当选择那些在危险时能够在我们旁边的作为同盟。,伊索寓言·周作人译,
狮子与野猪,,伊索,在夏季中，那时暑热使人干渴，有狮子和野猪走到一个小的水泉去喝水。他们竞争谁去先喝，因此演成你死我活的争斗。⏎他们要略为透一口气，忽然回过头去，看见有些秃鹰已在等候，哪一个倒下去了就来吃他。⏎因此他们停止了冲突，说道：“我们成为朋友，总比给秃鹰和大鸦做吃食好得多。”⏎这是说，无聊的争斗与竞争，对于各方都要引起危险的结果，还是停止的好。,伊索寓言·周作人译,
狮子与兔,,伊索,有狮子遇见兔子睡着，想要吃他，在这时间他又看见有鹿走过，便丢下兔子去追赶那鹿。可是他因了声响跳了起来，就逃走了。⏎狮子追那鹿很久，但不能捉住他，于是他再回到兔子那边来，却发现他也已逃走了。⏎狮子说道：“我真是活该，丢下了手里的吃食，却找那更大的希望。”⏎这样地，有些人对于普通的利益不满足，去追逐更大的希望，不知不觉地把手里的东西也丢掉了。,伊索寓言·周作人译,
狮子与狼与狐狸,,伊索,狮子年老了，生了病，睡在洞穴里。动物中除了狐狸之外，别的都去问候国王。狼趁这好机会，对了狮子诉说狐狸，说他是不尊重君临大众的人，因此他不来问候。⏎这时那狐狸到来了，他听到狼的话的末了一部分。于是狮子对了他吼叫起来。他请求给他一点时间来自己辩解，说道：“在这到来的诸人中间，有谁像我的那么替你打算，到处奔走，给你请教医生，寻求医方的呢？”⏎狮子立即命令他将医方说出来，狐狸道：“这是将一只狼活地剥下皮来，把他的热皮裹在身上。”⏎那狼立刻成为尸体躺在那里。⏎狐狸笑着这样说道：“这不应当唆使主人去动恶念，却该使他动善念才是呀。”⏎这故事说明，用狡计对付他人的，这狡计还会转向自己。,伊索寓言·周作人译,
狮子与报恩的老鼠,,伊索,狮子睡着，有老鼠跳上他的身来。他站起来，把他抓住，想要吃了。老鼠请求饶命，说假如得了救，将来报他的恩，狮子笑着，就放了他去。⏎这以后不久，狮子却因了老鼠的好意得救了性命。因为那时他被一个猎人所捕获，用绳索捆在一棵树上，那老鼠听到了他的悲叹，走来把绳索咬断，放免了他，说道：“你那时笑我，以为你不会受到我的报答，现在可知道，就是在老鼠也会得报恩的。”⏎这故事说明，在时运变更的时候，非常有力的人会得需要力弱的人的。,伊索寓言·周作人译,
狮子与野驴,,伊索,狮子与野驴出去猎野兽，狮子因为他的力大，野驴因为脚跑得快。他们猎获若干野兽的时候，狮子把它分开，堆作三份，说道：“这第一份，我拿了，算是给第一人的，因为我是王。第二份也是，算是同等的股东的。那第三份呢，这会于你有大害，假如你不是预备逃走。”⏎这是说，人应当在一切事情上计量自己的力量，不要去与比自己更强的人交际或合作。,伊索寓言·周作人译,
同打猎的狮子与驴子,,伊索,狮子与驴子彼此联合，出去打猎。他们到了一个洞穴，里边住着些野羊，那狮子站在洞口，监视那出来的羊，驴子则进到里边去，大跳大叫，想要吓唬他们。⏎狮子捕得了许多之后，驴子出来，问他是否战斗得勇敢，把野羊赶了出来。⏎狮子答道：“是呀，就是我也要怕起你来了，假如我不曾知道你是一匹驴子。”⏎这样地，那些对了知道的人说大话的，当然招到讥笑。,伊索寓言·周作人译,
狮子与驴子与狐狸,,伊索,狮子与驴子与狐狸彼此联合，出去打猎。他们获得了许多之后，狮子命令驴子给他们来分配。⏎驴子分作同样的三份，请他自己选择，狮子生了气，跳过去把他吃了，又命令狐狸来分。⏎他把所有的都聚作一份，只留下一点给他自己，请狮子来拿。狮子问他谁教他这样分的，狐狸答说道：“那就是驴子的灾难。”⏎这故事说明，邻人的不幸使得人们明白起来。,伊索寓言·周作人译,
狮子与普罗米修斯与象,,伊索,狮子屡次责备普罗米修斯，说他把他做得大而且美，下颚装备了牙齿，脚上嵌了脚爪，做得比别的动物更是强有力，但是，他说：“这么样的我，却是怕那公鸡。”⏎普罗米修斯说道：“你为什么凭空地责备我呢？我所能做的你都有了，那就只是你的灵魂单怕那个物事。”⏎狮子悼叹自身，非难自己的懦怯，终于想要去死了。⏎他正这样想着的时候，遇见了象，对他问讯了之后，站着谈话，只见他不断地动着他的耳朵。⏎狮子说道：“你怎么啦，为什么你没有一刻工夫不摇动你的耳朵的？”⏎这时候适值有些蚊子在他的周围飞着，象说道：“你看见这么些东西，呜呜叫着的么？假如他进了我的耳朵孔里去，我就完了。”⏎狮子说道：“那么我现在何必死呢？正如公鸡比蚊子为优胜，我也就要比象更是幸福了。”⏎你可以看见，蚊子也有力量，为象所畏惧。,伊索寓言·周作人译,
狮子与公牛,,伊索,狮子想谋杀一头很大的公牛，预备用计策来收拾他。于是他说祭献用了一头羊，请他来赴宴，想要等他躺下来吃的时候把他制住。⏎那牛走来，看见有许多的铜盆和许多大铁串，可是那羊却到处都看不见，他不作一声就要走了。⏎狮子责备他，问他一点都没有受害为什么缘故一声不响地就走，他答说道：“我这么做不是毫无理由的，因为我看那些器具，并不是为了吃羊，却是为了吃牛而设的。”⏎这故事说明，那些有思想的人不会忽略过恶人的计策。,伊索寓言·周作人译,
发疯的狮子与鹿,,伊索,狮子发了疯。鹿从树林中看着他，说道：“哎呀，我们真是不幸呀！在他清醒的时候我们还是受不了，那么疯了之后他什么事做不出来呢？”⏎这是说，那暴躁的、习惯作恶的人抓到政权，成了君主，大家都逃避他了。,伊索寓言·周作人译,
怕老鼠的狮子与狐狸,,伊索,狮子睡着，有老鼠跑到他的身上去。他站了起来，团团打转，到处找寻那个来人。⏎狐狸看见了，批评他说是个狮子却怕那老鼠。⏎他回答说道：“我不是怕那老鼠，只是有点出惊，有什么东西乃敢跑上睡着的狮子身上来的。”⏎这故事指示，有思想的人不会轻蔑寻常的物事。,伊索寓言·周作人译,
强盗与桑树,,伊索,强盗在路上杀了一个人，被适值经过的人们所追赶，拋下那染血的死人，径自逃走了。⏎对面来的旅人问他为什么他的手是染红的，他说他刚才从桑树上下来。正这样说着的时候，那些追他的人到来，捉住了他，把他在桑树上吊死了。⏎那桑树对他说道：“我决不厌来帮助处你死刑，因为你杀了人，却要来擦在我的身上。”⏎这样地，有些本性善良的人，被别人毁谤为恶人的时候，对于他们为恶也所不辞了。,伊索寓言·周作人译,
互相战争的狼与狗,,伊索,有一回，狼与狗为敌。一只希腊狗被选为群狗的将军，他迟延着不作战，狼却是很厉害地威胁他们。⏎他说道：“你们知道我为什么原因踌躇的么？预先谋划是要紧的事。你们的种族与毛色都是一样的，我们的却有各种的性格，各自夸说他们自己的地方。而且毛色也全不是一色一样，有的是黑，有的是红，有些是白与灰色的。率领了这些不一致，全没有共通地方的人，我怎么能够作战呢？”⏎这是说，凡兵士一心一意，乃能战胜敌人。,伊索寓言·周作人译,
狼与同狼和解的狗,,伊索,狼对狗说道：“你们全同我们一样，为什么你们不是像兄弟似地和我们一样地想的呢？除了思想之外，我们没有什么和你们不同。可是你们服从那人们，做他们的奴隶，忍受他们的鞭打，套上了项圈，守护那羊群。假如你们承认，所有的羊便都归了我们，当作公有的，我们可以尽量地吃。”⏎那些狗都赞成了，狼走进了洞穴里去，首先把那狗都杀死了。⏎这是说，那些背叛祖国的人受到这样的报酬。,伊索寓言·周作人译,
狼与羊群,,伊索,狼想谋取羊群，因了守护他们的那些狗，不能得到他们，那时他决定须用狡计去办事。⏎他派了使者去问羊群要那些狗，说他们是两面对敌的原因，假如把他们交过来，在他们中间就可有和平了。⏎那羊没有预料到将来的事情，将狗交了出去，狼得了他们到手之后，就很容易地把无人守护的羊都杀了。⏎这样地，在国家中，那些轻易把民众领导者交出去的人们，不知不觉地他们自己也很快地落在敌人的手中了。,伊索寓言·周作人译,
狼与羊群与公羊,,伊索,狼派使者到羊那里去，假如他们抓住那狗都杀死了，便在他们中间结成永久的和平。⏎那些愚蠢的羊答应这样做。但是一只年老的公羊说道：“我怎么可以相信你们，和你们一同生活呢？有那些狗守护着我的时候，我还不能平安地吃食哩。”⏎这是说，人不应该相信不能和解的敌人的誓约，弃去了自己的安全的保障。,伊索寓言·周作人译,
看了自己的影得意的狼和狮子,,伊索,有一天，狼在荒凉的地方彷徨，⏎太阳已经倾向西方，⏎看见自己的影子很长，说道：⏎“狮子也要怕我，那么大的个子，⏎身长总有百尺吧，可不是明显地⏎我要做所有兽类之王么？”⏎强大的狮子捉住了这得意的狼，⏎将要把他吃了，狼后悔着叫道：⏎“僭罔是我不幸的一个原因呀。”,伊索寓言·周作人译,
狼与母山羊,,伊索,狼看见一只母山羊在一个峭壁似的洞穴上头吃草，他不能捉着她，他便劝告她走下来，免得不注意时跌坠，说在他身边的草地要好得多，草也都开着许多花。⏎她回答他道：“这不是你叫我到草料这里来，倒是你缺少食料吧。”⏎这样地，那些做坏事的人们，在知道他们的人前作恶，从他的计策上得不到什么利益的。,伊索寓言·周作人译,
狼与小羊,,伊索,狼看见一只小羊在河里喝水，他想用了什么巧妙的口实把他吃了。因此他站在上游，责备小羊，说把河水弄浑了，不让他喝水。⏎小羊回答说，他是紧靠在河边喝着，而且站在下游，也不能把上面的水弄浑了。⏎狼得不到这个口实，便又说道：“但是你去年骂过我的父亲哩。”⏎小羊说，那时他还没有生呢。⏎狼对他说道：“即使你辩解得很好，反正我不能放过你。”⏎这故事说明，对于那些预定要做不公正的事情的人，正当的辩解也无效力。,伊索寓言·周作人译,
狼与逃进神殿的小羊,,伊索,狼追赶一只小羊，羊逃进一个神殿里去了。⏎狼叫那小羊，说假如祭司抓住了他，将要把他祭献给神了。⏎小羊答道：“在我宁愿祭献给神，比给你吃了好。”⏎这故事说明，在被判定要死的人，以可得名的死为佳。,伊索寓言·周作人译,
狼与老婆子,,伊索,饥饿的狼四周行走，找寻吃食。到了一处地方，他听见有小孩在啼哭，一个老婆子对他说道：“止住你的啼哭吧，假如不呢，我就立刻把你给了那狼了。”⏎狼以为那老婆子是说真话，站着等了好多工夫。但是到了晚上，他又听见老婆子哄那小孩，对他说道：“那狼若是走进来，好孩子，我就杀了他。”⏎狼听了这话，跑了，说道：“在这家里，是这么地说，又是那么地做的。”⏎这故事是说那些人，他们做的事与他们的话是不一样的。,伊索寓言·周作人译,
狼与鹭鸶,,伊索,狼吞下了一块骨头，到处行走，寻找给他医治的人。⏎他遇见了鹭鸶（lùsī），请他取出骨头来，给他报酬。他把自己的头伸到狼的喉里去，拔出了骨头，要求那约定的酬金。⏎狼回答道：“喂，伙计，你从狼的嘴里平安无事地拿出头来，还不高兴，却要来讨酬金么？”⏎这故事说明，从坏人得来的善行的报酬，就只是没有受到他们的不正的行为而已。,伊索寓言·周作人译,
狼与马,,伊索,狼走过一处田地，发现有些大麦。可是不能作为他自己的食料，他便撇下走开了。⏎他遇见了一匹马，领了他到田地里来，说他发现了大麦，自己不吃，给他看守着，很高兴听他的（吃食时）牙齿的声音。⏎那马回答道：“喂，朋友，假如狼能用大麦做食料，你就未必舍了胃而取耳朵了吧。”⏎这故事说明，那些本性坏的人，即使报告最有用的消息，也不为人所信用。,伊索寓言·周作人译,
狼与狗,,伊索,狼看见一只戴着项圈的大狗，问道：“谁拴住了你，养得你这样好的呢？”⏎他说道：“是那猎人。可是不希望我的朋友狼受到这个，因为那圈的重量叫人肚饥哩。”⏎这故事说明，人在不幸之中不会肚饱的。,伊索寓言·周作人译,
狼与狮子,,伊索,有一回，狼从羊群中抢了一只羊，要拿到他的窝里去。狮子遇着了他，把那羊拿走了。⏎狼远远地站着，说道：“你不正当地抢了我的东西。”⏎那狮子笑着说道：“那么，你是正当地为朋友所赠送的么？”⏎这故事说，窃贼和强盗在一点失败之中便互相非难。,伊索寓言·周作人译,
狼与驴子,,伊索,有狼成了其余的狼的首领，给大家制定法律，各自猎得的东西都要集中，分作一样的股份，分配给各人，那么其余缺食的狼也可以不互相吃食。⏎一头驴子走来，摆着鬃毛说道：“从狼的头里倒出来了好意思呀。可是为什么你把昨天猎得的东西藏到你窝里去的呢？把那个来集中，一起分吧。”⏎狼被说穿了，把那法律也废弃了。⏎这是说，那些被人看作公正地制定法律的人，却并不遵守他所制定并用以裁判事情的那法律。,伊索寓言·周作人译,
狼与牧人,,伊索,狼跟随着羊群，一点不做坏事。那牧人当初也当作敌人警戒着他，害怕地用心看着。⏎可是那狼老是跟着走，一点都不想抢掠，那时牧人当他不是敌人，却是一个守卫了。后来有事须得往城里去走一趟，他便把羊留下交给那狼，径自去了。⏎狼得到这机会，就去攻击羊群，杀死了大多数的羊。⏎那牧人回来，看见羊群被杀了的时候，说道：“我真是活该，因为为什么我把羊去托了狼的呢？”⏎这样地，有些人在贪婪的人那里存放东西，那么这失掉了正是当然的。,伊索寓言·周作人译,
饱了的狼与羊,,伊索,有狼吃食已经饱了，看见一只羊倒在地上，他以为这是因为怕惧他所以瘫倒了，便走去鼓励他，说只要他对自己说三句真话，他就可以饶了他。⏎羊开始说话，第一是他希望不要遇着他的，第二是若是做不到，希望他是瞎了眼的，第三呢，他说：“愿那些恶狼都得到恶死，因为并不受我们什么害，却是凶恶地来害我们。”⏎那狼认为他的话没有虚假，便放免了他。⏎这故事说明，真实常常在敌人上面也有力量。,伊索寓言·周作人译,
受伤的狼与羊,,伊索,有狼被狗所咬，伤势很重，倒在那里不能去给自己弄食物来。⏎他看见一只羊，请他去从旁边流着的河里替自己拿一点水来，他说：“因为若是你给我一点水，我将去给自己找寻食物来。”⏎那羊回答他道：“假如我给了你喝的水，那么你就将用我作为食料吧。”⏎这故事适用于那用了伪善来引诱人的作恶的人。,伊索寓言·周作人译,
灯,,伊索,灯为橄榄油所醉，发出光辉，自己得意，以为比太阳还要光明得多。一阵风吹来，立即被吹熄了。⏎有人来再给点上，对他说道：“灯呵，照着，沉默着吧！那星的光是永不会灭的。”⏎这是说，人不可因了人生的名声与荣誉而成为盲目，因为所有得来的东西都是外物。,伊索寓言·周作人译,
卜人,,伊索,卜人坐在市场里，聚敛钱财。忽然有人走到他那里来，报告说他的家里门已打开，里边一切的东西都被搬走了，他大为惊骇，跳了起来，悲叹着走回家去，察看情形去了。⏎在场的人见了说道：“喂，朋友，你宣称能预知别人的事情，却没有预先占卜出自己的事么？”⏎这故事适用于那些人，治理自己的生活虽是拙笨，却想去预知没有关系的那些事情。,伊索寓言·周作人译,
蜜蜂与宙斯,,伊索,蜜蜂吝（lìn）惜自己的蜜给人，来到宙斯面前，请求给他那么的力量，可以用针把那走近他的蜂窝来的人刺死。⏎宙斯为了他的恶意很是生气，便给他这样安排，只要刺了人一回，那针就断了，因此也就失了他的生命。⏎这故事适用于忍受自己的损害的恶意的人。,伊索寓言·周作人译,
养蜜蜂的人,,伊索,有人走进养蜜蜂的人家里去，那人不在，便将蜜蜂和蜜房拿走了。养蜜蜂的人回来，看见那蜂箱空了，站着正在寻找。⏎那些采花回来的蜜蜂看见了他，都用针来刺他，刺得他很是厉害。⏎那人对他们说道：“啊，坏东西！你们放过那偷你们蜜排的人不加惩罚，却是那么厉害地来刺关心你们的我么。”⏎这样地，有些人因为愚蠢无知，并不防备敌人，却排斥他们的友人，以为是仇敌。,伊索寓言·周作人译,
道士们,,伊索,道士们有一头驴子，向来习惯叫他驮着器具走路。⏎有一回，驴子因疲劳而死了，他们把他剥了皮，用这皮做了一面鼓，就用着它。⏎别的有些道士遇见了他们，问那驴子哪里去了，他们说那是死了，可是现今那么地挨着打，这是他活着时所决受不了的。⏎这样地，有些家人即使除了奴籍，可是免不掉奴役的支配的。,伊索寓言·周作人译,
老鼠与黄鼠狼,,伊索,老鼠与黄鼠狼交战。老鼠老是打败，他们聚在一处（会议），觉悟因为没有统率所以遭此失败，于是举手选举了几个老鼠做他们的将帅。⏎他们想要使得自己显得与众不同，做了些角，装在自己的头上。⏎战事开始，老鼠又都打败了。所有别的老鼠很容易地跑进洞里去躲了，那些将帅因了他们的角不能进去，都被捉住，吃了下去了。⏎这样地，对于许多的人，虚荣为不幸的原因。,伊索寓言·周作人译,
苍蝇,,伊索,苍蝇掉落在盛肉的瓦锅里，在将要被肉汤所淹死的时候，对他自己说道：“我已经吃了、喝了、洗过澡了，即使死了我也不怨。”⏎这故事说明，人们容易忍受那死，若是这并无痛苦地到来。,伊索寓言·周作人译,
苍蝇们,,伊索,在一个堆房里有蜜流出来，好些苍蝇飞去吃，因为那食物太是甜美，不肯走开。⏎可是他们的脚给粘住了，再也飞不起来，在将要窒息时说道：“不幸的我们，因了短的快乐而灭亡了。”⏎这样地，对于许多的人，贪婪是许多祸事的原因。,伊索寓言·周作人译,
蚂蚁,,伊索,古时候蚂蚁本来是人。他专门种地，不满足于自己劳动的所得，却是很歆羡地看着别人的东西，老是把邻人们的果实偷了来。⏎宙斯因了他的贪得很是生气，把他变成了这动物，就是现今叫作蚂蚁的。⏎但是他的形体虽然变了，性质却是不变，因为直到现在他还在别人的田地上行走，收集小麦和大麦，自己储蓄起来。⏎这故事说明，那种本性恶的人，即使很受到惩罚，性格也不会改变。,伊索寓言·周作人译,
蚂蚁与蜣螂,,伊索,夏天的时候，蚂蚁在田地里走，搜集小麦和大麦，给自己积蓄冬天用的食物。⏎蜣螂看见他那么勤劳，很是奇怪，在现在别的动物都停止工作，萧闲过活的时候，他却在劳作么。那时蚂蚁一声也不响。⏎后来冬天来了，牛粪给大雨冲掉了，蜣螂肚饿，走到蚂蚁那里，请求分给一点吃食。⏎蚂蚁对他说道：“喂，蜣螂，假如那时我在劳作，你来批评我的时候你也做工，现在你就不会缺少食物了。”⏎这样地，在景况好时不预先考虑将来的事情的人，在时节改变的时候会遇到很大的不幸。,伊索寓言·周作人译,
蚂蚁与鸽子,,伊索,蚂蚁渴了，走到水泉去，被水流所冲走，将要淹死了。有鸽子看见了他，折了一根树枝，抛在水泉里，蚂蚁爬在上面，救了性命。⏎其后，一个捕鸟的人走来，把粘竿接续起来，想要捕那鸽子。蚂蚁见了这件事，便在那捕鸟的人的脚上咬了一口。那人痛了，将粘竿抛下，那鸽子就立即逃走了。⏎这故事说明，人应该对于恩人报他的恩。,伊索寓言·周作人译,
田野的老鼠与城市的老鼠,,伊索,田野的老鼠爱了一个在人家的老鼠。⏎那家鼠被他的朋友所邀，⏎赶快往乡间赴宴去了。⏎他吃着大麦与谷子，说道：⏎“朋友，你知道，你过的蚂蚁的生活，⏎可是我那里好东西多得很，⏎同我一起去，享受那些吧！”⏎他们两个急速走去了。⏎家鼠给他看豆和谷子，⏎还有红枣、干酪、蜂蜜、果子。⏎那野鼠出惊，大为称赞，⏎还怨怼自己的运命。⏎他们正想开始吃食，⏎立即有人打开了门。⏎那些懦怯的听了声响害怕，⏎老鼠们都钻进了窟窿。⏎等到再来想拿干酪的时候，⏎别人又来拿什么屋里的东西。⏎他们一看见了他，⏎跳起躲到咬成的洞里。⏎那野鼠也不顾饥饿，⏎叹息着对别个说：⏎“朋友，再见吧，请你尽量地吃，⏎宽心地享受这些，⏎还带着危险和许多恐惧。⏎我这可怜的还是去啃大麦和谷子，⏎平安地，不为人所疑地生活着。”⏎这故事说明，简单而平稳地生活着，比为恐怖所苦而享乐为佳。,伊索寓言·周作人译,
老鼠与虾蟆,,伊索,陆地的老鼠不幸为虾蟆所爱。那虾蟆很拙笨地想把老鼠的脚缚在自己的脚上。⏎最初他在地面上走，吃那谷子，可是走近池塘边沿的时候，虾蟆把老鼠带到了池底里，他自己在水里嬉戏，呱呱地叫。⏎那可怜的老鼠喝饱了水，却是死了，浮在水面，而他的脚还是和虾蟆的缚在一起。⏎有鹞子看见了他，抓在脚爪里，那虾蟆一同缚着也跟了来，他也成为鹞子的吃食了。⏎这是说，人就是成了死尸，也有报复的力量，因为神的正义监视着一切，公平衡量了，平均地分配。,伊索寓言·周作人译,
难船的人与海,,伊索,难船的人被卷上海岸，因了疲劳而睡着了。但是不久随即起立，看着那海，责备他说，用了他外观的平静引诱人们，及至将他们接收到了的时候，就变成凶暴，把他毁灭了。⏎海成为一个女人，对他说道：“喂，朋友，你不要责备我，只责备那风吧！因为我在本性上原是如你现在看见我的那样的，只是他们忽然袭过来，发起波浪，使我变成凶暴了。”⏎因此我们关于坏事，若是做这事的人是隶属于别人的，不当责备他，而应责备那命令他的人。,伊索寓言·周作人译,
青年们与屠夫,,伊索,两个青年在一家店里买肉。那屠夫忙着做事，一个人偷了一块肉，把这肉放在别一个的怀中。⏎屠夫回过头来，找寻这肉，责备他们，那偷的人立誓说没有拿，那拿的说没有偷。屠夫看出他们的狡计，说道：“即使我不知道你们的伪誓，神明不会得不知道的。”⏎这故事说明，伪誓的不敬是一样的，即使它骗过了人。,伊索寓言·周作人译,
小鹿与鹿,,伊索,有一回，小鹿对鹿说道：“父亲，你比狗更大，也跑得更快，防卫上又有好大的角，那么为什么这样地怕他的呢？”⏎他笑着说道：“我儿，你这都说得对，可是我只知道一件事，在我听见了狗的叫声的时候，我不知怎的总非立刻逃走不可了。”⏎这故事说明，对于本性懦怯的人，激励毫无力量。,伊索寓言·周作人译,
年青的浪子与燕子,,伊索,年青的浪子把祖产都吃尽了，只剩下他的一件外衣，他看见有一只燕子在节气之前已来到，以为春天已来，不再要这外衣了，便拿去卖了。⏎后来寒气袭来，非常寒冷，那人徘徊着，看见那燕子冻死的尸体，对他说道：“喂，朋友，你把你和我都毁灭了。”⏎这故事说明，一切违反时机所做的事皆有危险。,伊索寓言·周作人译,
病人与医生,,伊索,有人生病，医生问他怎么样，他说出汗很多在必要以上。医生说：“这很好。”⏎第二次问他怎么样时，他说发抖，抖得非常厉害。医生说：“这也很好。”⏎第三次医生又来问他病状的时候，他说现在下起痢（lì）来了。医生说：“这也好的。”就走去了。⏎有一个亲戚走来看他，问他怎样，他对他说道：“我就因那很好而死吧。”⏎这样地，有好些人，在他自己正是极难受的事，旁人凭了外面的观察，反以此认为他是幸福。,伊索寓言·周作人译,
蝙蝠与木莓与鸬鹚,,伊索,蝙蝠与木莓与鸬鹚（lúcí）结成同伙，决定经商为生。⏎于是蝙蝠借了钱来，作为公共资本，木莓带了他自己的衣服，第三个鸬鹚带了赤铜，航海出发了。⏎风暴很大，那船翻了，他们损失了一切东西，漂上岸来救了性命。⏎自此以后，鸬鹚总是停在海岸上，看那海有没有把铜抛了上来；蝙蝠怕那债主，白天不敢出现，只在夜间出来觅食；木莓则在找寻衣服，把走过的人的衣服抓住，看是不是他自己的。⏎这故事说明，我们执着于事物，后来终为所囚。,伊索寓言·周作人译,
蝙蝠与黄鼠狼,,伊索,蝙蝠落在地上，为黄鼠狼所捕，将要被杀，他请求饶命。黄鼠狼说他不能放他，因为生来他是与鸟类为敌。蝙蝠说并不是鸟，却是老鼠，因此被放免了。后来他又落了下来，为别个黄鼠狼所捕获，他请求不要吃他。黄鼠狼说他恨所有的鼠类，他说并非老鼠，乃是蝙蝠，又得放走了。⏎这样地，蝙蝠有两次变改了他的名字，救了性命。⏎这故事说明，我们不可永久不变，知道那些善能适应时机的常能免于危险。,伊索寓言·周作人译,
树木与橄榄树,,伊索,树木出去选举他们的国王，对橄榄树说道：“请你做我们的王吧。”⏎橄榄树对他们说道：“我抛弃了神与人所称赞的我的膏油，却去统治树木么！”⏎树木于是对无花果树说道：“请你来做我们的王吧。”⏎无花果树对他们说道：“我拋弃了我的甘味和我的佳果，却去统治树木么！”⏎树木去对荆棘说道：“请你来做我们的王吧。”⏎荆棘乃对树木说道：“假如你们真是给我涂油，作为你们的王，你们来这里受我的保护，否则火会得从荆棘丛中出来，把黎巴嫩的香柏树都烧光的！”,伊索寓言·周作人译,
樵夫与赫尔墨斯,,伊索,有人在河边砍树，把他自己的斧头失落在河里了。他没有办法，坐在堤上哭了。⏎赫尔墨斯知道了这原因，可怜那人，没到河里去，拿出一把金的斧子来，问他这是所失的那个么。他说这不是的。他再下去，拿出一把银的上来。他说这也不是他自己的。赫尔墨斯第三次下去，拿来他那自己的斧子。他说这真是所失掉的自己的那一把了。赫尔墨斯很称赏他的正直，便把这些都给了他了。⏎他回到同伴那里，把那事件详细地告诉了他们。其中有一个人想要照样地去做，走到河边去，把自己的大斧故意抛到河流里，哭着坐在那里。⏎赫尔墨斯出现在他面前，问了他悲叹的原因，没下去同样地拿出金的大斧来，问是不是他所丢失的。⏎那人高兴地说道：“呀，真的这是的！”但神明憎恶他这样的卑鄙，不但收回那把金的，就是他自己的也不给他了。⏎这故事说明，正如神援正直的人一样，神反对那不正直的。,伊索寓言·周作人译,
旅人与熊,,伊索,两个朋友同走着一条路。一只熊在他们面前出现，一个率先爬上了一棵树，躲在那里，又一个几乎将要被捉住了，倒在地上，假装死人。⏎那熊走近他去，用鼻子嗅了一回，他忍住了他的呼吸，因为据说那动物是不触死尸的。⏎熊走去了之后，那个人从树上下了来，问他熊在他耳朵边说些什么话。⏎他答说道：“他说，以后不要同那在危险时不在旁边的朋友一起走路吧。”⏎这故事说明，灾难给证明友人的真实。,伊索寓言·周作人译,
旅人与大鸦,,伊索,有些人因事走着路，遇见了一只大鸦，瞎了一只眼睛的。大家回过头去看他，有人劝大家回去，因为这显示一种预兆。⏎有别一个说道：“他怎么能预言将来的事给我们呢？他自己的瞎眼还不能预先知道了加以防止哩！”⏎这样地，那些对于自己的事没有思虑的人，也就没有忠告旁人的资格。,伊索寓言·周作人译,
旅人与斧头,,伊索,两个人走着同一条道路。一个人发现了一把斧头，别一个说道：“我们找到了。”⏎那人劝他不要说“我们找到了”，还是就说“我找到了”吧。⏎不久那失斧头的人追着了他们，那拿斧子的人被他要了回去，对同行的人说道：“我们失掉了。”⏎那人说道：“你不要说‘我们失掉了’，还是说‘我失掉了’吧!因为在发现那斧子的时候，我没有将它作为共有的东西呀。”⏎这故事说明，那些在幸运上不与人同享的，在灾难中不会是忠实的友人。,伊索寓言·周作人译,
旅人与阔叶树,,伊索,旅人们在夏季中午时候，因了暑热而疲倦极了，看见了一株阔叶树，走到他的底下，在树荫里躺下休息。⏎他们仰视阔叶树，互相说道，这于人没有什么益处，这树是不结实的。⏎树答说道：“啊，忘恩的人们！你们现在享受着我的恩惠，却说我是无用的，不结实的么！”⏎这样地，那些人很是不幸，他们施惠于旁人，却不被他们信为是有用的。,伊索寓言·周作人译,
旅人与木材,,伊索,旅人们在海边走路，来到一处高地。他们在那里看见有木材远远地浮着，以为是一只大海船。因此他们等着，想要搭乘这船。⏎可是在那木材被风吹着，来得更近的时候，他们觉得这不是海船了，看去却是一只商船吧。⏎但是等它给浪打到了岸上，他们看出这乃是一根木材，互相说道：“我们为这无聊的东西白等了一场！”⏎这故事说明，有些人在没有被人看到之前觉得是可怕的人物，及至经过试验，却看出来是毫无价值的了。,伊索寓言·周作人译,
旅人与真理,,伊索,有人在荒僻地方走路，看见一个女人独自站着，眼向着下，他问她道：“你是谁呀？”⏎她说道：“我是真理。”⏎他问道：“为什么你离开了城市，住在这荒僻的地方呢？”⏎她答道：“在古时候，虚诳（kuáng）只在少数人那里，可是现在你无论想听什么或是说什么，这在一切人那里都已有了。”⏎这是说，在虚诳比较真理更为人所选取的时候，那生活对于人是很恶而且苦痛的。,伊索寓言·周作人译,
旅人与赫尔墨斯,,伊索,旅人走了很长的路，立誓说若是拾到什么东西，当以一半献给赫尔墨斯。⏎他遇着一只里边放着杏仁与干枣的皮袋，以为是银子，拿了起来。但是从袋里倒了出来，发现了内容的时候，他拿来吃了，抓起那杏仁的壳和枣子的核，把它放在一个祭坛上，说道：“赫尔墨斯，请你拿去我所许的愿心吧！因为我现在把我所找到的东西的里边与外边都分送给你了。”⏎这故事适用于那爱钱的，因了贪得用巧言欺骗神明的人。,伊索寓言·周作人译,
旅人与时运,,伊索,旅人走了许多路，疲倦极了，到了一个井边就睡着了。⏎这样地，几乎将落到井里去的时候，时运的女神出现，叫醒他来说道：“喂，朋友，假如你掉了下去，你将不说自己的疏忽，却要责备我了。”⏎这样地，许多人因了自己遇着不幸，却去责备神们。,伊索寓言·周作人译,
驴子们求宙斯,,伊索,有一回，驴子们因了通年负重劳作，甚以为苦，派了代表去宙斯那里，请求减除他们的若干痛苦。⏎宙斯想要指示给他们这是不可能的，便说要他们撒尿成了河的时候，他们才能免于那些苦难。他们却把宙斯的话信以为真，直至现今他们一看见别的撒尿，便都在那里围着撒起尿来了。⏎这故事说明，各人的定命是无可挽救的。,伊索寓言·周作人译,
买驴子的人,,伊索,有人买了驴子，想要拿去试验一下。他把他带到自己的驴马那里，叫他站在马槽前面。⏎那驴子离开了别的，却去站在一只懒惰而贪吃的驴子旁边。那人也不做别的事，便套上辔头，拉他到主人那里还了他。⏎主人问，那样的试验是靠得住的么，那人答道：“我并不要什么试验，因为我明白，他从所有的中间选取的一个就是和他一样的。”⏎这故事说明，一个人常被看作和他所喜交往的友人是一样的。,伊索寓言·周作人译,
野驴与家驴,,伊索,野驴在一处阳光很好的地方看见了家驴，走来庆贺他，因为他身体的壮健，食料丰美。⏎但是后来看见他负重，驴夫跟在后面，用棍棒打他，那野驴说道：“我现在不说你幸福了，因为我看出来，你是不遭逢很大的苦恼便得不到那享受的。”⏎这样地，伴着危险与苦辛得来的利益是不足羡慕的。,伊索寓言·周作人译,
运盐的驴子,,伊索,驴子背了盐渡过一条河。他滑了一下，跌倒在水里，那盐溶化了，他站了起来时轻了许多。⏎这件事使得他很高兴，后来有一回，他背了海绵走到一处河边的时候，以为再跌倒了，可以比从前更轻地站起来，便故意地一滑。可是那海绵吸收了水，他不能再站起来，便淹死在那里了。⏎这样地，有些人因了他自己的策略，不知不觉地陷于灾难。,伊索寓言·周作人译,
运神像的驴子,,伊索,有人把神像放在驴子背上，赶进城市里来。那些遇见的人对着神像礼拜，那驴子以为是在礼拜他，摆起架子来，大声叫唤，再也不肯前进。⏎那驴夫看见了这情形，用棍棒打他，说道：“喂，这浑东西，人来礼拜驴子，那还早得很哩！”⏎这故事说明，那些用了别人的财富来夸示的人们，为知道他的人所看见，却招到笑话。,伊索寓言·周作人译,
披了狮子皮的驴子与狐狸,,伊索,驴子披了狮子的皮到处行走，去吓唬那些无理性的动物。他看见了狐狸，想去吓他一下。⏎那狐狸适值听见过他的叫声，便对驴子说道：“真的，我也要害怕了，假如我不曾听过你的叫声。”⏎这样地，有些无教养的人，凭了他的外表看去像是个人物，却因他自己的饶舌而暴露出来了。,伊索寓言·周作人译,
说马幸福的驴子,,伊索,驴子说马幸福，因为很丰富而用心地被饲养着，他自己连糠屑还不够吃，要做非常辛苦的工作。⏎可是在战事发生的时候，武装的兵士骑在马上，赶着他各处奔跑，而且又冲进敌人中间去，那马被打击，倒下来了。驴子见了这些事，他变改了意见，觉得马是可怜了。⏎这故事说明，人不可羡慕有权者与富人，但当知悉他们所受的嫉妒与危险，以贫穷为满足。,伊索寓言·周作人译,
驴子与公鸡与狮子,,伊索,有一回，公鸡同驴子一起过着生活。狮子来攻那驴子，公鸡叫了起来，那狮子据说是怕公鸡的啼声的，就逃跑了。⏎驴子以为是因为他而逃走的，立即跑去追那狮子。他追得远一点，到了公鸡的声音达不到的那里，狮子回过来，把他吃了。⏎驴子将死时叫道：“我真不幸，也是愚蠢，因为我并不是将门之子，为什么缘故来参加战事的呢？”⏎这故事说明，有许多人去攻击那故意地卑下的敌人，这样地为他们所灭亡了。,伊索寓言·周作人译,
驴子与狐狸与狮子,,伊索,驴子与狐狸互相联合，出去打猎。有狮子遇见了他们，那狐狸看到危险临头，走到狮子前面去，应许把驴子交给他，假如他许可免于危险。⏎狮子说可以放免他，那狐狸便引了驴子去，叫他掉了一个陷坑里。那狮子看见驴子不能再逃走，先抓住了狐狸，随后再去对付驴子。⏎这样地，那些背叛同伴的人，常常不知不觉地把自己也一起灭亡了。,伊索寓言·周作人译,
驴子与虾蟆,,伊索,驴子背了木料走过池塘去，他滑了一下，跌倒了，不能站起来，悲号叹息。⏎那些在池塘里的虾蟆听见了他的悲叹，说道：“喂，朋友，你倒了一会儿就这么悲叹，假如像我们一样地在这里过那些时光，那么你将怎么办呢？”⏎这故事适用于那些柔弱的人，他容易受得更多的劳苦，却对于很少的劳苦不能忍受。,伊索寓言·周作人译,
平均担负的驴与骡,,伊索,驴子同骡子在一起走路。那驴子看见两边的担负是同样的，很是生气，诉说不平，骡子被认为该给双倍食料，却不背负着比自己更多的重量。⏎但是他们走了一程之后，驴夫看见那驴子有点背不动了，便拿了他所负的一部分，放在骡子上面。⏎他们再走下去的时候，他看他更是疲乏了，再取了一部分货物，直到后来他把全部拿开，都加在骡子身上了。⏎那时骡子回顾那驴子说道：“喂，朋友，你现在不觉得我被认为该给双倍食料是公平的么？”⏎我们不当只看开始，却当看了结末，去判断各人的性质。,伊索寓言·周作人译,
驴子与种园人,,伊索,驴子在种园人那里服役，吃得很少，劳作又很多，请求宙斯从种园人那里放免了，卖给别的主人。⏎宙斯听了他的请求，叫把他卖给一个陶工。他还是受不了，比以前背的东西更多，要搬运那粘土以及陶器。⏎他再请求要换一个主人，卖给了一个鞣（róu）皮匠人。这回他落在比以前更坏的主人手里，他看见了他所做的事情，叹息说道：“我真是不幸呵！要留在以前的那些主人那里就要好得多了。现在我看，这人大概还要鞣我的皮哩。”⏎这故事说明，家人们在试了第二个主人的时候，总非常思慕以前的主人们。,伊索寓言·周作人译,
驴子与大鸦与狼,,伊索,有驴子背上负了伤，在一处牧场上吃草。大鸦坐在他的背上，啄他的创伤，那驴子负痛大叫，跳了起来。⏎驴夫远远地站着，在那里发笑。有狼走过看见了，对他自己说道：“我们真是倒霉，只要看他一眼，就要被追赶，他们走近去却只是笑笑罢了。”⏎这故事说明，那些做坏事的人，从他们的容貌上一看就可明了。,伊索寓言·周作人译,
驴子与小狗（或云狗与主人）,,伊索,一个人有马耳他狗和驴子，驴子常同狗一起游戏。⏎有一回，那人在外边吃饭，给他拿来什么东西，狗走来摇尾巴，他丢给他吃了。⏎驴子很是歆羡，跑来跳了起来，踢了主人一脚。他大为生气，打了他一顿，叫牵了去拴在马槽旁边。⏎这故事说明，人不是生成适于一切事情的。,伊索寓言·周作人译,
驴子与狗一同走路,,伊索,驴子与狗一同走着路。他们在地上发现有一通封好的信，驴子拿起来，撕开封缄（jiān），展开了读着，叫狗可以听得到。他说这信里说及喂料、干草、大麦以及糠屑呢。⏎那狗听着驴子念这些话，很不舒服，终于对他说道：“好朋友，读下去，看有没有发现关于肉和骨头的。”⏎驴子把那信全部念完了，可是没有发现狗所想要的东西，那狗就说道：“扔在地上吧，朋友，这全是没有意思的东西呀。”,伊索寓言·周作人译,
驴子与驴夫,,伊索,驴子被驴夫赶着，在路上走了一会儿之后，离开平坦的直路，向险峭的道路走去。他将要滑下悬崖去了，驴夫拔住了他的尾巴，想要拉他上来。⏎可是那驴子极力挣扎，驴夫便放了他，说道：“让你胜利去吧，你得了胜，也是个惨胜。”⏎这故事适用于好竞争的人。,伊索寓言·周作人译,
驴子与蝉,,伊索,驴子听见蝉在歌唱，很是喜欢，自己想要这美音，便问他们吃些什么发出这样的声音来。⏎他们答道：“吃露水。”⏎驴子在等着露水，却饥饿而死了。⏎这样地，有些人希望着违反本性的事，既不能达到，还遇着极大的不幸。,伊索寓言·周作人译,
当作狮子的驴子,,伊索,驴子披着狮子的皮，被大家当作狮子，人也逃了，羊群也逃了。⏎可是一阵风吹来，那皮被揭去，驴子成了裸体，这时候，大家便都跑来，用了木片和棍棒打他。⏎这是说，贫穷的平常人不可学富人的样子，那时不会被人所笑，或入于危险，因为别人的事物不适于自己。,伊索寓言·周作人译,
吃刺树的驴子与狐狸,,伊索,驴子吃那有尖的刺树叶子，⏎狐狸看见了，讥笑他说道：⏎“怎么地用了这柔软宽缓的舌头，⏎去啃嚼（jué）那粗硬的吃食的呢？”⏎这故事是说那些从他的舌尖放出那粗硬而危险的话来的人们。,伊索寓言·周作人译,
假装跛脚的驴子与狼,,伊索,驴子在一个牧场上吃草，看见有狼向他攻来，他假装跛脚的样子。⏎狼走到他面前，问他跛脚的缘故。他说走过一个篱笆，踏着了刺，请他先把那刺拔掉了，随后再吃他，免得吃的时候要鲠（gěng）喉。⏎狼信了他的话，拿起他的脚来，正在把全心注在蹄子上面，驴子用脚踢在他嘴上，把牙齿都踢掉了。⏎狼被害得好苦，说道：“我却是活该，因为我的父亲教了我做屠户的本事，为什么我要来做医生呢？”⏎这样地，有些人做那不是本分的事的，当然要遇到不幸。,伊索寓言·周作人译,
捕鸟人与野鸽与家鸽,,伊索,捕鸟人装下了网，拴上几只家鸽，随后他自己远远地站着，看守着这事件的进行。⏎有些野鸽飞到家鸽那里去，被兜在网上了，他跑去预备捉住他们。野鸽责备家鸽，说同他们原是同族，却不把这狡计预先告知他们。⏎那家鸽回答说道：“但是我们要守护主人比照顾自己的亲族还重要呀。”⏎这样地，有些家人未可责备，他们为了对于自己的主人的爱，却违背了对于自己亲族的情谊了。,伊索寓言·周作人译,
捕鸟人与冠雀,,伊索,捕鸟人装了弶，预备捉鸟。有冠雀远远看见，问他在做什么事。⏎他说是在建造城市，于是他走得更远一点，躲了起来。那冠雀信了那人的话，走进网里去，被捉住了。⏎捕鸟人跑来的时候，他说道：“喂，朋友，假如你建造这样的城市，那么你找不到多少住民的吧。”⏎这故事说明，在上的人严酷的时候，人们都弃舍了家与城市。,伊索寓言·周作人译,
捕鸟人与鹳,,伊索,捕鸟人张了捕鹤的网，远远地看守着那结果。一只鹳（guàn）同了些鹤一同落在上头，那人跑来将他连鹤一起捉住了。⏎鹳请求放免了他，说他于人不但无害，而且有益，因为他捕食蛇和别的虫豸（zhì）。⏎那捕鸟人回答道：“即使你并不是什么坏人，但是你既然同恶人们在一起，即此也就应当受到惩罚了。”⏎因此我们应当避免恶人的交际，免得自己也被认为与他们的恶事有关系。,伊索寓言·周作人译,
捕鸟人与竹鸡,,伊索,捕鸟人因为客人来得很晚，没有东西款待他，走到驯养的竹鸡那里，想要杀他。⏎竹鸡责备他忘恩负义，自己曾叫了许多同类来交给了他，从他得了好多利益，现在却要来杀他了。⏎那人说道：“因此更应该杀你，因为你对于同类也不顾惜呀。”⏎这故事说明，那些背叛亲族的人不但为其所卖的，而且还为其所投的人所憎恨。,伊索寓言·周作人译,
母鸡与燕子,,伊索,母鸡找到一个蛇的卵，很用心地孵它，在温暖足了之后给它啄开蛋壳。⏎有燕子看见她，说道：“呵，傻子，你为什么养育它呢？它长大起来，还不是对你首先做坏事么！”⏎这样地，恶性不能驯服，即使非常地施惠于它。,伊索寓言·周作人译,
生金蛋的鸡,,伊索,一人有母鸡，产生美丽的金蛋。⏎他以为在她肚里有金块，把她杀了，却只见她同别的母鸡是一样的。他希望得到大宗的财富，却把微小的利益也失掉了。⏎这是说，人应满足于现有的东西，避免无厌的贪欲。,伊索寓言·周作人译,
蛇的尾巴与其他部分,,伊索,有一回，蛇的尾巴主张由他领导，在先头走路。那些别的部分说道：“你没有眼睛鼻子，怎么引导我们，像别的动物那样？”⏎可是他们不能说服他，随后那理性也败给他了。那尾巴就来指挥领导，拖了那全身盲目地跑，终于掉进一个石洞里，把蛇的背脊和全身都打坏了。⏎尾巴摇摆着来请求那头，说道：“主妇，请救救我们吧，我争的意气真是太无聊了！”⏎这故事是说那些狡猾而坏的，反对他们主人的人。,伊索寓言·周作人译,
蛇与黄鼠狼与老鼠,,伊索,蛇与黄鼠狼在一个人家里打仗。住在那里的老鼠平常被这两方面所吃，现在看见他们在打仗，便出来行走。⏎他们一见了老鼠，便停住了互相的战争，向他们扑过来了。⏎这样地，关于国事，那些自己投入民众领袖的党争的人，不知不觉地成为两方面的牺牲。,伊索寓言·周作人译,
蛇与蟹,,伊索,蛇与蟹同在一处过日子。蟹对蛇总是直爽和善地相处，那蛇却是阴险而且恶性的。⏎蟹时常劝告他对自己要直爽一点，要学学自己的性格，可是他不肯听。⏎因此他生了气，乘蛇睡着的时候，夹断他的喉管，把他杀了，看着他挺在那里，说道：“喂，你这家伙，现在死了你也用不着直爽了，但是在我劝你的那时候若是如此，那么你就不至于被杀了。”⏎这故事适用于那些人，在他生时对于他的友人做些坏事，在他死后却留下了好事的。,伊索寓言·周作人译,
被踏的蛇与宙斯,,伊索,有一条蛇被许多人所踏，便把这件事告诉了宙斯。⏎宙斯对他说道：“假如你咬了那第一个踏你的人，那么不会有第二个人来这样做了。”⏎这故事说明，抵抗第一个来攻击者的人为别人所畏惧。,伊索寓言·周作人译,
吃了胙肉的小孩,,伊索,牧人们在野间祭献用了一只山羊，招集近地的人来共享。他们中间有一个贫穷的女人，同着她的一个小孩。⏎宴享正在进行，那小孩的胃因了肉在发胀，他苦痛着说道：“啊，母亲，胙（zuò）肉我要吐了。”⏎他母亲说道：“孩子，那不是你的，但是你所吃下去的罢了。”⏎这故事是说那些欠债的人，很随便地拿了别人的东西，在被讨还的时候，却这么苦闷，好像是把自己的东西给人了。,伊索寓言·周作人译,
捉蚱蜢的小孩与蝎子,,伊索,有小孩在城墙前面捉蚱蜢。他捉了许多，看见一个蝎子，以为是蚱蜢，窝了两手，要去捉他。⏎那蝎子举起他的刺来，说道：“来吧，假如这样做，你将连捉了的蚱蜢都失掉了呢。”⏎这故事教示人不应与善人恶人同样地交际。,伊索寓言·周作人译,
小孩与大鸦,,伊索,有女人给她自己的一个还不会开口的小孩算命，那卜人预言他将被大鸦所杀死。⏎她因此很害怕，定做了一个很大的箱子，把他放在里边看守着，以免为大鸦所杀。她总在一定的时间打开箱子，给他适宜的食料。⏎有一回，她正开了箱盖给予饮料，那小孩不经意地向外探看。恰巧那箱子上的鸦嘴搭扣落在小孩的囟（xìn）门上面，就把他磕死了。,伊索寓言·周作人译,
小孩与画的狮子,,伊索,胆小的老年人有一个小孩，勇敢而且专爱打猎，在梦里他看见他被狮子所杀死了。⏎他怕这梦会得是正梦，要成为事实，定造了一所非常讲究的悬空的房屋，叫儿子住在那里，看守起来。⏎那屋里为美观起见画了各样的动物，其中也画着狮子的形状。但是那儿子看了这些，愈看愈是烦恼。⏎有一回，他站在狮子近旁，说道：“喂，你这坏东西，为了你和我父亲的妖梦，我才被幽闭在这种女牢里的，现在我要怎么样对付你！”⏎这样说着，他用他的手打那墙壁，像是要打瞎那狮子似的。⏎一个刺插到他指爪里去，发出了剧痛以及发炎到了鼠蹊（qī）部。此外发了火烧似的壮热，便把小孩的生命更快地拿走了。⏎那狮子原是画的，却也杀死了他，他父亲的心计什么都没有用。⏎这是说，什么人有事情要遇着，要勇敢地承受它，不要用什么心计，因为那是无可避免的。,伊索寓言·周作人译,
作贼的小孩与母亲,,伊索,一个小孩从书房里偷了同学的写字板，拿到他母亲那里去。她不但不责罚，还很称赞他。⏎第二回他偷了外衣，拿来给她。但是她比以前更是夸奖他。⏎时光过去，他成了少年的时候，他就打算去偷更大的东西了。⏎有一次，他被当场捉住，反缚了两臂，被牵到刽子手那里去。那母亲跟在他后面，捶胸悲叹，他便说想要对她在耳朵边说一句话，她走近他去，那儿子咬住她的耳朵，就一口咬下来了。⏎她骂他不孝，犯了罪还不够，又把母亲都残害了。那人说道：“假如我初次偷了写字板拿去给你的那时候，你打了我，那我何至于增长起来，被牵去就死呢！”⏎这故事说明，起初不惩戒，将更益增大。,伊索寓言·周作人译,
洗澡的小孩,,伊索,有一回，一个小孩在河里洗澡，几乎快要淹死了。看见有人过路，他便叫他救命。⏎可是那人责备小孩，说是疏忽。那少年对他说道：“但是请现在救了我，救了命之后再责备吧。”⏎这故事是说那些供给自己以被苛待的机缘的人。,伊索寓言·周作人译,
寄存物件的人与赌咒神,,伊索,有人寄存了友人的物件，想将它吞没了。在他被那友人叫去赌咒的时候，他很不安地走到野外去。⏎他走到城门口，看见有一个跛脚的人出去，便问他是谁，到哪里去呢？那人答说他是赌咒神霍尔科斯，现在到那些不敬的人那里去。⏎他又问平常要经过多少年再到城里来呢？他答说道：“隔四十年，有时候是三十年。”⏎那人于是毫不迟疑地到次日去赌咒，说他不曾收存那些东西。⏎可是他忽然遇见了那赌咒神，在被他牵了到绝壁上去的时候，他责备他当初对了自己说要过三十年再来，现在却连一天的宽免都不肯给。⏎他回答说道：“但是你要明白，只要有人恼了我，我就是当天也会得回来的。”⏎这故事说明，对于不敬的人们的神罚是不定时的。,伊索寓言·周作人译,
父亲与女儿们,,伊索,一个人有两个女儿，其中一个嫁给种园人，别一个嫁给了陶工。⏎经过了些时光，他去到嫁种园人的那女儿的地方，问她景况如何，他们的事情怎么样。她说一切都很不错，只是这一件事须得请求神明，就是要天气转坏下雨，可以浇灌那些蔬菜。⏎不久之后，他去看那嫁陶工的女儿，问她景况如何。她说别的没有什么不足的地方，只祷告这一件事，要晴天和好太阳长久继续，使得陶器可以干燥。⏎那人对她说道：“假如你希望好天气，你的姊妹又希望坏天气，那么我帮哪一边祷告好呢？”⏎这样地，那些同时着手于不同的事业的人，当然两方面都要失败。,伊索寓言·周作人译,
竹鸡与人,,伊索,有人捉到一只竹鸡，将要杀他。他请求放免，说道：“请饶我的命吧，那么我将去给你捉许多竹鸡来替代我。”⏎那人说道：“因此我更要把你杀了，因为你想要陷害你的亲戚朋友哩。”⏎这是说，用了狡计去害友人的人，自己将陷于危险埋伏之中。,伊索寓言·周作人译,
口渴的鸽子,,伊索,鸽子为渴所逼迫，看见画板上画着一个水瓶，以为那是真的。⏎他呼呼地飞下去，不知不觉地把自己撞在画板上，折断了翅膀，落在地上，给适值在场的一个人捉住了。⏎这样地，有些人因了猛烈的欲望，无远见地着手于事业，不知不觉地自入于灭亡。,伊索寓言·周作人译,
鸽子与大鸦,,伊索,有鸽子饲养在一处鸽子窠里，自夸生子很多。⏎大鸦听见了她的话，说道：“喂，朋友，停止你的夸口吧，因为你如生得多，你就也要叹息奴役的增多了。”⏎这样地，在家人中间，奴役中生子女的是最不幸的事。,伊索寓言·周作人译,
两只袋,,伊索,普罗米修斯制造了人，又给他们挂上了两只袋，一只内装别人的恶事，一只装自己的，他把那别人的挂在前面，别一只则挂在后面。因此人们远远地就看见别人的恶事，自己的却是看不见。⏎这故事适合于那些多事的人，关于自己的事全瞎了眼，却对于无关系的人的事情要去多管的。,伊索寓言·周作人译,
猴子与渔人,,伊索,有猴子坐在高树上，见渔人们撒网到一条河里，注意看他们的动作。随后他们放下那网，暂时走开吃饭去了。⏎猴子便从树上下来，想要模仿他们，因为据说这种动物是善于学样的。但是他一拿了网，就被兜住了，看看即将溺死了。⏎猴子对他自己说道：“我真是活该，因为我没有学打鱼，为什么去搞这事呢？”⏎这故事说明，着手于不相适的事情，不但无益，而且有害。,伊索寓言·周作人译,
猴子与海豚,,伊索,航海的人习惯带着马耳他狗和猴子，以供旅行中的消遣。有航海者在他身边带了一只猴子。⏎他们到了阿提卡的海岬苏尼恩的时候，起了很大的风暴。那船翻了，大家都泅水渡海，那猴子也游泳着。有海豚看见了他，以为他是一个人，便去钻在他底下，支住他送往陆地去。⏎来到雅典海港比雷埃夫斯的时候，他问那猴子是不是雅典人。他答说是的，而且他的祖先是那里有名的人。又问他知道那比雷埃夫斯么，那猴子以为他所说的也是个人，所以答说那是他非常要好的亲友呢。⏎海豚因了他这样的谎话很生气，把他沉到水里去淹死了。⏎这故事是说那些不知道真实而想要骗人的人。,伊索寓言·周作人译,
猴子与骆驼,,伊索,在那无理性的动物的集会里，猴子站起来跳舞，非常得到大家的称赞和喝采。⏎那骆驼觉得妒忌，也想能够得到这种待遇。因此他站了起来，自己要来跳舞，可是他做出了些怪相，动物都生了气，用棍棒打他，将他赶出去了。⏎这故事适用于那些因了妒忌去与优胜的人争竞的人。,伊索寓言·周作人译,
猴子的小孩,,伊索,据说猴子生了两个小孩的时候，她只爱所生的一个，用心抚养，别一个却是憎恨，不去管他。⏎可是因了什么神的定命，那为母亲所喜爱，用心抚养，紧抱在怀的被窒息死了，那个被疏忽的却得以安全长大。⏎这故事说明，运命比一切考虑更强。,伊索寓言·周作人译,
航海者,,伊索,有些人乘船去航海。他们到洋面上的时候，恰值起了非常的风暴，那船几乎沉没了。⏎航海者的一个人撕碎衣服，大声悲叹，呼吁本国诸神，如得救助，必当还愿。风暴停止了，回复了平时的平静，大家得免于意外的危险，大开宴会，舞蹈跳跃起来。⏎舵工是个切实的人，对他们说道：“朋友们，我们应当这样地髙兴，因为说不定风暴还会再来的。”⏎这故事教示人要知道时运善变，不可因好运而太得意了。,伊索寓言·周作人译,
富人与鞣皮匠,,伊索,有富人住在鞣皮匠的近旁，但是他受不了那臭气，因此屡次逼迫他，叫他迁移。可是那人说过几时就搬家，始终拖延下去。⏎这样的事情不断地发生，后来时光过去了，那富人对于臭气已经习惯，也就不再来麻烦他了。⏎这故事说明，习惯能使不适意的事缓和了。,伊索寓言·周作人译,
富人与哭女,,伊索,富人有两个女儿，一个死了，雇了些哭女来。那别一个女儿对她的母亲说道：“我们真是不幸，原是我们有丧事，却不知道挽歌，她们无关系的人却是这样地捶胸号哭哩。”⏎她回答道：“孩儿，你不要惊奇，看她们这样悲哀地哭着，因为她们是为了金钱而做的呀。”⏎这样地，有些人为了爱钱不惜去担受别人的灾难。,伊索寓言·周作人译,
牧人与海,,伊索,有牧人在与海相近的地方牧他的羊群，看那海很平静，想要航海去做生意。于是他把那羊都卖掉了，买了些枣子便出发了。⏎起了很厉害的风暴，那船几乎要沉下去了，他把所载的东西都抛下海里去，那只空船才算免了危难。⏎这之后过了不少时候，有人走过那里，适值海很平静，看了很是惊奇。那牧人对他说道：“好朋友，这可见那海又在想要枣子了，因此他才显得那么地静呀。”⏎这故事说明，患难于人即是学问。,伊索寓言·周作人译,
牧人与抚弄羊的狗,,伊索,牧人有一只很大的狗，平常有死的小羊和羊，总丢给他去吃。⏎有一回，那羊群进了圈，牧人看见那狗走近羊那边去抚弄他们，他说道：“喂，你这家伙，对于他们你所希望的事要落在你的头上才好哩！”⏎这故事适用于谄媚的人。,伊索寓言·周作人译,
牧人与小狼,,伊索,牧人找到了几个小狼，很是用心地养育他们，心想长大了的时候不但可以看守自己的羊，还可以去偷了别人的拿来给他。⏎可是那些狼一长大了，便等好机会首先起手来害他的羊群。⏎他知道了这事的时候，叹气说道：“我正是活该，这些东西长大时都应该杀死的，我为什么在他小时候反要救他呢？”⏎这样地，那些救助了恶人的人，不知不觉地即是增长了那首先要来害他的力量。,伊索寓言·周作人译,
牧人与同狗一起养着的狼,,伊索,牧人找到一个幼小的狼子，拿来同他的那些狗一起养着。在他长大了的时候，假如有狼来拖羊，他便同了狗一起去追赶。⏎那些狗有时不能追上那狼，因此回了转来，他却还是跟随前去，直至赶上了，自己算作一只狼，分到了获物的一份，这才回来。⏎有时没有狼来拖羊，他就偷偷地来杀一只，与那些狗一同分享，直到后来为牧人所觉察，看到他的行为，把他挂在树上吊死了。⏎这故事说明，恶的本性不能变成正直的性格。,伊索寓言·周作人译,
牧人与狼子,,伊索,牧人找到小狼，养育着他，在成为狼子的时候，教他去偷盗近地人家的羊。⏎可是狼受了教，说道：“你养成了我抢夺的习惯，请你要看好你自己的羊不要太缺少了。”⏎这是说，那些本性坏的人学会了抢夺与贪得，常要伤害那教他的人。,伊索寓言·周作人译,
牧人与羊,,伊索,牧人把他的羊赶到一个栎树林里，看见一棵大栎树满长着橡斗，便摊下他的外衣，爬上树去，摇落那果实下来。⏎那些羊来吃这些橡斗，不知不觉把那外衣也吃掉了。牧人下得树来，看见了这事，说道：“这些坏东西，你们给别人羊毛做衣服穿，却把我这养你们的人的外衣给拿走了。”⏎这样地，有许多人因了他们的无知，善待别无关系的人，对于自己的人却做出无聊的事。,伊索寓言·周作人译,
引狼入圈的牧人与狗,,伊索,牧人引了羊群进圈里去，⏎几乎把狼和他们关在一起了，⏎若不是狗看见了对他说道：⏎“为什么你心想救这群的羊，⏎却要把这狼和羊群一起引进去的呢？”⏎这是说，与恶人同居是招致很大的祸害与死亡的一个原因。,伊索寓言·周作人译,
儿戏的牧人,,伊索,有牧人把他的羊赶到离村很远的地方去，时常玩这样的把戏，他大声叫村人来救，说有狼来袭他的羊群了。⏎有两三回，村里的人都大惊，跳了出来，随即笑了走回去。⏎可是末了真是有狼来了。那些狼屠杀羊群，牧人对那村人呼号求救，他们却以为他是在照例闹着玩，并不理他，于是他把他的羊群就都失掉了。⏎这故事说明，说谎话的人所得到的，就只是即使说了真话也没有人相信。,伊索寓言·周作人译,
战争与横暴,,伊索,一切的神灵各自拈阄都结了婚了。战争之神恰是末尾的一个阄，一方面他所看到的也只有横暴女神了，他很爱她，就娶了她。无论到什么地方他总跟着她走。⏎这是说，无论城邦或是民族之间，凡是横暴先进去的地方，战争随即跟来。,伊索寓言·周作人译,
河水与皮,,伊索,河看见有牛皮在自己的中间流着，问道：“你叫什么？”⏎他答道：“我叫硬生。”⏎河用水流拍着他，说道：“你还是去找个别的名字叫吧，因为我就将把你做软了。”⏎这是说，大胆傲慢的人常为生活的不幸所打倒。,伊索寓言·周作人译,
剪毛的羊,,伊索,一只羊被人很拙劣地剪毛，对那剪毛的人说道：“若是你要羊毛，请你剪高一点儿，假如想要肉呢，那么把我整个地宰了，免去这零零碎碎的苦痛吧！”⏎这故事适用于那些拙劣地使用他们技术的人。,伊索寓言·周作人译,
普罗米修斯与人,,伊索,普罗米修斯奉了宙斯的命令，制造人和动物。可是宙斯看见那无理性的动物过于多了，又叫他毁去动物的一部分，改做人类。⏎他照着命令做了，因此有些本来并不是人的东西改造过来，有了人的形体，却是动物的心灵。⏎这故事适用于粗笨而兽性的人。,伊索寓言·周作人译,
蔷薇与老少年,,伊索,生在蔷薇旁边的老少年说道：“你是多么美的花呀，为神与人所爱好，我庆贺你有那美色和香气。”⏎蔷薇答道：“老少年呵，我只生存一个短时间，就是没有人摘我，也要萎谢了，你却是永久开着花，生活着，这样地年青。”⏎这是说，少量满足，长久存在，比较奢侈少时，遭遇不幸的转变，或至死亡者，更为优胜。,伊索寓言·周作人译,
石榴与苹果与橄榄与木莓,,伊索,石榴、苹果、橄榄各树争论果实的好坏。在争辩很激烈的时候，木莓从近旁的篱边看见了，说道：“朋友们，我们停止争斗吧！”⏎这样地，在优胜的人竞争的旁边，本无价值的人想要出来表示是一个人物。,伊索寓言·周作人译,
号兵,,伊索,"有号兵正在吹号召集军队，为敌人所捕获，他大叫道：“各位，请不要无缘无故地杀我，因为我不曾杀害你们,除了这铜器以外我也没有携带别的东西。”⏎但是他们对他说道：“因此你更应当死了，你自己不能打仗，可是你唤起一切的人来打仗。”⏎这故事说明，那些唤起恶而凶残的权力者使之作恶的人，更将多得惩罚。",伊索寓言·周作人译,
地鼠与母亲,,伊索,地鼠据说这是瞎眼的动物，对他的母亲说他能看见。她要试他，给了他一片乳香，问这是什么。⏎他说这是石子，她说道：“啊，我的儿，你不但失掉了视觉，连你的嗅觉也丢掉了。”⏎这样地，那些说大话的人答应下了不可能的事，却在那些很小的事情上面显露出来了。,伊索寓言·周作人译,
野猪与狐狸,,伊索,野猪站在树旁磨他的牙齿，狐狸问他为什么没有猎人或危险逼近了他，却磨那牙齿呢。⏎他说道：“我这么做不是没有理由的，因为假如危险落到我的身上，那时没有磨的工夫了，那么我就可以使用现成的东西呀。”⏎这故事教训人应该在危险未起时先作准备。,伊索寓言·周作人译,
野猪与马与猎人,,伊索,野猪与马在同一地方吃草，野猪时常弄坏青草，把水搅浑了。⏎马想要对他报复，便去请求猎人做他的帮手。⏎他说不能帮助他，除非他肯套上辔头，让他坐在背上，这一切马都承受了。⏎猎人骑在他身上，打败了野猪，随后把马牵去，拴在马槽边了。⏎这样地，有许多人因了无理的愤怒，想要报复敌人，把自己投在别人的轭下了。,伊索寓言·周作人译,
猪与狗互相骂,,伊索,猪与狗互相嘲骂。猪凭了阿弗洛狄忒立誓，要用了牙齿把那狗撕裂了。⏎狗对他嘲弄地说道：“你凭了阿弗洛狄忒立誓正是很好的，因为很明了地你是最为她所爱，她是断然不许尝了你不净的肉的人进入庙堂里去的呀。”⏎那猪答道：“正是因此那女神爱我的事更为明显了，因为她完全拒绝那些杀我或是别的害我的人们，可是你呢，却总是恶臭，不管活的或是死的。”⏎这故事说明，聪明的辩士将敌人的非难巧妙地转变成为赞词。,伊索寓言·周作人译,
黄蜂与竹鸡与农夫,,伊索,黄蜂与竹鸡为口渴所逼，走到农夫那里请求水喝，应许对于那水给予还报，竹鸡在葡萄园掘地，黄蜂们团团巡行，用针刺驱逐窃盗。⏎农夫说道：“可是我有两头牛，他们不曾应许什么，却给做一切的事，因此，把给你们的东西给了他们，岂不更好么！”⏎这故事是说那腐败的人，应许做有用的事，却是大有损害。,伊索寓言·周作人译,
黄蜂与蛇,,伊索,黄蜂坐在蛇的头上，不断地用针刺他，使他受苦。⏎蛇痛得很，却不能报复敌人，便把头放在车轮子底下，这样地和那黄蜂一同死掉了。⏎这故事说明，有些人情愿与敌人同死。,伊索寓言·周作人译,
公牛与野山羊,,伊索,公牛为狮子所追，逃进一个山洞去，里边住着些野山羊。⏎公牛为他们所打所触，对他们说道：“我忍耐着并不是怕你们，只是怕那站在门口的东西。”⏎这样地，有许多人因了对于优者的恐怖，只可忍受劣者的横暴。,伊索寓言·周作人译,
孔雀与鹤,,伊索,孔雀嘲笑鹤，批评他的颜色，说道：“我穿着金紫，你在翅膀上也没有一点美的彩色。”⏎鹤说道：“可是我在星星的近处鸣叫，高飞到天空中去，你呢，却同公鸡一般，只在底下同些家禽走着罢了。”⏎这是说，着了粗服，为人所敬仰，胜于那毫无声闻，只以富有自夸的生活。,伊索寓言·周作人译,
孔雀与燕乌,,伊索,鸟类商量选举国王，孔雀因了他的美丽要求选他为王。⏎那些鸟正在打算这么办的时候，燕乌说道：“可是你做了王的时候，假如鹰来追赶我们，你怎样保护我们呢？”⏎这故事说明，那些预先看到将来的危险，在受难之前加以警戒的人，是无可非难的。,伊索寓言·周作人译,
蝉与狐狸,,伊索,蝉在一株高树上吟唱。狐狸想要吃他，用了这样一个计策。⏎他站在面前，赞美他的美音，劝他下来，说他想要一看是怎样的动物发出这样的声音来。⏎蝉感到了他的埋伏，摘了点树叶子抛了下来。狐狸以为是蝉，跑上前去。⏎蝉说道：“喂，伙计，你以为我下来了，那就错了。我自从在狐狸的粪里见到了蝉的翅膀之后，从此对于狐狸就很是警戒了。”⏎这是说，邻人的灾难使有思想的人更是聪明。,伊索寓言·周作人译,
蝉与蚂蚁,,伊索,在冬天时候，蚂蚁晒晾湿的谷子。蝉饿了，问他们请求吃食。⏎蚂蚁问他道：“为什么在夏天你不去收集食物的呢？”⏎蝉答道：“没有工夫哩，那时是美妙地唱歌。”⏎蚂蚁笑着说道：“你若是夏天吹着箫，那么冬天就去跳舞吧。”⏎这故事说明，人对于一切事情不可疏忽，以免遇到苦难与危险。,伊索寓言·周作人译,
墙壁与楔子,,伊索,墙壁被用了楔子猛烈地打坏，叫道：“你为什么打坏我？我什么坏事都没有做！”⏎他说道：“这原因并不是我，却是在后面狠狠地打我的那人呀。”,伊索寓言·周作人译,
弓手与狮子,,伊索,有一个熟练的弓手往山里去打猎。一切动物都逃走了，只有狮子前去对他挑战。⏎那人放出一箭去，射中了狮子，说道：“你看，我的使者怎么样，现在我自己去找你去。”⏎狮子受了伤，想要逃走。狐狸激励他，叫他不必逃走。⏎狮子说道：“你不要来骗我了，因为他有这么痛的使者，若是他自己来找我，那我怎么办呢？”⏎这是说，人应该起初就预想到末了的事，随后计划自己的安全。,伊索寓言·周作人译,
母山羊与葡萄树,,伊索,在葡萄树长芽的时候，母山羊吃那嫩芽。⏎葡萄树对她说道：“你为什么伤害我呢？不是因为没有青草了吧？可是还是一样地，在你要宰了去祭献的时候，我将供给人们所需用的那些酒。”⏎这故事是说那忘恩而图谋夺取友人的东西的人。,伊索寓言·周作人译,
鬣狗,,伊索,那鬣（liè）狗据说每年变换他们的本性，有时成为雄的，有时又成为雌的。⏎有一回，一头雄的鬣狗对了雌鬣狗做违反本性的举动。她说道：“喂，伙计，你这样地做吧，要知道你不久也将受到这个的。”⏎对于那在位的人，居于次位的如受到什么不正当的事时，可以适当地说这话。,伊索寓言·周作人译,
鬣狗与狐狸,,伊索,那鬣狗据说每年变换他们的本性，有时成为雄的，有时成为雌的。⏎有鬣狗看见狐狸，责备他说，他想要和他做朋友，却不肯近前来。⏎狐狸答道：“你不要责备我，还是责备你的本性吧，因为那个缘故，我不知道当你女朋友好呢，还是当男朋友好。”⏎这是说那暧昧不明的人。,伊索寓言·周作人译,
猪与狗争论安产,,伊索,猪与狗争论谁是安产。那狗说在四脚动物中间，只有她生产得快。⏎猪答说道：“但是你要知道，这随时表明，你生的乃是瞎眼的。”⏎这故事说明，判定事物，不在于速而在于完全。,伊索寓言·周作人译,
秃头的骑手,,伊索,有一个秃头的人，在他自己的头上装了假发，骑着马跑。一阵风吹来，带走了那假发，旁边站着的人都大声哄笑。⏎那人停住了奔跑，说道：“这有什么奇怪，本来不是我的头发从我这里逃走了，那岂不是把他一同生下来的旧主人也抛弃了么？”⏎这是说，对于到来的灾难不可苦恼，因为不是生下来时自然所有的东西，便不能留存，因为我们是裸体而来，也是裸体而去。,伊索寓言·周作人译,
爱钱的人,,伊索,有一个爱钱的人，把他的资产全部都换了钱，做成金块，埋在一处地方。在那里他将自己的魂灵和心也一起埋下去了。他每天走去看他那宝藏。⏎一个工人留心看他，知道了这些事情，掘出那金块来拿了去了。这之后那人走来，看见那地方已空了，开始悲叹，拔他的头发。⏎有人看见他这样地悲叹，知道了这原因，说道：“喂，朋友，你不要这么丧气，因为你虽是有，却并不曾真有那金子。你去拿块石头来替代金子放着，心想那是你的金子就好了。那么这对于你也便有了同样的效用，因为由我看来，就是在你有那金子的时候，你也不曾有什么用处呀。”⏎这故事说明，所有物如不使用即是无用。,伊索寓言·周作人译,
铁匠与小狗,,伊索,铁匠有一只狗，在他打铁的时候，那狗睡着，但是吃饭时候便来到他的旁边。⏎他丢给他一块骨头，说道：“你这可怜的，老是渴睡。我敲那铁砧（zhēn）的时候，你睡着觉，一到我动着牙齿，你立即醒过来了。”⏎这故事是说那渴睡而懒惰，靠别人的辛劳而养活的人。,伊索寓言·周作人译,
冬天与春天,,伊索,冬天嘲笑春天，责备他说，他一出现没有人再安静了，有人却走到原野山林里去，喜欢去摘花和百合，或是蔷薇，拿在眼前玩弄，或是插在头发上，有的乘了船，如有机会，便渡海到别国的人那边去，而且他们全不顾虑什么风以及从骤雨来的大水。⏎他又说道：“我呢，像是一个元首和独裁君主，我命令他们不是向天，乃是向底下，向地去看，叫他们恐怖战抖，强迫他们满足地只在家里度日。”⏎春天说道：“正因为如此，人们所以很高兴离开你。但是我呢，在他们看来，就是那名字也是美的，而且凭了宙斯说吧，那是一切名字中之最美的。因此，我去了也被他们所记忆，出现时也为他们所欢喜。”,伊索寓言·周作人译,
燕子与龙,,伊索,在法院里造着窝的燕子飞出去了。龙（大蛇）爬了进去，把她的雏鸟都吃了。⏎燕子回来看见那窝空了，很是苦痛悲叹。别的燕子想要劝慰她，说不只是她遇着丢掉子女的事情。⏎她回答道：“我这样号叫并不是为那子女，却是为的在这受害的人得到救助的地方，我却是受了害。”⏎这故事说明，从最不曾预料到的地方发生的灾难，使受者更感到苦痛。,伊索寓言·周作人译,
燕子与大鸦争论美丽,,伊索,燕子与大鸦争论关于美丽的事。⏎大鸦对燕子说道：“但是你的美在春天时节发出来，我的身体却是冬天也可以支持的。”⏎这故事说明，身体的经久比美丽更好。,伊索寓言·周作人译,
燕子与鸟类,,伊索,在寄生木刚发生的时候，燕子感到了对于飞鸟迫近的危险。⏎她召集一切鸟类，劝告他们第一要紧去从那寄主的栎树把它砍下来。假如他们不能这样做，便逃到人类那里去，请求他不要用了那寄生木的力量来捕捉他们。⏎他们笑那燕子，说是她说乱话。她便走了去，请求人类的保护。人们因为她的聪明许可了她的请求，把她算作同居的人。⏎这样地，其余鸟类都被人类猎取作为食品，只有燕子算是避难者，在人们自己的家里毫无忧虑地造她的窝。⏎这故事说明，那些预先见到将来的事情的人当然能避免危险。,伊索寓言·周作人译,
说大话的燕子与大鸦,,伊索,燕子对大鸦说道：“我是处女，是雅典人，是公主，是雅典王的女儿。”⏎接下去她又说忒瑞俄斯的事，他的强暴，和割她舌头的事。⏎大鸦说道：“你割去了还是那么饶舌。假如你有舌头，那么更将怎么样呢？”⏎这是说，那些夸大的人，在说着谎话中间，将自己暴露出来了。,伊索寓言·周作人译,
乌龟与鹰,,伊索,乌龟要鹰教他飞。鹰劝告他，这在他本性上是不成的。⏎但是他老是请求催逼。于是鹰把他抓在爪里，带到空中，再将他放了。乌龟落在岩石上，砸碎了事。⏎这故事说明，许多人喜欢竞争，不听聪明人的话，伤害了自己。,伊索寓言·周作人译,
乌龟与兔,,伊索,乌龟与兔争论谁跑得快。于是他们规定了比赛的日期，约定了地点。⏎那时兔因了自己天生的速力，不注意跑路，却在路旁躺下，就睡着了。乌龟知道自己走得慢，略不停留地往前跑，这样地在睡着的兔的旁边走过，得到了胜利的奖品。⏎这故事说明，天生才力如或疏忽，常为辛苦努力所胜。,伊索寓言·周作人译,
鹅与鹤,,伊索,鹅与鹤同在一处原野吃食。猎人们忽然出现，那身轻的鹤飞去了。鹅因为身体沉重，逗留着，都被捉去了。⏎这样地，在人世间，一个城市里战事起来的时候，那些穷人便于迁移，很容易地离开城市，走到别的城市避难，分享自由。富人们则因为他们的财产太多，留着不去，常被捉为奴隶。,伊索寓言·周作人译,
两个锅,,伊索,河水带了一个瓦锅和一个铜锅流着。⏎那瓦锅对铜锅说道：“请你离开我游泳，不要靠近来。因为你如碰着我，我就碎了，即使我并不想要碰你。”⏎这是说，在贪婪的国王的近地住着的穷人的生活是很不平安的。,伊索寓言·周作人译,
鹦鹉与猫,,伊索,有人买了一只鹦鹉，带回家去饲养着。这鹦鹉驯熟了，跳上灶去坐在那里，很高兴地叫唤着。⏎猫看见了他，问他是谁，是从哪里来的。⏎他答道：“主人刚才买了我来的。”⏎猫说道：“那么你大胆的动物，才来就这么地叫喊，我是家生的，主人还不准我这样。假如有时这么做了，他会得生气，要赶我出去的。”⏎鹦鹉回答道：“好太太，你还是外边去散步吧。主人们对于我的声音，还没有像对于你的那么讨厌呀。”⏎这故事适用于那些对于别人永久想加上什么非难的恶评家。,伊索寓言·周作人译,
跳蚤与运动家,,伊索,有一回，跳蚤跳来，定在生病的运动家的脚底上，跳跃着咬他。⏎那人很生了气，准备好了指甲，要掐死那跳蚤。可是他凭了天生的力量，一跳就逃去了，得免于死。⏎那人叹气说道：“啊，赫拉克勒斯呀！假如对于跳蚤你是这样地帮助了我，那么对于那些敌手你将怎样地给我帮助呢？”⏎这故事教训我们，不要对于微小的没有危险的事情便即去求助于神，但是在更重大的必要时才可求助。,伊索寓言·周作人译,
跳蚤与人,,伊索,有一回，跳蚤很使得一个人吃苦。⏎他抓住了，说道：“你是什么，⏎那么乱七八糟地叮我，⏎咬得我体无完肤？”⏎跳蚤答道：“我们是这样生活的，请不要杀我。⏎因为我不能做出大的坏事。”⏎那人笑着对他说道：⏎“你就得死在我的手里。⏎因为一切的恶不管大或小，⏎都绝对不许在什么地方生长。”⏎这故事说明，恶人是不值得怜悯的，不论是大或是小。,伊索寓言·周作人译,
跳蚤与牛,,伊索,跳蚤有一回这样地问牛道：⏎“你为什么整天给人们服役？⏎个儿那么大又是勇敢。⏎像我还要不客气地撕他的肉，⏎大口地喝他的血呢！”⏎牛说道：“我对人们决不忘恩，⏎因为他们喜欢我，爱我，⏎常给我擦肩胛（jiǎ）和摩额角。”⏎跳蚤说道：“但是我那受不了。⏎你所高兴的那摩擦在我是顶坏的死，⏎若是一天抓住了我。”⏎这是说那夸口的人为极平凡的人所败。,伊索寓言·周作人译,
知了和蚂蚁,,拉封丹,知了高唱了⏎一夏天，⏎北风一送来秋凉，⏎她就闹了饥荒。⏎没有储存一点点⏎苍蝇或者虫肉干。⏎肚子饿得咕咕叫，⏎只好去找找⏎邻里蚂蚁嫂。⏎求她帮帮忙，⏎借点活命粮，⏎熬到明年下新粮。⏎“我会还的，”知了说道，⏎“八月之前，连本带利少不了，⏎我用动物的诚信来担保。”⏎蚂蚁有个小缺点：⏎助人借物不情愿。⏎“天热的时候你在干什么？”⏎蚂蚁问这个求借者。⏎“谁来我都给唱歌，⏎别见怪，不管白天与黑夜。”⏎“你总唱歌？那很好啊，⏎喏，现在你就跳舞吧。”,拉封丹寓言·李玉民译,
狐狸与乌鸦,,拉封丹,乌鸦老板栖在高树梢儿，⏎嘴叼一大块奶酪。⏎狐狸老板循香味来到树下⏎对他大致说了这番话：⏎“乌鸦先生，您好哇；⏎您真漂亮！我看您帅呆了！⏎实不相瞒，如有副好嗓儿⏎能同您那身羽毛相当，⏎您就称得上这林中的凤凰。”⏎闻听此言，乌鸦颇为不悦，⏎为了亮一亮他的好嗓儿，⏎大嘴一张，到嘴的美味便失落。⏎狐狸得了奶酪，又说道：⏎“老兄啊，千万记牢，⏎奉承者就靠爱听的人活着。⏎这一课完全值一块奶酪。”⏎乌鸦不禁满面羞惭，⏎他发誓再不受骗，可惜有点晚。,拉封丹寓言·李玉民译,
青蛙想要大如牛,,拉封丹,青蛙见一头公牛走到近前，⏎觉得他的个头儿好大。⏎而她小得可怜，大不过一只蛋，⏎她十分艳羡，要跟牛比个高下，⏎就伸展四肢，鼓气，⏎使尽全身解数，⏎还问另一只青蛙：“怎么样？⏎够了吗，妹妹？我还比不上？”⏎“还不行。”另一只青蛙回答。⏎“这样呢？”她又问道。⏎“根本比不上。”“这会儿又如何？”⏎“相差得没法儿说。”⏎可怜的小动物膨胀过度，⏎结果嘭的一声肚子胀破。⏎世上许多人不见得比这青蛙明智：⏎普通市民攀比大贵族，要建豪华府邸，⏎小小公国君主也往列国派大使，⏎区区侯爵却想有青年侍从。,拉封丹寓言·李玉民译,
两头骡子,,拉封丹,两头骡子赶路：一头驮着杂粮，⏎另一头则驮着盐税的银两。⏎驮税银的骡子得意忘形，⏎身负重任无论如何也不愿减轻。⏎他走路蹄子抬得高高，⏎颈上的铃铛也一晃三摇：⏎忽然撞上剪径的强人，⏎当即就要抢这税银。⏎一伙强盗扑来如狼似虎，⏎抓缰绳将驮银两的骡子拉住。⏎这头骡子还抵抗拼命，⏎感到身中数刀，疼得直呻吟。⏎于是他连声哀叹道：⏎“跟在后面的骡子见危险就逃跑，⏎而我落入魔掌却性命难保。”⏎“朋友啊，”他的伙伴回答，⏎“受重用不见得总有好结果，⏎如像我这样，⏎只给一个磨坊主干活，⏎你也不会受了重伤。”,拉封丹寓言·李玉民译,
狼与狗,,拉封丹,一条狼饿成了皮包骨，⏎只因家犬严严守住门户。⏎这条狼遇见一只大狗，⏎大狗不小心迷了路：⏎他又英俊又强壮，⏎又肥胖，皮毛又光亮。⏎狼真想袭击这只丧家犬，⏎恨不能将他撕成碎片。⏎但是这难免一场厮杀，⏎而牧犬个头儿又那么大，⏎肯定要奋力抵抗。⏎狼大人只好上前耍花腔，⏎低首下心地恭维几句，⏎说狗长得富态令他艳羡不已。⏎牧犬一听心下喜欢：⏎“尊敬的先生，要像我这样胖，⏎这完全取决于您的意愿；⏎离开树林吧，您会大不一样。⏎您的同胞在林中多悲惨，⏎又笨又懒，过着穷日子，⏎一个个全是穷光蛋，⏎那种生活只能等饿死。⏎只因毫无保障，没人供吃喝，⏎一切全得靠武力抢夺。⏎跟我走吧，您能过上美好生活。”⏎狼就问道：“让我干什么？”⏎狗回答：“几乎什么也不必干，⏎就是赶一赶拿棍子行乞的人，⏎迎合家里人，讨主人的欢心；⏎您也就能相应地拿到工钱，⏎也就是说吃到各种残羹剩饭：⏎小鸡骨头，还有鸽子骨头，⏎还不算能得到多少爱抚。”⏎狼已开始憧憬这种幸福生活，⏎激动得流下了眼泪，⏎行走间狼发现狗颈的毛全脱落，⏎就问他：“这是怎么回事？”⏎“没什么。”⏎“怎么就没什么？”⏎“这种事也不值一提。”⏎“那究竟是什么事？”⏎“您瞧见的这个部位，⏎也许是我戴的项圈磨的。”⏎“戴项圈？”狼又问道，⏎“您就不能随便跑？”⏎“不能总乱跑，可是这有什么关系？”⏎“关系大了，您所有那些饭食，⏎说什么我也不想要，⏎即使换取一件珍宝，⏎以这种代价我也不干。”⏎狼先生说罢撒腿就跑掉，⏎至今他还是一个流浪汉。,拉封丹寓言·李玉民译,
牛羊与狮子合伙,,拉封丹,从前有一个传说，⏎牛羊和狮子合伙。⏎一方有母牛和母山羊，⏎以及她们妹妹母绵羊，⏎一头骄傲的狮子为另一方：⏎他可是邻近的领主。⏎商量好赢利分享，⏎亏空则共同担负。⏎有一天山羊用网逮住一头鹿，⏎她随即将猎物交给伙伴。⏎大家到齐后，狮子屈爪一算：⏎“咱们四个分这猎物。”⏎于是鹿就分成了四份。⏎身为贵族，狮子拿了头一份，⏎他说道：“这应当归我，⏎理由嘛，只因我叫狮子。”⏎对此谁也无话可说。⏎“这第二份，凭权利还应归我：⏎这权利就是强权，⏎想必大家都懂得。⏎第三份非我莫属，既然我最勇敢。⏎这第四份你们谁敢动一动，⏎我当即就要她的命。”,拉封丹寓言·李玉民译,
褡裢,,拉封丹,朱庇特曾讲：“世上的生灵，⏎凡是不满意自己的外形，⏎都可以到本神脚下申诉，⏎但讲无妨不要发憷：⏎我会设法予以矫正。⏎猴子，您过来，头一个发言，⏎您有优先权，您看看⏎这些动物；以他们的相貌⏎同你们的相貌做个比较，⏎您感到满意吗？”⏎“我，为何不满意？”猴子回答，⏎“同其他动物一样，我不也有四条腿？⏎我的画像至今对我毫无责备。⏎按说，我的熊老哥，⏎别人刚刚给他画个轮廓；⏎但凡他能听我一劝，⏎他就绝不会让人画完。”⏎熊就这话题发了言，⏎大家都以为他准要抱怨。⏎其实不然，对自己的相貌⏎他倒是欣赏得不得了。⏎他转而评论起大象，⏎说他耳朵要减半，⏎说他尾巴要加长；⏎还说他极不雅观，⏎大块头儿没个形状。⏎大象听熊把话讲完，⏎他虽然堪称明智的榜样，⏎说出话来也是老调重弹：⏎他认为鲸鱼夫人太胖，⏎不符合他的审美观。⏎而蚂蚁夫人自认为是巨无霸，⏎觉得蛆虫小得可怜。⏎朱庇特见他们都自夸自大，⏎对本身又都那么满意，⏎就只好打发他们回家。⏎其实最狂妄无知的生灵里，⏎我们人类要数第一：⏎只因我们对别人⏎有副野猫的眼睛，⏎对自己目光就像鼹鼠。⏎我们对自己什么都能包容，⏎对别人却毫不宽恕。⏎我们对自己总另眼相看，⏎对别人则只有白眼。⏎创造万物的主宰⏎把我们每人创造成褡裢，⏎每个褡裢都有两个口袋：⏎我们人无论古时还是今天，⏎自己有错就丢进后袋里，⏎前袋专装别人的过失。,拉封丹寓言·李玉民译,
燕子和小鸟,,拉封丹,一只燕子经常旅行，⏎也就积累了许多见闻。⏎谁见识多谁就老练，⏎他连极小的风暴都能预见：⏎还未等风暴形成，⏎他就向水手报警。⏎一年正是播种大麻的季节，⏎燕子看见一个农民种田，⏎已经播种了好大一片。⏎他就对一群小鸟说道：⏎“我觉得这情况可不妙。要有大难，你们太可怜；⏎我无所谓，能远走高飞，⏎随便就能找个生活的空间。⏎在空中赶路的那只手，⏎难道你们没有看见？⏎那一天不会很远：⏎那只手播种的是你们的灾难。⏎长出来的大麻要将你们包围，⏎布满网罗你们无处飞；⏎还有各种机关陷阱，⏎在这个季节防不胜防，⏎不是把你们诱入牢笼，⏎就是夺走你们的小命。⏎你们要当心笼子和油锅！”⏎因此，燕子还继续往下说：⏎“快去把那些种子吃掉，⏎你们一定要相信我。”⏎小鸟听罢都纷纷嘲笑：⏎“田野里好吃的多得不得了。”⏎等大麻田长出一片青苗，⏎燕子又对那些小鸟说道：⏎“快去把那些青苗拔掉，⏎该死的种子要长成，⏎肯定要把你们断送。”⏎“灾难的预言家，真爱唠叨，⏎你给我们派的活可真好！⏎要清除这么一大片，⏎得需要我们上千只鸟儿。”⏎大麻尚未长熟还不太晚，⏎燕子又飞来再次规劝：⏎“这种长势看来很不妙，⏎坏种子总是成熟得早。⏎既然时至今日我的劝告，⏎一句你们也听不进去，⏎我还是希望你们能牢记：⏎你们一旦看到夏麦收割完，⏎田里又长出了新苗，⏎人们农闲无事可干，⏎就要开始捕捉小鸟儿；⏎你们一旦看见他们到处张网，⏎到处安放捕鸟器，⏎你们小鸟可就要遭殃，⏎千万不要再乱飞，⏎躲进窝里别出去；⏎再不然迁走换一换环境，⏎学那野鸭仙鹤与山鹬，⏎不过你们远飞还不行，⏎我们要飞越海洋和沙漠，⏎前往寻找另外的世界。⏎因此只有一种办法最保险，⏎你们全躲进墙洞里不露面。”⏎小鸟早已听得都不耐烦，⏎叽叽喳喳的闹声喧；⏎如同当年的特洛伊人，⏎可怜的卡姗德拉一开口，⏎他们就起哄议论纷纷。⏎但是谁也没有笑到最后，⏎特洛伊陷落而鸟入牢笼。⏎我们出于本能，⏎只倾听知近者的声音，⏎等待灾难降临，⏎我们才肯真正地相信。,拉封丹寓言·李玉民译,
城鼠与田鼠,,拉封丹,从前城里的老鼠⏎请来田鼠用餐，⏎招待很合礼数，⏎品尝残羹剩饭。⏎土耳其地毯上，⏎已经摆好餐具。⏎我让读者去想象⏎两位朋友的宴席。⏎佳肴特别丰盛，⏎美味一样不少，⏎吃得正在高兴，⏎突然有人来打扰。⏎就在客厅门口，⏎他们听见声响，⏎城鼠拔腿就走，⏎田鼠也紧紧跟上。⏎声响停止人走掉，⏎逃遁者又立刻露面，⏎城鼠对客人说道：⏎“快把烤肉吃完。”⏎“算了吧，”田鼠回答，⏎“不是夸口比高低，⏎明天还请到舍下，⏎您的国宴不稀奇；⏎我家绝无人出入，⏎从容用餐不用怕，⏎提心吊胆享口福，⏎这种乐趣见他鬼去吧！”,拉封丹寓言·李玉民译,
人和自己的形象,,拉封丹,——赠给德·拉罗什富科公爵⏎一个人爱自己无与伦比，⏎自认为是天下第一美男子。⏎他总指责镜子造假象，⏎他深陷谬误还得意扬扬。⏎命运之神特别热心，⏎为了给他除掉这病根，⏎就让他的目光移向哪里，⏎都能看见妇女用的哑顾问。⏎到处都有明亮的镜子，⏎在各家庭，在各商店，⏎在风流男子的兜里，⏎也系在女人的腰间。⏎我们的那喀索斯怎么办？⏎他要去什么地方躲藏，⏎想象中最隐蔽的地方，⏎只要别再看见明镜，⏎别在镜中看见形影。⏎不料就在这偏僻之地，⏎却有一眼清泉流成的沟渠，⏎他又在水中看到了自己，⏎顿时不由得心头火起，⏎他那双激怒的眼睛⏎以为看到怪诞的幻影。⏎他要离开可真费了力，⏎这水渠景色实在美。⏎大家都明白这故事的含义。⏎我要对所有人说：⏎这种极端的过错，⏎人人都喜欢维持。⏎我们的灵魂，正是这个自恋者；⏎那一面面镜正是⏎别人的愚蠢行为，⏎镜子，也忠实画出我们的过错。⏎至于那水渠，人人晓得，⏎就是那本《箴言集》。,拉封丹寓言·李玉民译,
多头龙和多尾龙,,拉封丹,史书记载土耳其苏丹的使者，⏎一天觐见德国皇帝，⏎炫耀大苏丹国力非德国可比。⏎一位德国大臣当即反驳：⏎“我们君主有众多藩国，⏎诸侯国都极强盛，⏎都能豢养一支大军。”⏎使臣将军何等智辩，⏎回答说：“百闻不如一见，⏎听说诸侯国能供应兵员，⏎这倒让我忆起一次险历，⏎说来离奇，但的确真实。⏎我在一个安全地点，猛然瞧见⏎一条百头恶龙，势欲穿过树篱。⏎我周身血液一阵冰凉，⏎恐怕谁见了都难免惊慌。⏎不过一场虚惊，毫发无损⏎怪兽休想袭我，找不见篱门。⏎我还在想着这场险情，⏎不料又出现一条猛龙，⏎只长一颗头，却有几条尾巴。⏎再次遇险，我好生害怕，⏎心中不免万分惊诧。⏎龙头先行，龙身跟进，⏎几条尾巴也一路畅通。⏎我敢断定这两种形象，⏎恰似您的皇上和我的君王。”,拉封丹寓言·李玉民译,
窃贼和驴,,拉封丹,两名窃贼偷来一头驴，⏎你想留他想卖话不投机，⏎话不投机动起手脚，⏎两条好汉打得正热闹，⏎又一贼趁火打劫，⏎将驴子先生牵跑。⏎驴子，有时就是个小公国，⏎窃贼，就是某某君主，⏎不管是在土耳其、匈牙利，⏎还是特兰西瓦尼地区。⏎我碰到的贼不止两个而是三个：⏎经常发生这类争夺，⏎要争夺的地方谁也没得手，⏎就闯来第四者，⏎当即把他们摆平，⏎独吞了战利品。,拉封丹寓言·李玉民译,
诸神保佑的西摩尼得斯,,拉封丹,有三种人物，可以尽情颂扬：⏎诸神、情妇和国王。⏎马莱伯也这么讲；这话算我一份，⏎这些格言永世流芳。⏎溢美之词就是爱抚，能赢得人心；⏎美人的青睐往往是甜言蜜语的报偿。⏎我们瞧瞧人神有时为此如何解囊。⏎西摩尼得斯想要赞美⏎就觉得这题目说起来毫无意思。⏎竞技手家里都是默默无闻的人，⏎父亲虽是好市民，却无别的功德：⏎内容既贫乏又细琐。⏎诗人先谈他的主人公，⏎能讲的话已搜罗一空，⏎便笔锋一转，借题发挥，⏎大谈卡斯托耳和波吕丢刻斯两英雄，⏎称赞两兄弟是光荣角斗士的榜样，⏎歌颂他们的赫赫战功，⏎描述他们扬名的战场。⏎结果全诗的三分之二，⏎都是对两位天神的赞美。⏎竞技手原答应的酬劳付了一塔兰金币，⏎一看这颂歌，就只付给诗人三分之一，⏎当面十分坦率地告知，⏎其余向孪生的天神讨去。⏎“你想满意就去找天神，⏎不过我也不会亏待您：⏎我在家中要大摆宴席，⏎邀请的宾客都精心挑选，⏎还请您光临，多多赏脸。”⏎西摩尼得斯接受邀请，也许他担心⏎不算酬劳，别再错过了颂扬的谢忱。⏎诗人赴宴。宾主开怀畅饮，⏎人人都那么欢颜喜幸。⏎一名仆人忽然跑来通禀：⏎门外两条汉子要见诗人。⏎诗人急忙离席看个究竟，⏎大伙照吃一口也不省。⏎来人正是诗人歌颂的孪生兄弟，⏎他们表示感激，送来诗篇的谢仪，⏎还警告诗人速速离开，⏎这户人家要遭倾覆之灾。⏎天神的预言果然灵验，⏎房屋一根立柱忽然折断，⏎房顶失去了支撑，整个儿压下来，⏎砸烂了一桌宴席，砸烂酒杯餐盘，⏎连服侍的仆人也未幸免。⏎这还不是最糟的情况，⏎为给诗人报复得圆满，⏎横梁砸断竞技手的腿，⏎宾客们也都倒了大霉，⏎大部分人伤痕累累。⏎信息女神便到处宣扬这个事件，⏎人人惊呼奇迹，诗人收益翻了番，⏎天神喜爱的诗人酬劳高理所当然。⏎良家子弟争相请诗人，⏎出高价撰写颂诗赞文，⏎颂扬祖先保佑子孙。⏎回到故事的开篇，首先要说明，⏎世人一定要大张旗鼓地歌颂，⏎天地间分各路神灵、各种神人；⏎况且悲剧女神有时也卖文为生。⏎总之应当保持我们艺术的价值。⏎大人物风光，对我们也心存感激。⏎从前在奥林匹斯和帕耳那索斯⏎神山上，大家都是朋友和兄弟。,拉封丹寓言·李玉民译,
死神与不幸者,,拉封丹,一个不幸的人天天呼唤⏎死神前来救援。⏎“死神啊，”他哀告，“玉貌花容，⏎快来呀，结束我的残酷命运。”⏎死神前来，真以为能帮上忙，⏎敲门进了屋，亮出他的真相。⏎不幸的人便惊呼：“见鬼啦！⏎快走开！丑八怪！⏎吓得我魂飞天外！⏎死神啊，别过来，⏎死神啊，快离开！”⏎梅塞纳斯风流倜傥⏎他曾说：“让我身体残废也无妨，⏎哪怕缺胳膊断腿，哪怕痛风，⏎只要活着就满意，活着就成。”⏎死神啊，永远别来访，⏎对你谁都会这么讲。,拉封丹寓言·李玉民译,
死神与樵夫,,拉封丹,穷苦的樵夫身背一大捆柴草，⏎被这样重负和岁月压弯了腰，⏎他脚步沉重，一路上不断哀怨，⏎强撑着赶回那熏黑的茅草房。⏎又痛苦又费力，终于力不能支，⏎他撂下柴捆，回想自己的不幸：⏎“自从来到人世，何尝有过乐事？⏎普天下可还有人比我还穷苦？⏎有时饿肚子，永远得不到休息。”⏎老婆孩子都得养活，⏎官兵来了还要吃住，⏎债主来催债逼得急，⏎纳了赋税还服劳役，⏎完美的描述，人苦命不能再苦。⏎他便呼唤死神，死神随即来临，⏎问他什么事要帮助。⏎樵夫说：“助一臂之力，⏎将这捆柴重新背起，⏎这绝不会误你的事。”⏎死亡虽说一了百了，⏎但还是别妄动为好，⏎宁愿受罪也不轻生，⏎这就是人类的信条。,拉封丹寓言·李玉民译,
中年人处在两妇中间,,拉封丹,一个中年汉子，⏎头发开始花白，⏎觉得该考虑结婚，⏎岁月毕竟不饶人。⏎他很富有，⏎也就⏎有条件认真挑选。⏎那些女人无不想讨他喜欢；⏎因而我们这位也并不太急，⏎求婚可不能当成儿戏。⏎有两位寡妇占据他大半颗心，⏎一位半老一位还年轻。⏎半老的多亏修饰得妙，⏎修补了自然的损耗。⏎两个寡妇脚步轻盈，⏎说笑着待他为上宾，⏎有时还给他梳理头发，⏎也就是要修理美化。⏎半老的见到残留的青丝，⏎总要一根根拔下，⏎好让老情人感到更踏实。⏎那年轻的一上手，⏎见白头发便往下揪。⏎两个女人各不相让，⏎这老兄的头发很快就拔光。⏎于是他感到自己受了捉弄，⏎便对她们说：“我的美人儿，⏎这头发一根不剩，⏎我得感谢你们。⏎我有所失，但是得了更多：⏎看起来这好事还要多磨。⏎我有意娶的女子，⏎要我像她那样生活，⏎不能保留我自己的方式。⏎任何秃头都不会接受，⏎我的美人儿，我还应感谢，⏎你们给我上的这一课。”,拉封丹寓言·李玉民译,
狐狸与鹤,,拉封丹,有一天狐狸大哥⏎留下鹤大姐，⏎不惜破费请吃饭。⏎一餐非常清淡，⏎他生活一向节俭；⏎这次只做一点稀汤，⏎盛在一只盘子上。⏎长嘴鹤大姐什么也啄不着，⏎狐狸却三口两口把汤舔光了。⏎鹤大姐受此愚弄，心存报复，⏎过几天也回请狐狸大哥。⏎“好哇，”狐狸回答说，⏎“我和朋友们交际，⏎从来就不讲虚礼。”⏎狐狸准时赶来赴约，⏎登门拜访鹤大姐，⏎盛赞女主人招待周到，⏎菜肴烧得正够火候。⏎尤其胃口，狐狸一向胃口好，⏎闻到肉香就享受了口福，⏎吃到口中更该美不胜收。⏎不料鹤大姐给他出了难题，⏎将小肉丁装进长颈细口瓶里，⏎鹤的长喙很容易就探到里面，⏎狐狸大嘴只能在外边打转。⏎他只好饿肚子回家，⏎一路上两耳耷拉，⏎还紧紧夹住大尾巴；⏎彻头彻尾的狼狈相，⏎就像上了小鸡的大当。⏎骗子，我这寓言写给你们欣赏，⏎你们等着瞧会有同样下场。,拉封丹寓言·李玉民译,
孩子和教师,,拉封丹,我讲这个故事是要表明，⏎一个蠢货的斥责多么无用。⏎一个孩子在岸边蹦蹦跳跳，⏎一不小心掉进塞纳河里。⏎除了上帝还有救命稻草，⏎幸好他抓住了一根柳枝。⏎且说柳枝救了他一命，⏎但是他还只能悬在水中。⏎恰好这时经过一位老师，⏎孩子就冲他连声叫嚷：⏎“救命啊！我快要淹死！”⏎那老学究闻声回头张望，⏎也不管时机是否适合，⏎就开始高声严厉地斥责：⏎“哼！你这个小淘气精！⏎瞧你胡闹掉进了河中！⏎照管这种小鬼头真挨累，⏎有这样孩子父母也倒霉！⏎父母的苦命多叫我可怜，⏎为孩子操心能把心操碎。”⏎说完这番话他才把孩子拉上岸。⏎在这里我要斥责的那些家伙，⏎比人想象的要多得多；⏎所有喋喋不休的人、⏎所有学究、所有批评家，⏎都能从我这故事中认出本身。⏎这三种人在当今世界⏎每种人所占比例都很大。⏎造物主保佑他们繁衍不绝。⏎无论碰到什么事情，⏎他们只想耍一耍三寸不烂之舌。⏎喂，朋友，先救我脱险，⏎然后再高谈阔论随你便。,拉封丹寓言·李玉民译,
公鸡和珍珠,,拉封丹,一只公鸡觅食扒土，⏎一天扒出一颗珍珠。⏎他一碰见个宝石匠，⏎就立刻把珍珠献上。⏎“我相信它很精巧，”⏎公鸡说道，⏎“但是一个小米粒，⏎也比这颗珍珠好，⏎更能解决我的问题。”⏎一个无知的人继承了⏎一份手稿，觉得没用，⏎就去找邻居书店老板，⏎拿出这份手稿给他看。⏎“我相信写得很好，”⏎无知的人说道，⏎“但是一枚最小的银币，⏎更符合我的需要，⏎对我也更有价值。”,拉封丹寓言·李玉民译,
马蜂和蜜蜂,,拉封丹,通过活计识别工匠的手艺。⏎偶然发现一些无主的蜜脾，⏎马蜂纷纷来认领，⏎而蜜蜂却不答应。⏎官司打到大胡蜂面前，⏎他也难以做出决断。⏎许多证人出来做证，⏎说蜜脾四周早已生出小虫。⏎乱哄哄的，身子细长，⏎还长出了翅膀，⏎深褐色挺像蜜蜂。⏎这能证明什么！⏎我们这些马蜂⏎同样也有这些特征。⏎双方都各执一词，⏎胡蜂也说不出谁有道理。⏎案件要问个水落石出，⏎还必须重新调查清楚。⏎先听听蚂蚁怎么说，⏎疑点还照样无法解。⏎“对不起，何必这么费劲？”⏎讲话的蜜蜂非常细心。⏎“这案子拖了快半年，⏎还停留在头几天。⏎这么久了蜜已经变质，⏎想必法官有所考虑，⏎今后还应加快速度！⏎无须反复预审和答辩，⏎用不着兜圈子废话连篇。⏎还是让马蜂和我们⏎动手来干一干，⏎看谁能用如此甜的蜂浆，⏎造起如此漂亮的蜂房。”⏎马蜂一拒绝便可得知：⏎他们没有这么高手艺，⏎于是胡蜂就宣判，⏎将蜂蜜判给应得的一方。⏎但愿这样处理所有案件，⏎土耳其人在这方面正是典范！⏎法典还不如普通常识，⏎千万别花大钱打官司，⏎别让他们骗吃又骗钱，⏎他们拖着案件不办，⏎就是要把我们的钱财榨干；⏎到头来法官吃完牡蛎肉，⏎两片空壳留给诉讼者。,拉封丹寓言·李玉民译,
橡树和芦苇,,拉封丹,一天橡树对芦苇说：⏎“你有充分理由控告大自然：⏎一只戴菊莺飞落，⏎就会把你压弯。⏎哪怕吹来一阵微风，⏎刚能把水面吹皱，⏎就会让你低下头。⏎而我的额头像高加索的山峰，⏎不仅能遮挡灿烂的阳光，⏎还能顶住暴风雨的扫荡。⏎对你什么都是风暴，⏎对我无不是和风。⏎你若生在我的茂叶下也好，⏎有我的荫护照应，⏎就不会受这么多惊扰；⏎有我遮风挡雨，⏎也就不必忧虑。⏎你们这些芦苇大多⏎生长在风王国的水泽，⏎我就觉得对你们，⏎大自然很不公平。”⏎芦苇回答说：“您的同情⏎是出于好心，也不必担忧：⏎风对我不如对您那么可怕，⏎我不会折断，风大就俯下；⏎而您呢，不管风多么凶猛，⏎腰弯也不弯就硬顶。⏎咱们还是等着瞧吧。”⏎说这番话的工夫，⏎北风婆一直怀抱的风孩儿，⏎这时突然从天边冲过来，⏎那风孩儿最调皮，⏎发狂一般撒欢儿。⏎橡树还挺立在那里，⏎芦苇赶紧弯下腰去。⏎风力越来越大，⏎结果连根拔起⏎那棵伸脑袋够上青天、⏎脚跟却踏着黄泉的橡树。⏎[1]法国国王有一批青年侍从，由贵族子弟充任。⏎[2]朱庇特：罗马神话中的主神，即希腊神话中的宙斯。⏎[3]卡姗德拉：特洛伊公主。太阳神阿波罗爱上她，赋予她预卜吉凶的能力；但因拒绝阿波罗的求爱，受其诅咒，就再也没人相信她的预言了。她预言希腊联军会攻陷特洛伊城，城里人谁也不相信，最后特洛伊城破国亡。⏎[4]德·拉罗什富科公爵（1613—1680）：《箴言集》的作者，这本阐述道德的书，旨在揭示在当时，表面上最美好的感情，也无不出于利益的动机。⏎[5]那喀索斯：希腊神话中的美少年，拒绝回声女神的求爱。受神惩罚，让他恋上自己在水中的影子。最后他憔悴而死，变成水仙花。⏎[6]特兰西瓦尼地区：在罗马尼亚境内。⏎[7]西摩尼得斯（公元前556—前467）：古希腊诗人，警句作者，似乎首创歌颂，祝贺奥林匹亚竞技会的优胜者。⏎[8]马莱伯（1555—1628）：法国诗人，文学批评家，法国古典主义诗歌的创始人之一。⏎[9]塔兰：古希腊重量及货币单位。⏎[10]信息女神：史诗中常出现的人物，长有一百张口，奔走飞快，能迅速传播真实或虚假的信息。⏎[11]梅塞纳斯（公元前69—前8）：罗马帝国皇帝奥古斯都的重臣和朋友，文学艺术的保护者。后来，梅塞纳斯成为文学艺术保护者的代名词。⏎[12]蜜脾：蜂巢中蜜蜂储藏蜂蜜的地方。,拉封丹寓言·李玉民译,
回敬挑剔者,,拉封丹,我也许天生就接受了史诗缪斯⏎许诺赏赐给她情人的天赋，⏎要将这天分用于伊索式虚构：⏎历代的故事和诗歌都是朋友。⏎但我并不认为备受诗神的宠爱，⏎善于为所有这些故事增添光彩。⏎自己的创作总可以尽量修饰⏎别人能做，我也用新的语言尝试，⏎迄今为止，还没有更高明者试笔：⏎我让狼开口说话，让小羊回答；⏎我还进一步，各种花草和树木⏎在我笔下变成会说话的人物。⏎谁看了不会感到一种惊喜？⏎批评者会说：“的确，⏎您讲得相当出色，⏎五六篇童话故事。”⏎挑剔者先生，你们需要更真实、⏎更高雅的吗？请看特洛伊史诗：⏎希腊人围城苦战十年未攻陷，⏎各路将士都已厌战；⏎他们也曾千方百计，⏎发动过上千次攻击，⏎进行了上百次战役，⏎始终未能拿下这座高傲的城池；⏎还是女神密涅瓦想出木马计，⏎巧夺天工，从未见过的新制作，⏎大腹中藏进智慧的乌利西斯、⏎英勇的狄俄墨得斯，⏎以及凶悍的埃阿斯，⏎这庞然大物及突击队，⏎要运进特洛伊城内，⏎这些神人便大开杀戒，⏎闻所未闻的好计策。⏎制造者表现出坚定，⏎也付出了巨大的艰辛……⏎“够了，”有的作者就会打断我，⏎“故事太长，总得让人喘口气儿；⏎况且您这个木马计、⏎这些英雄和先遣队，⏎都编造得更为离奇，⏎还不如狡猾的狐狸，⏎夸奖乌鸦声音多美，⏎写得高雅也不适宜。”⏎那好，就降低一度调门，讲一讲⏎心生疑忌的阿玛丽珥的情肠，⏎她想念阿耳西普，认为这心声，⏎只有她的羊群和狗可以证明。⏎蒂尔西斯发现她，便溜进柳林间，⏎听见牧羊女恳求清风把情话⏎传到她情郎的耳畔……⏎“我得就此把您打断，”⏎挑剔者会立即对我说，⏎“我认为这不合规矩，⏎也不合乎高尚品德。⏎这两句诗还得回炉……”⏎可恶，挑剔者还不住嘴？⏎总不让我讲完故事？⏎我若有意讨你喜欢，⏎这种意愿可太危险。⏎吹毛求疵者一生不幸，⏎总没有满意的事情。,拉封丹寓言·李玉民译,
老鼠开会,,拉封丹,一只猫名叫罗狄拉杜斯⏎吓得老鼠都四散逃匿，⏎现在难得见到老鼠，⏎大多被猫送进坟墓。⏎幸存的寥寥无几，⏎谁也不敢离开洞穴。⏎洞里没有什么食物，⏎眼睁睁只好挨饿。⏎在这些可怜的鼠辈眼里，⏎罗狄拉哪里是猫咪，⏎简直就是一个恶魔。⏎且说有一天这位风流猫，⏎到远邻的房顶去找相好；⏎就趁他和他的情妇⏎狂叫欢舞的时候，⏎幸存的老鼠就聚到一起，⏎在一个角落里召开会议，⏎讨论面临的困境。⏎辈分最高的老鼠，⏎也一向慎言慎行，⏎他首先就提出，⏎给猫脖子挂个响铃，⏎罗狄拉每次进攻，⏎响铃就会报警，⏎他们马上钻进地洞。⏎此老只会这一招，⏎事不宜迟，越快越好。⏎大家都同意元老先生的主张，⏎都认为这样防范才更牢靠，⏎难办的是怎样把铃给猫系上。⏎一个说：“我绝不去，⏎我可不是大傻帽。”⏎另一个说：“我也办不到。”⏎开了会就这样一散，⏎结果什么事也没有办。⏎这样的会议我见过许多，⏎不仅仅鼠辈，还有僧侣，⏎甚至包括议事司铎的会议。⏎如果只是空议论，⏎朝廷的顾问多得很，⏎一旦需要有人执行，⏎那就抓不到一个人影。,拉封丹寓言·李玉民译,
狼告狐狸,,拉封丹,一只狼说他失了窃，⏎怀疑他的邻居狐狸，⏎那邻居生活不规矩。⏎狐狸因偷盗嫌疑传上法庭，⏎在法官猴子面前开始辩论。⏎双方都不请律师，⏎控辩完全靠自己。⏎猴子还记得就是忒弥斯，⏎也从未判过如此复杂的案子。⏎法官如坐针毡，⏎在审判席上直冒汗。⏎双方好一阵舌剑唇枪，⏎怒吼争辩各不相让。⏎法官终于听明白，⏎两个家伙都怀鬼胎。⏎于是法官猴子对他们说道：⏎“我认识你们可有年头，朋友，⏎你们俩都该罚款：⏎只因你，狼，前来告状，⏎本来就没人偷你东西；⏎还有你，狐狸，正是你⏎拿了别人索要的东西。”⏎法官认为胡乱审判，⏎也不会冤枉一个坏蛋。,拉封丹寓言·李玉民译,
两头公牛和一只青蛙,,拉封丹,两头公牛发生激烈战斗，⏎争夺地盘和一头母牛。⏎说起来一只青蛙连声叹气。⏎“这和你有什么关系？”⏎她的一个同胞问道。⏎“你怎么还不明白？”⏎这一个回答说，⏎“这场争斗的结果，⏎就是一个赶走另一个。⏎逃亡的那个只好离开丰茂的田野，⏎再也不能统治肥沃的牧场，⏎就会跑到我们这片沼泽，⏎一来准要统治这片芦苇荡，⏎忽而踏死这个，⏎忽而踩伤那个，⏎把我们赶进水底把身藏。⏎牛夫人引起的这场大战，⏎最终还是我们小动物遭殃。”⏎这种担忧也不无道理，⏎一头公牛果然闯了去，⏎他避难却害惨了青蛙，⏎一个小时的践踏⏎就有二十只被踩成了烂泥巴。⏎真可怜！由此可见，⏎大人物的愚蠢行为，⏎历来总是给小人物造成灾难。,拉封丹寓言·李玉民译,
蝙蝠和两只黄鼠狼,,拉封丹,一只蝙蝠一时昏了头，⏎闯进一只黄鼠狼的窝里。⏎这黄鼠狼同老鼠是宿敌，⏎一见来了不速之客，⏎就冲上去要一口吞噬。⏎“怎么！”黄鼠狼说道，⏎“你的胆子可真不小！⏎你的族类千方百计要害我，⏎还敢跑到我面前，真不想活！⏎你不就是老鼠吗？⏎老实说，别讲假话。⏎你是老鼠没商量，⏎否则我就不是黄鼠狼。”⏎“请原谅，”可怜的家伙辩解，⏎“我可不属于老鼠的类别。⏎说我是老鼠！真是浊口臭舌。⏎多亏宇宙的缔造者。⏎我是鸟，瞧我翅膀：⏎万岁，一飞冲天的种类！”⏎蝙蝠的理由很充分，⏎不能不令人相信，⏎黄鼠狼便放了一马，⏎让蝙蝠离开他的家。⏎我们这个冒失鬼两天之后，⏎又昏头昏脑地闯进⏎另一只黄鼠狼家中。⏎这只黄鼠狼与鸟为敌，⏎蝙蝠这次又危在旦夕。⏎这位家庭主妇伸出长嘴，⏎就要把蝙蝠当成野味。⏎蝙蝠立刻抗议对他的侮辱：⏎“把我当成鸟？您不瞧一瞧。⏎怎么才是鸟？鸟必须长羽毛！⏎我是耗子，老鼠万岁！⏎但愿猫怕老鼠发威！”⏎蝙蝠就这样灵舌巧辩，⏎两次都能转危为安。⏎不少人也像蝙蝠这样善变，⏎一碰到危险就乔装打扮，⏎不断地变换肩带⏎就能从险境逃出来。⏎智者说看人下菜碟：⏎“国土万岁，联盟万岁。”,拉封丹寓言·李玉民译,
中箭的鸟,,拉封丹,一只鸟儿中了致命的羽毛箭，⏎抱怨自己的命运多悲惨，⏎忍受着飞来创伤，发出哀声：⏎“本来不幸还得增添不幸？⏎残酷的人，你们从我们翅膀上⏎拔掉羽毛制成飞箭把命伤！⏎不过，无情的种类，别得意忘形，⏎你们也会遭到我们的命运。⏎伊阿珀托斯的子孙，总有半数⏎制造武器，半数要惨遭屠戮。”,拉封丹寓言·李玉民译,
猎犬及其伙伴,,拉封丹,一只猎犬就要分娩，⏎不知往哪儿安放⏎如此紧迫的负担。⏎她就百般恳求伙伴⏎让出草屋给她生产。⏎于是猎犬便关门闭户，⏎好长时间也没有出屋。⏎过些时候伙伴要搬回住，⏎猎犬说孩子刚学走路，⏎她又请求延长十五天，⏎长话短说，又获准了宽限。⏎第二个期限又结束了，⏎伙伴要讨还自己的房屋，⏎讨还自己的卧室与床铺。⏎这回猎犬却龇着牙回答：⏎“我准备撤出全部人马，⏎只要你能把我们赶出去。”⏎原来她孩子都已经壮大。⏎谁跟那些恶人打交道，⏎总要吃后悔药：⏎要讨还借给他们的东西，⏎就必须大动干戈，⏎必须争讼，也必须抗击。⏎只要你让给他们一寸，⏎他们很快就进占一尺。,拉封丹寓言·李玉民译,
鹰和金龟子,,拉封丹,老鹰追猎兔子若望先生，⏎兔子飞奔往窝里逃命，⏎途中经过金龟子的洞：⏎大家不妨想一想，⏎这洞是否保险，⏎可有更好的地方？⏎兔子钻进去就缩成一团。⏎老鹰立刻扑下去，⏎不管兔子藏在哪里。⏎于是金龟子急忙上前求情：⏎“鸟中王啊，您要抓这可怜虫，⏎我当然无法阻拦；⏎但是求您行个方便，⏎别给我这个难堪；⏎既然兔子求您饶命，⏎饶他一命就算了，⏎若望是我的伙伴，⏎又是我的近邻，⏎要不我们俩命都给您。”⏎朱庇特的鸟不屑于回答，⏎一翅膀就把金龟子拍趴下，⏎把他打昏过去省得再叫嚷，⏎然后就抓走兔子若望。⏎金龟子怒不可遏，⏎就飞到鹰的巢穴，⏎趁鹰不在全部捣毁⏎鹰的卵，他的宝贝，⏎没留下一个完卵，⏎他的最美好希望全破灭。⏎鹰回来一见这家破卵亡，⏎号叫之声就响彻四面八方：⏎他怒气冲天，要报仇⏎也不知该找谁算账。⏎哀怨也白白哀怨，⏎哀号全随风飘散。⏎痛苦的母亲熬过了这一年，⏎第二年她就把巢筑高一点。⏎金龟子还是从容应对，⏎将鹰卵推下去摔碎：⏎这回总可以告慰⏎兔子若望的亡灵。⏎这第二次号丧更加惨痛，⏎整整半年树林也不得安宁。⏎曾经驮过该尼墨得斯的鹰，⏎最终恳求众神之主帮忙，⏎她将鹰卵放到天神的膝上，⏎认为寄放在那里，⏎就可保万无一失。⏎朱庇特也为自身利益着想，⏎不得不保护这些鹰卵：⏎看谁还敢冒犯，⏎到天神膝上捣蛋。⏎果然没有谁来抢夺，⏎仇家也换了谋略：⏎一粒虫屎落到天神的长袍，⏎天神一抖袍将鹰卵抖掉。⏎鹰得知这无妄之灾，⏎就立刻威胁朱庇特，⏎说她离开朝廷，去荒漠生活，⏎还讲不少亵渎的话口无遮拦，⏎可怜的朱庇特哑口无言。⏎这时金龟子上庭控告，⏎将事件的原委讲了一遍。⏎大家这才向鹰指出她做得不好，⏎但是两个仇家不愿和解私了。⏎众神之主便设法妥善处理，⏎干脆就让鹰改改发情期。⏎到那季节，金龟子⏎也像土拨鼠一样冬眠，⏎白天根本不再露面。,拉封丹寓言·李玉民译,
狮子和小蚊虫,,拉封丹,“滚开，小小虫子，世间废物！”⏎一天狮子说话难听，⏎这样骂了小蚊虫。⏎小蚊虫立刻向他宣战，扬言：⏎“别看你有狮王头衔，⏎休想把我吓倒，⏎终日心惊胆战！⏎牛比你劲大个儿高，⏎也还让我弄得团团转。”⏎这话刚讲完就吹起冲锋号，⏎他自己是号手又英勇善战。⏎先是拉开了阵势；⏎瞅准机会就扑过去，⏎狠狠叮住狮子脖颈，⏎搅得狮子要发疯：⏎这四蹄野兽口中吐白沫，⏎眼睛也乱冒金星，⏎狮子一声怒吼，⏎吓坏了周围的野兽，⏎纷纷找地方藏身。⏎一只小小的蚊虫，⏎竟然闹得百兽不宁。⏎蚊虫围着狮子乱叮，⏎忽而叮脊背，⏎忽而叮嘴唇，⏎忽而又钻进鼻孔。⏎狮子这回可发了疯。⏎那看不见的敌人大获全胜，⏎笑看狂怒的猛兽拼命招架，⏎又是用牙咬又是用爪抓，⏎弄得自身遍体鳞伤，⏎鲜血涔涔往外淌。⏎倒霉的狮子纯粹是在自残，⏎他挥舞着尾巴犹如长鞭，⏎啪啪山响只抽打着空气，⏎气急败坏最后力尽筋疲，⏎瘫软在地上再也爬不起。⏎小蚊虫凯旋，⏎还像刚才冲锋那样，⏎一路上号声不断，⏎到处宣扬他的胜利，⏎不料半路中了埋伏，⏎在蛛网上一命呜呼。⏎我们能从这里得出什么教训？⏎我看有两条：一是我们的敌人，⏎最弱小的往往最可怕；⏎二是逃过了大灾大难，⏎小河沟里却翻了船。,拉封丹寓言·李玉民译,
驮海绵的驴和驮盐的驴,,拉封丹,一名驴主手执权杖，⏎就跟罗马皇帝一样，⏎赶着两匹长耳朵骁骑：⏎一头是驮海绵的驴，⏎只见他快步如飞；⏎另一头驮着食盐，⏎总是让驴夫催赶，⏎走路仍然慢慢腾腾，⏎如常说的驮运酒瓶，⏎这几位行客都十分矫健，⏎跋山涉水不怕路途遥远。⏎终于赶到了水浅的河段，⏎可是怎样过河又费了难。⏎驴夫天天都走一趟，⏎便骑到驮海绵的驴背上，⏎让驮盐的驴走在前。⏎这头驴还忒任性，⏎偏偏冲进深水坑，⏎沉下去又浮出水面，⏎总算脱离了危险；⏎他在水中游了一会儿，⏎盐也就化成了水。⏎这蠢货一下子轻松了许多，⏎肩背上已经没有了什么感觉。⏎驮海绵的伙伴要学他的样，⏎就好像一只羊跟随前面的羊。⏎他一头扎进水中，⏎水一直没到了脖颈，⏎结果他和驴夫和海绵，⏎三个让河水一通灌。⏎驴夫和灰驴注意到，⏎还是海绵喝得最饱。⏎海绵一下子就吸足了水分，⏎突然间变得死沉死沉。⏎驴被压垮根本走不到对岸，⏎驴夫搂着驴只好哀叹，⏎以为驴就要玩完。⏎幸好有人来搭救，⏎究竟是谁无关紧要。⏎我们从这里能明白一个道理：⏎各人有各人的方式，⏎绝不能强求一致。⏎这就是我讲的要旨。,拉封丹寓言·李玉民译,
狮子和老鼠,,拉封丹,我们一定要尽力助人为乐，⏎人也往往需要求助于弱小者。⏎两则寓言都能证明这一真理，⏎大量的事例也俯拾皆是。⏎一只冒失的老鼠钻出了地洞，⏎不料落入狮子的爪中。⏎狮子这次表现出兽中王的胸襟，⏎饶了老鼠的性命。⏎知恩图报这一回也没有落空。⏎恐怕谁也想不到，⏎一头狮子还能得到老鼠的回报？⏎且说狮子偶尔走出树林，⏎一不小心被猎网缠身，⏎怎么吼叫也难逃性命。⏎老鼠闻声急忙赶来，⏎狠命咬破一个网眼，⏎整张网也就全开了线。⏎时间上的耐心和久长，⏎比强力和狂怒更有力量。,拉封丹寓言·李玉民译,
鸽子和蚂蚁,,拉封丹,在更小的动物中也有如上篇所说的⏎事例。⏎一只鸽子在清澈的小溪饮水，⏎一只蚂蚁也弯腰却掉进水里。⏎蚂蚁简直漂在大海洋，⏎再挣扎也游不到岸上。⏎鸽子立刻发了善心，⏎往溪中扔了一根草茎。⏎蚂蚁抱着救命草游到岬角，⏎总算逃脱灭顶之灾；⏎这时他忽见走来⏎一个赤脚的乡下佬。⏎那人手中正巧拿着一张弩，⏎发现维纳斯的神鸟就在近处，⏎顿时高兴得不得了，⏎认定那是他的菜肴。⏎那村民举起弩要射杀神鸟，⏎蚂蚁就对准他脚跟狠命一咬。⏎那老兄不禁一回头，⏎鸽子听见就飞走，⏎一气儿飞远不停留。⏎他的晚餐也一起飞得无踪影。⏎锅里不会有一点鸽子肉。,拉封丹寓言·李玉民译,
落井的占星家,,拉封丹,有个占星家一天掉进井中，⏎路人嘲笑他：“你这个可怜虫，⏎怎么还想仰头看什么星相？⏎就连你脚下的东西都看不清！”⏎这个事件本身不必过多议论，⏎大多数人都能吸取教训。⏎我们芸芸众生在这尘世上，⏎倒很少有人不愿听人讲：⏎命运之书不是无字天书，⏎肉体凡胎人人可以阅读。⏎这本书，荷马等诗人歌唱过，⏎然而，命运，究竟是何物？⏎难道是古人说的偶然性⏎还是我们今天讲的天命？⏎偶然性绝非一门科学，⏎如果是科学，那就不应该称作⏎偶然，也不应该称作运气、命数，⏎世间万物非常模糊，难以捉摸。⏎造物主创造万物仅凭意愿，⏎至于他那至高无上的意图，⏎除了他自己，谁又能够辨读？⏎天幕所遮蔽的神秘远景，⏎莫非印在繁星璀璨的窟窿？⏎有何用途？要磨炼那些人的智力，⏎只因他们论述过地球和天宇？⏎要我们避免无可避免的灾难？⏎用预言毁掉我们当下的乐园？⏎未来可以先享受可望的幸福，⏎却早早地把福说成祸而遭人厌恶？⏎如此轻信，重者有罪，轻者谬误。⏎天体不断地运行，斗转星移。⏎太阳照耀我们，天天落下又升起，⏎每天灿烂的阳光都取代黑影，⏎我们得不出别的什么结论，⏎只能认为这是自然规律：⏎太阳光芒万丈，普照大地，⏎还有四季变化，种子结出果实，⏎光照冷热交替，促使万物发育。⏎宇宙运行，总是这样协调均衡，⏎舍此如何回答纷繁的命运？⏎江湖骗子、星相学家听清，⏎快离开欧洲各君主的宫廷，⏎同时一起带走炼金术士之流，⏎你们欺世盗名，全都臭味相投。⏎话题有点扯得太远，书归正传，⏎再说落井喝水的观星小学员，⏎他那虚假的科学不过为虚荣，⏎这种人的形象就是渴望幻影，⏎却不知道自己如履薄冰，⏎无论本身还是他们的营生。,拉封丹寓言·李玉民译,
野兔和青蛙,,拉封丹,一只野兔在洞窟里浮想联翩，⏎（在窝里除了玄想还有什么可干？）⏎这兔子陷入深深的郁闷，⏎就这样黯然神伤，⏎只觉恐惧噬食他的心，⏎他不禁暗自思量：⏎“天生胆怯的人有多么不幸，⏎吃不到一点点有益的食品。⏎从未尝过真正的欢乐，⏎总是疲于四处逃命。⏎我就是过着这种生活：⏎时时刻刻都胆战心惊。⏎该死的恐惧睡不着觉，⏎除非睡觉还睁着眼睛。⏎‘你就改掉害怕的毛病。’⏎有的明智者这样劝我。⏎害怕的毛病还能改正？⏎我甚至认为照理说，⏎人跟我一样草木皆兵。”⏎兔子这样推理思索，⏎还警惕着周围的动静。⏎他本性多疑又总不安，⏎只要有点风吹草动，⏎只要掠过一个阴影，⏎他就会惊慌失措。⏎这个动物正闷闷不乐，⏎忽听一点轻微的声响，⏎打断了他的胡思乱想。⏎这对他正是一个信号，⏎赶紧往自己窝里逃。⏎他从水塘边跑过，⏎青蛙都纷纷跳进清波，⏎回到他们水下的洞穴。⏎“唔！”兔子说，“我害怕别人，⏎别人也同样害怕我，我一出现，⏎大家都丧魂落魄，⏎全营发出了警报！⏎我哪儿来的这种神勇？⏎怎么！动物见了我都战战兢兢！⏎难道我成了勇士？⏎现在我明白在这大地，⏎个人无论怎么胆怯，⏎也能碰见更为胆怯者。”,拉封丹寓言·李玉民译,
公鸡与狐狸,,拉封丹,一只老公鸡足智多谋而又机警，⏎正站在树枝上放哨。⏎“老兄，”一只狐狸上前柔声说道，⏎“我们再也没有纷争，⏎这次实现了全面和平。⏎我是来向你宣告，你下来让我拥抱，⏎千万不要耽误时间，⏎今天我传递消息要跑二十个驿站。⏎你和你的弟兄们，⏎都可以放假休息了，⏎什么事也无须再担心，⏎我们都可以代劳，⏎反正大家都成了弟兄。⏎今晚就放烟火狂欢，⏎不过你还是先下来，⏎接受我的亲吻和友爱。”⏎“朋友，”公鸡便应声回答道，⏎“在我看来什么消息⏎也没有比和平⏎这一消息⏎更好更美妙。⏎尤其是从你口中得知，⏎我就感到双倍的欢喜。⏎我望见跑来两条猎犬，⏎肯定是派来传递这喜信。⏎他们跑得快，一会儿就到我们面前，⏎我这就下去，让我们相互亲吻。”⏎“再见，”狐狸说道，“我要赶远路，⏎等下次咱们见了面，⏎再欢庆这胜利。”⏎这个甜嘴巴舌的家伙一见不妙，⏎拔腿就逃之夭夭，⏎不满自己这一损招。⏎我们的老公鸡则咯咯地嘲讽，⏎笑狐狸如此惊恐。⏎让骗子上当真可谓加倍的开心。,拉封丹寓言·李玉民译,
要效仿鹰的乌鸦,,拉封丹,朱庇特的鸟叼走了一只绵羊，⏎乌鸦目睹这一情况，⏎他虽没有那么大膂力，⏎嘴倒是同样贪吃，⏎他当即就要效仿。⏎于是他在一群羊的四周盘旋，⏎百里要挑出一只羊，⏎最肥胖又最好看：⏎够作祭祀供上神坛，⏎专门留给神灵品尝。⏎胆大包天的乌鸦盯着那只羊：⏎“你正好做我的美餐：⏎瞧你这样膘肥体胖，⏎不知谁是你的奶娘。”⏎说罢就扑向那只咩咩叫的动物。⏎一只绵羊到底不比一块奶酪，⏎不仅是沉得多，⏎还长了一身毛。⏎那身毛又厚又密，⏎赛似波吕斐摩斯的胡子，⏎而且还乱作一团，⏎缠住了乌鸦的爪子，⏎可怜的乌鸦再想抽身也很难。⏎牧人过来抓住他关进笼子里，⏎给自己孩子当玩意儿。⏎凡事量力而行，结论显而易见：⏎小毛贼充当大盗却万万不可。⏎榜样这种诱饵很危险：⏎搜刮人者不全都是贵族大老爷。⏎小蚊虫难过蛛网关，⏎大胡蜂则能通得过。,拉封丹寓言·李玉民译,
孔雀向朱诺抱怨,,拉封丹,孔雀向朱诺抱怨。⏎“女神啊，”孔雀说道，⏎“我不是无缘无故⏎就来抱怨，来发牢骚：⏎您赐给我的歌喉，⏎自然界都认为不好。⏎哪里比得上黄莺，⏎小得可怜的生命，⏎发出声来又响亮又美妙，⏎独占了春天的风头。”⏎朱诺愤怒地申斥：⏎“嫉妒的鸟，还不住口！⏎瞧你这脖颈的四周，⏎有一条各种锦缎的彩虹；⏎你还有尾羽的彩屏，⏎一展开就五彩缤纷，⏎我们看着眼花缭乱，⏎不像一家珠宝店？⏎难道天下还有什么鸟儿⏎长得比你还招人喜欢？⏎每种动物的身上，⏎不可能具备全部优点。⏎我们赋予你们每种动物，⏎各不相同的长处：⏎有些体大而有力量；⏎隼就敏捷，鹰就勇敢；⏎大乌鸦传报征兆，⏎小嘴乌鸦则警告灾难；⏎谁都满意自己的鸣叫。⏎你还是停止发牢骚，⏎否则我就惩罚你，⏎把你的羽毛全拔掉。”,拉封丹寓言·李玉民译,
变成妻子的母猫,,拉封丹,有个男子狂热地爱上他的母猫，⏎觉得她玉貌花容，身段又曼妙，⏎她那喵喵的叫声，⏎十分甜美而动听。⏎这个人爱得发疯，⏎比疯子还要疯癫。⏎他终日里祈祷，⏎同时还涕泗涟涟，⏎还求助于魔法和巫道，⏎终于有这么一天，⏎命运之神发了善心，⏎将这只猫变成女人。⏎我们这位痴情主人当即结了婚。⏎痴狂的友谊代为极端痴狂之爱。⏎这位新娘万方仪态，⏎把心上人迷得神魂颠倒，⏎就是绝色的夫人，⏎也根本做不到。⏎新郎依阿取容，⏎新娘风情万种；⏎这男人错就错到底，⏎在她身上不见了猫的踪影，⏎觉得她一举一动、一言一行，⏎无不十足的女人味儿。⏎忽然老鼠来嗑地毯的编绳，⏎打扰了这对新婚燕尔。⏎妻子立刻跳下床铺，⏎只可惜慢了一步。⏎不大工夫老鼠重又溜回来，⏎这位夫人也摆好捕鼠的姿态。⏎这一次她逮个正着，⏎只因她化为人形，⏎老鼠见了毫不惊恐。⏎捕鼠对她永远具有吸引力，⏎天性的力量根本无法抵制。⏎尤其过了一定年龄，⏎天性就更无所顾忌：⏎瓦罐已经浸透了水，⏎布料也压出皱褶。⏎天性贯穿了日常生活，⏎谁也无可奈何；⏎就是怎么千方百计，⏎也改变不了这种积习。⏎即使动用叉子，⏎即使挥舞鞭子，⏎也改变不了她的行为；⏎哪怕您手执棍棒，⏎要控驭她也休想。⏎就算您把她关在门外，⏎她也能从窗户钻进来。,拉封丹寓言·李玉民译,
狮子和驴打猎,,拉封丹,兽中王要庆祝诞辰，⏎有一天想去打猎。⏎狮王的猎物当然不是小麻雀，⏎而是肥大味美的野猪、⏎味美肥大的黄鹿和马鹿。⏎这次打猎为了一举成功，⏎必须借助驴子的声音：⏎驴子赛似斯坦托尔，⏎能充当王猎的号角。⏎把驴子安置在隐蔽地点，⏎再用树枝带叶掩盖好，⏎让他扯着嗓子吼叫，⏎胆量最大的动物听见，⏎也会从家里仓皇出逃。⏎驴子的叫声如雷鸣电闪，⏎当地的动物还不习惯；⏎骇人的吼叫响彻云霄，⏎吓得林中居民东窜西逃。⏎惊慌中都不免纷纷掉进陷阱，⏎而狮子正在那里等候他们。⏎“这一次是不是多亏了我的功劳？”⏎驴子以功臣自居得意地说道。⏎“不错，”狮子回敬一句，⏎“你的叫声真高，⏎假如我不了解你和你的同类，⏎就连我也会被你吓倒。”⏎驴没有胆量表示气愤，⏎况且人家有理由嘲笑：⏎一头自吹自擂的驴子谁能容忍？⏎这也不合乎驴的性情。,拉封丹寓言·李玉民译,
伊索解释的遗嘱,,拉封丹,有关伊索的传说果然属实，⏎那他就是希腊的先知：⏎他一个人的智慧⏎就超过整个雅典法庭。⏎举个例子来说明：⏎这个故事特别有趣，⏎定能投合读者的意绪。⏎一个男子有三个千金。⏎三女各有各的性情：⏎大女儿爱喝酒，⏎二女儿爱打扮，⏎三女儿则极为悭吝。⏎这个人按照城里的法令⏎立下一份遗嘱，⏎家产让她们平分；⏎但是还有一条规定：⏎她们一旦不再拥有分得的财产，⏎必须将等值的现金付给母亲。⏎父亲一死，三个女儿就急不可待，⏎跑去看遗嘱对财产如何安排。⏎遗嘱一宣读完，⏎大家都想弄明白，⏎立遗嘱人的意愿。⏎可是解不开这疑团，⏎如何理解这种条款：⏎每个女儿不再拥有⏎分得的那份遗产，⏎又怎么能付给母亲⏎一笔等值的现金？⏎等到没有了财产，⏎再付钱给母亲，⏎这种办法实在不高明。⏎父亲究竟是何用意？⏎咨询了所有律师，⏎他们做出千百种解释，⏎最后不得不罢手，⏎只能向继承人建议：⏎三姐妹先分了家产，⏎附加的条款暂不考虑。⏎“至于寡母应得的钱，”⏎律师们进一步解释，⏎“我们商量这么办：⏎按照惯例每个姐妹，⏎从父亲辞世之日起，⏎必须付给自己母亲，⏎分得遗产的三分之一，⏎除非母亲要换成年金。”⏎于是确定全部财产分成三份：⏎一份包括乡居、⏎设在葡萄架下的餐桌、⏎面盆、水壶和银餐具、⏎装满莫奈姆瓦夏酒的储藏室，⏎以及做饭并侍候用餐的奴隶。⏎总而言之一句话：⏎贪吃的全套设备。⏎另一份用来打扮的应有尽有：⏎城里的住宅和精美的家具，⏎有梳头姑娘和阉奴，⏎还有专门刺绣的姑娘、⏎珠宝首饰、贵重衣裳。⏎第三份财产包括农场和农具，⏎有大小牲畜和牧场，⏎有劳作的牲口和仆役。⏎三份财产这样划分完，⏎大家又认为如果抽签，⏎很可能哪个姐妹⏎也得不到喜爱的一份。⏎莫不如自己挑选，⏎按照各人的估价和心愿。⏎于是雅典全城不约而同大聚会，⏎出现了这样场面：⏎无论大人和小孩⏎都赞同这样挑选和分配。⏎唯独伊索不以为然，⏎认为这与遗嘱相悖，⏎耗了多少精力和时间，⏎结果恰恰相反。⏎“假如死者还在世，”伊索说道，⏎“雅典全城人都会遭到他的责备。⏎这个民族自诩明察秋毫，⏎胜过当今所有民族，⏎居然违背遗愿，⏎曲解了这份遗嘱！”⏎他这话一讲完，⏎就亲自主持分配遗产：⏎每个姐妹所得，⏎都不符合心愿，⏎无一份适得其所，⏎无一人觉得喜欢。⏎爱喝酒喜爱的一份，⏎分给了爱美的姐妹；⏎而她得到了牲畜；⏎至于持家的能手，⏎分到了梳头的女奴。⏎这就是那个弗里吉亚人⏎提出的分配方案。⏎他说没有更好的办法⏎迫使这三姐妹⏎抛售分得的遗产，⏎只能等她们有了钱，⏎嫁给了好人家，⏎她们才会按照规定，⏎把钱如数付给母亲；⏎正如遗嘱中所讲，⏎她们不再拥有父亲的遗产⏎大家都万分称奇，⏎一个人的智力，⏎竟能超过众人的判断。⏎[1]史诗缪斯：卡利俄珀，希腊神话中主管史诗的缪斯。⏎[2]密涅瓦：罗马神话中的智慧女神，即希腊神话中的雅典娜。⏎[3]乌利西斯、狄俄墨得斯、埃阿斯，均为特洛伊战争中的希腊英雄。⏎[4]阿玛丽珥、阿耳西普、蒂尔西斯都是从古希腊诗人忒奥克里托斯和维吉尔的牧歌中借用的名字。⏎[5]拉丁文Rodilardus，意为“烤肥肉”。⏎[6]法文Rodilard，意为“烤肥肉”，从拉丁文转化而来。⏎[7]忒弥斯：希腊神话中掌管法律和正义的女神。⏎[8]不同的肩带表示不同的朝代和职位。⏎[9]联盟指法国16世纪起的天主教联盟，代表教权。这里指在王权和教权之间搞平衡。⏎[10]伊阿珀托斯：希腊神话中的提灯巨人，他是普罗米修斯的父亲。在西方文学中，伊阿珀托斯的子弟意味着人类的子孙。⏎[11]该尼墨得斯：希腊神话中人物，特洛伊王特洛斯的儿子，宙斯因喜爱，派鹰掠去做司酒童子。另一说，他是牧童，宙斯化作鹰将他掠去做司酒童子。⏎[12]两个驿站之间的距离为6公里到8公里。⏎[13]参看第一卷第二则寓言《狐狸与乌鸦》。⏎[14]波吕斐摩斯：希腊神话中的独眼巨神，海神波塞冬的儿子，食人。后被奥德修斯灌醉，弄瞎独眼。⏎[15]朱诺：罗马神话中的天后，主神朱庇特的妻子。⏎[16]斯坦托尔：特洛伊战争中的希腊士卒，以其超常的洪亮声音而著名。⏎[17]古希腊雅典法庭以其机智判案而闻名。⏎[18]莫奈姆瓦夏酒：产自希腊莫奈姆瓦夏地方的葡萄酒。⏎[19]弗里吉亚：希腊地名，伊索就是那地方人。,拉封丹寓言·李玉民译,
磨坊主父子和毛驴,,拉封丹,——献给德·莫克鲁瓦先生⏎艺术的发明犹如长子权，⏎古希腊则是我们寓言的源泉。⏎不过这块麦田收割得干干净净，⏎后来者拾穗都没有什么可能。⏎虚构还是一个满眼荒芜的地方，⏎我们的作者每天都会有所发现。⏎我要对你讲一个相当精彩的故事，⏎这故事从前马莱伯也对拉冈讲过。⏎贺拉斯的这两位劲敌，⏎他的诗歌的继承者，⏎阿波罗的弟子，⏎说得准确些我们的老师，⏎有一天两人单独晤面，无人在场，⏎他们能推诚相见，有事相帮。⏎拉冈首先开口：“我是来请教，⏎您经历了生活的各个阶段，⏎必然了解世事的方方面面，⏎到此高龄什么也都能洞悉，⏎请您告诉我该如何立身处世？⏎现在是我应当考虑的时候了。⏎您了解我的家产、才能和门第，⏎我最好去外省立足，⏎还是进军队或者朝廷供职？⏎人世间无不充满苦涩和诱惑：⏎战争也有其种种柔情，⏎而婚姻有时也惊慌失措。⏎若照兴趣我知道目标是什么，⏎然而我必须让自己亲人、朝廷，⏎以及民众对我都满意。”⏎马莱伯接口说：“让人人都满意！⏎回答您之前，先听听这个故事。”⏎我在什么书上看到一个传说，⏎讲一个磨坊主和儿子一老一少，⏎孩子也不算太小，⏎如果我记得不错，⏎已经有十五岁了。⏎他们去赶集，要卖一头毛驴。⏎为了卖好价钱，让驴显得精神，⏎他们就捆住驴腿，抬着赶路，⏎这对父子抬着驴就像抬盏吊灯。⏎“可怜的家伙，傻帽，一对老粗，”⏎头一个见到的人就哈哈大笑，⏎“搞什么鬼把戏，这两个乡下佬？⏎瞧这三个蠢货，最蠢的还不是⏎大家公认的那个！”⏎磨坊主听了这话便承认无知，⏎赶紧放下牲口，催他快点走。⏎然而，毛驴已经尝到了⏎另一种方式赶路的甜头，⏎就用驴方言开始抱怨。⏎不过磨坊主没有对此留意，⏎他让儿子骑上去，自己跟在后边。⏎路上又遇见三名正经的商人，⏎他们也同样看不顺眼，⏎年纪最大的那位就冲着少年，⏎尽量提高嗓门嚷道：⏎“哎嘿！喂！你还不快下来，⏎年轻人，千万不要惹人议论，⏎说你带一名花白胡子的老奴才。⏎你应该跟着走，骑驴让给老人。”⏎“先生们，”磨坊主应声答道，⏎“这就包你们满意。”⏎于是儿子下来走，老子骑上驴。⏎这时又有三个姑娘从旁经过，⏎其中一个也有话说：⏎“看着一个男孩这样一瘸一拐，⏎叫人实在无地自容，⏎而那笨蛋样却摆出主教的姿态，⏎骑着驴还自以为聪明。”⏎“到我这年龄，”磨坊主回敬，⏎“就没有笨蛋了，请您相信，⏎走您的路吧，姑娘。”⏎这老兄接二连三受人嘲讽，⏎就以为自己错了，也让儿子骑上。⏎刚走出去三十步，又遇第三伙人，⏎他们更看不过去，一个人提高声音：⏎“这两个家伙简直发了疯，⏎可怜的毛驴已经驮不动，⏎要被两个块头给压死。⏎这样对待一头母驴，⏎哼！他们于心何忍！⏎难道他们也这样狠心，⏎对待自己的老仆人？⏎他们肯定是去赶集，⏎最后也只能卖一张驴皮。”⏎“真的！”磨坊主不由得感叹，⏎“想要所有人都满意，⏎简直就是神经错乱！⏎咱们不妨再试一试，⏎也许能用什么方式，⏎达到两全其美的结果。”⏎于是父子二人又从驴背下来，⏎毛驴就神气活现走在前头。⏎又有一个行人见了，不禁说道：⏎“磨坊主受累让驴自在，⏎天下还有这种新鲜事？⏎究竟是驴还是主人，⏎生来就是受累的命？⏎我倒想劝劝这两个人，⏎把驴供起来奉为神明。⏎他们就不怕费鞋底，⏎也要保护他们的驴蹄。⏎换了尼古拉可不这么傻，⏎他是骑毛驴去看雅娜，⏎那首民歌唱得很明白。”⏎磨坊主接口说道：⏎“驴的三重唱是很精彩！⏎千真万确，我就是驴，⏎我承认，我也认可；⏎今后不管别人怎么说，⏎不管是赞美还是指责，⏎或者根本不说什么，⏎我就照自己的主意办。”⏎他说到做到，而且做得很好。⏎至于你，追随战神、爱神还是君主，⏎你来也好去也罢，还是到处奔波，⏎要结婚就结婚，或者到外省立足，⏎要进寺院供职，或在朝廷谋个职务，⏎随便别人怎么讲，⏎只要你自己有主张。,拉封丹寓言·李玉民译,
胃与肢体,,拉封丹,我这部作品破题，⏎本应该从王国讲起：⏎从某种角度看国家，⏎同胃先生何其相似：⏎胃如有需求，全身都有感觉。⏎肢体厌倦了给胃工作，⏎决意过上绅士的生活，⏎要效法胃的榜样，⏎终日什么也不干。⏎肢体都说：“没有我们，⏎胃就只能喝西北风。⏎我们流汗，我们受累，⏎就像干重活的畜生。⏎可是究竟为了谁？⏎仅仅为了他一个胃！⏎我们忙碌却享受不着，⏎天天只让他喝足吃饱。⏎我们罢工吧，这才是⏎他要教会我们的手艺。”⏎他们这么说就这么做：⏎双手停止了干活，⏎胳臂停止了动作，⏎两腿也不再迈步。⏎他们对胃先生说自己去找吃喝。⏎这是他们后悔不迭的一个过错。⏎没过多久这几个可怜的家伙，⏎就感到衰竭，心脏不再供血：⏎每个肢体都深受拖累，⏎周身的力气也在减退。⏎经过这事这些反抗者⏎才算明白这一道理：⏎他们认为懒惰的那个，⏎为了公共利益比谁的贡献都多。⏎这情况可适用于王国的强盛。⏎国家接收并分配，掌握着均衡。⏎人人都为国家效力，⏎也相应从国家获取生计。⏎国家保障工匠通过劳作而生存，⏎让商家致富，给官员发俸禄，⏎让农民温饱，给士兵发军饷，⏎将君主的恩典广布四面八方，⏎王国独自维持百姓安居乐业，⏎墨涅乌斯把这讲得很透彻。⏎当时平民非常不满，⏎要摆脱元老院，⏎说元老拥有整个帝国，⏎拥有权力和金钱，⏎拥有荣誉和尊严；⏎而平民百姓所拥有的，⏎则是全部的苦难：⏎不仅要纳苛捐杂税，⏎还要肩负战争的重担。⏎他们已经开始围城，⏎布置在各个战斗据点，⏎多数人要去另寻家园⏎墨涅乌斯正是在这种关头，⏎通过这样一篇令人信服的寓言，⏎让他们明白恰恰类似人的肢体，⏎促使他们回心转意，⏎重新履行臣民的义务。,拉封丹寓言·李玉民译,
装扮成牧人的狼,,拉封丹,一只在周围觅食的老狼，⏎近来再难逮着羊，⏎他认为应当学学狐狸，⏎装扮另一种模样。⏎他披上了肥袖的外衣，⏎一副牧人的打扮，⏎还不忘拿支风笛，⏎捡根棍子当牧杖。⏎为了将奸计贯彻到底⏎他还在帽子上写了几个字：⏎“我叫吉约，这群羊的牧人。”⏎这样装扮妥当，⏎用前爪拄起牧杖，⏎这个冒牌的吉约，⏎便悄悄接近羊群。⏎那个真吉约躺在草地上，⏎这时睡得正香。⏎他的牧犬、他的风笛，⏎以及大部分山羊，⏎也都徜徉在梦乡。⏎冒牌的牧人也就由着他们，⏎他想把其余的羊带进密林；⏎为了确保一举成功，⏎伪装再锦上添花，⏎认为有必要讲讲话，⏎而这样反把事情搞砸。⏎他模仿不了牧羊人的声音，⏎讲话的狼嗥响彻了树林，⏎秘密从而完全败露。⏎羊和牧羊犬、年轻的牧人；⏎大家闻声都惊醒。⏎可怜的狼一见大事不妙，⏎怎奈被衣服绊住了腿脚，⏎想抵抗也不成，⏎要逃也逃不掉。⏎骗子再怎么高明，⏎总有地方露出破绽，⏎是狼就改不了习性；⏎这可以说铁证如山。,拉封丹寓言·李玉民译,
青蛙请立国王,,拉封丹,青蛙们已经厌倦⏎他们的民主政体，⏎举国闹翻了天，⏎朱庇特只好干预，⏎给他们确立君主政权；⏎从天上派去一个⏎十分平和的国王。⏎这国王突然降落，⏎发出巨大的声响，⏎吓得沼泽的居民，⏎都纷纷躲藏。⏎这些百姓又胆怯又愚蠢，⏎有的钻进灯芯草和芦苇中，⏎有的扎进水底，⏎钻进沼泽的所有洞里，⏎他们以为新来了一个巨人，⏎很久不敢出来瞻仰⏎他们国王的尊容。⏎来者不过是一根小梁木。⏎第一只出洞的青蛙，⏎壮着胆子看他，⏎乍一看还真害怕。⏎青蛙战战兢兢，⏎一点一点靠近。⏎另一只跟上来，随后又一只，⏎结果来了一大群，⏎居民最终打成一片，⏎他们甚至跳到国王的肩上。⏎国王陛下很宽容，⏎始终也不吱一声。⏎可是青蛙闹得太凶，⏎吵得朱庇特头都疼。⏎这群百姓要求：“给我们一位⏎喜欢活动的国王吧。”⏎众神之主便给他们派去一只鹤。⏎这只鹤捕杀青蛙，⏎甚至整个儿活活吞下。⏎青蛙们又开始叫苦连天；⏎朱庇特则回答：“又怎么不满！⏎你们以为提出愿望，⏎我们就得照办？⏎你们本来应当维护⏎你们先前的政府。⏎既然没有那么做，⏎头一个国王宽厚温和，⏎你们原本应该满足：⏎这一位你们还是将就为妙，⏎只恐怕再换一个更糟糕。”,拉封丹寓言·李玉民译,
狐狸和山羊,,拉封丹,狐狸队长同他朋友山羊结伴而行。⏎这山羊两只角很长，目光却短浅：⏎只能看到自己的鼻尖。⏎而狐狸在骗术上早已老谋深算。⏎两朋友走得口渴跳进一口井中，⏎他们畅饮饱喝了一通。⏎两个喝足了之后，⏎狐狸便对山羊说：⏎“伙计，咱们怎么办？⏎水喝足了不算完，⏎还得想法从井里出去。⏎你抬起两个前蹄，⏎两只角也高高竖起，⏎紧紧贴着井壁。⏎我就从你的后背爬上去，⏎再登上你的两只角，⏎就借助你这架梯子，⏎先从这口井爬出去，⏎然后再把你拉上去。”⏎“我以这胡子起誓，”山羊赞道，⏎“你这办法真妙，⏎我赞赏你这样聪明的头脑；⏎这种绝招我承认，⏎我怎么也想不到。”⏎狐狸爬出这口井，丢下了伙伴，⏎还对山羊夸夸其谈，⏎规劝他耐心等待。⏎狐狸还说：“等哪天老天长眼，⏎给你多如胡须的判断，⏎你就不会这么轻率，⏎随随便便下到井里。⏎再见了，我已经出来。⏎你就想法儿自救吧，⏎拿出你全身的本事。⏎我还有事情要办，⏎路上不能耽误时间。”⏎凡事有始有终，必须考虑周全。,拉封丹寓言·李玉民译,
雌鹰、母猪和雌猫,,拉封丹,一棵蛀空的树顶筑有鹰巢，⏎树下住着野猪，树腰住着野猫，⏎母亲和幼崽组成三个家庭，⏎邻里邻居上下互不相扰。⏎野猫却无事生非，打破了安宁，⏎她爬上鹰巢说道：“大事不妙，⏎我们死到临头，恐怕性命难保，⏎至少我们的孩子在劫难逃。⏎您还没看到，那头该死的野猪，⏎整天拱来拱去，挖我们的墙脚？⏎肯定要把橡树连根掘起，⏎连同我们的孩子一起毁掉。⏎但愿孩子们都能安然无事，⏎可是树一倒，就会让野猪吃掉！⏎哪怕给我留一个⏎也算是老天行好。”⏎心怀叵测的野猫，⏎散布了一片恐怖，⏎溜下树离开鹰巢，⏎来看望下家的邻居，⏎正赶上野猪生小猪。⏎野猫进门悄声说道：⏎“我的好友邻居大嫂，⏎我劝您千万别出屋，⏎老鹰会趁机来袭扰，⏎抓走您这些小宝宝。⏎这话您可别透露，⏎老鹰冲我发飙受不了。”⏎野猫又在另一家散播了恐怖，⏎这才回到自己的洞里睡大觉。⏎老鹰不敢离巢去捕食喂鹰雏，⏎野猪更小心，不敢离窝半步。⏎多么愚蠢，看不到最大的需要，⏎别的事小，先得把肚子填饱。⏎两家母亲就这样在家里守护，⏎守护孩子们，总觉得危机四伏。⏎鸟中王唯恐野猪拱倒鹰巢，⏎野猪也最怕鹰袭击一家老小。⏎无论鹰家族还是野猪家族，⏎全被饥饿吞没，死了个绝乎，⏎一个个活活饿死，两家全报销，⏎老猫家大吃大喝，过得多逍遥！⏎一条毒舌挑拨事端，⏎能制造多少灾难？⏎潘多拉盒子一打开，⏎就要跑出多少祸患，⏎依我看最大的祸害，⏎就是奸邪者的欺骗。,拉封丹寓言·李玉民译,
酒鬼和他老婆,,拉封丹,人人都有缺点，还一犯再犯：⏎无论羞耻还是畏惧，⏎也都无法改变。⏎提起这个话题，我想起一个故事：⏎不管讲什么道理，⏎我总要借助于事例。⏎且说有一个酒鬼，嗜酒不要命，⏎不仅挥霍掉钱财，⏎身心还受到伤害。⏎这种人把家产荡完，⏎人生之路还未走一半。⏎有一天，这家伙喝得烂醉如泥，⏎把他的全部知觉留在酒瓶里，⏎他老婆就把他关进一座坟墓。⏎新酿的酒上了头，⏎他就在墓中慢慢醒酒。⏎等酒醒来他才发现，⏎身边全是丧葬的物件：⏎有一盏长明灯，⏎还有一块殓布。⏎“这是什么乱七八糟的？”他说道，⏎“难道我老婆成了寡妇？”⏎这当儿，他的妻子走进了坟墓，⏎一身阿勒克托的装束，⏎戴着女神的面具，⏎模仿女神的声调，⏎走近所谓死者的棺木，⏎给他端来一碗滚烫的菜粥。⏎这位丈夫见了丝毫也不怀疑，⏎一定是从地狱里来的一个鬼。⏎“你究竟是谁？”⏎他问那个幽灵。⏎“我在撒旦王国里，⏎主要管理伙食。”⏎他的妻子回答，⏎“现在端来吃的，⏎送给黑墓中的饿鬼。”⏎她丈夫想也未想就接口说：⏎“你也不送来点酒喝？”,拉封丹寓言·李玉民译,
痛风和蜘蛛,,拉封丹,地狱造了痛风和蜘蛛两姊妹，⏎便对她们说道：“我的女儿，⏎你们可以炫耀，⏎让人类同样畏忌。⏎因而要给你们寻找⏎合适的安身之地。⏎仔细瞧瞧，要住这些低矮的小木房，⏎还是住那样漂亮、金碧辉煌的大宫殿？⏎这就是我的安排，⏎挑个地方住下来；⏎你们抽签来决定，⏎两根签决定命运。”⏎蜘蛛说：⏎“这些破房的东西，⏎一样也看不顺眼。”⏎痛风的想法恰恰相反，她看见⏎宫殿里挤满了人，⏎他们名称叫医生，⏎住那儿肯定有麻烦，⏎于是挑选了另一签。⏎就到破屋安家落户，⏎正巧来了个穷汉，⏎躺在他脚趾上好舒服，⏎还一边叨念：⏎“我干这样的行当，⏎不信还有失业的危险，⏎还会把我扫地出门，⏎神医也绝不会过问。”⏎蜘蛛这工夫，⏎已在棚角护板立足，⏎在这个地方安顿，⏎好像租下永久居住。⏎住下便吐丝结网，⏎粘住飞虫有了食粮。⏎不料来了个女仆，⏎挥扫把一扫而光。⏎再织网又遭扫荡。⏎可怜的蜘蛛只好每天搬迁，⏎搬来搬去也是枉然，⏎终于无奈去找痛风。⏎痛风正在路上折腾，⏎比起最不幸的蜘蛛，⏎还要千百倍不幸。⏎主人带她到处奔波：⏎时而去树林砍柴，⏎时而到田里干活⏎翻土整地无所不做。⏎有道是：⏎痛风怕的是折腾，⏎折腾就能好五分。⏎她说道：⏎“我可实在受不了！⏎蜘蛛妹，咱俩可对调？”⏎蜘蛛立刻就答应，还马上行动，⏎悄悄钻进破房中。⏎再也没人来打扫，⏎不必搬家到处逃。⏎痛风那边，丝毫也不怠慢，⏎径直奔向新目标，⏎撂倒一个大主教，⏎终生卧床动不了。⏎天晓得！不知用了多少药，⏎医生根本无廉耻，⏎病痛越治越糟糕。⏎就这样，各得其所两姊妹⏎交换住所真明智。,拉封丹寓言·李玉民译,
狼与鹤,,拉封丹,狼贪吃而说狼吞虎咽。⏎一匹狼参加一次盛宴，⏎据说吃得特别急，⏎一根骨头卡在嗓眼里，⏎险些丢了性命。⏎幸好一只鹤经过那里，⏎狼呼救发不出声，⏎就向鹤连连打手势。⏎鹤大夫就飞了过来；⏎立刻开始做手术。⏎鹤大夫医术高明，⏎很快给狼取出了骨头，⏎要求付给一定报酬。⏎“给你报酬？”狼答道，⏎“开什么玩笑，我的好大嫂，⏎怎么，你脖子探进我喉咙，⏎我还让你缩回去，⏎难道这回报还算少？⏎滚吧，你这忘恩负义的家伙，⏎千万别落到我的爪下！”,拉封丹寓言·李玉民译,
被人打倒的狮子,,拉封丹,艺术家展出一幅画，⏎画面一头狮子无比巨大，⏎一个人仅凭一己之力，⏎就把狮子打倒在地。⏎观赏者见此情景，⏎都感到无上光荣。⏎这时一头狮子经过，⏎迫使他们一阵沉默。⏎狮子说：“我完全理解，⏎画家是用这种图像，⏎给你们胜利的感觉；⏎其实他在蒙骗你们：⏎他这是放手以假乱真。⏎假如我的同胞也能绘画，⏎那么我们更加理直气壮，⏎画出精彩得多的真相。”,拉封丹寓言·李玉民译,
狐狸和葡萄,,拉封丹,一只加斯科涅的狐狸，⏎也有人说在诺曼底，⏎他已经饿得半死，⏎望见架上的葡萄，⏎看样子完全熟了，⏎葡萄皮红里透紫，⏎显得十分鲜艳。⏎这个滑头很想美美一餐，⏎无奈葡萄架高不可攀。⏎于是他不屑地说道：⏎“这葡萄又青又酸，⏎只配给那些粗汉。”⏎吃不着就说葡萄酸，⏎还不如发几声怨言。,拉封丹寓言·李玉民译,
天鹅与厨师,,拉封丹,天鹅与家鹅⏎一起生活⏎在一家饲养场：⏎天鹅专供主人玩赏，⏎家鹅只给主人品尝。⏎天鹅是园中贵客而自鸣得意，⏎家鹅是家中饲养而得意扬扬。⏎常见两只鹅并排游弋，⏎将城堡的沟渠当成游廊，⏎时而凌波飞驰，⏎时而潜水深藏，⏎嬉戏不知厌腻，⏎玩得那么疯狂。⏎一天厨师酒喝多，⏎硬把天鹅当家鹅，⏎抓住脖子要宰掉，⏎收拾下锅熬汤喝。⏎天鹅眼看命难保，⏎哀鸣不止向天歌。⏎厨师闻听吓一跳，⏎这才发现醉中错。⏎厨师说：“歌声多美妙，⏎怎么！这样歌手要下锅！⏎不，不，天神也不饶！⏎她如此悦耳的歌喉，⏎绝不能毁在我的手！”⏎可见到了危急关头，⏎和声细语或可自救。,拉封丹寓言·李玉民译,
狼国和羊国,,拉封丹,持续了一千年的战争，⏎狼国和羊国终于缔结和平。⏎这显然是双赢：⏎狼虽然吃了许多迷途的羔羊，⏎牧人也用狼皮做了不少衣裳。⏎无论羊群吃草，⏎还是狼寻肉食，⏎双方从来都没有自由，⏎吃东西也总是胆战心惊。⏎现在交换了人质，⏎缔结了和平：⏎狼国交出狼崽，⏎羊国交出牧犬。⏎这件事由双方代表调停，⏎交换仪式也按常规进行。⏎过了一段时间，⏎狼崽长成了大狼。⏎这些先生杀戮成性，⏎趁着羊圈没有牧人，⏎就咬死了一半⏎长得最肥胖的羔羊，⏎他们叼着羊羔钻进了树林。⏎他们早已和同伙秘密串通，⏎两边同时行动。⏎牧犬在狼国相信狼的保证，⏎都放心地休息，⏎在睡梦中被掐死：⏎他们刚有点察觉，⏎就丢掉了性命。⏎他们全被撕烂，⏎一条也没有幸免。⏎从这故事能得出一个结论：⏎必须坚持不懈地同恶人斗争。⏎和平固然很好，⏎这我也承认；⏎然而敌人不守信义，⏎和平又有什么用？,拉封丹寓言·李玉民译,
年迈的狮子,,拉封丹,狮子，威震森林，⏎但岁月不饶人，⏎当年多么英勇，⏎回想起来潸然泪下，⏎现在连他的臣民，⏎对他也是又打又骂，⏎只因他年老体衰，⏎他们才变得强大。⏎马走近前踹他一脚，⏎狼凑热闹咬他一下，⏎牛则顶他一角。⏎可怜的狮子只好忍耐，⏎心中不禁无限伤感，⏎无奈体虚年迈，⏎吼一声都无威严，⏎只能等待命运的安排。⏎这时他望见，就连驴⏎也径直跑向他的洞穴，⏎于是他就对驴说：⏎“哼！真是欺人太甚！⏎我情愿一死，⏎如果要忍受你的欺凌，⏎那我就等于死了两次！”,拉封丹寓言·李玉民译,
菲罗墨拉和普洛克涅,,拉封丹,从前燕子普洛克涅⏎离开了自己的居所，⏎远离城市飞到山林，⏎听见菲罗墨拉在唱歌。⏎普洛克涅说：“可怜的姐姐，⏎你的身体可康健？⏎转瞬间离别了千年，⏎还记得色雷斯一别，⏎你再没回到我们中间。⏎跟我说说究竟如何？⏎还不想摆脱这离索的孤单？”⏎“哦！”菲罗墨拉接口说，⏎“哪里能比这儿更温暖？”⏎“怎么！这样好听的歌，”⏎普洛克涅不免惊叹，⏎“只跟林中的动物唱和？⏎顶多有个把农夫听见。⏎像这样的英才俊杰，⏎怎好弃置于荒漠深山？⏎不如去城市一展才能，⏎何必终日面对山林，⏎要不断地回想起从前，⏎受你天仙美色的吸引，⏎忒瑞俄斯施暴的情景。”⏎“唉！”菲罗墨拉不免哀叹，⏎“那是极其残忍的暴行，⏎往事不堪，也不能伴你回还，⏎见世人忆旧梦更要断魂。”,拉封丹寓言·李玉民译,
淹死的女人,,拉封丹,我可不是讲这种话的人：⏎“这算不了什么，⏎不过是个女人跳河自尽。”⏎我要说人命关天，尤其女性，⏎很值得我们惋惜，⏎只因女性给我们增添快乐。⏎我讲这话绝非离题，⏎这则寓言说的就是⏎这样一位妇女：⏎她跳进波涛中，⏎结束她悲惨的一生。⏎丈夫去寻找她的尸体，⏎人已死于非命，⏎总得让她入土为安，⏎尽自己的夫妻之情。⏎他来到吞噬他妻子的河流岸边，⏎在那里散步的人还不知道⏎这个不幸事件。⏎这位丈夫便询问⏎他们是否看见他妻子的踪影。⏎其中一人回答：“没有，⏎不过，您就沿着河流，⏎一直找到下游。”⏎另一个人却说道：“别顺水流找；⏎您还是往上游走。⏎冲走她的水流，⏎不管坡度多么陡，⏎也不管什么流向，⏎她那逆反的性情⏎会使她逆水漂流，⏎漂向河的上游。”⏎此公嘲笑人也不分时候。⏎至于逆反的性情，⏎我不知道他讲的是否对头；⏎但是这种性情⏎不管有还是没有，⏎女性的缺点及其癖性，⏎则是与生俱来，⏎无疑死才带走，⏎如果有可能，⏎死也不肯罢休。,拉封丹寓言·李玉民译,
进入谷仓的黄鼬,,拉封丹,黄鼬小姐瘦弱苗条，⏎她刚刚病愈，⏎一个小洞就能钻进去：⏎钻进一座仓库，⏎过起自由自在的生活。⏎整天大吃大喝，⏎爱吃的肥肉管够，⏎天晓得过的是什么日子，⏎每天都像逢年过节。⏎这样贪吃的结果，⏎就是脂肪积累；⏎黄鼬小姐发了福，⏎脸变圆腰变粗，⏎小姐吃成了肥婆。⏎她这样贪吃了一个星期，⏎忽然听见有声响，⏎就要从小洞钻出去。⏎可是怎么也通不过，⏎还以为地点记错。⏎她绕了几圈，就说：⏎“没错，正是这地点；⏎简直太怪了，⏎不过五六天前，⏎我才从这里进来。”⏎一只老鼠见她为难，便对她说：⏎“那时候您身子还不像这么圆，⏎您瘦溜着进来，⏎还得瘦溜着出去。⏎我对您讲的这话，⏎有人也对许多人讲过。⏎但是也别往深里探讨。⏎把您的事同别人的事混淆。”,拉封丹寓言·李玉民译,
猫和老耗子,,拉封丹,我读过一位寓言家的书，⏎看了罗狄拉第二的故事。⏎他是猫中的亚历山大，⏎老鼠的灾星阿提拉，⏎他把老鼠置于不幸的境地。⏎我是说读过⏎某位作者写的故事：⏎他讲述那只灭鼠的猫，⏎赛似刻耳柏洛斯，⏎威震方圆一法里：⏎他想要灭绝⏎全世界的鼠类。⏎各种灭鼠的办法，什么翻板、⏎耗子药、捕鼠器，⏎同这只猫一比，⏎都不过是儿戏。⏎他看到所有老鼠都躲进洞中，⏎吓得不敢出来，⏎他寻不到踪影，⏎狡猾的家伙就装死，⏎倒挂在棚板上，⏎爪子抓着绳子脑袋冲下。⏎老鼠们都以为这只恶猫，⏎一定受到了惩罚：⏎这个十恶不赦的家伙，⏎不是偷吃了烤肉，⏎就是偷吃了奶酪，⏎或者抓伤了什么人，⏎碰坏了什么东西，⏎总之把这个坏蛋吊起来。⏎等到给猫举行葬礼的时候，⏎所有老鼠，我是说，⏎他们一定不约而同，⏎哈哈大笑着送殡。⏎继而他们从洞口探出鼻子，⏎再伸出点儿脑袋，⏎然后又退回老鼠洞，⏎接着又出来走几步，⏎他们终于开始觅食随便走动，⏎结果却送货上门：⏎吊死的猫死而复生，⏎掉下来四脚着地，⏎逮住最迟缓的几只。⏎猫一边吞食一边对他们说道：⏎“我们有很多绝招，⏎这还是老战术；⏎你们的洞打得再深，⏎也绝救不了你们；⏎我先就发出警告：⏎你们全要进我的胃里报到。”⏎他预言的事很准，⏎这位和气的猫爷，⏎又第二次设下圈套，⏎再给老鼠上上课。⏎他撒粉染白了长袍，⏎这样乔装一打扮，⏎整个身子再缩成一团，⏎躲在打开的面包箱里。⏎他这一招妙不可言：⏎鼠辈们迈着碎步出来找死。⏎但是有一只，只有一只，⏎不肯出来打探。⏎这是一只老耗子，⏎知道对手诡计多端，⏎而且有一次激战，⏎他甚至痛失了尾巴。⏎“这个沾了粉的面团，⏎依我看不算什么，”⏎老耗子站得很远，⏎高声对猫将军说，⏎“我就怀疑这下面有什么机关。⏎你伪装面团也没用，⏎你就是变成一袋面粉，⏎我也不会靠近前。”⏎他讲得很好，我同意他的慎重：⏎他有丰富的经验，⏎懂得怀疑是安全之母，⏎遇事多个心眼才保险。⏎[1]德·莫克鲁瓦：拉封丹的终生朋友，当时（1647年之前）他在犹豫是结婚还是去任教职，后来他成为斯大教区的议事司铎。⏎[2]马莱伯（1555—1628）：法国著名诗人，法国诗歌改革的先驱。⏎[3]拉冈（1589—1670）：马莱伯的主要弟子，抒情诗人。⏎[4]贺拉斯（公元前65—前8）：意大利拉丁文诗人。⏎[5]阿波罗：希腊神话中的太阳神，权力极大，主管光明、青春、音乐诗歌等。⏎[6]当时流传的一首民歌：“别了，狠心的雅娜，如果你不爱我，我就骑上驴，跑开去寻死。”“去吧，尼古拉，不要再废话；快快快，千万别回来！”⏎[7]墨涅乌斯：公元前503年罗马执政官，他用肢体与胃的关系的寓言，平息了平民准备攻城的暴乱。⏎[8]元老院：古罗马贵族阶级的立法与执政机构，执政官由元老院推选。⏎[9]阿勒克托：希腊神话中的复仇三女神之一，是战争与瘟疫的化身。⏎[10]菲罗墨拉和普洛克涅是希腊神话中人物，两姊妹是雅典公主。普洛克涅的丈夫色雷斯王忒瑞俄斯又爱上菲罗墨拉，抢走成亲，并割掉舌头，关进塔楼里。菲罗墨拉将自己的遭遇绣在手帕上，投给了普洛克涅。普洛克涅设法将她救出，还杀死自己同忒瑞俄斯所生的儿子，剁成肉块给丈夫吃。忒瑞俄斯发现吃了自己儿子的肉，就追杀姊妹俩，途中神把普洛克涅变成燕子，把菲罗墨拉变成夜莺。⏎[11]罗狄拉第二：猫的名字。第二卷《老鼠开会》有一只同名的猫，这里故称第二。⏎[12]亚历山大（公元前356—前323）：马其顿国王，史称亚历山大大帝。⏎[13]阿提拉（434—453）：匈奴国王，他率铁骑攻到欧洲多瑙河一带，自称“上帝的连枷”，即“上帝的工具”。⏎[14]刻耳柏洛斯：希腊神话中看守地狱大门的恶犬，生有三个脑袋。,拉封丹寓言·李玉民译,
坠入情网的狮子,,拉封丹,——献给德·塞维涅小姐⏎塞维涅，您有倾城之貌，⏎美惠三女神是您的写照，⏎您天生丽质佳妙无双，⏎但同样冷艳何等清高。⏎您可否分分神赏光，⏎看看一则寓言的玩笑？⏎一头雄狮坠入情网，⏎您见了不会自相惊扰。⏎爱情是个古怪的主子，⏎幸运者仅在故事中见识，⏎也未曾被这雷霆击倒！⏎如在您面前姑妄言之，⏎直言不讳惹芳心气恼，⏎寓言至少不必介意。⏎这一则就更加可靠，⏎能到您的脚下献礼，⏎表达友谊的热忱和感激。⏎从前动物会说话的时代，⏎其中狮子就异想天开，⏎要跟人类结成连理。⏎向人求婚有何不可呢？⏎那年头狮子的地位，⏎并不亚于我们人类。⏎不但勇猛又有智慧，⏎蓬鬃阔面仪观雄伟。⏎事情的进展就是这样：⏎一头雄狮出身高贵，⏎正巧经过一片牧场，⏎遇见可意的牧羊姑娘。⏎狮子就想成其婚配。⏎父亲挑女婿另有主张，⏎至少别这样一脸凶相。⏎这个求婚者难以应对，⏎一口回绝恐不妥当。⏎即使拒绝也会有情况，⏎说不定哪天早晨发现，⏎两个偷情私结良缘。⏎自古美人爱粗鲁汉子，⏎女儿可能心甘情愿，⏎爱上披长发的青年。⏎父亲也不敢公然失礼，⏎将这位求婚者赶出去，⏎便对他说：“我女儿很娇气，⏎恐怕您亲热爱抚起来，⏎这样利爪会把她伤害。⏎请允许全部截断指爪，⏎再用钢锉将牙齿磨平，⏎拥抱时就会更美妙，⏎亲吻时也不会太生硬；⏎尤其我女儿顾虑打消，⏎就能更加深情地回应。”⏎狮子早已神魂颠倒，⏎说什么都满口应承。⏎狮子没了坚齿没了利爪，⏎就好比堡垒已经夷平。⏎主人放出狗来一阵乱咬，⏎狮子无力抵抗逃之夭夭。⏎爱情哟！你一旦抓住我们，⏎那就可以说：别了，小心！,拉封丹寓言·李玉民译,
牧羊人和大海,,拉封丹,一个牧人，同安菲特里特为邻，⏎拥有自己的羊群，⏎收入虽然很微薄，⏎至少生活相当安稳，⏎长期满足于这种生活⏎吃穿都不用担心。⏎他看着海岸卸了那么多珠宝财货，⏎终于经受不住诱惑，⏎卖掉了自己的羊群，⏎拿钱去经商，⏎全部投到海运。⏎不料货船遭遇海难，⏎他损失了全部资金。⏎这个牧人只好给别人去放羊，⏎他不再像从前那样，⏎放牧自己的羊群，⏎不能再把自己看成⏎蒂尔西或者科里东，⏎而现在却不折不扣，⏎仅仅是个皮埃罗。⏎过了一段时间，他挣了一些钱，⏎又买几只产毛的畜生。⏎有一天风平浪静，⏎货船平安靠了岸。⏎“喂，海夫人，”牧羊人说道，⏎“您又想要钱吧，⏎请您向别人去要，⏎从我这儿一文也得不到。”⏎这可不是随意编造的故事。⏎我通过一定事实，⏎再结合人生经验，⏎来证明一个道理：⏎一分有把握的钱，⏎胜过可望得到的五分；⏎要安于自己的生活条件，⏎根本不听大海和野心⏎那种诱人的呼唤。⏎一人财运亨通，⏎万人叫苦连天。⏎大海尽管许下金山和银山，⏎请相信，风暴和海盗就会出现。,拉封丹寓言·李玉民译,
苍蝇和蚂蚁,,拉封丹,苍蝇和蚂蚁相争谁更有价值。⏎“朱庇特啊！”苍蝇说，⏎“一有了虚荣心，⏎怎么就糊涂透顶，⏎头脑这么不清醒！⏎一只小小的爬虫⏎竟然同飞行小姐相提并论？⏎我经常出入神殿，⏎参加你的盛宴：⏎有人宰牛向你祭献，⏎我总在你之前尝鲜。⏎可是这位呢，可怜的小爬虫，⏎往蚁穴里拖回点什么，⏎就算是三天的食品。⏎我的小乖乖，请告诉我，⏎你可曾在一位国王、⏎皇帝或美人头上待过？⏎我就时常这么做：⏎我想吻就亲吻酥胸，⏎可以在秀发中嬉戏；⏎天生白皙的肌肤，⏎我也能使之增色：⏎一位要去征服男人的女子，⏎她美容的最后一招，⏎就是贴几个蝇痣，⏎突显自己的容貌。⏎你可别又对我讲，⏎你们囤积过冬的食粮，⏎吵得我的脑袋都发涨。”⏎“你还有完没完？”蚂蚁主妇气愤，⏎反驳这只苍蝇，⏎“不错，你常出入王宫，⏎可是你遭人诅咒。⏎献给神灵的供品，⏎你先尝第一口，⏎你认为那会变得鲜美？⏎什么地方你都能进去，⏎渎神者也如此行为。⏎你还能落到国王和毛驴的头顶，⏎这本领我并不否认；⏎但是我也知道，⏎你们这样去烦扰，⏎往往受到严惩，⏎一下子就丢了性命。⏎你还说某种装饰⏎能给美人增色，⏎那东西同你我一样黑，⏎叫作蝇痣我也同意：⏎难道这也值得夸耀，⏎算是你们的功劳？⏎所有寄生虫不是也称为苍蝇？⏎这种空洞乏味的话，⏎赶快收起来吧，⏎不要在这儿自吹自擂了。⏎宫廷要把苍蝇驱散，⏎也要吊死密探；⏎你们就得挨饿受冻，⏎就得受罪受穷，⏎等到福珀斯君临地球另半边，⏎你们就全要丧命。⏎而我等到冬天来临，⏎就安享劳动的成果，⏎无忧无虑地生活，⏎不用再顶风冒雨，⏎不用再到处奔波。⏎现在所付出的劳苦，⏎省却我将来的忧虑。⏎我讲这番话就是让你明白，⏎荣耀有真假实虚，⏎一定要区分开。⏎再见，我已经耽误不少时间，⏎我还得去实干，⏎我的柜橱和仓库，⏎用空话可装不满。”,拉封丹寓言·李玉民译,
园子主人和领主,,拉封丹,一个喜爱园艺的人，⏎既是乡绅又是乡民，⏎他在村里有座园子，⏎侍弄得相当齐整，⏎还连着一块田地，⏎四周围着绿篱。⏎园里种有酸模和莴苣，⏎正好可以扎一束花，⏎给玛尔戈过生日，⏎西班牙茉莉没有几朵，⏎百里香倒是很多。⏎不料有一只野兔，⏎搅了这一场喜悦。⏎园主只好去镇上见领主，⏎向领主老爷诉苦：⏎“那个该死的畜生，⏎早晨晚上都大吃，⏎根本不怕什么陷阱，⏎连石块棍棒也失去威力。⏎我认为他会魔法。”⏎“魔法？”领主老爷应声回答，⏎“我倒要会他一会，⏎哪怕他是魔鬼，⏎任他怎么诡计多端，⏎我的猎犬，米罗，⏎很快就能让他就范。⏎老伙计，请您放心，⏎不除掉他我誓不为人。”⏎“什么时候呢？”“就从明天起，⏎这事不能再耽搁。”⏎事情就这样商量妥，⏎领主果然带队前来。⏎“还是先吃饭吧，”老爷说道，⏎“您的小鸡肉嫩吧？⏎过来呀，府上的闺女，⏎让我好好瞧瞧你。⏎什么时候把她嫁出去？⏎什么时候给她找女婿？⏎老伙计，您要明白，⏎必须舍得花钱，⏎这件事才好办。”⏎他一边说，一边同人家姑娘亲热，⏎让姑娘坐到他身边，⏎拉起她一只手，⏎搂住人家一只胳膊，⏎还撩起一角她的胸巾。⏎美人推拒粗俗的猥亵，⏎仍不失极大的尊敬。⏎父亲终于有所察觉。⏎这工夫，众人在厨房大肆张罗。⏎“您这些火腿何时做的，⏎看成色相当不错。”⏎“先生，您喜欢就全拿走吧。”⏎“真的呀！”老爷回答，⏎“那我就不客气收下。”⏎菜肴很丰盛，他吃得非常来劲，⏎他的全班人马都有份，⏎包括狗、马匹和下人，⏎无不放开肚量享用。⏎这位老爷反客为主，⏎坐在那里百无禁忌，⏎畅饮人家的美酒，⏎爱抚人家的闺女。⏎领主老爷和他的人马吃完饭，⏎要打猎就更麻烦。⏎一个个跃跃欲试：⏎吹起喇叭和号角，⏎震耳欲聋一片喧嚣。⏎可怜的园子又遭蹂躏，⏎情况反而更糟糕，⏎园主万万也没想到。⏎完了，那些菜畦田垄；⏎完了，生菜和大葱，⏎做汤的蔬菜全完了。⏎野兔就藏在白菜下面的巢穴，⏎他们搜索，要把猎物轰出来，⏎野兔就从洞穴逃走，⏎不是洞穴，而是豁口；⏎那是执行老爷的命令，⏎在可怜的篱笆上开了⏎一个宽得惊人的豁口，⏎否则骑马出园子，⏎就很难跃出绿篱。⏎厚道的园主说：“那是爵爷的规矩。”⏎随便他怎么讲，那些人和猎犬，⏎一小时造成的祸害，⏎就等于全省野兔⏎危害了一百年。⏎诸侯小国，争端要自己解决：⏎除非愚昧糊涂，才向国王求助。⏎蕞尔小国间的战事，⏎千万别让他们介入，⏎也别放他们开进领地。,拉封丹寓言·李玉民译,
毛驴和小狗,,拉封丹,秉性天生不可逞强，⏎怎么勉强都落笑柄。⏎一个人生来蠢笨，⏎就是使出浑身解数，⏎也不能显得风流倜傥。⏎得天独厚的人屈指可数，⏎他们天生就有⏎人见人爱的天赋。⏎这方面就应当顺其自然，⏎别像寓言的毛驴那样出丑。⏎那头毛驴要去亲近主人，⏎在主人面前好显得可爱可亲。⏎“怎么！”驴心想，⏎“就因为是小不点儿，⏎这只狗就跟先生，⏎跟太太地位相同，⏎而我就得挨棍棒？⏎他做什么呢？⏎不过是伸出爪子，⏎就立刻有人亲。⏎我是否也该这样，⏎就能让主人喜欢，⏎这事并不难办。”⏎毛驴越想越得意，瞧瞧主人⏎也正是好心情，⏎他就笨重地走过去；⏎抬起一个老硬蹄，⏎无比深情地送给主人的下颌儿，⏎为了干得更漂亮，⏎他这大胆的行动，⏎还伴随美好的歌声。⏎“哎呀呀！”主人立刻说，⏎“这算什么亲热！⏎唱的是什么歌！⏎喂！棍子马尔丹！”⏎棍子马尔丹跑来，⏎驴就改了唱腔。⏎喜剧到此收场。,拉封丹寓言·李玉民译,
老鼠和黄鼠狼大战,,拉封丹,黄鼠狼一族⏎总是侵害老鼠，⏎毫不亚于猫族。⏎假如鼠穴的洞口⏎不是那么狭窄，⏎这种细腰身的动物，⏎我想一定能够⏎大批地剿灭老鼠。⏎且说有一年，⏎鼠族人丁兴旺，⏎鼠王名叫鼠大抨，⏎率大军上战场。⏎黄鼠狼那一边，⏎也是旌旗招展。⏎如果相信信息女神，⏎胜负还很难分。⏎一群群战士的鲜血，⏎灌溉了休闲的田野。⏎从各处的战况来看，⏎还是鼠类大军⏎死伤最为惨重。⏎尽管几员大将，阿大扒、⏎普西卡扒、梅里搭扒，⏎都滚得满身尘土，⏎鼓舞士气英勇奋战，⏎对抗了好长时间，⏎最终还是全军溃败。⏎他们再也顶不住，⏎只好向命运低头。⏎大家纷纷逃命，⏎不分军官和士兵。⏎王爷们全部殉难，⏎小百姓都躲进⏎事先准备好的洞中，⏎没大费劲就脱险。⏎而达官贵族的头顶⏎都戴着白鹭的冠毛，⏎角饰或各种羽翎，⏎既表明尊贵的身份⏎又借以显威风，⏎吓退黄鼠狼兵。⏎可是他们弄巧成拙，⏎反造成自己的不幸。⏎无论缺口还是裂缝，⏎无论什么地洞，⏎他们都钻不进；⏎而那些小老百姓，⏎却能钻进极小的窟窿。⏎因而战场狼藉的尸体，⏎全是鼠族的显贵。⏎头戴羽饰花翎，⏎可不是小累赘。⏎全身装饰太多太华美，⏎要经过狭道险关，⏎往往会拖累延缓。⏎小人物闪身而过，⏎只因简装轻便。⏎遇事小人物易躲祸，⏎大人物脱身难又难。,拉封丹寓言·李玉民译,
猴子与海豚,,拉封丹,从前希腊有一种风气，⏎凡是乘海船的旅客，⏎无不随身携带几只⏎会耍把戏的狗和猴子。⏎有一只载有这样旅客的船，⏎行驶到雅典不远处遇难。⏎如果没有海豚救护，⏎全得命赴黄泉。⏎海豚这种动物，⏎是人类的好友：⏎此说很有可信度，⏎普林尼在书中有过论述，⏎且说海豚竭力救人，⏎甚至救起一只猴子。⏎猴子仗着有点人样，⏎认为救他是理所当然。⏎一只海豚把他当成人，⏎就驮着他游向岸边。⏎他那神态确实很庄重，⏎莫不让人以为又看见，⏎那位著名的歌手再生。⏎海豚正往岸边游去，⏎偶然问了他一句：⏎“您是雅典人吗？⏎那座城市真伟大。”⏎“是啊，”猴子回答，⏎“那里人都认识我。⏎您要办事就请开口，⏎因为我的亲属，⏎是当地的头面人物：⏎我的表兄就是一位大法官。”⏎海豚便说：“万分感谢。⏎那么皮雷怎么样，⏎您也经常光顾吗？⏎我想，您能经常见到吧？”⏎“我们天天见面，⏎他是我的朋友，⏎我们可是相识多年。”⏎港口名称当成了人名，⏎秃尾猕猴这下露了馅。⏎这种人随处可见，⏎他们把伏吉拉当成罗马。⏎他们总是信口开河，⏎什么都没见过，⏎却什么都敢说。⏎海豚笑了笑，回过头，⏎仔细打量秃尾猕猴，⏎发觉他从海里救上来的，⏎不过是人模猴样的蠢物。⏎于是他又把猴子抛进海中，⏎赶紧再去寻找救别人。,拉封丹寓言·李玉民译,
人和木雕神像,,拉封丹,在一个异教徒的家中，⏎供着一尊木雕的神像。⏎这类神祇有耳却失聪，⏎然而此公仍抱显灵的希望。⏎香火的费用，⏎等于供三尊神，⏎许愿又上供，⏎还给牛戴花环，⏎牺牲做祭品。⏎无论哪尊神⏎所得的祭献⏎也没有如此丰盛。⏎可是这尊神像根本不灵验，⏎白白受此供奉，⏎没有给主人带来任何好运，⏎没有意外之财，⏎没有继承财产；⏎赌博也不赢钱。⏎更有甚者，无论在任何地点，⏎出现任何小麻烦，⏎都有这人的份儿，⏎要他破费钱。⏎尽管如此，他对神祇的虔诚，⏎也未稍减半分。⏎他一无所获，⏎最终发了火，⏎他操起大棒，⏎打碎了神像，⏎却发现腹中装满了黄金。⏎“我对你那么诚心，”他说，⏎“你可曾回报我，哪怕是分文？”⏎“滚吧，离开我的家，⏎去找别人供奉。⏎你就像那种土人，⏎一副可悲的面孔，⏎又粗野又愚蠢，⏎不挥棒子驱赶，⏎就不肯动一动。⏎我越给你上供，⏎你越让我两手空空。⏎我这一翻脸，⏎就交上了好运。”,拉封丹寓言·李玉民译,
用孔雀羽毛装扮的松鸦,,拉封丹,一只孔雀蜕羽毛，⏎全让一只松鸦拾去，⏎他照孔雀装扮自己，⏎又去孔雀中间炫耀，⏎还模仿开屏，⏎自以为成了一位漂亮先生。⏎有只孔雀认出他来，⏎于是孔雀就群起而攻之：⏎又挖苦又讽刺，⏎又驱赶又捉弄，⏎还把他的毛拔得一干二净。⏎他落荒而逃，⏎样子实在怪，⏎又被他的同类赶到门外。⏎这样两脚的松鸦世上不少，⏎常装扮自己披上别人的皮毛，⏎人称剽窃者。⏎我不想评说，⏎也绝不想给他们添乱：⏎他们的事本不该我来管。,拉封丹寓言·李玉民译,
骆驼和漂浮的木棍,,拉封丹,头一个见到骆驼的人，⏎赶紧逃离这一新物种。⏎第二人就试着接近；⏎第三人则了无畏惧，⏎给骆驼套上辔头。⏎事物就是这样，⏎什么都能习以为常。⏎乍一看显得可怕而怪异的东西，⏎只要连续出现几次，⏎也就见多不怪了。⏎既然我们提起这个话题⏎这里就讲个事例：⏎有人派守在海边，⏎望见远海上漂着什么物体，⏎他们就不禁断言，⏎那是一艘巨舰。⏎又过了半晌，⏎那物体变成火攻小船，⏎继而变成小艇，⏎继而变成货包，⏎最后才看清，⏎原来是水上漂浮的一根木棍。⏎我见过很多人，⏎切合这种情形：⏎远看是个人物，⏎近看是个凡夫。,拉封丹寓言·李玉民译,
青蛙和老鼠,,拉封丹,墨林如是说：⏎设套以为骗别人，⏎结果往往套自身。⏎实在抱歉，“设套”这个词，⏎今天用来未免太陈旧：⏎但是我一直觉得，⏎它的表现力⏎达到极致的程度。⏎还是回到本题，讲的是⏎一只硕鼠，养尊处优，⏎他从来不过什么封斋节，⏎从来就不吃素，⏎吃成了便便大腹。⏎且说他来到一片沼泽岸边，⏎又散心又散步。⏎忽见一只青蛙上前搭讪，⏎用蛙语对他说：⏎“请到我家坐坐，⏎我给您做顿美餐。”⏎这用不着对方长篇大论，⏎鼠大人当即就接受了邀请。⏎可是青蛙还要大谈特谈，⏎洗澡有多舒坦，⏎旅行乐趣无穷，⏎能满足好奇心；⏎围着沼泽参观，⏎无数新奇的东西让人开眼。⏎有朝一日您会向子孙讲述，⏎这地方的风光、居民的风俗，⏎以及如何管理这水中的国度。⏎然而有一点，⏎仅仅这一点，⏎让鼠公子为难：⏎他不大会游泳，⏎要人帮助才行。⏎青蛙自有极好的办法排难：⏎一根灯芯草就能解决问题，⏎将鼠爪和青蛙爪捆在一起。⏎一进入沼泽，⏎这位热心的主人⏎就极力把客人往深水中拖，⏎公然违背人权，⏎公然违背承诺，⏎一心要做鼠排和鼠肉酱，⏎认为这硕鼠肉一定很新鲜。⏎这个阴险的家伙已经在想象⏎大嚼一顿美餐。⏎老鼠呼叫苍天，⏎青蛙嘲笑笨蛋。⏎一个拼命抵抗，⏎一个拉住不放。⏎老鼠和青蛙正扭作一团，⏎这时一只鸢在空中盘旋，⏎看见可怜的家伙在水里挣扎，⏎就直冲下去，⏎将老鼠抓起，⏎同时连带起青蛙：⏎一下子全抓到，⏎好得不能再好；⏎这猛禽乐不可支，⏎一爪抓了两个猎物，⏎一餐能有两道菜，⏎又吃鼠肉又吃蛙肉。⏎诡计再怎么周密，⏎也可能害着自己；⏎而背信弃义者⏎往往自食其果。,拉封丹寓言·李玉民译,
动物向亚历山大进贡,,拉封丹,一则古老寓言至今流传，⏎是何道理我还不得其详，⏎其中教训读者受益匪浅，⏎请看寓言的原本原样。⏎信息女神已经到处传达：⏎朱庇特有个儿子，⏎名叫亚历山大，⏎他一登基就发旨，⏎半点自由不给天下。⏎命令全体臣民不可耽搁，⏎速速赶来，到他脚下拜谒，⏎四足动物、两脚人类，⏎大到大象，小至蚯蚓，⏎还有岛国的生民，⏎总之可以这么说，⏎百嘴女神到处公示⏎新皇帝这道谕旨，⏎也到处散播了恐惧：⏎这回变化可真大，⏎必须遵守新律法，⏎动物和一切种类，⏎不能再听胃口的支配。⏎大家离开巢穴，聚集到旷野，⏎反复商议，终于做出了决策：⏎派猴子为全权代表，⏎呈献贡品和朝贺。⏎朝贺怎么讲最好，⏎干脆写出了奏折，⏎言辞经过了推敲。⏎唯独贡品把人难倒：⏎选什么物品进贡呢？⏎必须公选金银财宝。⏎一位君主很仗义。⏎要多少就拿出多少，⏎金矿就在他的领地。⏎运送贡品又成问题，⏎骡子和驴自告奋勇，⏎马和骆驼也走一程。⏎猴子这个新使臣，⏎同四名脚力动身。⏎朝贺队伍一路行来，⏎途中哪知遭遇意外，⏎狮子大人也去进贡，⏎真可谓冤家路窄。⏎狮子说：“我们喜相逢，⏎正好可以结伴而行。⏎我也送去一份贡品，⏎驮在身上很不方便，⏎尽管东西很轻很轻；⏎还请诸位帮忙分担，⏎分成四份加上一点，⏎负载也不算太重。⏎我腾出四爪和全身，⏎好能对付来袭的贼人，⏎将劫匪全部吓掉魂。”⏎谁敢跟狮子讲条件，⏎只好接纳，表示欢迎，⏎卸去了一身的负担；⏎大吃大喝全用公款，⏎管他什么新皇帝，⏎出身朱庇特的神种。⏎他们走到一片草地，⏎繁花似锦，万紫千红，⏎溪流环绕，羊儿吃草，⏎好一个清凉世界，⏎真正的和风家园，⏎狮子一到就不再动弹，⏎说他肯定生了病，⏎嘴里还不断乱哼哼。⏎“你们继续赶路，朝贺别误了，⏎我就感到这心里火烧火燎，⏎在这儿得吃些草药方能好。⏎你们千万别去晚，⏎先退回来我的钱，⏎这钱我另有打算。”⏎于是他们打开驮包，⏎狮子先是一声惊叫，⏎随即又欢声说道：⏎“天神啊！我这些钱币真好，⏎瞧哇，生出了这么多小宝宝！⏎宝宝大多已长大，⏎个个长得像妈妈！⏎钱生崽儿来该我拿。”⏎狮子上前一把抓，⏎即使没有全抓走，⏎也没多少能剩下。⏎猴子和脚力多尴尬，⏎又不敢跟狮子争辩，⏎收拾残局重又上路；⏎据说朝见也曾抱怨，⏎朱庇特之子装糊涂，⏎没有半句仗义执言。⏎他能如何？狮子斗狮子，⏎有道是：海盗打海盗，⏎千万别去凑热闹。,拉封丹寓言·李玉民译,
意欲向鹿报仇的马,,拉封丹,人类还靠橡实果腹的时期，⏎马也并不属于人类，⏎那时马和驴骡，⏎都是森林的居民，⏎根本看不到本世纪的情景：⏎如此多搭背与鞍鞯，⏎如此多战骑的用具，⏎如此多轻便马车，⏎如此多豪华轿车，⏎同样也看不见⏎如此多婚礼和盛宴。⏎且说那时一匹马和一头鹿有争端，⏎但是鹿跑得飞快而难以追赶，⏎马就去求助于人，⏎恳求人以智取胜。⏎于是人给马套上辔头，⏎跳上马催着飞跑，⏎一刻也不停，⏎直到逮住鹿，⏎要了鹿的命。⏎事情一办成，⏎马便感谢恩人，说道：⏎“再见，我愿为您效劳。⏎现在，我也该回去，⏎再过我野生的日子。”⏎“那不好，”人却说道，“我们这里⏎生活的条件更优越，⏎我也看清您多有用。⏎您就留下来，⏎会受到很好的招待：⏎给您准备的草料⏎有您肚子这么高。”⏎唉！一旦失去自由，⏎吃得好又算什么？⏎马这才意识到干了傻事，⏎可是悔之已无及：⏎马厩已经盖起来，⏎一应用具都备齐。⏎马只好留在那里，⏎笼头一直戴到死。⏎对待小小的冒犯，⏎当初如能忍一忍，⏎那该是多么明智。⏎报仇不管带来多大乐趣，⏎代价却太昂贵，⏎用自由去换取，⏎那么一切都丧失了意义。,拉封丹寓言·李玉民译,
狐狸和半身像,,拉封丹,大人物十有八九像演戏，⏎戴着假面具；⏎表象的仪容，⏎足令芸芸众生肃然起敬。⏎驴子只根据眼见，⏎就做出判断；⏎狐狸则相反，⏎总要里外看清：⏎从各个角度察看，⏎他终于发现⏎他们的身份只是漂亮的外表。⏎他受一尊英雄雕像的启发，⏎对他们讲了一句切中的话：⏎“这是空心雕像，⏎比真人要大。”⏎狐狸既赞美了雕刻的工艺，⏎同时也指出：⏎“头像非常漂亮，⏎但里面没东西。”⏎从这种意义上讲，⏎多少显贵都是半身像。,拉封丹寓言·李玉民译,
狼、羊妈妈和小羊,,拉封丹,羊妈妈要去吃鲜嫩的青草，⏎让耷拉的乳房胀饱。⏎先嘱咐几句羊儿，⏎再把房门插好：⏎“当心你的小命，⏎不要随便开门，⏎除非说出这个暗号：⏎打死狼和一伙坏蛋！”⏎一条狼正巧从那里经过，⏎听见母羊这么说。⏎这些话他听个正着，⏎就牢牢记在心里；⏎而我们尽可相信，⏎母羊并没有瞧见，⏎这个贪吃的畜生。⏎狼见母羊走远，便学她的声音，⏎假声假气叫开门，⏎还说一句“打死狼”，⏎以为暗号说得准，⏎等门一开就闯进。⏎小羊有疑心，从门缝往外瞧，⏎立刻高声说道：⏎“让我看看白蹄子，⏎要不我绝不开门。”⏎白蹄是要害，这谁都知道，⏎白蹄的狼，世上非常稀少。⏎狼听了小羊的话，⏎大大出乎他的意料；⏎他是空着肚子来，⏎只好空着肚子回去。⏎假如小羊相信了⏎狼偶然窃听的暗号，⏎那他会去哪里报到？⏎双保险总归比单一保险好，⏎过分小心从来就不会徒劳。,拉封丹寓言·李玉民译,
狼和母子俩,,拉封丹,是狼唤起我的记忆，⏎有一条更是来送死，⏎且听我说个仔细：⏎有个村民住得偏远，⏎狼老爷在门外窥探。⏎只见走出各种猎物，⏎有奶牛、母羊和羊羔，⏎火鸡成群，正好下肚，⏎强盗心中开始焦躁。⏎忽听有孩子哭闹，⏎母亲当即连声喝斥，⏎再不住声给狼吃掉。⏎谢天谢地，有这等好事，⏎老狼正跃跃欲试，⏎又听见母亲抚慰宝宝：⏎“别哭了，老狼真敢来，⏎咱们就把它活宰了！”⏎吃羊的家伙万分惊诧：⏎“讲的这是什么话？⏎一会儿给吃，一会儿要杀？⏎我是何等样身份，⏎这样对待，把我当傻瓜？⏎等哪天小家伙去树林，⏎采摘榛果，看我怎么……”⏎狼正咕哝，屋里出来人，⏎护院狗拦住狼的去路，⏎长矛、钢叉也一齐上手，⏎将老狼好一顿痛揍。⏎审问道：“来这儿搞什么鬼？”⏎老狼立刻竹筒倒豆子。⏎“老天有眼！”母亲怒斥，⏎“还想吃我这小宝贝？⏎难道我生下个儿子，⏎就为日后给你当美味？”⏎可怜的家伙送了老命。⏎农夫割下狼头和右腿，⏎挂到庄主门前为示众，⏎配以庇卡底谚语好说明：⏎娘骂闹孩骂是疼，⏎漂亮狼爷切勿听。,拉封丹寓言·李玉民译,
苏格拉底的话,,拉封丹,苏格拉底请人盖了一座房屋，⏎人人都来查验这所建筑。⏎有一人直言不讳，⏎认为屋内的设施，⏎与这样大人物不配。⏎另一个人又贬责，⏎说门面不够气派。⏎所有人都一致认为，⏎房间都太狭窄。⏎“他盖的是什么房子！⏎屋里连身都转不开。”⏎然而，苏格拉底却回答说：⏎“这样小的房子，⏎能挤满真正的朋友，⏎那就谢天谢地了。”⏎善良的苏格拉底说得有道理，⏎接待真正的朋友，⏎用不了这么大房子。⏎人人都称朋友，⏎傻子才会相信：⏎“朋友”一词用得最为广泛，⏎而真正的朋友又最为罕见。,拉封丹寓言·李玉民译,
老人和孩子们,,拉封丹,多强大也弱，除非团结。⏎请听弗里吉亚奴隶怎么说。⏎我即便增添自己的想象，⏎也是为描绘如今的风尚，⏎绝无欲念同古人争高下，⏎我的雄心远没有那么大。⏎费德鲁斯往往好高骛远，⏎这种想法于我看很肤浅。⏎还是讲我们的寓言故事，⏎如何让孩子们团结一致。⏎一位老人要应死神的召唤，⏎便将几个孩子叫到病榻前：⏎“看看谁能折断这捆箭杆，⏎我再解释这件事的关键。”⏎长子拿起箭束，用尽全力，⏎只好放弃说：“这要大力士。”⏎次子接过去，白白拉架势。⏎三儿子较了较劲也白试。⏎大家败阵，箭束丝毫未损，⏎一支没断，全赖团结力量。⏎父亲说：“看我的，你们太嫩，⏎这种情况，我能派上用场。”⏎以为开玩笑，便一笑置之，⏎老人却拆开箭，一一折断。⏎又说道：“明白吧，众志成城。⏎孩子们要抱团，由爱支撑！”⏎弥留期间，再无别的遗言。⏎老人终于感觉已到大限，⏎临终嘱咐：“亲爱的孩子们，⏎别了，我要去见我们祖先。⏎要答应我保持手足情深⏎行前要满足我这个心愿。”⏎三个儿子哭着请他放心，⏎他拉着儿子手命赴黄泉。⏎三兄弟继承了大笔遗产，⏎但是有纠纷，债主要扣押，⏎邻居打官司，三兄弟不怕，⏎一件一件处理得很完满。⏎手足情很难得又很短暂，⏎相连因血统，利害又拆分。⏎嫉妒和野心，背后人怂恿，⏎都同时搅进了财产继承。⏎终于闹分家，互斗又相争。⏎法官历数他们，百般责怪。⏎债主邻居乘机卷土重来，⏎有人挑个错，有人找毛病，⏎三兄弟散伙，一意又孤行：⏎一个和事佬，一个无作为，⏎结果他们的财产全告吹。⏎再想起老父遗训已太晚，⏎忘记那箭束之理真遗憾。,拉封丹寓言·李玉民译,
神谕和渎神,,拉封丹,想欺骗苍天，世人太愚妄。⏎人心迷宫哪怕千回百转，⏎没有一处不被神光照亮，⏎人一举一动，神全看得见，⏎即使一位暗中搞的勾当。⏎一名异教徒要暴露身份，⏎他信上帝只为了蒙蔽人⏎捞好处才是正经，⏎还向太阳神正名。⏎他一进神庙，据说⏎就抓住一只麻雀，⏎要它命就用力一捂，⏎或放掉可怜的动物。⏎“我抓住的东西是死是活？”⏎阿波罗怎么回答也得错。⏎太阳神看透他的鬼主意：⏎便对他说：“不管是死是活，⏎你亮出来，终究还是麻雀。⏎你也休给我设套，⏎这套把戏你玩不好：⏎多远我也能看到，⏎要捉你插翅难逃。”,拉封丹寓言·李玉民译,
守财奴破财,,拉封丹,只有用得上才算拥有，⏎我不禁要问那些守财奴，⏎一个劲儿攒钱，越积越多，⏎跟没钱人有什么差别？⏎阴间第欧根尼同样豪富，⏎在人间行乞无异守财奴。⏎伊索讲述一个藏富的人，⏎正好是个范例警示我们。⏎这个不幸者要等待来世，⏎才能够享用自己的金钱。⏎不做主反为奴，心甘情愿，⏎大批财富地下深深埋藏。⏎连同他那颗心一起埋葬。⏎财富于他越来越神圣，⏎别无乐趣唯宝藏，⏎整天价日思夜想。⏎无论走来走去，喝水吃饭，⏎心事总能让人当场发现，⏎无时无刻不想藏宝地方。⏎他总转悠，被掘墓工看见，⏎掘墓工不声不响，⏎挖出猜到的宝藏。⏎有一天，守财奴再来一看，⏎只剩下空穴什么都不见。⏎他呼天抢地，不住声哀叹，⏎直揪头发，真是痛苦不堪。⏎一位过客问他为何号叫。⏎“有人偷走我的金银财宝。”⏎“金银财宝？在哪儿，偷走？”⏎“就这儿，紧挨着这块石头。”⏎“嗳！又不是战乱，⏎干吗搬得这么远？⏎您放在自己家中⏎难道不是更安全，⏎又何必变换地点？⏎放到家里多省事，⏎随时取用也方便。”⏎“随时取用！老天爷！什么话！⏎说说容易，哪能这么简单？⏎金钱挣来怎么可以乱花？⏎跟您说，我碰也不碰一下！”⏎对方又问道：“那请告诉我，⏎您这钱从来就不碰一碰，⏎为什么又这样痛不欲生？⏎原地就放块石头来代替，⏎反正不用放什么一码事。”,拉封丹寓言·李玉民译,
主人的眼睛,,拉封丹,一头鹿逃进了一座牛棚，⏎公牛开头还提醒，⏎别处找个避难所。⏎鹿就对公牛说：“弟兄们，⏎你们不要暴露我，⏎我对你们能有用，⏎你们不会白帮忙，⏎能知道最肥的牧场。”⏎公牛没把握，答应守秘密。⏎鹿躲到角落，终于喘口气，⏎也鼓起了勇气，到了傍晚，⏎有人送来了青草和饲料，⏎每天都这样照看。⏎奴仆们来来往往，⏎不知转悠多少遍，⏎甚至还来了总管，⏎没一人哪怕偶然，⏎发现有异常情况：⏎鹿身鹿角皆不见，⏎总之鹿在有无间。⏎森林里的这个居民感激公牛，⏎便安心在这牛棚里等候，⏎待他们一头头出去耕地，⏎瞅准个好机会马上开溜。⏎一头反刍的牛却对鹿说：⏎“行是行，怎么！那百眼主人⏎还没来检查，我十分担心，⏎真怕发现你这不速之客，⏎可怜的鹿，先别怡然自得。”⏎正说着，主人走进来巡视。⏎“怎么回事？”他对下人说，⏎“所有槽子都这么点草料！⏎垫的干草也乱成这样子，⏎快点动手，去干草房瞧瞧，⏎今后你们要把牲口照看好。⏎蜘蛛网扫掉，又费什么事？⏎牛轭套绳就不能放整齐？”⏎四下观瞧，发现多了个脑袋，⏎他平时到这里从未见过；⏎看清是鹿，人人操起家伙，⏎一通乱打，下手毫不留情，⏎鹿流下眼泪也救不了命。⏎抬走腌肉，享用了好几顿，⏎还请邻居品尝来了许多人。⏎费德鲁斯说得特别精彩：⏎唯独主人的眼睛看得清。⏎吾意再加上情人的眼睛。,拉封丹寓言·李玉民译,
云雀和麦田主人,,拉封丹,“凡事只能靠自己”⏎这句常说的谚语，⏎看伊索如何阐述，⏎能够让世人信服：⏎当麦田长出一片绿苗，⏎云雀便在地里造巢。⏎大约正是这个节气，⏎万物都要发情繁殖：⏎海上巨鲸在波涛中，⏎兽王猛虎在森林，⏎双飞云雀在田野。⏎单说有一只云雀，⏎春光大半都虚度，⏎没有尝到爱的乐趣。⏎终于下决心做母亲，⏎要遵循自然的规律。⏎筑巢，产卵，孵化，⏎小鸟破壳，越快越好，⏎一切都顺顺溜溜。⏎周围的麦子已成熟，⏎可翅膀未硬的雏鸟，⏎还不能一飞冲高。⏎云雀也特别操劳，⏎外出觅食，还得警告，⏎让孩子保持警惕，⏎轮流站岗放哨。⏎“麦田的主人，”她说道，⏎“如果带儿子来了，⏎他一来你们就听好，⏎听他说些什么，⏎咱们该逃赶紧逃。”⏎云雀刚离开巢，⏎麦田主人父子就来了。⏎“麦子熟了，”父亲说道，⏎“咱们快去找朋友，⏎请他们来当帮手，⏎明天刚一蒙蒙亮，⏎每人操镰来麦收。”⏎云雀妈妈一回窝，⏎一窝小鸟炸了锅。⏎有一只便抢着说：⏎“他说明天天一亮，⏎就让朋友来帮忙……”⏎云雀妈妈截口说：⏎“他若只讲这种话，⏎咱们不必忙搬家；⏎明天可得听仔细，⏎咱们全家先乐和，⏎这儿有许多好吃的。”⏎一窝小鸟都吃饱，⏎母亲孩子全睡觉。⏎天已亮，一切像往常：⏎朋友一个也没来，⏎云雀起飞去觅食，⏎麦田主人来巡视。⏎“这麦子不能撂地里，⏎请不来朋友误大事，⏎这样的懒汉也难指望，⏎行动缓慢不肯来帮忙。⏎儿子啊，还是去求亲戚，⏎请亲戚来帮收麦子。”⏎一听这话更惶恐，⏎一窝小鸟乱了营。⏎“妈妈，他说要请亲戚来，⏎也许就在这会儿……”⏎“孩子，没事儿，放心睡觉，⏎咱们还不用离开巢！”⏎云雀说对了，一人也没到。⏎主人第三次看麦田：⏎“咱们错到了极点，⏎不该等待别人来支援。⏎最好的亲友还是自己，⏎儿子，这话要谨记。⏎你可知道该怎么办？⏎咱们就应当操起镰，⏎明天一早就开始干。⏎这种办法才最可靠，⏎咱家麦田一大片，⏎啥时候收完啥时候算。”⏎云雀一得知这意图：⏎“孩子们，这回咱们非得走。”⏎于是举家齐搬迁，⏎不声不响飞得欢，⏎路上磕绊也难免。⏎[1]德·塞维涅侯爵夫人（1626—1696）的女儿，因母亲书信体散文时常提及而为世人所知，以美貌和冷淡而出名。当年十九岁，三年后结婚，成为德·格里尼昂夫人。侯爵夫人与拉封丹为文坛好友，书信往来长达三十年之久。⏎[2]美惠三女神：希腊神话中妩媚、优雅和美丽三位女神的总称，是主神宙斯的女儿。她们都喜爱诗歌、音乐和舞蹈，在文艺、科学和造型艺术等方面都给人以灵感。⏎[3]安菲特里特：希腊神话中的海上水神，海神波塞冬的妻子。与安菲特里特为邻即生活在海边。⏎[4]蒂尔西和科里东：牧歌中的牧羊人。皮埃罗则指牧主的下人。⏎[5]妇女将极小块的黑缎贴在脸上，以衬托肌肤的白色，俗称“蝇子点”。⏎[6]法文中密探Mouchard，由苍蝇Mouche转化而来。密探被抓住不送进监狱，直接吊死。宫廷的苍蝇则指那些声称出入朝廷的讨厌的人。⏎[7]福珀斯：希腊神话中的太阳神。⏎[8]马尔丹是马夫名，常用棍棒驯服牲口，故名棍子马尔丹。⏎[9]阿大扒意为“面包窃贼”；普西卡扒意为“残渣窃贼”；梅里搭扒意为“小块窃贼”。⏎[10]普林尼（23—79）：拉丁博物学家、作家，著有《自然史》。⏎[11]指阿里昂：古希腊抒情诗人，生于公元前7世纪。相传他被海盗抛入海中，被喜欢听他弹琴唱歌的海豚救起。⏎[12]皮雷：雅典的主要港口。⏎[13]伏吉拉：当时巴黎的郊区，现为市内跨区长街。⏎[14]墨林：中世纪亚瑟王传奇和故事诗中的巫师和贤人，与古代凯尔特神话中的人物有关联。⏎[15]庇卡底：位于法国北部，旧省名称，现为行政区。⏎[16]苏格拉底（公元前469—前399）：古希腊哲学家，他与亚里士多德、柏拉图为西方哲学的奠基人。⏎[17]弗里吉亚：小亚细亚古地名，“弗里吉亚奴隶”指古希腊寓言作家伊索。⏎[18]费德鲁斯（约公元前10—约公元54）：古罗马寓言家。奴隶出身，在奥古斯都皇宫成为释免奴，受过一般教育，第一个将希腊散文寓言用拉丁文改写成自由诗，以伊索的名义流传于世。⏎[19]第欧根尼：古希腊犬儒学派哲学家，苦行主义的身体力行者，鼓励放弃舒适生活环境。本人居住在一只木桶内，过着乞丐一样的生活。,拉封丹寓言·李玉民译,
伐木工和墨丘利,,拉封丹,——献给德·布里安伯爵⏎您的审美我奉为圭臬，⏎写作尽量合乎您的标准。⏎您劝人避免精雕细刻，⏎不要无谓夸饰，张扬铺陈。⏎我与您志同道合，⏎刻意追求不能取悦。⏎作者想要尽善尽美，⏎反而会弄巧成拙。⏎倒不是要排斥精妙之笔，⏎您喜欢我也爱妙笔生花。⏎伊索所主张的那种境界，⏎我勉力为之，邻接那大雅。⏎总之，我的寓言诗，⏎吐过说不尽人意，⏎那也不取决于自己，⏎但总归是个问题。⏎由于我绝不标榜⏎强力这种特殊的东西，⏎为此目的我就尽量⏎给邪恶披上可笑的外衣，⏎不能以强力对强力⏎挥动赫丘利的手臂。⏎这是我的全部才能，⏎我讲述一个故事的过程中，⏎有时描绘愚蠢的欲望和虚荣：⏎当今生活运行的两种支撑。⏎就像那个小小的动物青蛙，⏎鼓胀身体势欲跟牛一般大。⏎有时我也拿两种形象对比：⏎邪恶对美德，愚蠢对理智。⏎无辜的羔羊对贪婪的狼，⏎苍蝇对蚂蚁，将这部作品的篇章，⏎写成一部大戏的世态万象。⏎人、神、动物，无不上场表演，⏎朱庇特也同样，不妨引一段⏎墨丘利传送给贵妇们的情简。⏎不过，今天要讲的故事，⏎却跟所谓的情简毫不沾边。⏎一名樵夫丢了饭碗，⏎斧子是他谋生手段。⏎身边再无别的工具，⏎怎么找也找不见，⏎听他哀叹实在可怜：⏎斧子是他全部财产。⏎不知还有什么指望，⏎只见他泪流满面：⏎“斧子哟！”他嚷道，⏎“可怜的斧子！朱庇特，⏎快把斧子还给我，⏎第二次给我生命。”⏎樵夫的哀怨之声，⏎响彻奥林匹斯山林。⏎墨丘利来了，对樵夫说：⏎“你的斧子没丢失，⏎你见了可还认得，⏎我仿佛在附近见过。”⏎回头便拿一把金斧，⏎樵夫一看回答说：⏎“这斧对我没用处。”⏎随即又换了银斧，⏎樵夫还是不接受。⏎终于拿出砍柴斧，⏎“这才是我的，”樵夫说，⏎“我有这把就满足。”⏎“三把都给你，”天神说，⏎“你这么诚实该奖励。”⏎“那我就收下。”樵夫回答。⏎这事一下子就传开，⏎樵夫纷纷丢斧子，⏎吵吵嚷嚷还回来。⏎主神不知该听哪个。⏎于是又派墨丘利，⏎主神之子去处理。⏎见到每人都亮出金斧，⏎谁都回答：“正是这把！”⏎否则就认为是傻瓜。⏎墨丘利非但不给斧，⏎每人头顶还击一下。⏎谎言无半句，长乐因知足；⏎如此最踏实，还得天惠顾。⏎雌黄信口开，只为不义财；⏎不义岂得逞，上天有神在。,拉封丹寓言·李玉民译,
砂锅和铁锅,,拉封丹,铁锅向砂锅提议，⏎结伴去旅行。⏎砂锅婉言谢绝，⏎说是讲点聪明，⏎最好还是守着炉火：⏎只因他很不结实，⏎就怕撞着什么，⏎哪怕极小的东西，⏎也能将他碰碎。⏎到那时再回转，⏎他只能成为碎片。⏎砂锅又说：“你不同，⏎你的皮比我的硬，⏎我看毫无阻拦，⏎你可以成行。”⏎“我会掩护你，”⏎铁锅接口说，⏎“真有什么硬玩意儿⏎威胁到你的生命，⏎我就站到你前面，⏎立时保证你的安全。”⏎有了这一保证，⏎砂锅才放心。⏎他和伙伴铁锅，⏎肩并肩出行了。⏎两个三条腿的家伙，⏎一瘸一拐地动身；⏎路上有一点点障碍，⏎他俩就磕磕碰碰，⏎撞得砂锅好疼；⏎还没有走出百步远，⏎砂锅就撞成碎片，⏎都来不及抱怨同伴。⏎结交要有所挑选，⏎与我们的身份相等，⏎否则就恐难免⏎这种砂锅的命运。,拉封丹寓言·李玉民译,
小鱼和渔夫,,拉封丹,小鱼将来能长成，⏎只要上帝让活命，⏎认为鱼是自己的，⏎现在放生太愚蠢，⏎将来谁能捉到还难定。⏎一条鲤鱼还是个小可怜，⏎不承想被渔夫捉上岸。⏎渔夫说：“好歹凑个数，⏎看着收获做成了美餐，⏎先放进篓里再作打算。”⏎可怜的小鲤鱼央求渔夫：⏎“捉我回去能做什么？⏎做熟了吃还不够半口。⏎您还不如先放了我，⏎待长成大鱼再捉回去，⏎会有金融家买我花高价。⏎何必留我这么小的鱼，⏎留下小鱼也不顶啥，⏎做菜也许还得上百条，⏎做出的菜味也不好。⏎相信我，这种小鱼不值一提！”⏎“不值一提？”渔夫截口道，⏎“算了，鱼啊，不用你说教，⏎漂亮朋友，你白耍嘴皮子，⏎今晚你就下油锅游一遭。”⏎有道是：⏎宁要今天一币，⏎不等明日一双；⏎一个在手稳握，⏎一双恐难指望。,拉封丹寓言·李玉民译,
野兔的耳朵,,拉封丹,一只长角的动物，⏎误撞伤了狮子。⏎狮子雷霆大怒，⏎为了避免再受冲撞，⏎他决定从领地驱逐⏎所有长角的动物。⏎母羊、公羊和公牛，⏎立即迁往别处；⏎还有黄鹿、梅花鹿，⏎也都换了环境；⏎无不迅速迁出。⏎有一只野兔，⏎瞧见自己耳朵的长影，⏎就特别担心：⏎检察官别把耳朵当成角，⏎硬说同角没有区分。⏎“别了，”野兔说道，⏎“蟋蟀老邻居，⏎我必须离开这里；⏎我这对长耳朵，⏎最终也被当成角；⏎即使短得像鸵鸟，⏎我还是提心吊胆。”⏎邻居蟋蟀却不以为然：⏎“这也算作角？⏎你把我当成傻帽！⏎这明明是耳朵，⏎由上帝创造。”⏎“他们肯定要当成角！”⏎胆小的兔子又说道，⏎“当成独角兽的角。⏎我怎么争辩都没用，⏎他们会说我发疯：⏎我的话和讲的道理，⏎全是疯子的言行。”,拉封丹寓言·李玉民译,
断尾狐,,拉封丹,一只老狐狸，狡猾至极，⏎偷鸡的好把式，⏎捉兔的老将。⏎相距几公里，⏎都能闻到他的气味，⏎后来他终于落网。⏎落网又逃脱，纯粹是侥幸，⏎但并非毫发无损，⏎尾巴给人留下，⏎成了牺牲品。⏎说起来，丢了尾巴保住命，⏎实在无地自容；⏎于是他就设法，⏎让别的狐狸也割掉尾巴，⏎他的确老奸巨猾。⏎正好有一天，狐狸聚一起开会⏎他就急忙抢话：⏎“咱们干吗要这无用的累赘，⏎就总拖着打扫，⏎所有泥泞的小道？⏎要这尾巴干什么？⏎还不如干脆割掉。⏎大家若是相信，⏎都会这样决定。”⏎“您的见解非常高明，”⏎狐群中有一只说道，⏎“不过请您转过身，⏎我们就能回答您。”⏎群狐一听，便嘘声起哄：⏎可怜的断尾狐淹没在嘘声中。⏎宣扬割尾巴无异对牛弹琴，⏎狐狸留尾巴的时尚，⏎也延续至今。,拉封丹寓言·李玉民译,
老婆婆与两女仆,,拉封丹,老婆婆用了两名女雇工，⏎纺纱胜过命运三女神：⏎女工的纱线何其精纺，⏎女神的活计何其差劲。⏎老婆婆最焦急的事情，⏎就是给女工指派活计：⏎一旦海洋女神忒提斯，⏎赶出金发太阳神福玻斯，⏎纺辗转起来，纱线抽出来，⏎两只手翻飞舞动，⏎不减慢也不停顿！⏎曙光女神驾金车一升起，⏎可恼的公鸡便喔喔啼，⏎更为可恼的老婆婆立即⏎穿上脏兮兮的破裙子，⏎点亮灯盏，径直跑到床前。⏎女工理应休息，⏎在床上睡梦正酣，⏎一个伸只胳臂，⏎一个睁开只眼，⏎两个咬牙切齿，⏎说出心中不满：⏎“该死的公鸡，⏎你就死定了。”⏎说得出做得到，公鸡报了销，⏎闹表扭断脖子从此不报晓。⏎除掉公鸡境况并没有改善，⏎两名女工反而减少了睡觉。⏎老婆婆生怕错过了时间，⏎总像鬼精灵满屋子乱窜。⏎世事往往是这样，⏎本想摆脱坏境况，⏎岂料处境更荒唐。⏎两女工便是好事例，⏎躲过了狗还有狼，⏎老太凶过报晓鸡。,拉封丹寓言·李玉民译,
林神和行客,,拉封丹,在荒野的山洞中⏎住着一位林神，⏎他和孩子们要开饭，⏎正要开始喝菜汤。⏎他和妻子、好几个孩子，⏎都坐在藓苔上，⏎没有桌布也没有坐垫，⏎好胃口却一点不减。⏎一名淋透寒冷的行客，⏎为了避雨走进洞穴。⏎他的到来出乎意料，⏎只能请他吃粗汤淡菜。⏎这个过路的客人，⏎没用主人再次相请，⏎他先哈哈气，⏎暖暖自己的手指。⏎然后他接过菜汤，⏎又轻轻地吹气；⏎林神不禁怪道：⏎“客官，这是何用意？”⏎“刚才吹气是暖手指，⏎现在要把菜汤吹凉。”⏎“您还是赶路去吧，”⏎林神说，“您请便。”⏎“我留您在此过夜，⏎恐怕要惹众神不悦。⏎能吹热气又吹冷气的人，⏎最好还离得远些！”,拉封丹寓言·李玉民译,
马和狼,,拉封丹,正是春天好时节，⏎和风又吹绿了草地，⏎动物都离开居所，⏎纷纷到野外来觅食。⏎且说有一匹狼，⏎经过冬天的严寒，⏎他瞧见一匹马，⏎放牧在草地上。⏎请想一想，⏎他有多么欣喜若狂！⏎“好猎物啊！”狼说道，⏎“看谁能把他逮着。⏎唉！你怎么不是羊呢？⏎逮羊我最有把握。⏎而对付这个猎物，⏎就必须使用计谋。⏎咱们就耍点手腕吧。”⏎狼这样说着，就迈着方步，⏎自称是希波克拉特的高徒，⏎他十分清楚，⏎这片牧场的所有草药⏎是什么属性和功效；⏎他也不是吹嘘，⏎无论什么病症，⏎他都能治愈。⏎如果马大人愿意，⏎丝毫也不隐瞒病情，⏎那么他，狼，可以保证，⏎一定免费给马治好病。⏎因为他看到，⏎马没有被拴着，⏎随便在牧场上吃草，⏎从医学上就能判定，⏎准有什么病痛。⏎马就回答说：⏎“我的蹄掌下，⏎长了一个大疖。”⏎“我的孩子，”大夫便说，⏎“这个部位最容易出毛病。⏎我非常荣幸，⏎能为各位马大人效劳，⏎也做做外科手术。”⏎这个狡猾的家伙，⏎一心想乘有利时机，⏎一口就将患者咬死。⏎可是马早已察觉，⏎狠狠尥了他一蹶子，⏎踢了狼一个满脸花，⏎踢掉了牙齿和下巴。⏎“罪有应得。”狼自言自语，⏎样子十分狼狈；⏎“哪一行都应一心敬业。⏎你在这儿想装什么药师，⏎一辈子也只能是个屠夫。”,拉封丹寓言·李玉民译,
庄稼汉和他的孩子们,,拉封丹,要干活，不怕劳累：⏎这是少不得的根本。⏎一个富裕的农民，⏎感到死期临近，⏎就叫来孩子们，⏎关起门来对他们讲：⏎“千万不要卖掉田产，⏎这是咱家祖辈相传；⏎地下还埋藏着财宝，⏎在哪一处我说不好，⏎只要鼓起勇气寻找，⏎最终一定能够找到。⏎等秋收的活儿一忙完⏎你们就翻腾自家的田地，⏎用镐刨，用锹挖，⏎不留一块死角，⏎处处都翻个遍。”⏎父亲死后，⏎几个儿子就深翻田，⏎这里，那里，⏎田地全翻了一遍；⏎结果一年之后，⏎庄稼大大地增了产。⏎而埋藏的钱，⏎一点也没有找见。⏎但是要承认，⏎父亲很聪明，⏎死前向孩子提出：⏎劳动就是财富。,拉封丹寓言·李玉民译,
山婆临产,,拉封丹,一座大山婆阵痛临产，⏎呼号之声传得高远，⏎众人闻声纷纷跑来，⏎都以为这样大山分娩⏎能产下比巴黎还大的城市，⏎结果只生下一只小耗子。⏎我每想起这则寓言，⏎故事固然为虚构，⏎寓言却有真情实感，⏎联想到一位作者夸口：⏎“我要歌颂战争，⏎提坦对抗雷霆主人。”⏎海口一张，发来多大雷鸣？⏎空穴来风。,拉封丹寓言·李玉民译,
命运女神和少年,,拉封丹,在一口很深的井边沿⏎躺着一名少年；⏎正是上学的年龄，⏎什么都当成床铺和褥垫：⏎他呼呼大睡，⏎就躺在井沿。⏎换个成年人，处于这种境地，⏎他早就跳离数十尺。⏎幸而命运女神从此经过，⏎轻轻地将他唤醒，⏎还对他说：⏎“乖乖，我救了你的命。⏎下次千万要当心。⏎假如你跌下去，⏎大家又该怪罪我，⏎然而是你的过错。⏎我诚心问问你，⏎你这样冒失，⏎能说是我无常？”⏎女神说罢，便扬长而去。⏎如问我，我赞同她的观点。⏎人世间无论出什么事件，⏎都和女神无关。⏎正是我们什么都怪命运，⏎偶发事件无不归咎于女神。⏎有人蠢笨又糊涂，⏎事情估计错误，⏎以为说声命不好，⏎就算遮了百丑。⏎总之，命运女神，⏎只是罪责的替身。,拉封丹寓言·李玉民译,
医生,,拉封丹,“糟就糟”大夫去给人看病，⏎人家也请去“好就好”大夫会诊。⏎“好就好”大夫说病情有望好转，⏎而他的同行糟大夫却肯定，⏎病人要去见他的祖先。⏎两位大夫做出了不同的诊断。⏎患者听信了糟大夫，⏎治疗之后回归自然。⏎不过关于这个病例，⏎两大夫都扬扬得意。⏎一个说：“他死了，不出我所料。”⏎另一个说：“他若让我治疗，⏎现在准还是活蹦乱跳。”,拉封丹寓言·李玉民译,
下金蛋的鸡,,拉封丹,吝啬鬼什么都想要，⏎却什么都失掉。⏎我愿意证明这一点，⏎只讲讲一只鸡，⏎寓言讲的那只，⏎每天下个金蛋。⏎吝啬鬼以为鸡肚子里，⏎藏着一座金山，⏎于是把鸡宰了，⏎剖开肚子一看，⏎跟普通鸡一样。⏎他就这样亲手毁掉了⏎他的最好财源。⏎对于贪婪的人，⏎这是极好教训。⏎近来我见过多少人太贪，⏎他们急于发大财，⏎一夜间却成了穷光蛋。,拉封丹寓言·李玉民译,
驮圣骨盒的毛驴,,拉封丹,一头驮圣骨盒的毛驴，⏎以为众人崇拜的是驴自己，⏎这样一想就得意扬扬，⏎坦然接受人们的礼拜和赞美诗。⏎有人看出这种错误，⏎就向他指出：⏎“毛驴先生，⏎您要从头脑里清除⏎如此荒唐的虚荣。⏎大家朝拜的是圣人，⏎而不是您，⏎圣人才有这份殊荣。”⏎大家恭敬的不是愚昧的官吏，⏎而是他身上穿的那套官服。,拉封丹寓言·李玉民译,
鹿和葡萄,,拉封丹,有一种葡萄长得相当高，⏎在气候适当的地区就能看到。⏎一头鹿躲在这样一株葡萄下，⏎才得以死里逃生。⏎猎人又把猎犬叫回去，⏎还以为他们是望风捕影。⏎鹿一旦脱险，便吃起恩人，⏎忘恩负义到了极点！⏎猎人听见响动，又折回来，⏎将鹿赶出避难之所；⏎鹿就在这死里逃生的原地，⏎又惹来杀身之祸。⏎“我这是罪有应得！”⏎鹿临死的时候说。⏎“都吸取教训吧，忘恩负义者。”⏎说罢他就倒下，被猎犬撕裂。⏎猎人追来就是要猎杀鹿，⏎并不理睬他的哭诉。⏎世上多少人恩将仇报，⏎这副嘴脸就是忠实的写照。,拉封丹寓言·李玉民译,
蛇与钢锉,,拉封丹,相传有一条蛇，⏎同一个钟表匠为邻；⏎邻居名声差劲，⏎钟表匠也无可奈何。⏎有一天蛇钻进店铺，⏎要寻觅一点食物，⏎只碰到一根钢锉，⏎或许还可以入口，⏎便开始啃噬。⏎这根钢锉并未生气，⏎只是对蛇说道：⏎“又可怜又无知！⏎你这不是胡闹？⏎还敢啃比你硬的东西！⏎小小的蛇，简直疯了，⏎你若能从我身上啃下，⏎哪怕是一点点，⏎你的牙也得全崩掉。⏎岁月的侵蚀，⏎才是我的大敌。”⏎这故事是讲给你们听，⏎智能低下的人，⏎你们到处乱咬，⏎干什么都不行，⏎只会一味瞎折腾。⏎你们以为那么多好作品，⏎能够留下你们的齿印？⏎那些作品对你们都像青铜、⏎钢铁和金刚石般坚硬。,拉封丹寓言·李玉民译,
野兔和山鹑,,拉封丹,切勿去嘲笑那些不幸的人，⏎谁又能保证自己永远幸运？⏎聪明的伊索在寓言中，⏎就举出了一两个事例。⏎我推出的一首寓言诗，⏎同他讲的是一个意思。⏎野兔和山鹑，⏎是同一块田地的居民，⏎看样子生活十分安宁。⏎忽然来了一群猎犬，⏎逼使野兔逃出去避难。⏎野兔逃进茂密的森林，⏎摆脱了猎犬的追赶，⏎甚至摆脱了那只叫虎狼的猎犬。⏎最后，野兔跑热散发的体气，⏎暴露了自己的踪迹。⏎名叫侦探的那只猎犬闻到气味，⏎经过一番玄想和辨析，⏎认定正是他们追捕的兔子，⏎他就穷凶极恶，⏎要把兔子赶出藏匿之所；⏎名叫鲁汉的猎犬从无半句谎言，⏎他说野兔又从林中逃窜。⏎可怜的野兔已经走投无路，⏎死也要回到自己的穴窟，⏎山鹑便嘲笑他，挖苦地说：⏎“你真能吹，说什么飞毛腿，⏎你这双脚究竟怎么了？”⏎山鹑嘲笑得正开心，⏎不料又轮到她遭厄运。⏎冤家路窄，但她以为靠着翅膀，⏎到了危难关头准能逃生；⏎然而，可怜的山鹑千算万算，⏎就没算上老雕的利爪有多野蛮。,拉封丹寓言·李玉民译,
老鹰和猫头鹰,,拉封丹,老鹰和猫头鹰停止了争吵，⏎甚至和好而相互拥抱。⏎一个还以鸟中之王的威望，⏎另一个则以枭族的信誉，⏎都保证今后绝不再吃⏎对方的孩子。⏎“我的孩子，您可认识？”⏎密涅瓦的鸟问道。⏎“不认识。”老鹰回答道。⏎“真糟糕！”忧伤的鸟又说道，⏎“既然这样，他们的性命⏎就令我特别担心。⏎只因您是鸟中之王，⏎就不吝惜任何生灵。⏎国王和神灵都一个样，⏎不管臣民如何陈情，⏎他们看什么都无足轻重。⏎我的那些小孩如果碰到您，⏎一个个准都没了命！”⏎“他们什么模样，”老鹰说，⏎“您就向我描述描述，⏎要不就指给我瞧瞧，⏎一辈子我也不会碰一碰。”⏎“我的孩子长得都娇小可爱，”⏎猫头鹰便回答说，⏎“模样很俊，眉清目秀，⏎容貌比哪家孩子都好。⏎您就根据这种特点，⏎一见面不难认出他们。⏎这种特点千万别忘了，⏎请您一定要记牢，⏎您若是光临我的家中，⏎不要带去可恶的命运女神。”⏎后来，上帝赐给猫头鹰一窝子女，⏎一天晚上，猫头鹰正出去觅食，⏎我们的老鹰偶然发现，⏎在一块坚硬岩石的角落，⏎或者一间破房的洞穴，⏎（究竟哪一处很难说，）⏎有一群丑陋的小怪物：⏎一个个哭丧相，面目可憎，⏎还发出麦格拉的声音。⏎“肯定不是我那朋友的孩子，”⏎老鹰说道，“吃掉算了。”⏎这贪吃的家伙说到做到。⏎他用餐可绝不肯将就。⏎猫头鹰回巢一瞧，哎呀不得了，⏎他那些小宝宝，只剩下几只小爪。⏎于是他呼天抢地，向神灵哀告，⏎一定要惩罚给他丧子之痛的强盗。⏎这时，有人却对他说：⏎“要怨就怨你自己，⏎或者怪这种普遍规律：⏎谁都觉得自己的孩子好，⏎都夸自己的孩子长得好看，⏎比哪家的孩子都可爱。⏎你向老鹰描绘你孩子的特点，⏎他们可有一丁点沾边？”,拉封丹寓言·李玉民译,
狮子出征,,拉封丹,狮子酝酿干一番事业，⏎主持军事会议，⏎派出各路使者，⏎通知各类动物。⏎大家按照各自的本领，⏎都承担了职务。⏎战事的军需品，⏎就由大象驮运；⏎大象如参战，⏎也照自己的习惯。⏎熊要冲锋在前；⏎狐狸则出谋划策；⏎猴子发挥耍戏本领，⏎尽量去迷惑敌人。⏎“驴子和野兔，”与会者提议，⏎“都应当打发走，⏎驴子都又笨又蠢，⏎野兔总是草木皆兵。”⏎“绝不可以，”狮王却说，⏎“我还要使用他们。⏎如果把他们除名，⏎我们大军就不完整。⏎驴可以当司号员，⏎用号声惊扰敌人，⏎野兔跑得快，⏎可以当传令兵。”⏎明君总是特别慎重，⏎了解不同的才能，⏎多么卑微的臣民，⏎都能才尽其用。⏎在有识之士的眼中，⏎世上无一物不可利用。,拉封丹寓言·李玉民译,
熊和两个伙伴,,拉封丹,两个伙伴正急用钱，⏎就想了一个主意，⏎卖给邻居皮货商⏎一头活熊的皮：⏎至少按照他们的说法，⏎他们很快就将那头熊捕杀。⏎根据这些人估计，⏎那是熊中之王；⏎商人得到那张皮，⏎准能大发一笔。⏎那张熊皮能抵御刺骨的严寒，⏎而且够做成两件皮大衣。⏎他们那头熊所报的价钱，⏎就是丹狄诺卖羊也望尘莫及。⏎当然是他们的估价，⏎而不是熊的价值。⏎他们保证最迟两天，⏎就可以交出熊皮。⏎谈妥了价钱，他们就开始狩猎，⏎正巧那头熊径直朝他们跑来。⏎这两位老兄，就仿佛遭了雷劈！⏎买卖算做不成了，⏎不得不取消合同：⏎让熊赔偿损失，⏎提也甭想提。⏎一个伙计爬上了一棵树顶；⏎另一个吓掉了魂儿，⏎一下子扑倒在地，⏎身子比大理石还冷，⏎敛声屏息装起死。⏎只因他曾听说过，⏎熊不大攻击死者：⏎只要躯体没了生命，⏎不喘气也不动。⏎那头熊傻乎乎的，中了诡计：⏎他瞧见横卧在地的躯体，⏎就以为人已死去，⏎但是又怕受骗，⏎就把那尸体翻过来掉过去，⏎还把鼻子凑到近前，⏎嗅嗅嘴又嗅嗅鼻，⏎是否还有气息。⏎“这是一具死尸，”熊说了一句，⏎“算了，有了臭味。”⏎熊说罢扬长而去，⏎钻进最近的一片林子。⏎卖熊皮的一个伙计，⏎这才从树上下来，⏎跑向他的伙伴，⏎说这简直是奇迹，⏎他俩安然无恙，⏎仅仅虚惊一场。⏎“对了，”他又问道，“熊皮呢？⏎刚才熊走到你跟前，⏎用爪子把你翻来翻去，⏎对着你耳朵说了什么？”⏎“他对我说熊还没有猎获，⏎绝不要先卖熊皮。”,拉封丹寓言·李玉民译,
披着狮皮的驴,,拉封丹,驴是缺乏胆识的动物，⏎他一披上狮子皮，⏎周围的动物就无不畏惧，⏎一见他都魂不附体。⏎不幸的是驴耳尖儿露了出来，⏎揭穿了假象和骗局。⏎于是马尔丹就驱赶他干活。⏎不知内情的人都十分惊奇，⏎以为马尔丹在磨坊，⏎居然驱赶着狮子，⏎哪知是诡计和伪装。⏎在法国多少人名声叫得很响，⏎都能证明这则寓言多有市场。⏎一套骑士的行头，⏎神勇就十有八九。⏎[1]墨丘利：罗马神话中的商业神，诸神使者。⏎[2]德·布里安伯爵：作家的朋友，擅长文学批评。⏎[3]命运三女神：希腊神话中，掌管人类命运和生死的三位女神。其中，克罗托纺织生命之线，拉刻西斯决定生命之线的长短，而阿特洛波斯则负责切断生命之线。⏎[4]林神：这里指希腊神话中的森林之神萨堤罗斯，是半人半山羊形状。⏎[5]希腊神话中的提坦是天神乌拉诺斯和地神该亚的子女，共十二名，六男六女，为巨神。他们受母亲唆使推翻乌拉诺斯的统治，拥戴克洛诺斯为天神。但是，克洛诺斯的儿子宙斯打倒父亲，在奥林匹斯山上建立新的统治。巨神同宙斯顽强斗争，最后被宙斯打败，并被打入地狱。⏎[6]密涅瓦：罗马神话中的智慧女神，即希腊神话中的雅典娜。⏎[7]这里指阿特洛波斯。⏎[8]麦格拉：希腊神话中的复仇三女神之一。另两位是欧墨尼得斯、克洛诺斯。她们身材高大，眼中流血，头发由毒蛇盘结而成。一手执火炬，一手执由蝮蛇扭成的鞭子，专门惩罚有罪者。⏎[9]法国作家拉伯雷《巨人传》第一部第四章的情节。巴汝奇在船上要报复羊贩子丹狄诺的无礼，就假称买羊，还不惜高价买下头羊，然后赶进海中，结果一群羊都跟随跳下海，丹狄诺想拦也拦不住。⏎[10]马夫的名字，见第四卷《毛驴和小狗》“棍子马尔丹”注。,拉封丹寓言·李玉民译,
牧人和狮子,,拉封丹,寓言并不像表面上看那种样子：⏎寓言中最普通的动物，⏎也能充当我们的老师。⏎单纯的说教总使人厌烦，⏎训诫结合故事就容易流传。⏎这种虚构的故事应亦教亦乐，⏎为讲故事而讲故事，⏎我看就没有什么意义。⏎正是鉴于这种缘故，⏎许多名人为怡悦心神，⏎就以这种体裁写作。⏎大家都摒弃过分的铺陈，⏎都规避华丽的雕琢。⏎我们欣赏他们的作品，⏎看不到一句多余的词语。⏎费德鲁斯的文笔十分简洁，⏎不免引起一些人的指责。⏎而伊索表达自己的思想，⏎则使用更少的文字。⏎不过，还真有一个希腊人，⏎自认为比所有人都高明，⏎卖弄一种极精致的文笔：⏎他总是把一个故事⏎凝缩在四行诗里；⏎是好是坏，我就由行家去评议。⏎试比较在一个类似的题材，⏎他和伊索寓言的差异。⏎在寓言中，伊索说的是一个猎人，⏎而另一个则引进一个牧人。⏎我遵照了他们的故事梗概，⏎情节上只有几笔略作修改。⏎伊索大致是这样讲述。,拉封丹寓言·李玉民译,
狮子和猎人,,拉封丹,一名牧人发现他的羊少了几只，⏎就下狠心要逮住偷羊的贼，⏎他怀疑是狼干的这种坏事，⏎于是他找到一个洞穴，⏎在那附近布下了活套，⏎要把那几只狼套住，⏎离开之前还这样祷告：⏎“万神之主啊，如果当着我的面，⏎你能让我套住那个坏蛋，⏎让我尝到这种乐趣，⏎我就在二十头小牛里，⏎挑最肥的献给你。”⏎他的话音刚落，就从洞穴出来⏎一头雄壮的大狮子。⏎牧人吓个半死，⏎身子缩成一团说道：⏎“唉！人想要什么并不明了！⏎为了逮住毁我羊群的窃贼，⏎离开之前能亲眼见他入套，⏎万神之主啊，我已经许愿，⏎宰一头小牛向你祭献：⏎现在你让狮子快走，⏎我就献给你一头大牛！”⏎这便是原作所讲的故事，⏎下面再看看他的模仿者。⏎一个人爱吹牛，喜欢打猎，⏎他刚损失一只优种猎犬，⏎怀疑成了狮子的美餐，⏎于是他向一名牧人打探：⏎“劳驾，请你告诉我，⏎那个窃贼的家在哪里，⏎我这就去让他尝尝厉害。”⏎牧人回答：“就在这座山一带；⏎每月我向他进贡一只羊，⏎就可以在这原野随意游荡，⏎我和羊群都得到安宁。”⏎牧人正这样介绍情况，⏎狮子突然出现，快步走来。⏎那吹牛的家伙仓皇逃窜，⏎“朱庇特啊！”他边逃边喊，⏎“告诉我在哪藏身好能脱险！”⏎对勇敢的真正考验，⏎只能是面临危险。⏎有人扬言冒险才好，⏎一遇危险又变了腔调，⏎立刻逃之夭夭。,拉封丹寓言·李玉民译,
太阳神与北风神,,拉封丹,北风和太阳瞧见一位行客：⏎他穿得很暖和，⏎准备好对付坏天气。⏎现在已经入秋，⏎出远门要未雨绸缪：⏎日晒，雨淋，雨后的彩虹，⏎无不警告行路的人，⏎随后这几个月里，⏎大衣须臾不可离身。⏎这位行客早就提防下雨，⏎穿了一件有衬里的大衣，⏎布料也十分结实。⏎“这个人啊，”北风说道，⏎“自以为万无一失，⏎但是他绝没有料到，⏎我会狂风大作，⏎让衣扣全部挣脱；⏎如果惹我性起，⏎还让他的大衣见鬼去！⏎这种消遣一定非常快活。⏎有兴趣吗？玩一玩如何？”⏎“好哇，咱们就赌一把，”⏎太阳神便接口说，⏎“也不必讲这么多空话，⏎看看谁最有办法，⏎让我们眼前的那位骑士，⏎尽快脱下他的大衣。⏎咱们这就开始吧。⏎你先来遮住我的阳光。”⏎也不用再多谦让，⏎我们这位打赌的北风神，⏎立刻吸足了气囊，⏎像大气球一般鼓胀，⏎发出一阵恶魔的吼声，⏎吹呀吹，刮起飓风，⏎刮沉多少船只，⏎又刮飞多少屋顶，⏎只是为了一件大衣，⏎就折腾得昏天黑地！⏎然而那骑士十分当心，⏎他将大衣裹得紧紧，⏎不让狂风钻进去逞凶。⏎他就这样得以保全，⏎北风白白耽误了时间；⏎那北风越是猖狂，⏎骑士也就越顽强，⏎风怎么揪他的衣领，⏎乱扯他的衣襟也没用；⏎打赌的时间，⏎很快就用完。⏎太阳驱散乌云，⏎照得骑士开颜，⏎终于温暖了他的全身，⏎大衣里面呼呼冒汗，⏎他不得不脱掉大衣，⏎而太阳尚未发挥全部威力。⏎温和比施暴更有功效。,拉封丹寓言·李玉民译,
朱庇特和佃农,,拉封丹,从前，朱庇特要出租一座庄园，⏎墨丘利广为宣传；⏎于是有人求租；⏎愿出多少租金，⏎并等待回音。⏎这件事不能不说颇费周折。⏎有人说这产业，⏎田地太贫瘠，⏎要投入许多，⏎也有不同看法。⏎众人正这样讨价还价，⏎忽然一个人，⏎不是最聪明，⏎只是胆子最大，⏎他满口答应，⏎只要朱庇特让他支配天气，⏎随意安排季节：⏎想冷就冷，⏎想热就热，⏎想晴就晴，⏎想刮风就刮风，⏎总之，庄园一旦租给他经营，⏎天旱还是天涝，⏎完全由他决定。⏎朱庇特同意了这些条件。⏎等合同一签完，⏎我们这位老兄就特别专断，⏎俨然以国王自居，⏎又呼风又唤雨，⏎不管安排什么天气，⏎只为自家考虑；⏎而他的近邻却根本没份儿，⏎无异于美洲人。⏎这样反而成全了这些近邻，⏎他们有了好年景，⏎粮食大丰收，⏎满窖葡萄酒。⏎租了庄园的先生经营不好，⏎收成特别糟糕。⏎第二年又全变，⏎实行另外一套，⏎让天气变了脸，⏎收成也未见好转。⏎他邻居的田地却五谷丰登，⏎收入又倍增。⏎他怎么办？只好求助万神之主，⏎忏悔自己不慎重。⏎朱庇特也并未多加责罚，⏎以宽厚主子的态度接待他。⏎由此得出结论：⏎我们需要什么，⏎上天比我们更了解。,拉封丹寓言·李玉民译,
小公鸡、猫和小耗子,,拉封丹,一只幼小的耗子，⏎还未见识过什么，⏎一出去险些被逮住，⏎这次历险的经过，⏎请看他向母亲的叙述：⏎“我越过周围的高山，⏎就像出去见世面的小鼠，⏎一路游荡连跑带颠。⏎忽然有两只动物，⏎吸引住我的视线：⏎其中一只很文静，⏎也显得非常和善；⏎另外一只粗嗓门，⏎声音特别刺耳，⏎还总是躁动不安，⏎他头顶长了一块肉，⏎尾巴像羽翎花枝招展，⏎好像还有两只胳臂，⏎高高抬起来直呼扇，⏎简直就要飞上天。”⏎小耗子向母亲描述，⏎仿佛来自美洲的动物，⏎原来是一只小公鸡。⏎“那动物抬起胳臂，⏎拍打着胸膛的两侧，⏎发出的声响大极了，⏎谢天谢地，⏎我虽然也自夸很勇敢，⏎还是吓得赶紧逃窜。⏎我从心眼里诅咒，⏎没有他我就会交个新朋友：⏎那个动物我看很和善，⏎浑身毛茸茸，⏎还带着斑纹，⏎同我们一样；⏎尾巴很长，⏎那神态显得很本分，⏎一副谦和的眼神，⏎不过眼睛炯炯发光。⏎我相信他对鼠先生们，⏎一定很有好感；⏎因为他的耳朵，⏎同我们耳朵多么相像。⏎我正要上前攀谈，⏎忽然一声巨响，⏎另一只动物吓得我逃窜。”⏎“孩子呀，”鼠妈妈说道，⏎“那个和善动物是只猫，⏎他那面目特别伪善，⏎其实非常凶残，⏎要捕你的所有亲友。⏎另一只动物却相反，⏎对我们秋毫无犯，⏎也许等哪天，⏎它能成为我们的盘中餐。⏎至于猫的食品，⏎主要是吃我们。⏎你这一生都要当心，⏎绝不可以貌取人。”,拉封丹寓言·李玉民译,
狐狸、猴子和动物,,拉封丹,相传一头狮子去世，⏎生前他统治这个地方，⏎现在动物聚在一起，⏎要挑选一位新国王。⏎王冠就放在密室，⏎由一条龙看守；⏎从盒子里取出来之后，⏎大家都戴上试一试，⏎但是没有一个戴着合适。⏎大多脑袋都太小，⏎还有一些脑袋太大，⏎有一些甚至还长了角。⏎猴子觉得好玩，⏎也要试一试王冠，⏎他戴时就哈哈笑，⏎还向周围大做鬼脸，⏎耍各种各样的猴戏，⏎抓耳挠腮做各种姿态，⏎他终于戴上了王冠，⏎就像套上个圈圈。⏎动物都觉得他仪表堂堂，⏎于是推选他为国王。⏎大家都向猴王祝贺，⏎唯独狐狸不满这种结果，⏎但是没有表露自己的情绪。⏎他敷衍地祝贺两句，⏎又对猴王说道：⏎“陛下，我知道一个秘密，⏎除了我未必有谁知晓。⏎可是按照王国的法律，⏎任何无主的财宝，⏎都应该属于陛下。”⏎这位新国王财迷心窍，⏎他亲自跑去探察。⏎不料那是个陷阱，⏎一下子掉了进去。⏎狐狸以大家的名义质问：⏎“你连自己都不会管理，⏎还想要来统治我们？”⏎猴子不得不退了位，⏎大家也达成共识：⏎适合戴这顶王冠者，⏎恐怕寥寥无几。,拉封丹寓言·李玉民译,
炫耀家世的骡子,,拉封丹,一位高级教士的骡子⏎夸耀出身高贵，⏎总谈他母亲，⏎那匹骡马的壮举：⏎她曾做了这事，她曾到了那里。⏎因此儿子认为，⏎应该把她写进历史。⏎他还认为去侍候医生，⏎就有辱他的门庭。⏎可是他老了之后，⏎就被打发进了磨坊。⏎他这才回忆起，他父亲就是一头驴。⏎如果身遭的不幸，⏎能让蠢人清醒，⏎那就可以断言，⏎不幸也算有点用。,拉封丹寓言·李玉民译,
老人和驴,,拉封丹,一位老人骑着毛驴，⏎经过一片鲜花盛开的草地。⏎他就放开牲口，⏎灰驴立时冲过去，⏎冲进嫩草地，⏎又是打滚，又是蹭痒，⏎又是就地搓脊梁，⏎又是大啃青草，⏎又是放声歌唱，⏎又是撒欢蹦跳，⏎结果草地有好几处，⏎都变成了光秃。⏎正在这时候，忽然闯来强盗。⏎“快逃！”老人说道。⏎“为什么要逃跑？”⏎这个贪玩的家伙反问道，⏎“换别人，还会给我放两副驮，⏎还会让我驮两份货？”⏎“那倒不会。”老人说罢便逃掉。⏎“那我属于谁，”驴又说道，⏎“对我又有什么关系！⏎您就赶紧逃跑，⏎让我在这儿吃草。⏎我们的敌人，就是我们的主人，⏎这话我对您说到家了。”,拉封丹寓言·李玉民译,
照水泉的鹿,,拉封丹,从前有一只鹿，⏎对着清澈的水泉，⏎赞美头角的妖艳，⏎而难以容忍小腿，⏎看着如同纺锤，⏎这丑陋的形象隐没在泉水。⏎他痛苦地审视水中的形影，⏎不禁连声感叹：⏎“我的头和我的脚多么不相称！⏎我这对额角，⏎够得着灌木的树梢儿；⏎可是我的脚，⏎真不好意思给人瞧。”⏎他正这样哀叹，⏎忽见一只猎犬，⏎他就赶紧逃跑，⏎要躲到安全的地点，⏎便逃进了森林。⏎不料他高高的角，⏎却成了有害的装饰品，⏎时时阻碍他奔逃，⏎阻碍他逃命的脚。⏎于是他一反原先的言论；⏎开始诅咒上天年年给他的赠品。⏎我们总看重华美，总轻视实用，⏎而华美往往毁了我们。⏎这头鹿斥责使他全身敏捷的腿脚，⏎推崇危害他的头角。,拉封丹寓言·李玉民译,
龟兔赛跑,,拉封丹,跑得快还不算，⏎及时出发是关键。⏎野兔和乌龟赛跑，⏎就能够证明这一点。⏎“咱俩打赌，”乌龟说，⏎“那里就当目标，⏎你不见得比我早跑到。”⏎“不见得早跑到？⏎你简直是疯了吧？”⏎快兔子回敬道，⏎“我的大嫂，⏎要用嚏根草的四粒果实，⏎你必须治一治。”⏎“疯也罢，不疯也罢，⏎反正我要赌一把。”⏎事情就这样决定，⏎他们俩的赌注⏎都放到那目标附近。⏎什么赌注不必细谈，⏎也不必了解谁当裁判。⏎我们的野兔，⏎只需几步就能达到目标，⏎我是指被追捕的速度，⏎看看要被猎犬逮着，⏎他就像箭一般，⏎消失得无影无踪，⏎让猎犬在荒原上搜寻。⏎且说野兔忙里偷闲：⏎他有时间吃草，⏎也有时间睡觉，⏎还可以听一听⏎是从哪儿刮来的风，⏎就让乌龟爬行，⏎像元老那样老态龙钟。⏎乌龟出发了，⏎她奋力向前，⏎速度虽然慢，⏎却不断往前赶。⏎然而野兔瞧不起⏎赢了乌龟的胜利，⏎在打赌中胜出，⏎也不算什么光彩，⏎他认为晚出发，⏎才能显出大气⏎于是吃草，休息，⏎除了这场打赌，⏎他对什么都感兴趣。⏎最后他忽然发现⏎对手快跑到终点，⏎他赶紧像箭一样出发，⏎但是怎么冲刺，⏎也都无济于事：⏎乌龟头一个到达。⏎“怎么样！”乌龟冲他喊，⏎“让我言中了吧？⏎你跑得快有什么用？⏎最终还是我取胜！⏎你若是再背一间房，⏎还不知道会落多远？”,拉封丹寓言·李玉民译,
毛驴和主人,,拉封丹,园丁的毛驴向命运女神抱怨，⏎主人在天亮之前，⏎就早早让他起身。⏎“公鸡凌晨打鸣，等于白白叫唤，”⏎毛驴继续说道，⏎“我比公鸡起得还早。⏎干什么呢？驮着蔬菜去赶集。⏎打断我香甜的早觉，⏎去干多美的差使！”⏎听了他的抱怨，⏎命运之神觉得可怜：⏎就给他另找一个主人。⏎这个干粗活的畜生，⏎就从园丁转到硝皮匠的手中。⏎驮运的皮革又沉又难闻，⏎这个不安分的畜生很快又不满。⏎他说：“我真怀念⏎我那头一个主人。⏎如果我记得不错，⏎当时我不用费劲，⏎回头就能吃片菜叶。⏎可是在这里干活，⏎根本没有意外的收获，⏎除非是挨几棍子。”⏎毛驴就这样又改变了命运，⏎在一个烧炭人登记仆人的花名册中，⏎毛驴列在最后一名。⏎于是他又开始诉苦。⏎命运之神生气地说：⏎“又怎么啦！这头驴⏎给我找的麻烦等于⏎一百位君主的要求！⏎难道他还以为，⏎只有他一个不满意？⏎我整天只想他的事？”⏎命运之神有道理；人人生来都如此：⏎我们的生活状况，从来就不满意：⏎最糟的也总是现实。⏎我们无休止的请愿，⏎已经搞烦了上天。⏎我们每人的请求，朱庇特要逐一批准，⏎他就得大伤脑筋。,拉封丹寓言·李玉民译,
太阳和青蛙,,拉封丹,一个暴君结婚，举国上下欢庆，⏎畅饮酒便忘了忧愁。⏎唯独伊索觉得这些人实在愚蠢，⏎这样狂喜没有来由。⏎伊索讲述，话说从前，⏎太阳也打算结婚。⏎沼泽地的公民闻听，⏎都异口同声地抱怨，⏎都为自己的命运担心，⏎他们祈求命运之神：⏎“太阳如果生了孩子，我们该怎么办？⏎一颗太阳还勉强忍受。⏎将来出来六颗太阳，⏎海水就要晒干，⏎水族居民全要完蛋。⏎别了，灯芯草和沼泽，⏎我们种族就要灭绝，⏎要全部沉入冥河。”⏎作为一种可怜的动物，⏎依我看青蛙的论说还真不错。,拉封丹寓言·李玉民译,
农夫和蛇,,拉封丹,伊索讲述有个农夫，⏎心慈而不谙世故，⏎在冬季有一天，⏎他在自家庄园散步，⏎忽然瞧见雪地上横卧一条蛇，⏎已经麻木，冻僵、瘫痪，动弹不得，⏎奄奄一息，再活不过一刻。⏎农夫拾起这条蛇，径直带回家里，⏎也不想想这一善举，⏎能给他带来什么收益，⏎他就把蛇放在炉灶边，⏎让蛇取暖以便苏醒。⏎冻僵的动物觉不出温暖，⏎生命和愤怒同时还魂。⏎他微微抬起头，发出咝咝的声音，⏎然后高高地弓起身，势欲扑向⏎他的恩人，他的救星，他的父亲。⏎“忘恩负义的东西！”这农夫说道，⏎“这就是给我的回报？⏎你跑不了，这下死定了！”⏎农夫不禁义愤填膺，⏎说罢就操起大斧，⏎一斧就将蛇头剁掉。⏎再一斧又砍个正着，⏎一条蛇变成了三条：⏎蛇头、蛇尾和蛇身。⏎这爬虫还不断蠕动，⏎仿佛还要连成一体，⏎可是已经回天无力。⏎仁慈固然是正理，⏎但是要看对待谁，⏎这才是问题的关键。⏎世上就有人忘恩负义，⏎他们最终无不死得很惨。,拉封丹寓言·李玉民译,
病狮与狐狸,,拉封丹,百兽之王卧病不起，⏎从岩洞中发出谕旨，⏎颁告天下全体子民，⏎各种类分派专使，⏎率团来探问圣体。⏎谕旨还许下诺言，⏎保证善待各使团，⏎狮王信誉写得清楚⏎执护照通行无阻，⏎绝不会受爪子之苦。⏎王令一出必须遵从，⏎各类使团立即起程，⏎唯独狐狸守在家中，⏎其中一只道出原因：⏎“使团朝觐患病狮王，⏎尘土路上脚印成行，⏎无不朝向狮王穴，⏎断无返程的方向。⏎这让我们起疑心，⏎还望陛下多原谅。⏎非常感谢大王护照，⏎护照虽好，却有蹊跷：⏎只见进洞去朝拜，⏎不见从洞走出来。”,拉封丹寓言·李玉民译,
捕鸟人、苍鹰与云雀,,拉封丹,邪恶之人的不义行径，⏎往往为我们不义护行。⏎要记住这样一条公理：⏎要人宽恕先宽恕别人。⏎且说农夫用反光镜诱鸟儿，⏎光灿灿的亮影引来只云雀。⏎苍鹰立刻飞到田垄上盘旋，⏎俯冲直下疾如箭；⏎云雀还在墓畔歌唱，⏎刚躲过险诈的机关，⏎又尝到鹰爪的杀伤，⏎抓进肉里无法动弹。⏎苍鹰捉住云雀正忙着啄毛，⏎不料被网罩住自身也难逃。⏎老鹰哀求道：“放了我，捕鸟人，⏎我可从未伤害过您。”⏎捕鸟人反驳：“那么这只云雀，⏎可曾伤害过您不成？”,拉封丹寓言·李玉民译,
马和驴,,拉封丹,世间应该患难相助，⏎身边人如一命呜呼，⏎那么你就不堪重负。⏎一头驴陪伴一匹马，⏎马负担轻却难说话。⏎可怜的驴请马帮忙，⏎眼看自己要累趴下，⏎没进城就得见阎王。⏎驴说：“求助不算无礼，⏎分担一半您也轻松。”⏎马拒绝放了个响屁，⏎同伴果然累死途中。⏎马承认驴死怪自己，⏎现在全由马来负重，⏎还加上新剥的驴皮。,拉封丹寓言·李玉民译,
舍物逐影的狗,,拉封丹,世人都可能受骗，⏎捕风捉影糊涂蛋，⏎不辨真假有多少，⏎大多时间难计算。⏎伊索谈狗值得借鉴，⏎狗叼猎物来到河边，⏎丢下猎物去逐水影，⏎扑通一声水花四溅。⏎险些淹死吃力上岸，⏎猎物连影早已不见。,拉封丹寓言·李玉民译,
车陷泥坑,,拉封丹,赶着拉草车的法厄同，⏎眼看着车轮陷入泥坑，⏎前不着村后不着店，⏎车老板实在可怜。⏎这是在下布列塔尼，⏎周围一片旷野荒原，⏎离一个乡镇不太远，⏎名叫坎佩尔科朗丹。⏎大家知晓，命运女神⏎让人陷入窘境，⏎就是要让人发疯。⏎上帝教人慎勿旅行！⏎且说这个车把式，⏎赶车至此陷入泥中，⏎开始撒野，骂个不停：⏎只见他暴跳如雷，⏎忽而冲路上的泥坑，⏎忽而冲拉车的马匹，⏎忽而冲这辆车子，⏎忽而又冲自己发怒气。⏎最后他就呼唤天神，⏎那天神的英雄业绩⏎天下闻名，车夫恳请：⏎“赫丘利，如果你背得动⏎地球，那么你的手臂，⏎就能把我拉出泥坑。”⏎刚恳求完，他就听见，⏎有个声音发自云端：⏎“赫丘利要人自己动手，⏎然后他才能从旁相助。⏎你一定得先瞧仔细，⏎弄清楚阻碍来自哪里，⏎再清除车轮的四周⏎讨厌的泥巴，可恨的胶泥；⏎烂泥恐怕没到车轴；⏎操起你这把铁镐，⏎敲碎阻碍你的这块石头。⏎再给我填平这道车沟。⏎怎么样，干好了没有？”⏎“干好了。”车把式答道。⏎“那好，”那声音又说，⏎“我来助你一臂之力，⏎操起你的鞭子。”⏎“拿好了，有这种怪事儿？⏎马车正常行驶啦！⏎应当赞美赫丘利！”⏎说话间，那声音又响起：⏎“现在你总该明白，⏎马车怎么轻快就拉出来。”⏎要记住：⏎“自助自有天助。”,拉封丹寓言·李玉民译,
江湖骗子,,拉封丹,世间一向不乏江湖术士⏎这门技巧，古往今来，⏎出了大量人才。⏎轮番登戏台：⏎时而一个人上场放言，⏎冥河随便转；⏎另一个也满城称说，⏎超级的西塞罗。⏎且说最近一个，⏎吹牛最卖力，⏎自称雄辩大师，⏎经他的手调教，⏎无论什么闲汉、⏎笨蛋、乡巴佬，⏎都能夸夸其谈：⏎“不错，先生们，哪怕是大笨蛋，⏎哪怕是一头牲口、一头驴！⏎就牵头大犟驴来试试看：⏎让它变圣贤，⏎穿上古长衫。”⏎国王闻此事，召见雄辩师：⏎“我的马厩养一头⏎阿卡迪亚驴，⏎漂亮人人夸，⏎我就想让它，⏎成为演说家。”⏎“陛下，您心想事成。”那人回答。⏎赏他一笔钱，⏎约定教化十年，⏎让驴登上讲坛。⏎否则就拿命换，⏎脖子套绞索，⏎背上修辞学，⏎戴上驴耳装驴样，⏎当中勒死在广场。⏎有位朝臣对他讲，⏎单等行刑那一天，⏎自己一定去观赏；⏎但愿雄辩师上了绞刑台，⏎能保持神采，⏎优美的姿态；⏎尤其当众演讲，⏎要精彩而绵长，⏎要感人而精警，⏎对西塞罗有用：⏎如今的西塞罗，⏎俗称剽窃者。⏎雄辩师听了当即就反驳：⏎“不到那一天，⏎国王、驴或我，⏎早就赴黄泉。”⏎此话有道理⏎除非犯糊涂，⏎才信人生十年无变故：⏎我们就算吃好喝好身体好，⏎三个总会有一个，⏎十年之内录鬼册。,拉封丹寓言·李玉民译,
不和女神,,拉封丹,不和女神挑起众神争执，⏎为一只金苹果大打官司，⏎于是女神被逐下天庭，⏎贬到称为动物的人群中。⏎大家对她张开双臂欢迎，⏎她有了“斤斤计较”的弟兄，⏎又有了“你我不分”的父亲。⏎女神来到尘寰，⏎看得起我们，⏎鄙弃我们的对立面：⏎那边半球居民，⏎粗鲁而野蛮，⏎结婚不公证，⏎神父没有用，⏎更用不着女神。⏎信息女神安排得很周到，⏎让她在有需要的地方安身，⏎嘱咐她有求必应。⏎女神也很勤恳，⏎哪里发生争执，⏎立即雷厉风行，⏎以防息事宁人，⏎一定将小小火星，⏎闹成长久的争论。⏎信息女神最后也开始抱怨：⏎不和女神到处转，⏎到她的固定住址，⏎从来就找不见，⏎往往白费时间。⏎她必须居有定所，⏎能在指定日期，⏎派往各家各户。⏎可惜当时并无女子修道院，⏎此事难以如愿，⏎最终不和女神，⏎住进婚姻客栈，⏎同婚姻结为良缘。,拉封丹寓言·李玉民译,
年轻寡妇,,拉封丹,失去丈夫免不了长嗟短叹，⏎一阵抢地呼天，再逐渐和缓，⏎悲伤插上时间的翅膀飞远。⏎时间带回来欢颜。⏎在守了一年寡⏎跟丧夫一天之间，⏎真是判若天渊。⏎说是前后同一人，⏎恐怕谁也不相信。⏎一个千娇百媚，⏎另一个把人吓退。⏎新寡痛不欲生，不管其真假，⏎总是同样腔调，同样狠话：⏎据说无法劝慰。⏎其实绝非如此，⏎这则寓言能展示，⏎抑或请看事实。⏎一位美丽的少妇，⏎眼看丈夫归西，⏎她对丈夫呼喊：⏎“等一等！我随你去，⏎我的灵魂要相伴，⏎与你的灵魂齐飞。”⏎丈夫却成为孤旅。⏎美妇的父亲，谨慎而明智，⏎由女儿哭天抹泪，⏎到最后才劝慰：⏎“我的女儿，你泪流成河，⏎难道要用泪河淹溺死者？⏎生者自当活着，⏎何必再想逝者。⏎不是说转瞬间，⏎就能时来运转：⏎这样大悲大恸，⏎顿时化为婚庆。⏎但是过一段时间，⏎要允许人家提亲，⏎新女婿年轻英俊，⏎一样样好条件，⏎远胜过死者万千。”⏎“哼！”女儿说，“我要嫁给修道院！”⏎父亲就容女儿消化伤痛。⏎过了一个月光景。⏎进入下一个月，⏎一个月没白过：⏎头饰和衣着打扮，⏎每天都在渐变。⏎孝服终究成服饰，⏎首饰可望见天日。⏎情侣们成双结对，⏎回到鸽舍的氛围，⏎欢笑歌舞与游戏⏎在生活中回归。⏎晨昏都沉浸在⏎那青春之泉里。⏎父亲再也不担心⏎已故女婿的阴魂。⏎然而再嫁之事，⏎他也只字不提起。⏎可是美女不禁问：⏎“您曾亲口答应，⏎那年轻丈夫何处寻？”⏎[1]其实，伊索的寓言比费德鲁斯的要长。⏎[2]指巴伯里乌斯，拉封丹称他加伯里亚斯。在拉封丹之后，邦斯拉德模仿传说中的加伯里亚斯，作四行诗形式的寓言。⏎[3]在希腊神话中，北风神名叫玻瑞阿斯，太阳神名叫福玻斯。⏎[4]这是小老鼠说话的语气，小鼠以其小，看什么都无比巨大。全篇小儿看世界的口气写得惟妙惟肖。⏎[5]鹿茸每年春天脱落，秋天再生，而且逐年长粗长高。⏎[6]即诱云雀反光镜：多面镜子在地面上快速旋转，闪动的反光能引诱来小鸟。⏎[7]法厄同：希腊神话中太阳神的儿子，曾驾着太阳神的四驾金车出游，因不善驾驶，接近地球，几乎把地球焚毁，被主神宙斯用雷电击死。⏎[8]下布列塔尼：法国西部布列塔尼地区又分成两部分，东半部分为上布列塔尼，西半部分为下布列塔尼。⏎[9]赫丘利：罗马神话中的英雄，即希腊神话中的大力神赫拉克勒斯。⏎[10]西塞罗（公元前106—前43），古罗马政治家、哲学家、演说家，他将拉丁雄辩术推向顶峰。⏎[11]阿卡迪亚：希腊古地名，现为一州名称。⏎[12]希腊神话中的不和女神厄里斯，是夜女神的女儿。珀琉斯和忒提斯结婚礼没有邀请她，她很生气，便主动出席，将一只金苹果投到宴席上，苹果上刻有“献给最美的女神”的字样。于是，参加婚礼的三位女神：赫拉、阿佛洛狄忒和雅典娜发生争执，并且请来特洛伊王子帕里斯进行公断。她们分别向帕里斯私许荣誉、美女和富贵。帕里斯接受美女，将金苹果判给阿佛洛狄忒。随后发生帕里斯诱走美人海伦事件，导致十年的特洛伊战争。⏎[13]青春之泉：神话中的神泉，人在泉中沐浴能重返青春。,拉封丹寓言·李玉民译,
恶婚丈夫,,拉封丹,如果善与美总能相伴，⏎明天我就找个婆娘。⏎可惜离异并不新鲜。⏎美貌又有美好心灵，⏎世间实在少得可怜，⏎不要怪我不求良缘。⏎婚姻见得多而又多，⏎没有一家令我艳羡。⏎世人几乎百分之百，⏎胆敢冒极大的风险，⏎也百分百翻悔抱憾。⏎我来讲个翻悔事例：⏎娶个婆娘吝啬妒忌，⏎吵闹不休，丈夫无奈，⏎便将妻子打发回去。⏎好一个婆娘：⏎事事不顺眼，⏎事事不满意，⏎怪人睡得早，⏎怪人起得迟，⏎忽而说是黑，⏎忽而说是白，⏎如此这般数不过来。⏎闹得丈夫忍无可忍，⏎弄得仆人气急败坏。⏎终日唠叨嘴尖舌快：⏎先生不虑事，⏎花钱如流水，⏎先生总乱跑，⏎先生又歇息！⏎她埋怨起来没个完，⏎好似苍蝇围着转，⏎丈夫也终于忍不住，⏎干脆送她回乡间。⏎娘家庄园有村妇，⏎饲养火鸡干粗活，⏎从早到晚打交道，⏎还有猪倌管放猪。⏎乡下居住一段时间，⏎以为她的性情能改变，⏎丈夫又把她接回去：⏎“怎么样！您干了什么？⏎这段日子怎么过？⏎您可受到影响，⏎乡下人单纯无邪？”⏎婆娘回答：“影响受了些，⏎可是我很难受，⏎乡下人更懒惰，⏎根本不在乎牲口。⏎我还一再劝说，⏎他们反而恨我，⏎没教养的家伙！”⏎“哦！夫人，”丈夫借口说，⏎“您若还这么刻薄，⏎就连早出晚归的人，⏎跟您相处仅仅片刻，⏎都不愿意再见到您；⏎那么回家整天发火⏎又让仆人怎么活？⏎做丈夫的怎么能够⏎日日夜夜同您相守？⏎别了，回您乡下去吧，⏎假如我这辈子，⏎再去把您接回来，⏎哪怕萌生这种想法，⏎死后就加倍受惩罚：⏎到阴间娶两个⏎您这样的老婆，⏎永世在身边折磨我！”,拉封丹寓言·李玉民译,
老鼠隐居,,拉封丹,亚细亚地区故事说，⏎有只老鼠嫌人家是非多，⏎便远离尘嚣躲清静，⏎隐居到荷兰干酪中。⏎环境僻远清幽幽，⏎周围一片寂无声，⏎新来隐士好栖身。⏎为了吃住忙几天，⏎四爪牙齿齐上阵，⏎丰衣足食可安心。⏎此外还有何欲求，⏎很快变成小胖墩。⏎上帝恩赐天有眼，⏎只看虔诚不虔诚。⏎一天鼠族派使者，⏎来见隐士当说客，⏎表示虔诚略施舍：⏎鼠国都城遭围困，⏎要去外地求援军，⏎击退猫族侵略者。⏎紧急派出没带钱，⏎只因国家正危难，⏎求援解围不容缓。⏎他们求助并不多，⏎肯定不过四五天，⏎援军一到敌可破。⏎“朋友们，”隐士当即说，⏎“我与世事断尘缘，⏎穷苦教士能够做什么？⏎帮助你们无可选，⏎只能祈祷求苍天！⏎上天一路保平安。”⏎新圣徒敷衍几句话，⏎闭门谢客好清闲。⏎老鼠自私无情义，⏎依您之见我指谁？⏎说是修士并不对。⏎想必修士总怜悯，⏎我指的是异教僧。,拉封丹寓言·李玉民译,
白鹭,,拉封丹,有只白鹭不知在何处，⏎一天沿着小河边漫步，⏎两条长腿，长颈连长喙。⏎天气晴和，河水清澈，⏎水中游弋着鲤鱼大姐，⏎伴随着白斑狗鱼大哥。⏎白鹭轻易能捕食，⏎游近岸边许多鱼；⏎鹭鸶不急尚等待，⏎等待胃口稍微开。⏎生活有节制，⏎饮食须按时。⏎过了些时候，⏎果然来胃口。⏎回到河边再一看，⏎几条冬穴鱼，⏎出洞在游玩，⏎这道菜实在难下咽。⏎料想还会有好食物，⏎这等劣品不屑顾，⏎好似贺拉斯的城老鼠。⏎“冬穴鱼，让我吃！⏎我，堂堂一只鹭鸶，⏎吃这破东西⏎把我当成谁？”⏎鄙弃冬穴鱼，⏎又发现鱼。⏎“鱼！给鹭鸶当正餐！⏎怎么会这样，⏎还值得我品尝！”⏎再小一点儿，⏎他也会张喙，⏎可是再未见到一条鱼，⏎饿得实在难耐，⏎碰见一只蜗牛，⏎也欢天喜地吃下去。⏎挑肥拣瘦要不得，⏎最机灵者最随和。⏎贪多往往先损失，⏎切忌无端瞧不起，⏎见好就收是正理。⏎多少世人迷不醒，⏎我所讲的非鹭鸶。⏎另一故事讲世人，⏎教训取之于诸君。,拉封丹寓言·李玉民译,
姑娘,,拉封丹,有位姑娘心性太高傲，⏎要找夫君条件都要好：⏎仪表堂堂，年轻又美貌，⏎对人不冷淡，⏎又不爱计较，⏎这两种品行不可少。⏎这位姑娘还要求：⏎男方门第高，⏎家境须富有，⏎才高有八斗，⏎样样数得着，⏎这种完美的对象哪儿找？⏎命运女神肯操心，⏎给她找个可心人：⏎求婚多权贵，⏎纷纷来登门。⏎美女却认为，⏎五成条件太差劲。⏎“什么，我？什么，⏎要我嫁给这些人？⏎想必他们瞎胡说！⏎好大一堆蠢货色！⏎叫人看着真难过！”⏎这个人心里不灵巧，⏎那个人鼻子不正道。⏎这点看不惯，⏎那点不顺眼，⏎没人能过关。⏎高傲女子一旦充雅士，⏎首先什么也都瞧不起。⏎提亲过了富贵这一轮，⏎便有中等人家来求婚。⏎小姐不免挖苦又嘲笑：⏎“哼！我的心肠可真好，⏎还为他们开门讲客套！⏎他们还以为我是剩女，⏎正愁自己嫁不出去！⏎谢天谢地⏎我虽守空房，⏎夜夜睡得香。”⏎这美人自我感觉就是好。⏎可惜年龄渐大容貌凋，⏎那些求婚者一个不见了！⏎一年过去又一年，⏎姑娘开始心不安，⏎继而转焦虑，⏎觉得天天有所失：⏎走了笑天使、⏎嬉戏小天使，⏎爱神也离去。⏎终于明日黄花讨人厌，⏎随后各种胭脂涂脸面，⏎怎么修饰也逃不过时间，这个无耻窃贼的摧残。⏎一座房屋塌毁，⏎总还可以修缮；⏎花容一旦憔悴，⏎就再难恢复容颜！⏎她的风雅改变了腔调，⏎镜子对她说道：⏎“赶紧找人嫁出去！”⏎不知道什么渴求，⏎也对她讲这个理，⏎高傲雅女也能够⏎心中急切求偶。⏎她的选择真奇妙，⏎出乎所有人的意料。⏎她遇见个粗汉便嫁了，⏎心安理得挺满意，⏎最终也算有依靠。,拉封丹寓言·李玉民译,
狮王宫,,拉封丹,有一天狮王陛下要弄清楚，⏎天赐让他统治哪些民族，⏎于是他派出特使，⏎巡访各路诸侯，⏎盖有玉玺的通函，⏎晓谕八方尘寰。⏎通报各地月内⏎狮王召开全体大会，⏎开幕式大摆宴席，⏎明星猴当场献艺。⏎国王如此排场，⏎要向臣属展示富强。⏎在卢浮宫大宴群臣，⏎好一座卢浮宫，⏎地地道道的堆尸场，⏎臭气冲天呛鼻子，⏎老熊赶紧捂鼻孔：⏎这种厌恶情绪，⏎大可不必当众表明。⏎那怪相拂圣意。⏎君王大发雷霆，⏎打发老熊下地狱，⏎死了做鬼去掩鼻。⏎这种行为当严惩，⏎猴子举双手赞成：⏎马屁拍得过分，⏎连国王的震怒，⏎张牙舞爪耍威风，⏎都受到了吹捧；⏎这洞府，这气味！⏎才配得上王宫！⏎哪有什么龙涎香。⏎哪有什么鲜花，⏎不跟臭大蒜等同。⏎愚蠢的奉承反而弄巧成拙，⏎猴子受惩处正是自食其果。⏎这位狮王陛下，⏎堪比卡利古拉。⏎狐狸就在旁边，⏎狮王便问他之见：⏎“喏，坦白告诉我，⏎直言不要敷衍，⏎你闻到了什么？”⏎狐狸马上道歉，⏎推说患了重伤风，⏎嗅觉一点也不灵，⏎什么气味难断定：⏎总之狐狸得脱身，⏎狐狸还是老的行。⏎这则寓言有教训，⏎若在朝廷想得宠，⏎不要露骨硬吹捧，⏎有时学学诺曼底人，⏎回话含混可保身。,拉封丹寓言·李玉民译,
秃鹫与鸽子,,拉封丹,从前战神扰乱了天空，⏎某诱因促使飞禽纷争。⏎讲的不是春天的夜莺，⏎飞到欣欣向荣的绿荫，⏎率先以嘹亮歌喉唱春，⏎唤醒我们心中的爱神；⏎也不是出行时驾着车，⏎拉着女神疾驰的祥鸽；⏎而是钩嘴利爪的秃鹫，⏎据说这族群为条死狗，⏎就爆发了全面的内战，⏎血雨腥风，极其凶残。⏎这样讲绝非戏说夸张，⏎真若一点点细说端详，⏎一气呵成就未免妄想。⏎有多少英雄战死沙场，⏎有多少将领厮杀阵亡。⏎普罗米修斯岩上观战，⏎希望很快能解脱苦难。⏎观秃鹫酣战令人欢欣，⏎多少战死坠落也动恻隐。⏎英勇机智，诡诈而突袭，⏎所有战术都用到极致。⏎两军将士无不义愤填膺，⏎置敌于死地毫不留情，⏎战云与阴魂弥漫天空。⏎阴森王国幅员极辽阔，⏎居民稠密天地间生活。⏎这场杀戮疯狂而残忍，⏎引起另一族群的怜悯。⏎鸽子族群脖颈特灵活，⏎忠心耿耿性情很温和。⏎他们挑选出几位使臣，⏎派出去大力进行调停，⏎力图劝和而结束纷争。⏎使臣们果然不辱使命，⏎秃鹫族休战不再争雄。⏎双方休战便确立和平。⏎唉！秃鹫族却以德报怨，⏎鸽族群帮忙反而遭殃。⏎可恶的鹫族立即追剿，⏎追得鸽族群无路潜逃，⏎乡镇四野只有鹫逍遥。⏎可怜的人啊太不谨慎，⏎给野蛮族群调解纠纷！⏎永远让恶人四分五裂，⏎让罪恶团伙离心离德，⏎这样大地才会有安乐；⏎在他们之间播下战争，⏎否则世人就不太平。⏎顺便讲讲，我也该噤声。,拉封丹寓言·李玉民译,
公共马车和苍蝇,,拉封丹,在难行的上坡沙土路上，⏎毫无遮挡照射着阳光，⏎六匹骏马拉车也吃力，⏎妇女修士和老人全下车。⏎马喘息流汗，已精疲力竭。⏎忽然飞来一只苍蝇，⏎围着马车打转飞旋，⏎要用嗡嗡的鸣声⏎催促几匹马快前行，⏎叮叮这匹，咬咬那匹，⏎时时刻刻都在考虑，⏎他这样忙忙乎乎，⏎绝不会白费力气；⏎他还端坐在车辕上，⏎又登上车夫的鼻梁；⏎马车果然很快启动，⏎旅客们则随后步行。⏎苍蝇以为一己之功，⏎飞来飞去忙个不停；⏎俨然一位督战官，⏎到处巡视查看，⏎督促部队前进，⏎尽快打胜仗凯旋。⏎这时候正应当和衷共济，⏎苍蝇抱怨唯独她卖力，⏎全场只有她肯担责任，⏎谁也不助马匹脱困境：⏎修士口念日课经，⏎时间抓得倒真紧！⏎一位女士在唱歌，⏎唱歌也不看啥场合！⏎苍蝇夫人看不惯，⏎飞到旅客近耳畔，⏎胡乱嗡嗡闹一通，⏎类似蠢事都干全。⏎马车艰难行驶总算到坡顶。⏎苍蝇立刻发指令：⏎“现在可以停一停。⏎我卖力气来效劳，⏎大家终于上平道。⏎诸位马先生，⏎也该给我好酬报！”⏎有道是：⏎有人就爱瞎掺和，⏎哪里有事少不得，⏎到处讨厌不自觉，⏎赶走了事少缠磨。,拉封丹寓言·李玉民译,
卖牛奶女和奶罐,,拉封丹,佩蕾特头顶牛奶罐，⏎奶罐底下还垫个垫，⏎一路进城不会出意外。⏎一身轻装大步走得快，⏎这天出门打扮要轻便，⏎穿平底鞋，衣裙也简单。⏎卖奶女这样装扮好，⏎心中也早有如意算：⏎一罐牛奶能卖多少钱，⏎足能买下百来个鸡蛋，⏎孵出三窝小鸡崽儿，⏎小鸡要精心来照管。⏎她自言自语暗合计：⏎“房前屋后养鸡也容易，⏎狡猾狐狸偷鸡有能耐，⏎总能留几只够买小猪崽。⏎养猪也费不了多少料，⏎就能养成大猪上肥膘；⏎等猪长得个头差不多，⏎出手拿到现钱就说好。⏎牛棚添头奶牛和牛犊，⏎价钱合适谁能说不可。⏎牛犊钻进牲口群里边，⏎蹦蹦跳跳招人多喜欢？”⏎佩蕾特想到这里兴冲冲，⏎手舞足蹈得意忘了形。⏎奶罐摔下去：牛犊、奶牛、⏎猪、几窝鸡，转眼化乌有！⏎财产的女主人多懊丧，⏎眼看自己财富泡了汤。⏎回家要跟丈夫说清楚，⏎十有八九要挨一顿揍。⏎这则寓言闹剧已写成，⏎《牛奶罐》也正是闹剧名。⏎哪个头脑不浮想联翩？⏎谁人不建造梦幻宫殿？⏎皮克罗肖、皮洛士、卖奶女、⏎智者狂人，无不同此理！⏎人人做白日梦，无比温馨：⏎痴心妄想掳走我们的魂；⏎世间所有财富、所有荣耀、⏎所有女人，全归属我们。⏎独处时，胆敢挑战最勇者，⏎想象能把波斯王拉下位；⏎推举我为王，受万民爱戴，⏎王冠如雨朝头顶落下来。⏎什么意外将我打回原貌？⏎原来我是老帽还是老帽。,拉封丹寓言·李玉民译,
追求好运的人和在床上等待好运的人,,拉封丹,哪个人不追求好运？⏎我倒愿意凭高搜寻，⏎观望忠实的追求者，⏎那些营营的众生，⏎无不在捕风捉影，⏎跑遍了一个个王国，⏎徒然寻找总落空，⏎这命运之女行无踪。⏎他们一旦接近好时机，⏎无常女神转瞬便消失，⏎丢下他们渴望无人理。⏎真可怜啊！我同情他们，⏎对于痴迷不悟的人，⏎怜悯总要多于气愤。⏎“此人当上教皇！”他们说，⏎“原先他在菜地里干活！⏎我们比他也差不多！”⏎比他强百倍又如何？⏎你们的才能有什么用？⏎难道命运女神没眼睛？⏎教皇职位就那么重要，⏎自己的情趣便可舍掉？⏎休闲，休闲多么宝贵，⏎从前人神共享的实惠！⏎如今这种享受很特殊，⏎女神难得会留给施主。⏎决不要追寻这位女神，⏎她会主动登门去找您：⏎这是她那性别的因循。⏎两位好友住在镇上，⏎他们俩都薄有家产。⏎其中一个不满现状，⏎总渴望女神的恩典。⏎有一天他对朋友说：⏎“咱们离开这里如何？⏎你了解本乡无先知，⏎要出去闯荡碰运气。”⏎“你去闯荡吧，”朋友回答，⏎“至于我，不求什么福地，⏎也不去撞更好的运气。⏎你不安分，就率性去做，⏎肯定很快回到这个窝。⏎但愿你能够如愿以偿，⏎我就安睡等着你还乡。”⏎野心，可以说财迷心窍，⏎他日夜赶路也歇脚；⏎第二天到达一个地方，⏎正是王公聚集的殿堂，⏎想必古怪女神常来往。⏎于是他就选定地点，⏎决意逗留一段时间，⏎每天国王就寝和晨起，⏎就有机会随群臣晋见，⏎能拿出全身解数去表现。⏎每天接近都千载难逢，⏎到头来他却一事无成。⏎心中暗想：“怎么会这样？⏎还得去别处求发祥。⏎女神明明住在这里面，⏎每天出入我都看得见，⏎光顾这里又光顾那里，⏎为何我就不能沾点边？⏎命运女神既然很任性，⏎我来接待怎么会无缘？⏎怪不得早有人告诉我，⏎这里人有谁野心勃勃，⏎再怎么善于阿谀奉承，⏎也并不能获得赏格。⏎别了，各位王公大臣，⏎各位王公大臣，别了！⏎一个幻影得你们欢心，⏎那就死心塌地去追寻。⏎据说苏拉特那有神庙，⏎神庙供奉着命运女神，⏎不妨去那里碰碰命运。”⏎说干就干，当天就登船。⏎世人啊，心肠铜铸一般，⏎而这个不畏艰险的人，⏎那颗心肯定是金刚钻。⏎头一个敢于漂洋过海，⏎敢于挑战无际的深渊！⏎他在大海航行期间，⏎多少次翘首眺望家园，⏎遭遇海盗，狂风巨浪，⏎又有岩礁，风静而垂帆，⏎经历多少艰难险阻，⏎闯过一道道鬼门关。⏎他千辛万苦寻找女神，⏎不远千里到异国海岸，⏎殊不知安稳守在家中，⏎早就与命运女神相见。⏎终于到达莫卧儿帝国，⏎又听说日本别有洞天，⏎女神在那里广施恩典。⏎于是他又赶往那个国度，⏎讵料大海厌倦风不便。⏎他漂洋过海这样折腾，⏎仅收获这样一条教训：⏎“顺从自然守家园。”⏎这是原始初民的经验。⏎到莫卧儿还是去日本，⏎徒然追寻未得见女神，⏎到头来他也得出结论，⏎万万不该离开自家村。⏎他不再奔波乱闯荡，⏎浪子回头终于返家乡，⏎远远望见他那老屋，⏎高兴得涕泪沾衣裳，⏎连说：“在家生活多幸福，⏎全部经营自给又自足！⏎只听听人说什么朝廷、⏎大海，以及你的仙境；⏎命运女神！你让荣华富贵，⏎从外面眼前如烟飘飞，⏎引人追寻到天涯海角，⏎而现实不见少许折兑。⏎从此不折腾，会好百倍！”⏎他思前想后这样合算，⏎针对女神做出这决断，⏎忽见他朋友睡梦正酣，⏎命运女神在门前相伴。,拉封丹寓言·李玉民译,
两只公鸡,,拉封丹,两只公鸡相安无事，⏎忽然出现一只母鸡，⏎随即就战火连天，⏎爱神哟，你毁了特洛伊！⏎正是你挑起祸端，⏎这场争执愈演愈烈，⏎连天神也血流成河，⏎染红了克桑西河。⏎两只公鸡持久战，⏎不分胜负战犹酣。⏎这消息传遍四周，⏎母鸡纷纷跑来观看。⏎多少羽毛亮丽的海伦，⏎情愿以身做战利品，⏎战败者便逃逸隐身，⏎为丧失荣誉和爱而痛心。⏎对手战败他扬扬得意，⏎眼看占有他爱的母鸡。⏎败将天天见到那家伙，⏎心又点燃仇恨和勇气。⏎他不断磨砺自己的喙，⏎不断地拍胸鼓翅欲飞，⏎还总要迎风训练本领，⏎以发狂嫉妒武装自己。⏎他不必这样处心积虑。⏎那个获胜者跳上房顶，⏎又在高唱自己的胜利，⏎一只老鹰听见鸣声，⏎就作别了荣耀和爱情！⏎在一只老鹰的利爪下，⏎这样神气活现必丧命。⏎总之，命运又一个轮回，⏎情敌得以重返母鸡群，⏎战败者回来卖弄风情。⏎身边这么多妻妾簇拥，⏎可以想见那咯咯叫声。⏎命运女神就是喜怒无常，⏎胜者太嚣张自取灭亡。⏎胜利果实要小心呵护，⏎当心命运的若疯若狂。,拉封丹寓言·李玉民译,
人忘恩负义并对命运女神的不公,,拉封丹,一名商人从事海外贸易，⏎发了大财还真有运气：⏎几度出海战胜风暴、⏎深渊、浅滩、礁石，⏎都没有造成损失，⏎保住了全部货包，⏎幸运之神给予关照。⏎他的同行就都不这么幸运，⏎厄运女神和海神，⏎无不要耍耍威风。⏎而我们这位商人则不同，⏎有幸运女神护佑，⏎货船平安抵达港口。⏎经纪人、合伙人，⏎对他无不忠心耿耿。⏎烟草、蔗糖、肉桂，⏎想卖什么货物都成，⏎还有陶瓷奢侈品，⏎高消费大赚金银。⏎总之，生意兴隆，⏎真可谓财源滚滚。⏎在他府上谈论买卖，⏎必以大额金币为单位。⏎此人还豢养狗群，⏎有许多车子和马匹，⏎吃斋日也像办婚礼。⏎一位朋友见他太奢侈，⏎便问：“你何以成功，⏎便餐还如此丰盛？”⏎“问我何以成功？⏎还不是靠本领？⏎我完全靠自己，⏎靠自己苦心经营，⏎风险能掌握分寸，⏎投钱也投得很准。”⏎他赚钱似乎是件轻松的事，⏎赚了钱再风险投资多获利。⏎然而这趟生意一点不如愿，⏎怪他自己大意失算：⏎只因设备太简陋，⏎风浪打沉一条船；⏎另一条船没武装，⏎成为海盗的盘中餐；⏎第三条船驶到港，⏎生意经销却惨淡，⏎奢侈品与高消费，⏎也都大大不如前。⏎最后又雪上加霜，⏎受了代理商的欺骗。⏎而他还大肆挥霍，⏎天天都大摆酒宴，⏎寻欢作乐，大兴土木，⏎一下子变成穷光蛋。⏎他那朋友见他穷困潦倒，⏎便问道：“为何这样灾变？”⏎“唉！还不是怪命运女神！”⏎朋友说：“您大可不必伤心，⏎假如女神不让你走运，⏎您至少可做个明智的人。”⏎这劝告不知他能否听得进，⏎不过我知道人若是走运，⏎总认为自己有多么高明；⏎而我们的失误若导致失败，⏎那就对命运女神谩骂嘲讽。⏎在世人看来，不是一个标准：⏎发财，是我们之功，⏎倒霉，就怪命运。⏎自己总是有道理，⏎命运总荒谬绝伦。,拉封丹寓言·李玉民译,
猫、黄鼠狼与小兔,,拉封丹,话说一天早晨，⏎小兔子出了门，⏎黄鼠狼占了兔窝，⏎这招儿还狂狠。⏎趁着主人不在家，⏎抢占兔窝很容易，⏎明目张胆搬进去。⏎小兔出门去迎曙光，⏎穿越朝露百里香。⏎芬芳嫩草吃个饱，⏎饱餐再撒一阵欢；⏎雅诺兔算玩够了，⏎这才想到把家还。⏎回到自家地洞口，⏎忽见那只黄鼠狼，⏎正贴窗户往外看。⏎“我的护家神哟，⏎我看到家里有什么？”⏎逐出祖屋的兔子说，⏎“好家伙，黄鼠狼太太，⏎还不乖乖快离开！⏎要不我可不客气，⏎当地老鼠全叫来！”⏎尖鼻太太便回答：⏎谁先占地儿归谁家。⏎这个住所不像样，⏎她要进来还得爬，⏎正好借口打一架！⏎强词夺理舌如簧：⏎“纵然这里是王国，⏎要看法律怎么说；⏎凭啥兔爷传兔爹，⏎兔爹再传兔雅诺，⏎为啥不能传保罗，⏎为啥不能传给我！”⏎这是传统习惯法，⏎小兔当即就反驳：⏎“法律明确有规定，⏎我是这房子的主人，⏎父亲必须传儿子，⏎皮埃尔一定传西蒙，⏎接着由我来继承。⏎谁先占有算谁的，⏎这种法律更合理？”⏎“再吵下去没意思，”⏎黄太太说，“何不去找⏎肥猫大法官评评理。”⏎猫先生深居又简出，⏎好似虔修的隐士：⏎身穿漂亮的猫皮袍，⏎又肥又胖，是猫中圣贤，⏎什么案件都能断。⏎雅诺兔同意猫断案。⏎争执双方一道去，⏎见到肥猫大法官。⏎神爪阁下便说道：⏎“孩子们，请往前靠，⏎往前靠，我耳朵背，⏎岁月到底催人老。”⏎两个丝毫无防备，⏎走上前去要答对；⏎走到老猫利爪下，⏎两只利爪同时抓，⏎促使双方达一致，⏎同意嚼碎当猫食。⏎诸侯纷争同此案，⏎国王调停必遭殃。,拉封丹寓言·李玉民译,
蛇头与蛇尾,,拉封丹,蛇有两个部位，⏎专同人类作对：⏎正是蛇头与蛇尾。⏎头尾那么有名，⏎全赖命运女神，⏎为此曾激烈纷争，⏎首尾各不相让，⏎究竟谁应领先。⏎头一直走在前面，⏎蛇尾便向天喊冤：⏎“头这么独断专行，⏎我爬了多少里程，⏎我成了她的奴隶，⏎难道总让我顺从？⏎我要感谢上帝，⏎生来是她妹妹，⏎而不是她的奴婢。⏎我们俩同一血统，⏎对待我们要平等，⏎我们有同样毒性，⏎剧毒瞬间要人命。⏎总之我要换换位，⏎由您老天下命令：⏎现在我该走在前，⏎蛇头姐姐跟后面，⏎我一定能带好路，⏎让她丝毫无怨言。”⏎老天发狠遂她愿，⏎好心往往办坏事，⏎盲目愿望不该管。⏎老天这次太随便。⏎蛇尾领路当向导，⏎瞎子白天看不见，⏎走投无路团团转；⏎忽而撞到大石头，⏎忽而撞到大树干，⏎忽而撞到行路人；⏎曲折爬向冥河边，⏎径直投河下深渊。⏎蛇尾误导果可鉴！,拉封丹寓言·李玉民译,
月球上的动物,,拉封丹,一位哲人断言，⏎人总受感觉欺骗；⏎另一位则坚信，⏎感觉从来不骗人。⏎双方都有道理。⏎说感觉骗人，⏎哲学道出事实：⏎人仅以感觉为准，⏎就要得出结论。⏎不过，如能根据⏎观察对象的距离，⏎周围的环境，⏎感官和观察仪器，⏎校对事物的表象，⏎这种感觉还有准，⏎不会欺骗任何人。⏎自然造化之功，⏎万物有序运行。⏎这种天经地义，⏎可望有朝一日，⏎我会充分论证。⏎从地球观察太阳，⏎太阳是何形象？⏎那么庞大的星体，⏎也不过三尺周长。⏎如果飞升太空，⏎再看自然的眼睛，⏎从距离判断体积，⏎通过三角法，⏎用手掌就能量定。⏎无知者以为⏎太阳是平面，⏎而我说是球形。⏎我断定太阳不动，⏎地球不停地运行。⏎总之，观察太阳，⏎我不相信自己眼睛。⏎我绝不会迷惘⏎视觉的幻景。⏎无论什么情况，⏎我的思想总要探寻⏎表面掩盖的真相。⏎我绝不聪明，⏎眼睛未免太机灵，⏎耳朵又太迟钝。⏎直棍入水打弯，⏎理性就予以校正：⏎主心骨是理性。⏎我这双眼睛，⏎有理性帮忙，⏎虽然总对我说谎，⏎却从不把我蒙骗。⏎所谓眼见为实，⏎这谬误相当普遍。⏎月轮上有女人头像？⏎果真有张女人脸？⏎其实不然。⏎那又何以得见？⏎那是月亮表面凹凹凸凸，⏎远望产生的效果。⏎月亮并不平展如镜面：⏎既有起伏的山峦，⏎又有坦缓的平川，⏎光和影交错，⏎往往就勾勒出⏎人形、牛状、大象。⏎从前在英格兰，⏎就望见类似的影像：⏎对着望远镜观赏⏎那颗极美的月亮，⏎又发现一只动物，⏎人人都欢叫惊叹！⏎于是议论纷纷，⏎月球发生了异变，⏎想必预示重大事件。⏎列强之间的纷争，⏎难说不是异象的反映？⏎国王也匆忙莅临，⏎赞赏这样的天文，⏎亲眼看到月上的精灵：⏎原来是只小老鼠，⏎钻进天文望远镜。⏎一只望远镜里⏎隐藏着战争的起因！⏎这件事成为笑谈。⏎多幸福的人民！⏎什么时候法国人⏎也能够像你们⏎完全投身这种营生？⏎战神特别照应，⏎让我们丰收战功：⏎正是我们的敌人，⏎最害怕战争；⏎正是我们法国人⏎总想开启战衅，⏎确信胜利女神。⏎路易王的情人，⏎到处都形影相随；⏎一顶顶胜利桂冠，⏎将使我们青史留名。⏎甚至缪斯女神，⏎也从未离开我们；⏎我们尝到了甜头。⏎和平是我们愿望，⏎绝非我们渴求。⏎英王查理会享太平，⏎即使在战争中，⏎也善于展现英勇，⏎带领着英国，⏎投入这种游乐，⏎正如今天所见，⏎那里休闲的场面。⏎不过，他若能平息争端，⏎那就烧高香！⏎还有什么举动，⏎更配他的英名？⏎奥古斯都的业绩，⏎比起第一代恺撒的丰功，⏎难道就那么逊色？⏎啊，万分幸运的人民！⏎和平何时光临，⏎我们也能像你们⏎全身心投入艺术的创新！,拉封丹寓言·李玉民译,
死神与垂死者,,拉封丹,死神绝难突袭智者：⏎智者时刻有所准备，⏎善于早早警示自己，⏎何时应该告别人世。⏎告别人世的时刻哟！⏎总括包揽全部时光：⏎哪管分成每天每时、⏎每分每秒、每一俯仰，⏎一瞬一息不能逃离，⏎无一不与死神共享，⏎无不纳入死神领域。⏎王子诞生睁眼见光，⏎这一时刻有时紧随，⏎永久合上眼的时刻，⏎无论你多么高贵，⏎无论你多么留恋，⏎青春貌美高尚品德；⏎死神绝不留情面，⏎到时候就夺走一切。⏎有朝一日，整个世界⏎要向死神交出财富，⏎这种规律尽人皆知，⏎既然说就和盘托出，⏎准备充裕莫过于死。⏎百岁老人气息奄奄，⏎不住声向死神抱怨，⏎怪死神来得太匆匆，⏎催逼他马上离人间，⏎事先也该提个醒，⏎容他写好留遗言：⏎“怎么能说死就突然死？⏎稍稍等等好打理：⏎老伴不愿我单独走，⏎把她一个人丢后头；⏎还有个侄孙要养活；⏎再容我房屋得拾掇，⏎新建一翼扩一扩。⏎女神哟您太无情，⏎何必这样来催命！”⏎“老人哟，”死神答道，⏎“我来找你绝不突然，⏎怪我催命无端抱怨。⏎你不是有百年时间？⏎如此高寿者，在巴黎⏎可能找到第二个，⏎在法国找出十个？⏎照你说，我早该通知，⏎好让你安排后事。⏎其实遗嘱早该写完，⏎侄孙生活有保障，⏎房子也该修完善。⏎想想看，你行走活动，⏎已经感到有些不便，⏎精神委顿，感觉迟钝，⏎全身何时疲惫不堪？⏎吃饭再也没胃口，⏎听力也开始退减，⏎什么事都模糊一片，⏎太阳每天升起落下，⏎对你似乎已无关，⏎凡此种种感觉变化，⏎不正预示临近暮年？⏎财富已成身外之物，⏎你内心不免遗憾。⏎我已经让你看见，⏎你的伙伴都死的死，⏎病的病，苟延残喘，⏎要说起来这一切，⏎不是警告又是什么？⏎好了，老者，别再啰唆！⏎就算你没写遗嘱，⏎也误不了共和国。”⏎死神说得有理，⏎到了这把年纪，⏎离世如同离宴席，⏎谢过主人，打好行装，⏎能多少次延迟行期？⏎老人家，你还嘟囔？⏎瞧瞧年轻人去送死，⏎他们行进，奔向死亡，⏎死得的确光荣壮烈，⏎但是必死无疑，⏎有时还非常惨烈。⏎我白白向你呼喊，⏎我的热忱也不谨慎。⏎临终最感到遗憾，⏎也就最像那些死人。,拉封丹寓言·李玉民译,
修鞋匠和银行家,,拉封丹,修鞋匠从早唱到晚：⏎听他唱歌妙不可言，⏎看他样子更是奇观；⏎他一展歌喉随意唱来，⏎欢快劲头胜过七贤。⏎他的邻居恰恰相反，⏎虽然拥有万贯家财，⏎开口唱歌极为少见，⏎更多的却是失眠。⏎此人是个银行家，⏎有时失眠到天明，⏎蒙蒙眬眬刚入梦，⏎修鞋匠就唱起歌，⏎把这位邻居吵醒。⏎银行家便抱怨老天：⏎市场上卖吃喝物品，⏎为什么不能卖睡眠。⏎于是请邻居到公馆，⏎询问这位唱歌人：⏎“请问，格雷古瓦先生，⏎一年您挣多少钱？”⏎“一年？老实说，先生，”⏎修鞋匠笑呵呵答道，⏎语调轻快带点调侃，⏎“收入我可不这么算，⏎挣多少就算多少，⏎并不一天天想攒钱，⏎一年到头饿不着，⏎每天都能吃面包。”⏎“那好，请您告诉我，⏎一天能够挣多少？”⏎“有时候多，有时候少，⏎一年收入能不错；⏎节日放假最糟糕：⏎节假日里不干活，⏎一个铜板也挣不着。⏎放一天假误一天，⏎神父先生还没个完，⏎不断推出新圣人，⏎规定节日做纪念。”⏎银行家笑他太天真：⏎“让您一步登上天，⏎今天给您大笔钱，⏎一百金币保管好，⏎急用时候能解难。”⏎修鞋匠以为发大财，⏎人间创富百余年，⏎用度不过这些钱。⏎回到家里忙安排，⏎要把金钱藏起来，⏎连同快乐埋地窖；⏎从此失声口不开，⏎不再唱歌乐开怀，⏎只因财富用不了，⏎生活不再费辛劳。⏎睡眠从此离家去，⏎忧虑进驻成伴侣，⏎终日疑神又疑鬼，⏎草木皆兵空惶遽。⏎白天总是睁大眼，⏎夜晚更要心胆寒，⏎如果猫来有动静，⏎一定是要去偷钱。⏎这样生活太可怜，⏎最终跑去找邻居，⏎邻居好睡唤醒难。⏎一见阔佬便说道：⏎“还我歌声和睡眠，⏎这一百金币我不要！”,拉封丹寓言·李玉民译,
狮子、狼和狐狸,,拉封丹,狮子衰老，又患痛风，⏎这样下去实在不行，⏎他要人去寻找⏎医治衰老的良药。⏎君王的旨谕，⏎谁敢说不字，⏎那就是大逆不道。⏎各个种类的医生，⏎各种医术的传承，⏎应召从四面八方，⏎纷纷来见狮王；⏎掌握秘方的药师，⏎也都到朝廷聚齐。⏎大家都来问诊，⏎唯独狐狸按兵不动，⏎躲在家中不出门。⏎老狼正好晋见，⏎来到狮王病榻前，⏎趁着同行不在，⏎便向狮王进谗言。⏎君王当即下令，⏎去狐狸家用烟熏，⏎必须押来见朕。⏎狐狸前来见大王，⏎知道中伤是老狼，⏎“陛下，”狐狸说道，⏎“恐怕失实乱举报，⏎硬要给我加罪名，⏎迟迟不肯来上朝。⏎其实我正去朝圣，⏎为了陛下长健康，⏎我许一个大心愿。⏎朝圣路上还遇见⏎一些专家和学者，⏎问他们陛下体衰弱，⏎理应担心有后果：⏎您仅仅是缺热力，⏎年复一年当摧毁。⏎大补热气有奇招，⏎活剥狼皮做皮袄，⏎马上披到您身上，⏎热乎血气疗效好。⏎这个秘方正对症，⏎专治体虚防衰老。⏎狼先生肯定愿效劳，⏎献上狼皮当睡袍。”⏎狮王接纳这建议，⏎当场将狼剥了皮，⏎大卸八块摆成席，⏎披上狼皮吃野味，⏎君王心下极满意。⏎奉劝朝臣先生们，⏎相互摧残该休止；⏎歌功颂德尽可做，⏎彼此损害要不得。⏎损人往往自作恶，⏎弄巧成拙失更多。⏎诬陷诽谤反作用，⏎反弹过来自受用：⏎诸位毕竟是同行，⏎彼此过节不轻饶。,拉封丹寓言·李玉民译,
女人和秘密,,拉封丹,没什么比秘密还紧要，⏎要女人保密也难做到；⏎我甚至知道在这方面，⏎许多男人也强不了多少。⏎丈夫在妻子身边，⏎一天夜晚想要考验，⏎忽然惊叫呼喊：⏎“天啊！怎么回事？⏎我疼得厉害！⏎肚子要裂开！⏎怎么？我下了个蛋！”⏎“你下了个蛋？”⏎“对，这不是嘛！⏎刚下的新鲜蛋！⏎千万可别讲出去，⏎人家会称我母鸡！⏎反正跟谁也别提。”⏎妻子年轻见识少，⏎这事更觉太奇妙，⏎信以为真下保证，⏎指天发誓口封牢。⏎谁知夜晚刚发誓，⏎天色一亮便忘记。⏎妻子轻率缺心眼，⏎一见天亮便起床，⏎跑去邻家见婆娘！⏎“大姐呀！”她说道，⏎“我家出了大怪事，⏎千万别向外人道，⏎让我挨揍多不好！⏎老公下了一个蛋，⏎四个鸡蛋也不换。⏎这可是个大秘密，⏎看在上帝面，⏎千万千万别外传。”⏎邻家大姐当即说：⏎“你就这么小瞧我？⏎你还不知我为人，⏎好了，千万别担心。”⏎生蛋者之妻回家转，⏎邻家嫂可不得闲，⏎消息火速往外传。⏎一连传了十几家，⏎下一个蛋说成仨。⏎事情到此不算完，⏎另一个婆娘有创见，⏎凑近耳旁悄悄说，⏎一次生了四个蛋。⏎这样小心已多余，⏎秘密不复为秘密。⏎信息女神满天飞，⏎生蛋数增多少倍，⏎口口相传往上添，⏎太阳未落天没黑，⏎蛋数已超百余枚。,拉封丹寓言·李玉民译,
狗脖子挂主人的晚餐,,拉封丹,我们的双眼，⏎经不住美人的考验；⏎我们的双手，⏎也经不住黄金的诱惑。⏎看守财富的人，⏎很少不动贪心，⏎见财不起意，⏎恐怕天下也难寻。⏎狗脖子上挂着小篮，⏎给主人往家送饭。⏎看着眼下的美餐，⏎难免不有点嘴馋。⏎这也情有可原；⏎接近财富会受诱惑，⏎人人都难幸免。⏎说来也是怪事，⏎要教会狗隐忍，⏎却不能教人克制。⏎这条狗挎着饭篮，⏎路遇一条看门狗，⏎要抢他的晚餐。⏎打劫者想马上得手，⏎但是未能如愿。⏎为了更好地守护，⏎送餐者放下饭篮，⏎减轻了负担。⏎一场大战，⏎招来一群野狗，⏎都是吃社会的好汉，⏎不怕挨几下老拳。⏎送餐狗眼看众寡悬殊，⏎这肉食面临危险，⏎只想要自己一份，⏎要保全显然太难。⏎他还很识时务，⏎当即对群狗说：⏎“先生们，不要动怒，⏎大家都来分享，⏎我有一份就满足。”⏎说着他率先咬一口，⏎众狗一哄而抢，⏎无不争先恐后。⏎看家狗、无赖狗，⏎都参加盛宴，⏎白吃还不用争斗。⏎这故事引我遐想⏎一座城市的形象：⏎有人公款消费，⏎公款成自家钱箱。⏎市政长官、税务官，⏎无不伸手沾光，⏎最油滑干练者，⏎给别人做出榜样。⏎看他们鲸吞金钱，⏎还真是一种消遣。⏎如有人谨小慎微，⏎要以无聊的理由，⏎企图保护公款，⏎稍微表示反对，⏎马上就被人说成傻蛋。⏎他不难开始向钱看，⏎很快就伸手头一个贪。,拉封丹寓言·李玉民译,
笑星和鱼,,拉封丹,有人追笑星，⏎我却总躲避。⏎笑的艺术，⏎笑傲一切，⏎就要一枝独秀。⏎上帝只为蠢货，⏎创造了毒舌，⏎妙语惊四座。⏎我用一则寓言诗，⏎也许能戏说，⏎这样一条毒舌，⏎也许会有人觉得⏎我戏说得不错。⏎一名笑星出席⏎一位银行家的盛宴，⏎他的座位有点偏，⏎眼前只有小鱼，⏎大鱼摆得很远。⏎笑星拿起小鱼，⏎对着鱼耳交谈，⏎再佯装调换，⏎倾听鱼儿回答。⏎宾客都十分惊诧，⏎纳罕搞什么戏法。⏎笑星一本正经，⏎说他惦念一位友人：⏎朋友去了美洲，⏎说话已有一年，⏎别是遭遇海难；⏎便向小鱼打听，⏎鱼儿答说太年轻，⏎不了解那人的命运；⏎这事还得问大鱼，⏎大鱼才能说得清。⏎“先生们，能不能⏎拿过来一条大鱼，⏎好让我问一问？”⏎若说这个笑谈，⏎博得宾客喜欢，⏎我看不然，⏎但是不管怎样，⏎众人还是捧场，⏎递给他一条鱼精。⏎鱼精辈长年尊，⏎能告诉他探险家⏎每人的姓名：⏎去陌生世界探险，⏎有去无一人生还。⏎海洋帝国的前贤，⏎这一百年间，⏎眼看他们沉入深渊。,拉封丹寓言·李玉民译,
田鼠和牡蛎,,拉封丹,有只老鼠住在田间。⏎小脑袋缺根弦，⏎有一天在家里闷倦，⏎便离开田地、⏎谷粒和麦子，⏎抛下鼠洞家园，⏎到各地去游玩。⏎田鼠一出小洞⏎便连声赞叹：⏎“世界真大，这么广阔！⏎那是亚平宁山峦，⏎这高山是高加索！”⏎那么小的鼹鼠土包，⏎在他眼里都是高山。⏎田鼠走了好几天，⏎来到一个地方，⏎未见过的海边，⏎停泊几只战舰。⏎那是海洋女神⏎丢在海边的牡蛎，⏎我们的田鼠一见，⏎以为是大战船。⏎他又不由得感叹：⏎“真的，我父亲真可怜，⏎什么都怕得要命，⏎不敢出来旅行。⏎哪里像我，⏎一路忍饥挨饿，⏎穿越大沙漠，⏎见到了海洋帝国。”⏎他是听乡村教师⏎说过这些事，⏎现在到处乱讲。⏎他与啃书本的老鼠，⏎就是不一样：⏎那些老鼠啃出知识，⏎武装到牙齿。⏎牡蛎都门户紧闭，⏎只有一只开张，⏎冲太阳打呵欠，⏎和风中好舒坦，⏎真是呼吸欢畅，⏎心花怒放；⏎一看便知无比美味，⏎又白又肥胖。⏎那只牡蛎打呵欠，⏎田鼠老远望见，⏎便又发感叹：⏎“我望见了什么？⏎是一顿美餐！⏎如果没看走眼，⏎单从那色泽，⏎我就能断定，⏎今天千载难逢，⏎我要饱餐一顿。”⏎老鼠先生越想越美，⏎靠近那牡蛎，⏎脑袋稍微探进去，⏎觉得一下子被钳住，⏎只因蛎壳突然关闭，⏎这就是无知自找死。⏎这则寓言有多种教益，⏎首先我们从中领会，⏎越是不谙世事少经验，⏎越是少见多怪总惊叹；⏎我们还能从中⏎明白一个道理：⏎自以为得计，⏎偷鸡不成蚀把米。,拉封丹寓言·李玉民译,
老熊和园林老人,,拉封丹,山上有只老熊，⏎还有点野性，⏎由命运女神，⏎幽禁在寂寞山林。⏎昔日英雄，⏎人称飞来如风，⏎日暮途穷，⏎如今孤苦伶仃。⏎老熊简直发了疯。⏎受囚禁的人，⏎通常难保理性。⏎说话固然好，⏎沉默就更妙，⏎可是两者都过火，⏎那就非常糟。⏎熊住的那方圆，⏎动物都不敢沾边，⏎落个孤家寡人，⏎老熊不免心烦，⏎这种生活太凄惨。⏎老熊正自忧伤，⏎离那儿不远，⏎有一位老人，⏎同样感到闷倦。⏎老人喜爱园艺，⏎是花神福罗拉，⏎也是果神波莫那⏎兼职的祭司。⏎这两种职务，⏎可以说是美善，⏎但很想有个好友，⏎温馨的情怀，⏎相伴而无妨碍。⏎草木话很少，⏎只在我这书中例外。⏎周围的伴侣，⏎终日默默无语，⏎这样的日子，⏎老人终于厌腻。⏎且说一天早晨，⏎老人便上路，⏎去寻找伴侣。⏎老熊来到山麓，⏎也抱着同样意图。⏎也是天缘凑巧，⏎在一处弯道，⏎人与熊撞个正着。⏎老人心里发毛，⏎怎么又躲得了？⏎不躲又怎么着？⏎遇到类似情况，⏎学学加斯科涅人，⏎也许是高招。⏎于是他便掩饰⏎畏惧的神色。⏎老熊可不懂礼貌，⏎劈头就问道：⏎“你是来看我的？”⏎“老爷，您看到了寒舍，⏎您能否赏脸，⏎到舍下吃顿便饭？⏎我有牛奶、水果，⏎也许不是熊老爷⏎平日的吃喝。⏎不过我有什么，⏎就拿什么待客。”⏎老熊接受邀请，⏎主客相伴而行。⏎路上话机相投，⏎未到家就成好友。⏎到了家相处欢洽，⏎尽管表面上观察，⏎独自生活更好，⏎身边别有傻瓜。⏎老人不声不响，⏎终日侍草弄花；⏎老熊一天到晚，⏎说不上两句话。⏎他要外出捕猎，⏎捕到猎物带回家。⏎在家主要营生，⏎保证好友睡觉清静，⏎从脸上赶走，⏎能飞的寄生虫，⏎也就是用心赶走，⏎我们所说的苍蝇。⏎且说有一天，⏎老人睡梦正酣，⏎一只苍蝇落到鼻尖，⏎老熊怎么也赶不走，⏎急得他团团转，⏎便狠狠地诅咒：⏎“看我怎么打死你，⏎让你尸首也不留！”⏎这位忠实的朋友，⏎说下手就下手，⏎操起一块铺路石，⏎照准生生砸下去，⏎苍蝇砸个稀巴烂，⏎老人脑袋也砸扁。⏎看得准正砸着，⏎想得好效果糟。⏎老人还在原地，⏎睡觉变成挺尸。⏎无知的朋友最危险；⏎聪明的敌人倒好办。,拉封丹寓言·李玉民译,
肥猪、山羊与绵羊,,拉封丹,一只山羊、一头绵羊，⏎和一头肥猪一起，⏎同在一辆大车上，⏎大车疾驶去赶集。⏎送他们到集市，⏎不是让他们看热闹，⏎而是要把他们卖掉。⏎故事就是这样说的。⏎车老板去赶集，⏎没有那份心思，⏎送他们去看戏，⏎看塔巴兰笑剧。⏎猪先生一路嚎叫，⏎好像有上百屠夫⏎跟在后面追跑。⏎猪嚎叫之声，⏎真可谓震耳欲聋。⏎两只羊非常温顺，⏎守本分的老实人，⏎实在不摸头，⏎还能这样呼救。⏎这没什么不好，⏎毫不心惊肉跳。⏎车老板对猪说道：⏎“你干吗拼命抱怨？⏎简直闹翻天，⏎大家什么都听不见。⏎还不闭上臭嘴？⏎瞧瞧这两位，⏎就比你知趣；⏎该让他们教给你，⏎如何为人处事，⏎至少如何闭嘴。⏎你瞧这绵羊，⏎他可讲片言只语？⏎他多么明智。”⏎“他是傻瓜蛋！”⏎猪截口说，⏎“自己就要完蛋，⏎他要是知道，⏎也会像我这样喊，⏎扯着脖子高喊。⏎还有另一位，⏎所谓正人君子，⏎他会拼命喊，⏎声音高得出奇。⏎他们还以为，⏎仅仅要去掉⏎身上的多余：⏎绵羊剪去厚毛，⏎山羊挤出奶汁。⏎我不知道，⏎这样想可有道理，⏎不过我这块料，⏎只配宰了当肉食，⏎我是死定了。⏎别了，我的猪舍！”⏎猪先生很精明，⏎讲得头头是道，⏎可是有什么用？⏎照他说死定了，⏎命运已经注定，⏎无论缩头缩脑，⏎还是怨天尤人，⏎都改变不了丝毫。⏎最没有远见，⏎总是顺其自然。,拉封丹寓言·李玉民译,
狮王后的葬礼,,拉封丹,狮王后驾崩，⏎举国都哀痛。⏎百兽来奔丧，⏎阿谀劝君王。⏎臣下尽臣职，⏎狮王更伤悲。⏎诏告全天下，⏎葬礼定何日，⏎举办在何地。⏎廷臣总安排，⏎礼宾轮座次，⏎清点全到齐。⏎狮王放悲声，⏎洞窟如雷鸣。⏎狮族无他殿，⏎悲声即命令；⏎廷臣齐效法，⏎哀号震洞顶。⏎如若下定义，⏎这便是朝廷；⏎一地人相聚，⏎悲喜总趋同：⏎各怀各鬼胎，⏎趋同是正经；⏎只为悦君王，⏎哪怕要违心，⏎至少装装样；⏎一群变色龙，⏎一群猴子精，⏎唯主子是从。⏎可谓一意志，⏎操纵千万众，⏎人成机械偶，⏎全凭绳操纵。⏎话回本故事，⏎鹿绝不肯哭：⏎狮后极凶残，⏎杀他妻与子，⏎既死报了仇，⏎哭从何谈起？⏎鹿既不肯哭，⏎便有进谗道，⏎硬说见他笑。⏎所罗门有训，⏎王怒极残暴，⏎狮王尤为甚。⏎有训不知晓？⏎鹿未读过经。⏎狮王便怒道：⏎“好个林中鹿，⏎众哭你敢笑！⏎渎圣实贱体，⏎岂配动狮爪！⏎群狼上前来，⏎处死这叛贼，⏎为狮后报仇，⏎亡灵得安慰。”⏎雄鹿便回奏：⏎“陛下请息怒，⏎哭灵期已过，⏎悲痛又何益。⏎王后眠花间，⏎适才曾显现。⏎一见便认得，⏎王后对我说：⏎‘朋友须牢记，⏎出殡我升天，⏎千万别哭啼！⏎我赴神仙会，⏎品尝无穷趣，⏎谈笑又风生，⏎满座皆仙体。⏎乐见国王悲，⏎悲痛仅一时，⏎我心却窃喜。’”⏎话音还未落，⏎满堂欢声起：⏎王后成神仙，⏎奇迹真奇迹！⏎鹿未受惩罚，⏎反而得恩赐。⏎梦话虽荒唐，⏎博得王欢喜。⏎见王就吹捧，⏎谎言加蜜语：⏎国王再恼怒，⏎受用消怒气；⏎待你为上宾，⏎钓饵生效力。,拉封丹寓言·李玉民译,
毛驴和狗,,拉封丹,互助乃自然法则。⏎毛驴平时挺随和，⏎有一天不知犯啥病，⏎硬是不肯助人。⏎毛驴由狗陪伴，⏎走在乡野田间，⏎神态十分凝重，⏎其实毫无盘算。⏎后面跟着主人，⏎主人正在打盹。⏎经过一片草地，⏎毛驴吃草偷嘴，⏎鲜嫩倒合口味。⏎虽然没有蓟草，⏎这次也可将就。⏎嘴不能总那么刁，⏎尽管一桌宴席，⏎这道菜少不了。⏎总之毛驴好脾气，⏎这次也就不计较。⏎狗却饿得要死，⏎便对毛驴说道：⏎“亲爱的伙伴，⏎求求你，低低身子，⏎我也得吃饭，⏎面包篮里有吃的。”⏎这头优种毛驴，⏎丝毫也不答理，⏎唯恐耽误工夫，⏎少吃一口亏自己。⏎久久装聋作哑，⏎最后只好回答：⏎“朋友，劝你等等，⏎还是等主人睡醒，⏎主人一醒准给你，⏎给你每天的一份。⏎他不会让你久等。”⏎正说着，一条狼⏎忽然蹿出树林，⏎一只饿兽逼近。⏎毛驴立即呼狗，⏎招呼狗快来救。⏎狗在一旁观瞧，⏎一步不动答道：⏎“朋友，劝你先逃，⏎再等主人睡醒，⏎不会让你久等。⏎快点跑，快逃，⏎如果狼追上你，⏎你就尥蹶子，⏎将狼下巴踢掉。⏎信我的话没错，⏎你刚打的蹄铁，⏎准能把狼撂倒。”⏎这话说得真妙，⏎狼爷毫不客气，⏎咬死驴一顿大嚼。⏎结论无非一条：⏎互助绝不可少。,拉封丹寓言·李玉民译,
学识的优势,,拉封丹,话说从前一座城，⏎城中住着两市民，⏎见解不同总争论。⏎一个富有极无知，⏎一个贫穷有学问。⏎富人无知不打紧，⏎还要恃富欲争锋：⏎声称任何聪明人，⏎都得敬重大富翁。⏎这个人还真愚蠢，⏎枉有财富无德能，⏎凭啥要求人尊敬？⏎我看无理难苟同。⏎富人常对学者说：⏎“你自以为了不起，⏎可是朋友，你说说，⏎你能待客设宴席？⏎你这种人总读书，⏎读书又有啥用途？⏎住房总住阁楼顶，⏎冬衣穿到六月份，⏎仆人只有随身影。⏎国家何需这号人，⏎一年消费没几文！⏎我看富人有可为，⏎社会最需高消费，⏎一掷千金最可贵。”⏎富翁出言极不逊，⏎为富不仁遭报应。⏎学者此时不作声，⏎博识多才无须争。⏎讽刺诗篇嫌太轻，⏎为他雪耻有战争。⏎战争之神一发威，⏎富翁穷人家全毁，⏎逃离本城任颠沛。⏎无知富人失居所，⏎受尽白眼又奈何。⏎穷学者却吃得开，⏎所到之处受款待。⏎贫富之争终作结，⏎学识无知别纠葛。⏎愚人蠢话无所谓，⏎学识自比黄金贵。,拉封丹寓言·李玉民译,
猫和老鼠,,拉封丹,有四种动物，⏎品行很特殊：⏎奶酪神偷猫、⏎猫头鹰多愁鸟、⏎嗑物老鼠精、⏎黄鼠狼杨柳腰。⏎四个机灵鬼，⏎都干尽了坏事。⏎骚扰一棵老松树，⏎欺侮野松树干枯。⏎老树四周常出没，⏎一天晚上又相遇。⏎有人便张网，⏎猎捕坏东西。⏎神偷猫一大早，⏎外出要把猎物找，⏎只是夜色尚朦胧，⏎设置猎网没看清，⏎一头扎进去，⏎眼看就要丢老命。⏎老猫连声叫，⏎叫来耗子精。⏎一个气急败坏，⏎一个拍手称快：⏎只见他的死敌，⏎落入绳网里。⏎可怜的猫哀求：⏎“亲爱的朋友，⏎你对我的善意，⏎表现一贯如此：⏎我一时粗心，⏎掉进了陷阱，⏎来帮我出去，⏎助我一臂之力。⏎我一直关爱你，⏎像爱自己的眼珠，⏎在鼠类中间，⏎唯独爱你最突出。⏎这理所当然，⏎我无悔也无怨；⏎我要感谢神灵，⏎因而每天早晨，⏎我都为神祈祷，⏎无愧于虔诚猫。⏎这面网困住我，⏎命在你手中握：⏎过来咬断这绳结。”⏎老鼠接口说：⏎“我若那么做，⏎能得啥酬谢？”⏎“我与你结同盟，”⏎老猫当即下保证，⏎“永远做盟友，⏎我的利爪任你用，⏎你就放宽心：⏎有我保护你，⏎不必怕任何人，⏎黄鼠狼我照吃，⏎吃掉枭的丈夫，⏎这两个都恨你。”⏎老鼠说：“做梦！⏎要我当你的救星？⏎我还不是糊涂虫！”⏎老鼠说罢，⏎得意扬扬要回洞；⏎忽然发现黄鼠狼，⏎正巧就在洞口旁。⏎老鼠爬树往上行，⏎又见树上猫头鹰。⏎四面受敌太危险，⏎最急事要急着办。⏎嗑物鼠再回猫身边，⏎利齿便把网嗑断，⏎嗑断一环又一环，⏎给伪君子终解难。⏎这时恰好人出现，⏎新结盟友忙逃窜。⏎时间过了不太久，⏎猫鼠远远打照面。⏎老鼠依然很警惕⏎保持距离不靠前。⏎“喂！好兄弟，”猫便说，⏎“快点，过来拥抱我。⏎这样防范是侮辱，⏎你把盟友视为敌。⏎我这条命谁给的，⏎除了上帝就是你，⏎你还以为我忘记？”⏎老鼠接口说：⏎“就你这种本性，⏎你以为我会忘记？⏎有什么协议，⏎就迫使猫心怀感激？⏎谁敢放心依赖，⏎结盟这种权宜之计？”,拉封丹寓言·李玉民译,
湍流与深河,,拉封丹,一道湍流冲下高山，⏎轰鸣之声响彻云天。⏎一路散布着恐怖，⏎惊闻者无不逃窜；⏎旷野都随之震颤。⏎这是一道天堑，⏎旅行者不敢涉险。⏎有一人路遇强盗，⏎身处危险无处逃，⏎硬着头皮冲过急流，⏎滚滚浪涛把命保。⏎看似惊险水不深，⏎飞瀑喧响吓杀人。⏎此人一场虚惊，⏎成功逃离勇气增。⏎强盗见状跟着过，⏎一路穷追仍不舍。⏎前头又遇一条河，⏎静静水流如梦境，⏎一见不愁难渡过：⏎两边缓冲无陡岸，⏎净沙滩平又开阔。⏎此人骑马涉湍流，⏎再次入水欲过河。⏎躲过强盗凭坐骑，⏎难逃黑水沉渊底：⏎人马畅饮冥河水。⏎两个不善游泳者，⏎到了阴间磨难多，⏎比起生前人世来，⏎要过更多深水河。⏎悄无人声更险恶，⏎大叫大嚷好掌握。,拉封丹寓言·李玉民译,
狼与猎人,,拉封丹,从前他还能断案，⏎劝说争讼双方和解，⏎现在则不然，⏎他只是自话自说。⏎劳您驾，神医！⏎他那疯病无药可治！⏎对那些阿布德人，⏎希波克拉底半信半疑，⏎不妨去亲自验证。⏎我也请读者诸君，⏎看看这一生途中，⏎命运给人安排，⏎何等机缘和胜境。⏎希波克拉底到时，⏎所谓丧失理智的人，⏎正在潜心研究，⏎无论人还是动物，⏎理性在心还是头脑，⏎要弄清寓于何处。⏎这个德谟克里特，⏎独自坐在小溪边；⏎头顶浓浓的树荫，⏎脚下散放着书卷；⏎整个人心思专注，⏎在头脑的迷宫盘旋；⏎朋友已走到近前，⏎都几乎没有看见。⏎一思考就旁若无人，⏎这也是他的习惯。⏎朋友见面少寒暄，⏎这种场面可以想见。⏎深入探讨人和思想，⏎轻率的话抛到一边。⏎道德是谈话的落脚点。⏎双方都说些什么，⏎在此就无须赘述。⏎上文已足以表明，⏎人云亦云不足为凭。⏎我曾读过一句话，⏎说契论即上帝之声，⏎从什么意义上看，⏎这话还真实可信？⏎敛财狂魔，⏎眼睛无视⏎神灵的所有恩赐。⏎即使徒然，⏎也不间断，⏎我要在这部作品里，⏎多么狠狠地打击你！⏎你要用多长时间，⏎才能听进我的寓言，⏎终于醒悟而转变？⏎我的声音，⏎智者声音，⏎有人就是听不进，⏎永远也不会说：⏎“够了，享受生活！⏎抓紧吧，朋友！⏎一生来日无多！”⏎这话一再向你重复：⏎“享受吧，⏎胜过一部书。”⏎“我一定会享受生活。”⏎“要等到什么时候？”⏎“一到明天。”⏎“我的朋友！”⏎也许在中途，⏎死神就把你逮住。⏎从今天起，⏎就开始享受。⏎千万规避，⏎这则寓言里⏎猎人和狼这样悲剧。⏎猎人一箭射出，⏎射倒一只黄鹿；⏎又一只小鹿经过，⏎瞬间倒地，⏎做了黄鹿的伴侣。⏎草地上躺着两个猎物：⏎黄鹿和小鹿⏎算得上很可观的收获！⏎见好就收的猎手，⏎一定会感到心满意足。⏎不料一只巨兽，⏎趾高气扬⏎好大的个头儿，⏎正是一头野猪，⏎又吸引住我们的猎手，⏎要饱餐野猪肉。⏎冥河又添了一个居民，⏎手持大剪的命运女神，⏎颇为费难，⏎剪断这条生命线；⏎这只巨兽，⏎已经到了大限，⏎而死神反复数次，⏎总算让野猪就范。⏎遭此沉重打击，⏎猎物终于倒下去。⏎收获这么多。⏎可是，怎么！⏎什么也不能填满，⏎一个征服者的欲壑。⏎这边野猪正幽幽苏醒，⏎那边猎手又见只山鹑，⏎缓缓走在一条田垄。⏎比起其他三只大猎物，⏎小小山鹑微不足道：⏎多他不多，⏎少他不少！⏎然而猎手还是拉开弓，⏎恰巧这时野猪已还魂，⏎猛扑过去，⏎拼着最后气力，⏎撕裂肉身，⏎与仇敌同归于尽，⏎山鹑真是感激万分。⏎这段故事警示，⏎切勿贪得无厌；⏎故事的下段，⏎吝啬鬼要细看。⏎一条狼正在赶路，⏎见一场面惨不忍睹，⏎不由得连声欢呼：⏎“命运女神啊⏎我要为你修座庙！⏎发了横财！⏎四具尸体当道！⏎不过要节省，⏎这等好事难得遇到。”⏎（吝啬如此借口）⏎狼心中算计，⏎怎么也够吃一个月的：⏎“一、二、三、四，⏎四具尸体，⏎正好分成四个星期，⏎如果我算得不错，⏎每个星期都能足吃，⏎过两天开始。⏎先吃这弓弦，⏎肯定是肠衣做的，⏎闻味就觉得差不离。”⏎老狼说着就扑上去，⏎不料拉满弓上搭的箭，⏎正巧射穿老狼的肠子，⏎又添一具尸体。⏎我回到本题：⏎一定要享受生活。⏎这一对饕餮就不懂得，⏎两个落得同样结果：⏎贪心毁了一个，⏎一个死于吝啬。,拉封丹寓言·李玉民译,
雕刻家与朱庇特雕像,,拉封丹,一块大理石，⏎出奇的好料，⏎雕刻家买下来，⏎打算细刻精雕。⏎“究竟做什么好？”⏎他心中暗道，⏎“雕一尊神像，⏎还是桌案或石槽？⏎要雕成神像。⏎我甚至还想⏎让神像手握一根⏎霹雳闪电的权杖。⏎战抖吧，世人！⏎你们要许下愿望：⏎大地的主宰，⏎就挺立在大地上。”⏎好个雕刻艺匠，⏎真是鬼斧神工，⏎雕刻完成的偶像，⏎看似与神同祖同宗：⏎分明是朱庇特，⏎神形具备的神性，⏎什么也不缺少，⏎只差张开口发声。⏎甚至有人风传，⏎这个工匠刚一做完，⏎就有人发现，⏎他头一个全身发颤；⏎对着作品战栗，⏎这情况并不鲜见，⏎惧怕自己的作品，⏎就像惧怕神灵一般。⏎我们这位雕刻家，⏎精神如此脆弱；⏎古代那些诗人，⏎也如出一辙：⏎诗篇中的神灵，⏎正是诗人的创作；⏎而诗人又害怕⏎神灵仇恨的怒火。⏎在这一点上，⏎雕刻家犹如小孩子。⏎儿童一心想着，⏎自己的宝贝玩具，⏎抱起布娃娃，⏎总要小心翼翼，⏎生怕有人冒失，⏎招惹布娃娃生气。⏎思想变化容易⏎引起情绪的波澜，⏎这便是产生⏎崇拜偶像的根源；⏎而这种迷信，⏎自古到处蔓延，⏎在多少民族间⏎传播得十分普遍。⏎人狂热地信仰⏎自己的幻象⏎所产生出来的⏎各种各样的偶像。⏎皮格马利翁爱上⏎自己雕刻的姑娘，⏎人与雕像终于⏎走进花烛洞房。⏎人人都有梦想，⏎人人也都尽量，⏎将梦想化为⏎现实生活的真相：⏎面对现实真况，⏎人一向冷若冰霜；⏎可是对于虚幻，⏎却始终如痴如狂。⏎[1]蒙特斯庞侯爵夫人（1641—1707），法国国王路易十四的情妇。1663年与蒙特斯庞侯爵结婚，次年任王后女侍，1667年成为国王的情妇，长期留在宫中，影响很大。因而，拉封丹将第二集寓言题献给侯爵夫人。⏎[2]据古老传说，伊索是受众神的使者赫耳墨斯的启迪，才创作出寓言。⏎[3]指伊索。⏎[4]隐喻国王和王公。⏎[5]《恶婚丈夫》取材于中世纪抒情叙事的传统。中世纪有许多歌谣和故事以“恶婚丈夫”或“恶婚妻子”为题。在寓言系列中，“恶婚丈夫”主要针对妇女。在这则寓言中，拉封丹也自然流露出对自己婚姻状况的不满。⏎[6]拉丁诗人贺拉斯（公元前65—前8）所描述的“城鼠”，去探望田鼠，鄙夷田鼠的餐桌。⏎[7]希腊罗马神话中，簇拥在爱神周围的有“欢笑”、“嬉戏”等小天使。⏎[8]卡利古拉（12—41），罗马皇帝（37—41），因精神错乱，成为暴君，滥杀无辜，被群臣刺杀身亡。有些文学作品就取材于这一历史事件，最著名的是加缪的剧作《卡利古拉》。⏎[9]法国诺曼底农民传统上以狡猾著称，诺曼底农民的这种性格，在莫泊桑中短篇小说中有鲜明的描述。⏎[10]普罗米修斯为希腊神话中造福于人类的神，他窃取天上火种给人类，触怒宙斯。宙斯将他锁在高加索山上，每天派神鹰啄食他的肝脏，但其肝脏被吃掉后复又长出，而这种刑罚要持续到有人自愿替他受罪为止。普罗米修斯宁肯受折磨，也绝不向宙斯屈服。后来，赫拉克勒斯杀死神鹰，解救了他。⏎[11]阴森王国：指地狱。⏎[12]指拉伯雷《巨人传》中的一段话：“我万分担心，到头来翻成笑话，类似牛奶罐的闹剧。”（见第一部第三十三章）⏎[13]皮克罗肖：《巨人传》中的人物，一个小国王梦想征服世界。⏎[14]皮洛士（约公元前318—前272）：古希腊伊庇鲁斯国王，野心勃勃，梦想征服罗马，虽然取得一些胜利，但是损失惨重，俗语称“皮洛士式胜利”。⏎[15]可能指以下几位教皇：西克斯图斯五世（1585—1590在位），从前当过猪倌；乌尔班四世（1261—1269在位），曾当过修鞋匠；伯努瓦九世（1303—1304在位），从前为牧羊人。⏎[16]法国国王路易十四就寝前和起床后，总要接见朝臣，听取各种诉求。⏎[17]苏拉特：古印度西海岸港口城市，商贸繁荣。⏎[18]克桑西河：特洛伊平原的两条河流之一。⏎[19]海伦：希腊神话中的著名美女，嫁给斯巴达王墨涅拉俄斯。特洛伊王子帕里斯得美神帮助，诱走海伦，从而引发持续十年的特洛伊战争。⏎[20]当时法国从美洲进口烟草和蔗糖，从印度进口肉桂，从中国进口陶瓷器。⏎[21]西方神话传说中有护家神，头一个便是天神朱庇特，还有守护天使、灶神等。⏎[22]老鼠和黄鼠狼为天敌。本书第四卷第六首寓言《老鼠和黄鼠狼大战》，便以此为题。⏎[23]古代偏见认为蛇尾同样有毒，可致人死命。⏎[24]这篇不是寓言，而是哲学论述，说明“感觉的虚幻”。⏎[25]拉封丹本拟以大自然为题创作一首，但终未实现。⏎[26]希腊语中惯用迂回说法，指“太阳”。⏎[27]哥白尼的日心说。⏎[28]指英王查理二世（1630—1685），1660—1685年在位。⏎[29]奥古斯都（公元前63—公元14）：罗马皇帝，恺撒养子，缔造了一代罗马和平。⏎[30]指古希腊七贤。他们在格言中，阐明快乐生活的秘密。七贤之一彼翁，创作时期在公元前100年，是个田园诗人。⏎[31]当时主教规定的宗教节日很多，1666年，路易十四砍掉17个，还剩下38天，可能错开星期天。⏎[32]飞来如风：又译柏勒洛来，希腊神话传说中科林斯英雄，乘飞马射杀危害吕喀亚的喷火怪物。后触怒众神，乘飞马坠地。后来到处飘零，在孤独抑郁中度过晚年。⏎[33]加斯科涅人：法国南普罗旺斯地区的旧省的居民。性格好夸口而机灵。大仲马小说《三剑客》中的主人公达达尼安，就是典型的加斯科涅人。⏎[34]塔巴兰（1584—1633）：法国街头艺人，以演滑稽剧而著名。常在巴黎新桥上演出，深受巴黎人喜爱。⏎[35]突出事例就是意大利艺术家米开朗琪罗（1475—1564），他讲述雕成摩西像，就产生了畏惧之感。⏎[36]即“思想容易影响情绪”。法国教育家和社会改革家拉罗什富科-利昂库尔（1747—1827）则持相反观点，认为“思想总受情绪欺骗”。⏎[37]皮格马利翁：希腊神话故事中的人物，塞浦路斯王，善雕刻。一次他雕刻了一尊少女像，并且爱上了雕像。爱神见他感情真挚，便赋予少女像以生命，使二人结为夫妇。,拉封丹寓言·李玉民译,
